tree
version=v4
num_class=1
num_tree_per_iteration=1
label_index=0
max_feature_idx=18
objective=regression
feature_names=cargo_weight_kg cargo_length_cm cargo_width_cm cargo_height_cm cargo_volume_m3 hazmat_class fragile_flag train_total_cars car_index car_type car_max_load_kg car_current_load_kg car_remaining_load_kg car_remaining_capacity_m3 adjacent_car_hazmat distance_from_hazmat_car position_in_car weight_fit_ratio volume_fit_ratio
feature_infos=[205.5:34998.400000000001] [80.099999999999994:1199.7] [80:300] [80:299.89999999999998] [0.68920566000000016:100.698405795] [0:4] [0:1] [15:50] [1:50] -1:4:3:0:2:1 [20000.299999999999:44996.900000000001] [2.5:31342.599999999999] [6075.0000000000018:44289.400000000001] [5:89.980000000000004] [0:1] [0:14] -1:1:0:2 [0.0068013030126723266:5.2382534764321091] [0.009877910280373832:15.040276929530201]
tree_sizes=2793 2941 2953 2952 2947 2957 2963 2980 2973 2973 2978 2965 2976 2967 2979 2995 2990 2992 2993 2944 2983 2991 2978 2986 2994 2965 2993 2969 2997 2974 3019 2986 2992 3013 3005 3013 3013 3017 3028 3020 3027 3029 2996 3040 2996 3048 3027 3011 3026 3045 3039 3020 3037 3043 3044 3032 3018 3021 3022 3010 3030 3046 3025 3038 3004 3042 3039 3028 3007 3033 3000 3029 3020 3024 3032 3034 3046 3048 3024 3045 3016 3029 3005 3005 3015 3025 3007 3005 3055 3001 3031 3045 3020 3044 3044 3037 3015 3017 3028 3046 3014 3027 3022 3070 2988 3047 3014 3027 3029 3031 3046 3055 3032 3024 3037 3044 3054 3002 3025 3063 3038 3044 3060 3033 3028 2972 3021 3042 3033 3041 3038 3034 3026 3025 3002 3020 3010 3021 3043 3031 3026 3018 2998 3007 3009 3021 2995 2981 3010 3018

Tree=0
num_leaves=31
num_cat=0
split_feature=17 18 18 18 18 14 17 17 17 11 14 14 14 11 5 14 14 18 11 18 5 18 18 5 5 5 18 14 17 18
split_gain=96.2912 14.7333 11.0301 9.31944 6.6488 3.6312 3.02279 2.73806 1.98058 1.90536 1.86923 1.55833 1.4404 1.26735 1.09964 1.05756 1.0397 0.977019 0.96099 0.916179 0.900662 0.849432 0.863724 0.807486 0.645297 0.615709 0.612846 0.568436 0.497381 0.496045
threshold=0.99791470846124775 0.8701732020452102 0.8701732020452102 0.24755470599945353 0.23787971112283371 1.0000000180025095e-35 0.42413763082431294 0.33858888542528393 0.28696761332079507 9638.6500000000015 1.0000000180025095e-35 1.0000000180025095e-35 1.0000000180025095e-35 9947.8000000000011 2.5000000000000004 1.0000000180025095e-35 1.0000000180025095e-35 0.68926797648153548 9733.7500000000018 0.37699242600059796 2.5000000000000004 0.72251030147762607 0.35975401628921166 1.5000000000000002 2.5000000000000004 2.5000000000000004 0.12838684786250995 1.0000000180025095e-35 0.14404513416368495 0.15572584682341378
decision_type=2 2 2 2 2 2 2 2 2 2 2 2 2 2 2 2 2 2 2 2 2 2 2 2 2 2 2 2 2 2
left_child=1 3 4 7 12 6 9 13 18 28 14 24 20 27 21 26 25 19 -3 -8 29 22 -6 -7 -4 -10 -9 -1 -5 -2
right_child=2 8 11 5 10 23 17 15 16 -11 -12 -13 -14 -15 -16 -17 -18 -19 -20 -21 -22 -23 -24 -25 -26 -27 -28 -29 -30 -31
leaf_value=0.64304716150494146 0.63645498007638146 0.63841593998244983 0.63425660132722828 0.64630049846810722 0.64131275317936765 0.64884398703731361 0.65376587059648861 0.64801488488517012 0.64658167575668013 0.65368434242317131 0.63728003458175564 0.62804853405071503 0.63144865188983801 0.64729799987246495 0.63764193996922591 0.64438959292938303 0.640882526725012 0.65173617623146696 0.64375607383341094 0.65710059589593517 0.63193354479921982 0.63932184541356885 0.64437313948259911 0.64240896136230252 0.62883404473029081 0.64195433786958256 0.65077417059877618 0.63695627286075118 0.64997053447187203 0.63918239627078022
leaf_weight=229 421 186 641 135 361 260 330 366 639 378 221 142 140 195 117 114 112 173 154 548 80 158 638 60 60 81 447 46 292 276
leaf_count=229 421 186 641 135 361 260 330 366 639 378 221 142 140 195 117 114 112 173 154 548 80 158 638 60 60 81 447 46 292 276
internal_value=0.644371 0.648915 0.637748 0.65051 0.639469 0.652556 0.653405 0.647323 0.64405 0.651099 0.641525 0.632825 0.636117 0.644215 0.642261 0.6489 0.645364 0.655171 0.640835 0.655847 0.636958 0.642728 0.643267 0.647637 0.633792 0.646061 0.649532 0.642028 0.64881 0.637535
internal_weight=8000 4745 3255 3573 2412 2176 1856 1397 1172 805 1495 843 917 470 1274 927 832 1051 340 878 777 1157 999 320 701 720 813 275 427 697
internal_count=8000 4745 3255 3573 2412 2176 1856 1397 1172 805 1495 843 917 470 1274 927 832 1051 340 878 777 1157 999 320 701 720 813 275 427 697
is_linear=0
shrinkage=1


Tree=1
num_leaves=31
num_cat=0
split_feature=17 18 18 18 18 14 17 17 17 14 11 14 14 5 11 18 14 18 14 5 11 18 5 18 18 5 18 5 14 5
split_gain=86.9028 13.2976 9.96009 8.29867 6.11386 3.25178 2.77213 2.4715 1.78041 1.64139 1.46154 1.42926 1.39666 1.32731 1.15071 1.10187 0.972537 0.963275 0.94184 0.920321 0.86899 0.829876 0.725026 0.665245 0.645133 0.575145 0.568309 0.55974 0.49115 0.428458
threshold=0.99791470846124775 0.88013783799659107 0.8610747283372463 0.24755470599945353 0.26580599304774005 1.0000000180025095e-35 0.28104220000863794 0.32634879090300212 0.28696761332079507 1.0000000180025095e-35 11079.1 1.0000000180025095e-35 1.0000000180025095e-35 2.5000000000000004 9947.8000000000011 0.7117166847591766 1.0000000180025095e-35 0.66931036568594615 1.0000000180025095e-35 2.5000000000000004 7358.5000000000009 0.35160195055129601 1.5000000000000002 0.35975401628921166 0.15572584682341378 2.5000000000000004 0.15814187655826814 2.5000000000000004 1.0000000180025095e-35 2.5000000000000004
decision_type=2 2 2 2 2 2 2 2 2 2 2 2 2 2 2 2 2 2 2 2 2 2 2 2 2 2 2 2 2 2
left_child=1 3 4 7 12 6 10 14 20 17 -5 25 19 15 28 21 26 23 27 24 -3 -8 -7 -6 -2 -4 -9 -10 -1 -13
right_child=2 8 11 5 9 22 13 16 18 -11 -12 29 -14 -15 -16 -17 -18 -19 -20 -21 -22 -23 -24 -25 -26 -27 -28 -29 -30 -31
leaf_value=-0.0013989709987206394 -0.0075205638137537632 -0.0063243241265435284 -0.0095714444644176052 0.0032672649577582518 -0.0029317164951137599 0.0042448519887038306 0.0087316516259475455 0.0037700379462724102 0.0020683527819034811 -0.0065739274223215217 0.0085055384319275614 -0.014299233733605938 -0.011821456714796853 0.0048612898563078488 0.0027260737571621002 0.0067696449707789477 -2.9080983700498174e-05 -0.0044820461220274697 -0.0033822795768296723 -0.011385111738192408 -0.0011827597984228441 0.011859545666525622 -0.001807617837349411 -1.6666283275211051e-05 -0.0046669106040259497 -0.014574974751661694 0.0064328566598887962 -0.0023964511066280263 -0.0071387026955684026 -0.02175394821426143
leaf_weight=217 421 146 650 309 286 262 302 490 630 202 234 119 159 125 190 189 116 243 111 95 188 712 61 620 374 63 339 79 45 23
leaf_count=217 421 146 650 309 286 262 302 490 630 202 234 119 159 125 190 189 116 243 111 95 188 712 61 620 374 63 339 79 45 23
internal_value=-1.41442e-11 0.00431618 -0.00629194 0.00581667 -0.00464111 0.00773466 0.00853445 0.00280445 -0.000353033 -0.00241738 0.00552464 -0.0109259 -0.00750503 0.00976512 -0.000236425 0.0102747 0.00425892 -0.00168663 0.000900378 -0.0067339 -0.00343027 0.010928 0.00310182 -0.00093687 -0.00617809 -0.0100136 0.00485893 0.00157086 -0.0023848 -0.0155067
internal_weight=8000 4745 3255 3591 2400 2194 1871 1397 1154 1351 543 855 1049 1328 452 1203 945 1149 820 890 334 1014 323 906 795 713 829 709 262 142
internal_count=8000 4745 3255 3591 2400 2194 1871 1397 1154 1351 543 855 1049 1328 452 1203 945 1149 820 890 334 1014 323 906 795 713 829 709 262 142
is_linear=0
shrinkage=0.05


Tree=2
num_leaves=31
num_cat=0
split_feature=17 18 18 18 18 14 17 17 17 11 14 14 14 11 5 11 14 5 14 18 18 5 18 5 18 5 5 5 18 14
split_gain=78.4298 12.024 9.00424 7.70684 5.37945 2.91528 2.49664 2.23683 1.64267 1.60878 1.58915 1.25254 1.18071 1.05335 0.955369 0.905611 0.861307 0.811269 0.785372 0.756396 0.789098 0.738345 0.700706 0.675403 0.570208 0.550365 0.547857 0.514943 0.490267 0.465849
threshold=0.99791470846124775 0.8610747283372463 0.88013783799659107 0.24755470599945353 0.23787971112283371 1.0000000180025095e-35 0.42413763082431294 0.33858888542528393 0.33377585407568783 9638.6500000000015 1.0000000180025095e-35 1.0000000180025095e-35 1.0000000180025095e-35 11471.300000000001 2.5000000000000004 9733.7500000000018 1.0000000180025095e-35 2.5000000000000004 1.0000000180025095e-35 0.68926797648153548 0.35975401628921166 2.5000000000000004 0.73038561824353654 1.5000000000000002 0.38736221795359277 2.5000000000000004 2.5000000000000004 2.5000000000000004 0.11789015459270144 1.0000000180025095e-35
decision_type=2 2 2 2 2 2 2 2 2 2 2 2 2 2 2 2 2 2 2 2 2 2 2 2 2 2 2 2 2 2
left_child=1 3 4 7 12 6 9 13 15 -5 14 27 21 29 19 -3 26 22 25 20 -6 -2 24 -7 -8 -10 28 -4 -9 -1
right_child=2 8 11 5 10 23 17 16 18 -11 -12 -13 -14 -15 -16 -17 -18 -19 -20 -21 -22 -23 -24 -25 -26 -27 -28 -29 -30 -31
leaf_value=-0.00099576366103394523 -0.0061750259167558837 -0.0049761393742383088 -0.0091847561208436949 0.0039810884229944284 -0.0027355408376609066 0.0041177759902798197 0.0090791413784385294 0.0034865651754745273 0.0022365324360609133 0.0084799310179158958 -0.0064783429793185661 -0.014821900200584662 -0.01168550271707188 0.0030877038575254563 -0.006229944896494222 -0.0002463904906127487 1.8772617705396618e-05 0.0054011070752197779 -0.0029532892719054456 -0.0041998005947716079 0.00022854254552089593 -0.011246671369299292 0.0066773754662669193 -0.0017739004975495241 0.011787826853976089 -0.0021552122689643986 0.00025651407327901464 -0.014031703248620034 0.0060955176025137281 -0.0061901562614366419
leaf_weight=254 697 222 632 424 361 257 312 302 598 374 225 138 140 164 117 186 114 95 104 211 594 80 120 60 515 81 65 60 446 52
leaf_count=254 697 222 632 424 361 257 312 302 598 374 225 138 140 164 117 186 114 95 104 211 594 80 120 60 515 81 65 60 446 52
internal_value=1.32615e-11 0.00410037 -0.00597734 0.00555741 -0.00443883 0.00743121 0.00819418 0.00266423 -0.000247523 0.00608957 -0.00260243 -0.0104724 -0.00745878 -0.000145593 -0.00192271 -0.00281993 0.00408884 0.00980596 0.00109289 -0.00149051 -0.000891912 -0.0066972 0.0102478 0.00300263 0.0107659 0.00171263 0.00465955 -0.00960501 0.00504217 -0.00187847
internal_weight=8000 4745 3255 3554 2425 2157 1840 1397 1191 798 1508 830 917 470 1283 408 927 1042 783 1166 955 777 947 317 827 679 813 692 748 306
internal_count=8000 4745 3255 3554 2425 2157 1840 1397 1191 798 1508 830 917 470 1283 408 927 1042 783 1166 955 777 947 317 827 679 813 692 748 306
is_linear=0
shrinkage=0.05


Tree=3
num_leaves=31
num_cat=0
split_feature=17 18 18 18 18 17 17 11 17 11 14 5 14 14 14 18 14 14 18 11 18 18 5 5 18 14 5 5 18 5
split_gain=70.7829 10.857 8.12668 7.23396 5.02011 2.46951 2.24399 1.5912 1.56983 1.2769 1.22844 1.21921 1.16616 1.09351 0.911007 0.893575 0.88735 0.81274 0.80066 0.75844 0.661455 0.641244 0.568102 0.512487 0.50875 0.470294 0.469911 0.467129 0.462629 0.399344
threshold=0.99791470846124775 0.83856045951704639 0.8610747283372463 0.29605253163954287 0.28608831037703514 0.44414493444108144 0.32634879090300212 8480.6000000000004 0.28696761332079507 10867.500000000002 1.0000000180025095e-35 2.5000000000000004 1.0000000180025095e-35 1.0000000180025095e-35 1.0000000180025095e-35 0.65561307054983453 1.0000000180025095e-35 1.0000000180025095e-35 0.18776756659333069 8380.5000000000018 0.15814187655826814 0.64255738668680307 2.5000000000000004 2.5000000000000004 0.68366125538987765 1.0000000180025095e-35 2.5000000000000004 2.5000000000000004 0.39685762094611404 2.5000000000000004
decision_type=2 2 2 2 2 2 2 2 2 2 2 2 2 2 2 2 2 2 2 2 2 2 2 2 2 2 2 2 2 2
left_child=1 3 4 6 11 7 9 24 19 25 15 14 26 21 20 27 18 23 -8 -3 -2 28 -9 -10 29 -1 -4 -6 -7 -5
right_child=2 8 12 5 10 13 16 22 17 -11 -12 -13 -14 -15 -16 -17 -18 -19 -20 -21 -22 -23 -24 -25 -26 -27 -28 -29 -30 -31
leaf_value=-0.00071943923242489454 -0.0068067983433950782 -0.0054654938008841933 -0.0086405368584852957 0.0046695441767951708 -0.0002255892487983387 0.0087742567707289592 0.0036504503981364712 0.0082642620132616224 0.0020542040241171631 0.003318012778705721 -0.0057615997728250462 -0.011432010045874928 -0.014002009528413626 0.0050127269325326886 -0.009626270782763114 -0.0039638897585804406 0.00070064561971629441 -0.002837497365483917 0.0065982116005597492 -0.00081662445727153298 -0.0040236787744226668 0.0073475352465853239 0.0025350954079506349 -0.0020664407781099299 -0.00049648656598659914 -0.0055449975968053147 -0.013163216465285846 -0.0044139438940288675 0.011518143502085708 -0.00091604076571659074
leaf_weight=272 430 163 650 288 756 239 605 370 672 216 189 118 142 139 152 258 155 120 372 190 424 206 49 85 76 62 63 73 430 36
leaf_count=272 430 163 650 288 756 239 605 370 672 216 189 118 142 139 152 258 155 120 372 190 424 206 49 85 76 62 63 73 430 36
internal_value=1.69934e-11 0.00389535 -0.00567848 0.00531016 -0.0041873 0.00748299 0.00294225 0.00544092 -0.000147769 0.000322206 -0.00204106 -0.00662378 -0.00986423 0.00913236 -0.0060598 -0.00139416 0.00421524 0.000985494 0.00477283 -0.00296327 -0.00542502 0.00978679 0.00759426 0.00159152 0.0031853 -0.0016152 -0.00904016 -0.000594407 0.0105379 0.00404892
internal_weight=8000 4745 3255 3515 2400 1833 1682 819 1230 550 1276 1124 855 1014 1006 1087 1132 877 977 353 854 875 419 757 400 334 713 829 669 324
internal_count=8000 4745 3255 3515 2400 1833 1682 819 1230 550 1276 1124 855 1014 1006 1087 1132 877 977 353 854 875 419 757 400 334 713 829 669 324
is_linear=0
shrinkage=0.05


Tree=4
num_leaves=31
num_cat=0
split_feature=17 18 18 18 18 17 14 17 11 14 17 5 14 5 11 5 14 5 18 18 5 14 11 18 18 14 12 5 14 5
split_gain=63.8816 9.83331 7.35027 6.28614 4.45373 2.89278 1.75832 1.61526 1.521 1.42411 1.33704 1.10348 1.01991 0.850187 0.798057 0.777454 0.769403 0.701741 0.680604 0.983776 0.678385 0.612876 0.599905 0.555341 0.795615 0.552456 0.545668 0.514997 0.454707 0.427209
threshold=0.99791470846124775 0.88013783799659107 0.88013783799659107 0.20770002090490466 0.21085481093595387 0.3007277068453148 1.0000000180025095e-35 0.26202732991108618 4929.9500000000016 1.0000000180025095e-35 0.3460549325005895 2.5000000000000004 1.0000000180025095e-35 2.5000000000000004 11079.1 2.5000000000000004 1.0000000180025095e-35 2.5000000000000004 0.73038561824353654 0.34552764823375992 2.5000000000000004 1.0000000180025095e-35 9947.8000000000011 0.73038561824353654 0.32968402015928616 1.0000000180025095e-35 23116.600000000002 1.0000000180025095e-35 1.0000000180025095e-35 2.5000000000000004
decision_type=2 2 2 2 2 2 2 2 2 2 2 2 2 2 2 2 2 2 2 2 2 2 2 2 2 2 2 2 2 2
left_child=1 3 4 7 13 8 11 22 -5 15 14 18 -4 21 -3 23 26 25 19 -7 28 -2 -1 24 -6 -9 -10 -11 -12 -8
right_child=2 10 12 5 9 6 29 17 16 27 20 -13 -14 -15 -16 -17 -18 -19 -20 -21 -22 -23 -24 -25 -26 -27 -28 -29 -30 -31
leaf_value=-0.0031794807263251738 -0.0058392153158632479 -0.0043386865992885767 -0.0086731273185655568 0.00017674116874908711 -0.0029363761381012553 0.0071938556750129404 0.0043076239158658103 0.0039742848837165164 0.0075817919891400659 -0.004744284685220119 0.0020078566845290521 0.0039236441341492885 -0.013380704679782841 -0.011660305271983487 0.00023242249809817285 -0.0056368559072237289 0.00088287699546463259 -0.0015555123234853932 0.0056861684855186584 0.010238769012509768 -0.0031817012638136726 -0.009875906057454446 0.0014436758481388709 -0.0042865551961585886 -0.00010371197655117044 -5.6352823571849273e-05 0.0041263790746334187 -0.010190540820098761 -0.0018533140859455508 -0.0031492479921629035
leaf_weight=171 615 254 692 205 380 419 225 688 255 182 571 134 138 88 153 124 86 76 165 723 88 111 119 155 713 97 207 57 88 21
leaf_count=171 615 254 692 205 380 419 225 688 255 182 571 134 138 88 153 124 86 76 165 723 88 111 119 155 713 97 207 57 88 21
internal_value=1.45585e-11 0.00370058 -0.00539455 0.0049909 -0.00400451 0.0064277 0.0075779 0.00194503 0.00385083 -0.00248136 -0.000314611 0.00824486 -0.00945583 -0.00701898 -0.00262031 -0.0018609 0.00522526 0.00303208 0.00868789 0.00912159 0.00094164 -0.0064564 -0.00128239 -0.00148573 -0.00108854 0.00347623 0.00603359 -0.00604318 0.00149225 0.00367106
internal_weight=8000 4745 3255 3591 2425 2440 1687 1151 753 1611 1154 1441 830 814 407 1372 548 861 1307 1142 747 726 290 1248 1093 785 462 239 659 246
internal_count=8000 4745 3255 3591 2425 2440 1687 1151 753 1611 1154 1441 830 814 407 1372 548 861 1307 1142 747 726 290 1248 1093 785 462 239 659 246
is_linear=0
shrinkage=0.05


Tree=5
num_leaves=31
num_cat=0
split_feature=17 18 18 18 18 17 17 17 14 11 11 14 14 14 18 18 14 14 18 18 5 11 5 5 14 5 18 6 5 18
split_gain=57.6531 8.87699 6.64767 5.98354 4.34302 2.06563 1.85977 1.33801 1.24622 1.12651 1.08514 1.03093 1.02804 0.865992 0.754857 0.746721 0.736902 0.734616 0.655244 0.62517 0.546879 0.4818 0.463314 0.45219 0.446728 0.43755 0.41486 0.402488 0.400803 0.391033
threshold=0.99791470846124775 0.83856045951704639 0.82793798241119487 0.29605253163954287 0.28608831037703514 0.28104220000863794 0.32634879090300212 0.20659367344784171 1.0000000180025095e-35 11079.1 12069.050000000001 1.0000000180025095e-35 1.0000000180025095e-35 1.0000000180025095e-35 0.16011980358327807 0.64255738668680307 1.0000000180025095e-35 1.0000000180025095e-35 0.18776756659333069 0.65561307054983453 2.5000000000000004 12730.600000000002 2.5000000000000004 2.5000000000000004 1.0000000180025095e-35 2.5000000000000004 0.40384732624045544 1.0000000180025095e-35 1.0000000180025095e-35 0.39237536073533014
decision_type=2 2 2 2 2 2 2 2 2 2 2 2 2 2 2 2 2 2 2 2 2 2 2 2 2 2 2 2 2 2
left_child=1 3 4 6 11 9 10 21 15 -5 24 14 22 19 25 20 18 23 -8 26 29 -3 -4 27 -1 -2 -6 -9 -13 -7
right_child=2 7 12 5 13 8 16 17 -10 -11 -12 28 -14 -15 -16 -17 -18 -19 -20 -21 -22 -23 -24 -25 -26 -27 -28 -29 -30 -31
leaf_value=-0.00052284042322833953 -0.0061322300756405318 -0.004871384494281354 -0.0076568366712072055 0.0022048445605452791 -0.0018228009772136907 0.0080567503755446523 0.0032929780268083162 0.0022210121810553539 0.0039915567491324465 0.0068862182333253186 0.0033131635707104577 -0.0080710682682693016 -0.012580234939853351 -0.0048933452202517859 -0.0038641214697179797 0.0061429194822074972 0.00059738396937328005 -0.0027644390222860268 0.0059596494615067955 -0.0034573415562297906 0.0052435089457139837 -9.5286246792774797e-05 -0.012107578944414854 -0.0020774348535190297 -0.0050747893886485453 -0.010651537873705881 0.00044270301799770095 -0.00063660530641960404 -0.013487278582884911 0.010408314639647115
leaf_weight=294 439 173 677 311 349 272 605 601 181 219 190 125 150 181 452 265 155 133 372 230 80 76 64 92 66 61 480 155 47 505
leaf_count=294 439 173 677 311 349 272 605 601 181 219 190 125 150 181 452 265 155 133 372 230 80 76 64 92 66 61 480 155 47 505
internal_value=-7.25927e-12 0.00351555 -0.00512482 0.00479486 -0.00373761 0.006771 0.00264131 -0.000140351 0.00784149 0.00413922 0.000256091 -0.00598858 -0.00880539 -0.00169721 -0.00534493 0.00846256 0.00380021 0.000690479 0.00430833 -0.00115094 0.00917983 -0.00341362 -0.00804125 0.00123235 -0.00135736 -0.00668359 -0.00051105 0.00163512 -0.00955108 0.00958512
internal_weight=8000 4745 3255 3515 2364 1833 1682 1230 1303 530 550 1124 891 1240 952 1122 1132 981 977 1059 857 249 741 848 360 500 829 756 172 777
internal_count=8000 4745 3255 3515 2364 1833 1682 1230 1303 530 550 1124 891 1240 952 1122 1132 981 977 1059 857 249 741 848 360 500 829 756 172 777
is_linear=0
shrinkage=0.05


Tree=6
num_leaves=31
num_cat=0
split_feature=17 18 18 18 18 17 11 17 14 17 14 5 5 18 18 11 14 5 14 5 5 11 14 14 5 14 18 18 17 14
split_gain=52.0319 8.04092 6.02545 5.21007 3.5593 2.35244 1.55088 1.35656 1.12367 1.12353 1.06867 0.836213 0.70388 0.698454 0.747633 0.696689 0.659651 0.649835 0.648222 0.628053 0.568592 0.505894 0.502241 0.461943 0.444898 0.444654 0.419991 0.609931 0.393074 0.362467
threshold=0.99791470846124775 0.88013783799659107 0.9145195159659002 0.20770002090490466 0.21085481093595387 0.44414493444108144 9638.6500000000015 0.26202732991108618 1.0000000180025095e-35 0.3460549325005895 1.0000000180025095e-35 2.5000000000000004 2.5000000000000004 0.73798485705209804 0.34552764823375992 7358.5000000000009 1.0000000180025095e-35 2.5000000000000004 1.0000000180025095e-35 2.5000000000000004 2.5000000000000004 8301.7000000000025 1.0000000180025095e-35 1.0000000180025095e-35 1.0000000180025095e-35 1.0000000180025095e-35 0.73798485705209804 0.35160195055129601 0.14404513416368495 1.0000000180025095e-35
decision_type=2 2 2 2 2 2 2 2 2 2 2 2 2 2 2 2 2 2 2 2 2 2 2 2 2 2 2 2 2 2
left_child=1 3 4 7 12 6 16 21 13 15 17 25 22 14 -6 -3 28 26 -8 23 29 -1 -2 -9 -10 -4 27 -7 -5 -11
right_child=2 9 11 5 8 10 18 19 24 20 -12 -13 -14 -15 -16 -17 -18 -19 -20 -21 -22 -23 -24 -25 -26 -27 -28 -29 -30 -31
leaf_value=-0.003341406423694591 -0.0052730972844183569 -0.004716256689614725 -0.0075530488296481207 0.00087693964831608666 -0.0029205314671252296 0.0068524491792553016 0.0068683014222588436 0.0036054596916941131 -0.0042574823433191656 0.0018249394066502636 0.0037845410235133265 -0.013420516411523996 -0.010566822525949895 -0.0046012023086584907 -0.00035661296116578728 -0.00055338361139426764 -0.0017980560222402193 0.0040387757071025238 0.0021413636970569259 -0.0016102003981359305 -0.00291445073671639 0.00083566610313331102 -0.0089273229845472282 -8.0232529003249924e-05 -0.0093129650934746389 -0.010969903926670025 0.005389077434347583 0.0095245638417158322 0.0039388073173143509 -0.001622426376359892
leaf_weight=143 615 181 605 150 455 337 436 688 184 571 193 82 88 187 758 226 83 104 87 76 88 147 111 97 57 113 119 583 348 88
leaf_count=143 615 181 605 150 455 337 436 688 184 571 193 82 88 187 758 226 83 104 87 76 88 147 111 97 57 113 119 583 348 88
internal_value=-1.08248e-11 0.00333978 -0.00486858 0.00450659 -0.00364056 0.00581464 0.00410678 0.00173364 -0.00229969 -0.000291085 0.00722593 -0.0086371 -0.0063437 -0.00175684 -0.00131835 -0.00240469 0.00232876 0.00780702 0.00608198 0.00272985 0.000860502 -0.00122406 -0.0058318 0.00315003 -0.00545318 -0.0080908 0.00818421 0.00854576 0.00301656 0.00136459
internal_weight=8000 4745 3255 3591 2455 2440 1104 1151 1641 1154 1336 800 814 1400 1213 407 581 1143 523 861 747 290 726 785 241 718 1039 920 498 659
internal_count=8000 4745 3255 3591 2455 2440 1104 1151 1641 1154 1336 800 814 1400 1213 407 581 1143 523 861 747 290 726 785 241 718 1039 920 498 659
is_linear=0
shrinkage=0.05


Tree=7
num_leaves=31
num_cat=0
split_feature=17 18 18 18 18 17 17 17 11 14 14 11 5 5 14 14 14 6 18 5 18 12 18 14 5 5 18 6 5 14
split_gain=46.9804 7.49335 5.28125 5.22116 3.23684 1.60272 1.52121 1.11355 1.0924 0.979519 0.905954 0.903311 0.77226 0.717157 0.696311 0.673012 0.670913 0.588795 0.584157 0.523881 0.481456 0.450095 0.449359 0.43629 0.412907 0.402342 0.401951 0.398858 0.394758 0.392189
threshold=1.0051258128570599 0.81012519751927992 0.9145195159659002 0.30830822140692388 0.21085481093595387 0.38562943612433503 0.28104220000863794 0.20659367344784171 11311.250000000002 1.0000000180025095e-35 1.0000000180025095e-35 6477.5500000000002 2.5000000000000004 2.5000000000000004 1.0000000180025095e-35 1.0000000180025095e-35 1.0000000180025095e-35 1.0000000180025095e-35 0.64255738668680307 2.5000000000000004 0.16422708369221442 20077.600000000002 0.77455974968460006 1.0000000180025095e-35 2.5000000000000004 1.0000000180025095e-35 0.32968402015928616 1.0000000180025095e-35 2.5000000000000004 1.0000000180025095e-35
decision_type=2 2 2 2 2 2 2 2 2 2 2 2 2 2 2 2 2 2 2 2 2 2 2 2 2 2 2 2 2 2
left_child=1 3 4 5 14 8 11 21 23 13 18 -5 29 17 28 19 24 22 -8 20 -7 -3 26 -1 27 -11 -6 -9 -2 -4
right_child=2 7 12 6 9 15 10 16 -10 25 -12 -13 -14 -15 -16 -17 -18 -19 -20 -21 -22 -23 -24 -25 -26 -27 -28 -29 -30 -31
leaf_value=-0.00030684524663592005 -0.005064023890817124 -9.790691921347619e-05 -0.0071835673957442239 0.0010576846346663225 -0.0019608981647370178 0.0033443652516837773 0.008416784406530568 0.0020851244600207939 0.0030853328939183383 -0.0040446082362984234 0.0038421280206566519 0.0055437791425568244 -0.012870212048292161 -0.0053751282063293744 -0.009578567789104141 0.00055479667525536289 -0.0025606787150613407 -0.0034969955390583771 0.0056226826314313191 0.0002232269043675982 0.0057279290714849149 -0.0045067648671505535 -0.0038014615536667408 -0.0046044970297707171 -0.0019560597235492123 -0.0088848857275609459 0.00029716601665414873 -0.00069659796108344045 -0.0089539714157581326 -0.010418871887498075
leaf_weight=351 612 87 600 174 293 435 824 630 261 184 169 316 80 122 122 152 142 257 242 78 413 173 112 71 96 56 602 162 73 111
leaf_count=351 612 87 600 174 293 435 824 630 261 184 169 316 80 122 122 152 142 257 242 78 413 173 112 71 96 56 602 162 73 111
internal_value=1.39868e-11 0.0031481 -0.00466356 0.00435288 -0.00350969 0.00243772 0.00630801 -0.000107602 0.000542679 -0.00222489 0.00724327 0.00395076 -0.00821271 -0.00171422 -0.0060984 0.00363838 0.000630467 -0.00136087 0.00778248 0.00414454 0.00450523 -0.00303149 -0.000815703 -0.00102991 0.00114076 -0.00517401 -0.000442066 0.00151614 -0.00547857 -0.00768866
internal_weight=8000 4776 3224 3486 2433 1761 1725 1290 683 1626 1235 490 791 1386 807 1078 1030 1264 1066 926 848 260 1007 422 888 240 895 792 685 711
internal_count=8000 4776 3224 3486 2433 1761 1725 1290 683 1626 1235 490 791 1386 807 1078 1030 1264 1066 926 848 260 1007 422 888 240 895 792 685 711
is_linear=0
shrinkage=0.05


Tree=8
num_leaves=31
num_cat=0
split_feature=17 18 18 18 18 14 17 11 17 17 5 14 5 5 14 14 18 11 18 14 18 12 6 14 5 18 18 17 5 5
split_gain=42.419 6.59756 4.93243 4.19107 3.27219 2.13253 1.58565 1.25422 1.16144 0.954505 0.829228 0.797352 0.794318 0.619021 0.616603 0.547355 0.517777 0.487138 0.471632 0.459624 0.455191 0.436663 0.434799 0.383175 0.35574 0.351571 0.337603 0.334486 0.319192 0.30366
threshold=0.99791470846124775 0.9145195159659002 0.82793798241119487 0.1907752271197328 0.28608831037703514 1.0000000180025095e-35 0.43949101298901211 11634.050000000001 0.27434120181264804 0.28696761332079507 1.0000000180025095e-35 1.0000000180025095e-35 2.5000000000000004 2.5000000000000004 1.0000000180025095e-35 1.0000000180025095e-35 0.65561307054983453 6207.5500000000011 0.13108907548546417 1.0000000180025095e-35 0.70255581253080357 22811.400000000005 1.0000000180025095e-35 1.0000000180025095e-35 2.5000000000000004 0.37699242600059796 0.40384732624045544 0.8667059694758843 2.5000000000000004 2.5000000000000004
decision_type=2 2 2 2 2 2 2 2 2 2 2 2 2 2 2 2 2 2 2 2 2 2 2 2 2 2 2 2 2 2
left_child=1 3 4 8 12 6 7 20 21 17 -7 28 15 22 16 18 26 -3 -2 -11 25 -1 27 29 -13 -5 -6 -8 -4 -10
right_child=2 9 11 5 14 10 13 -9 23 19 -12 24 -14 -15 -16 -17 -18 -19 -20 -21 -22 -23 -24 -25 -26 -27 -28 -29 -30 -31
leaf_value=0.00066342915082700507 -0.0056313352791237184 -0.0053804970936858106 -0.0065742394787863317 0.0020098660001218994 -0.0015699291383196052 0.0031424772311540229 0.008186579050181551 0.0064630108347854629 0.0031124211975612145 0.0010191967664583091 -0.0019592481963168662 -0.0098544985613250365 -0.0090358236748370024 0.0033404479744993821 -0.0041268356907881226 -0.0074640892384769883 -0.0030679219561937751 -0.0012680440677277369 -0.0032378500861992999 -0.0025976634942618138 -0.00044404141865569458 -0.0032905820255456049 0.0052028292631555546 -0.00070198418986466198 -0.016612471964048303 0.0046201718863988018 0.00047376944126881432 0.005792034155904101 -0.010268445452675225 -0.00061738601730515572
leaf_weight=133 346 111 677 247 349 282 734 378 603 674 111 127 118 112 181 152 230 205 508 101 92 147 213 90 23 270 480 182 64 60
leaf_count=133 346 111 677 247 349 282 734 378 603 674 111 127 118 112 181 152 230 205 508 101 92 147 213 90 23 270 480 182 64 60
internal_value=2.0831e-11 0.00301552 -0.0043959 0.00403428 -0.00320098 0.00509736 0.00569636 0.00420066 0.00133697 -0.000396526 0.00170153 -0.00756627 -0.00515484 0.00688592 -0.0014299 -0.00469961 -0.00096895 -0.00271261 -0.00420758 0.000547838 0.00279644 -0.00141243 0.00723765 0.00235932 -0.0108907 0.00337308 -0.000386605 0.00771081 -0.00689331 0.00277488
internal_weight=8000 4745 3255 3654 2364 2621 2228 987 1033 1091 393 891 1124 1241 1240 1006 1059 316 854 775 609 280 1129 753 150 517 829 916 741 663
internal_count=8000 4745 3255 3654 2364 2621 2228 987 1033 1091 393 891 1124 1241 1240 1006 1059 316 854 775 609 280 1129 753 150 517 829 916 741 663
is_linear=0
shrinkage=0.05


Tree=9
num_leaves=31
num_cat=0
split_feature=17 18 18 18 18 17 5 17 17 5 14 18 5 5 11 14 18 14 11 6 18 11 14 14 5 6 5 14 5 18
split_gain=38.2982 6.17747 4.46497 4.32575 2.75457 1.40994 1.38788 1.04772 0.935959 0.899724 0.818049 0.700625 0.647229 0.636688 0.623453 0.587233 0.565998 0.564439 0.564298 0.465412 0.404097 0.386334 0.385047 0.373999 0.3715 0.365701 0.36366 0.32815 0.314671 0.307601
threshold=1.0051258128570599 0.8010320464205487 0.30830822140692388 0.88013783799659107 0.21085481093595387 0.16260759087364027 2.5000000000000004 0.22648915806956124 0.20659367344784171 2.5000000000000004 1.0000000180025095e-35 0.12013514648088729 2.5000000000000004 2.5000000000000004 10867.500000000002 1.0000000180025095e-35 0.63616077864417786 1.0000000180025095e-35 9947.8000000000011 1.0000000180025095e-35 0.40808877146366856 12730.600000000002 1.0000000180025095e-35 1.0000000180025095e-35 2.5000000000000004 1.0000000180025095e-35 1.0000000180025095e-35 1.0000000180025095e-35 2.5000000000000004 0.72251030147762607
decision_type=2 2 2 2 2 2 2 2 2 2 2 2 2 2 2 2 2 2 2 2 2 2 2 2 2 2 2 2 2 2
left_child=1 2 5 4 15 18 7 14 21 11 13 -7 27 19 -4 28 20 24 -1 29 -9 -3 -13 -8 25 -10 -12 -5 -2 -6
right_child=3 8 6 12 10 9 23 16 17 -11 26 22 -14 -15 -16 -17 -18 -19 -20 -21 -22 -23 -24 -25 -26 -27 -28 -29 -30 -31
leaf_value=-0.0031201482662117702 -0.0045814667749249074 -0.0040327906073039082 0.0021386696653863976 -0.0064325439002501528 -0.00028771654191026827 0.0015385925985160231 0.0025420966618573937 0.0062180124154503115 0.0019406414723434095 -0.0011958571763094625 -0.003556200959412688 0.0043989179777213106 -0.011587266853930038 -0.0049240556729799679 0.0064474062505010645 -0.0087167725684579294 0.0050087388078141042 -0.0023346580406227572 0.001388598455475482 -0.0030655226288910068 0.0083987878830385759 0.00011819397289029979 0.0015231398712041921 -0.0037698808789303133 -0.0018757928399994403 -0.00070614193697643142 -0.0081638224555977759 -0.0093597198910681557 -0.0080544815466528745 -0.0028479721542680639
leaf_weight=153 612 182 212 627 854 441 145 343 639 129 182 774 81 121 139 122 284 143 127 247 558 81 137 28 97 164 56 113 73 136
leaf_count=153 612 182 212 627 854 441 145 343 639 129 182 774 81 121 139 122 284 143 127 247 558 81 137 28 97 164 56 113 73 136
internal_value=5.62244e-12 0.00284236 0.00394555 -0.00421065 -0.00314012 0.00217868 0.00576619 0.00624438 -8.87745e-05 0.00279385 -0.00193636 0.00317452 -0.007344 -0.00146247 0.00384498 -0.00552079 0.00695509 0.00058337 -0.00107511 -0.00112386 0.00756859 -0.00275435 0.00396645 0.0015205 0.00104701 0.00140008 -0.00464035 -0.00687953 -0.00495158 -0.000639428
internal_weight=8000 4776 3470 3224 2403 1761 1709 1536 1306 1481 1596 1352 821 1358 351 807 1185 1043 280 1237 901 263 911 173 900 803 238 740 685 990
internal_count=8000 4776 3470 3224 2403 1761 1709 1536 1306 1481 1596 1352 821 1358 351 807 1185 1043 280 1237 901 263 911 173 900 803 238 740 685 990
is_linear=0
shrinkage=0.05


Tree=10
num_leaves=31
num_cat=0
split_feature=17 18 18 18 18 14 17 17 11 18 17 5 5 5 14 18 18 18 11 11 18 5 14 12 5 14 17 6 14 14
split_gain=34.5787 5.42398 4.03998 3.51053 2.43165 1.7317 1.32688 0.993858 0.936411 0.806026 0.799868 0.71336 0.607751 0.594815 0.572372 0.546781 0.519754 0.66234 0.517308 0.499812 0.400649 0.392875 0.368806 0.360484 0.307904 0.288372 0.28168 0.277139 0.269837 0.262001
threshold=0.99791470846124775 0.9145195159659002 0.9145195159659002 0.20770002090490466 0.25920606707587762 1.0000000180025095e-35 0.26857795864190231 0.38562943612433503 4929.9500000000016 0.66931036568594615 0.3460549325005895 2.5000000000000004 1.0000000180025095e-35 2.5000000000000004 1.0000000180025095e-35 0.38401944729004961 0.7117166847591766 0.3417391865563722 9947.8000000000011 6207.5500000000011 0.086873057675871015 2.5000000000000004 1.0000000180025095e-35 23116.600000000002 1.0000000180025095e-35 1.0000000180025095e-35 0.30615432985855318 1.0000000180025095e-35 1.0000000180025095e-35 1.0000000180025095e-35
decision_type=2 2 2 2 2 2 2 2 2 2 2 2 2 2 2 2 2 2 2 2 2 2 2 2 2 2 2 2 2 2
left_child=1 3 4 7 13 6 8 18 -5 15 19 16 26 20 -4 -6 17 -8 28 -3 -2 -12 27 -10 -16 -22 -7 -9 -1 -21
right_child=2 10 14 5 9 12 11 22 23 -11 21 -13 -14 -15 24 -17 -18 -19 -20 29 25 -23 -24 -25 -26 -27 -28 -29 -30 -31
leaf_value=-0.001272950548376668 -0.0063120858893149865 -0.0045147429083088608 -0.0064494216595832494 -4.4762251536106046e-06 -0.0022851585550857376 0.00051383601428824479 0.0051994207105036487 0.003458121142141011 0.0057733500911854212 -0.0037729607274595549 0.0010608876410570787 0.0026202573187349898 -0.0017033825029711719 -0.0082999627945140354 -0.008336846043284123 -2.355557610794949e-05 0.0041329372180916833 0.0076695213391104675 0.0015533017306445509 -0.00012657207661015071 -0.0034143316470627255 -0.0026615326096361969 -0.00046054777100165424 0.0028529479390499548 -0.013392995016442406 -0.0063024938530703584 0.0039303461946464339 0.0007662304577302244 -0.0058341872743575985 -0.0047464830568060279
leaf_weight=221 212 145 664 162 462 90 424 504 235 337 622 140 103 110 91 634 220 754 179 208 599 80 91 192 45 101 183 118 38 36
leaf_count=221 212 145 664 162 462 90 424 504 235 337 622 140 103 110 91 634 220 754 179 208 599 80 91 192 45 101 183 118 38 36
internal_value=-2.41776e-12 0.00272262 -0.00396891 0.00364633 -0.00296336 0.00469728 0.00525023 0.00136092 0.00323222 -0.00163445 -0.000371117 0.00602305 0.00156928 -0.00482671 -0.00705469 -0.000976896 0.00636382 0.00678045 -0.000513653 -0.00218982 -0.00440778 0.00063668 0.00251248 0.0044602 -0.0100098 -0.00383105 0.00280402 0.00294744 -0.00194217 -0.000808198
internal_weight=8000 4745 3255 3654 2455 2503 2127 1151 589 1433 1091 1538 376 1022 800 1096 1398 1178 438 389 912 702 713 427 136 700 273 622 259 244
internal_count=8000 4745 3255 3654 2455 2503 2127 1151 589 1433 1091 1538 376 1022 800 1096 1398 1178 438 389 912 702 713 427 136 700 273 622 259 244
is_linear=0
shrinkage=0.05


Tree=11
num_leaves=31
num_cat=0
split_feature=17 18 18 18 18 17 5 17 17 5 14 14 18 11 18 11 18 14 18 12 18 18 17 6 5 5 5 6 14 14
split_gain=31.2189 5.08373 3.69802 3.53233 2.48095 1.20068 1.15999 0.837793 0.795683 0.793441 0.654604 0.602362 0.592965 0.532587 0.508715 0.487367 0.482319 0.466131 0.45603 0.443911 0.417344 0.35283 0.33851 0.338013 0.314333 0.299282 0.276419 0.261865 0.260139 0.253101
threshold=1.0051258128570599 0.8010320464205487 0.30830822140692388 0.82793798241119487 0.28608831037703514 0.16260759087364027 2.5000000000000004 0.22648915806956124 0.28696761332079507 2.5000000000000004 1.0000000180025095e-35 1.0000000180025095e-35 0.12013514648088729 11905.800000000001 0.63031447048920464 6119.2500000000009 0.63616077864417786 1.0000000180025095e-35 0.15814187655826814 17746.750000000004 0.40384732624045544 0.42733878949295007 0.45531892317169381 1.0000000180025095e-35 1.0000000180025095e-35 1.0000000180025095e-35 2.5000000000000004 1.0000000180025095e-35 1.0000000180025095e-35 1.0000000180025095e-35
decision_type=2 2 2 2 2 2 2 2 2 2 2 2 2 2 2 2 2 2 2 2 2 2 2 2 2 2 2 2 2 2
left_child=1 2 5 4 10 15 7 13 19 12 18 -5 28 -4 20 -1 21 26 -2 -3 -6 -9 -8 29 -12 -13 27 -10 -7 -14
right_child=3 8 6 11 14 9 22 16 17 -11 24 25 23 -15 -16 -17 -18 -19 -20 -21 -22 -23 -24 -25 -26 -27 -28 -29 -30 -31
leaf_value=-0.003977941637276672 -0.0050465868397608221 0.0010742514504024504 0.002084977944776798 -0.0059117567264259235 -0.0018230348855123668 0.0018517812570536978 -0.00090798577458104681 0.0057728989071244748 0.0019470602512094621 -0.0012199278769278251 -0.0060401987131746097 -0.0077780832296486984 0.0044732958153076473 0.0061672210796524171 -0.0029878769675792463 0.00043935426862932927 0.0044999131310401608 -0.0021100217041180257 -0.0028523567071027608 -0.0029833945516606441 0.00032137424689959645 0.0077610727602253991 0.0035161477411417182 0.0016445738909500176 -0.010890410921495895 -0.01250926811321109 -0.0014881888900888729 -0.0004459697708212348 -0.0017413934146792724 0.001872392684149831
leaf_weight=94 488 88 228 734 412 383 85 407 570 129 122 97 625 123 309 186 284 128 460 288 505 494 88 176 46 51 89 143 58 110
leaf_count=94 488 88 228 734 412 383 85 407 570 129 122 97 625 123 309 186 284 128 460 288 505 494 88 176 46 51 89 143 58 110
internal_value=1.17568e-11 0.00256625 0.00356702 -0.00380162 -0.00278597 0.00195904 0.00522393 0.00566111 -9.27752e-05 0.00252672 -0.00449165 -0.0064985 0.00288421 0.00351551 -0.00123332 -0.0010436 0.00629664 0.000691956 -0.00398188 -0.00203373 -0.00064209 0.00686297 0.00134244 0.00361275 -0.00736823 -0.00940842 0.00113915 0.00146711 0.00137921 0.00408405
internal_weight=8000 4776 3470 3224 2342 1761 1709 1536 1306 1481 1116 882 1352 351 1226 280 1185 930 948 376 917 901 173 911 168 148 802 713 441 735
internal_count=8000 4776 3470 3224 2342 1761 1709 1536 1306 1481 1116 882 1352 351 1226 280 1185 930 948 376 917 901 173 911 168 148 802 713 441 735
is_linear=0
shrinkage=0.05


Tree=12
num_leaves=31
num_cat=0
split_feature=17 18 18 18 18 14 17 11 14 17 5 14 6 5 17 11 5 12 6 14 14 5 17 17 5 5 6 18 18 12
split_gain=28.1876 4.47158 3.3197 2.91308 1.99977 1.64415 1.15383 1.07694 0.815483 0.813506 0.669824 0.647523 0.548597 0.518375 0.494442 0.484382 0.477171 0.446094 0.414268 0.361299 0.342763 0.336413 0.324581 0.302327 0.294216 0.275007 0.274914 0.248975 0.386569 0.241731
threshold=0.99791470846124775 0.92854308815935727 0.9145195159659002 0.18475693082163214 0.17818480205349838 1.0000000180025095e-35 0.43949101298901211 5642.3000000000002 1.0000000180025095e-35 0.15097481298316326 2.5000000000000004 1.0000000180025095e-35 1.0000000180025095e-35 2.5000000000000004 0.43949101298901211 7358.5000000000009 2.5000000000000004 20754.350000000002 1.0000000180025095e-35 1.0000000180025095e-35 1.0000000180025095e-35 1.0000000180025095e-35 0.8667059694758843 0.28104220000863794 2.5000000000000004 2.5000000000000004 1.0000000180025095e-35 0.77455974968460006 0.30830822140692388 25506.050000000007
decision_type=2 2 2 2 2 2 2 2 2 2 2 2 2 2 2 2 2 2 2 2 2 2 2 2 2 2 2 2 2 2
left_child=1 3 4 9 20 6 7 -5 12 29 23 14 16 26 15 -3 27 -9 22 25 -2 -10 24 -7 -8 -11 -4 28 -6 -1
right_child=2 11 13 5 8 10 18 17 21 19 -12 -13 -14 -15 -16 -17 -18 -19 -20 -21 -22 -23 -24 -25 -26 -27 -28 -29 -30 -31
leaf_value=-0.00045777256585439888 -0.0045323315665792728 -0.0031456343342785827 -0.0054434817440663025 0.0011162711059895844 -0.0016932344443800918 -0.00035114893150059239 0.0068524746666101359 0.0058805852347495191 -0.003362617174542381 0.002270724045570373 -0.0044813591227451707 -0.0035278255966902736 -0.0032567723984966478 -0.010146806870655316 0.0010943614633660238 0.00035733436608487477 -0.0040520254928398773 0.0032807643076259324 0.0037954475881027371 -0.0011779731316962101 -0.0077072937153279788 -0.0075426200552592207 0.0043256747567725542 0.0028640213057062485 0.0036620326688716885 -0.0010873993808306309 -0.0078384557052662493 -0.0027949029212741318 0.00038660640234915145 -0.0044736002843782357
leaf_weight=77 567 181 566 341 338 103 747 329 204 677 46 142 303 82 532 217 108 331 240 104 100 63 206 252 80 67 152 113 659 73
leaf_count=77 567 181 566 341 338 103 747 329 204 677 46 142 303 82 532 217 108 331 240 104 100 63 206 252 80 67 152 113 659 73
internal_value=-8.69443e-12 0.00245817 -0.00358341 0.00328739 -0.0026719 0.00414747 0.00466801 0.0033979 -0.0018003 0.000982058 0.00119557 -0.000382994 -0.00135292 -0.00638062 9.7185e-05 -0.00123572 -0.000879296 0.00457674 0.00566674 0.00158245 -0.00500834 -0.00434891 0.0061015 0.00193117 0.00654385 0.00196831 -0.0059505 -0.000570598 -0.000318495 -0.00241214
internal_weight=8000 4745 3255 3673 2455 2675 2274 1001 1788 998 401 1072 1521 800 930 398 1218 660 1273 848 667 267 1033 355 827 744 718 1110 997 150
internal_count=8000 4745 3255 3673 2455 2675 2274 1001 1788 998 401 1072 1521 800 930 398 1218 660 1273 848 667 267 1033 355 827 744 718 1110 997 150
is_linear=0
shrinkage=0.05


Tree=13
num_leaves=31
num_cat=0
split_feature=17 18 18 18 18 5 5 17 11 17 18 14 5 17 5 18 5 6 14 14 6 11 12 17 17 17 18 6 5 5
split_gain=25.4512 4.2131 3.13853 2.89881 2.26784 1.141 0.887425 0.87658 0.832511 0.692102 0.650534 0.577429 0.572757 0.496383 0.420882 0.391295 0.3799 0.355872 0.3421 0.332276 0.326633 0.299449 0.29854 0.285638 0.284564 0.273757 0.273561 0.263384 0.261187 0.25901
threshold=1.0051258128570599 0.8010320464205487 0.32086686961268079 0.78142638733100533 0.29911424590235575 2.5000000000000004 2.5000000000000004 0.44414493444108144 11545.900000000003 0.20659367344784171 0.63616077864417786 1.0000000180025095e-35 2.5000000000000004 0.17513393118538348 2.5000000000000004 0.11174711980731999 2.5000000000000004 1.0000000180025095e-35 1.0000000180025095e-35 1.0000000180025095e-35 1.0000000180025095e-35 16782.450000000001 20481.450000000001 0.81439988663770901 0.45531892317169381 0.087851312719020233 0.42733878949295007 1.0000000180025095e-35 1.0000000180025095e-35 2.5000000000000004
decision_type=2 2 2 2 2 2 2 2 2 2 2 2 2 2 2 2 2 2 2 2 2 2 2 2 2 2 2 2 2 2
left_child=1 2 5 4 12 7 10 8 -1 22 13 29 15 21 20 -2 19 23 -7 -6 -11 -4 -3 -9 -8 -12 -15 -17 -13 -5
right_child=3 9 6 11 16 18 24 17 -10 14 25 28 -14 26 -16 27 -18 -19 -20 -21 -22 -23 -24 -25 -26 -27 -28 -29 -30 -31
leaf_value=-0.00035220254044564974 -0.0051228822673075516 -9.9060990285816731e-05 0.0027188410081398404 -0.0049205450320271137 -0.00017595095950741251 -0.0011678282327516676 -0.00079500970228991725 0.0043611764062024437 0.0031752047213936189 0.0012884541499122121 -0.0015759420034905467 -0.0070859985617555193 -0.0072215550364933562 0.0052966337954205031 -0.0024359752785892705 -0.0025165359622442954 -0.0039457895878391965 0.0012848559591829576 -0.0075041686482727526 -0.002719016557070581 -0.0010535216207342754 0.0075244090193882594 -0.0036313583907584129 0.0022463372319522592 0.0033597650124198375 0.0037505789725618814 0.0070655442368180296 -0.0048445588662563007 -0.011405670628524744 -0.0081478607484742113
leaf_weight=469 305 92 171 725 860 144 80 517 260 746 26 107 123 376 111 590 90 190 25 151 186 40 171 231 85 334 522 153 52 68
leaf_count=469 305 92 171 725 860 144 80 517 260 746 26 107 123 376 111 590 90 190 25 151 186 40 171 231 85 334 522 153 52 68
internal_value=-6.64653e-12 0.0023171 0.00322816 -0.00343253 -0.00246202 0.00180956 0.00482212 0.00220643 0.000905858 -0.000103551 0.00521264 -0.00574868 -0.00399377 0.00581212 0.000474438 -0.00361494 -0.000832889 0.00321722 -0.00210516 -0.000555776 0.000821064 0.00362985 -0.00239573 0.00370806 0.00134533 0.00336589 0.00632489 -0.00299593 -0.00849872 -0.00519729
internal_weight=8000 4776 3470 3224 2272 1836 1634 1667 729 1306 1469 952 1171 1109 1043 1048 1101 938 169 1011 932 211 263 748 165 360 898 743 159 793
internal_count=8000 4776 3470 3224 2272 1836 1634 1667 729 1306 1469 952 1171 1109 1043 1048 1101 938 169 1011 932 211 263 748 165 360 898 743 159 793
is_linear=0
shrinkage=0.05


Tree=14
num_leaves=31
num_cat=0
split_feature=17 18 18 18 18 5 17 14 17 17 11 11 6 5 5 18 11 14 5 14 5 5 5 6 14 6 18 18 12 5
split_gain=22.978 3.68171 2.87038 2.73941 1.6707 0.984849 0.961457 0.74064 0.68677 0.660904 0.595338 0.517461 0.475108 0.468563 0.426703 0.394285 0.3744 0.362267 0.359142 0.355547 0.342306 0.332556 0.317783 0.301173 0.270077 0.249215 0.236358 0.349124 0.235665 0.214968
threshold=0.99791470846124775 0.8010320464205487 0.2820814618038972 0.9145195159659002 0.16719072648362771 2.5000000000000004 0.27434120181264804 1.0000000180025095e-35 0.35239024221467236 0.28696761332079507 8480.6000000000004 4738.2500000000009 1.0000000180025095e-35 2.5000000000000004 2.5000000000000004 0.13108907548546417 8301.7000000000025 1.0000000180025095e-35 2.5000000000000004 1.0000000180025095e-35 2.5000000000000004 1.0000000180025095e-35 2.5000000000000004 1.0000000180025095e-35 1.0000000180025095e-35 1.0000000180025095e-35 0.29911424590235575 0.60817256290573829 19642.950000000001 1.0000000180025095e-35
decision_type=2 2 2 2 2 2 2 2 2 2 2 2 2 2 2 2 2 2 2 2 2 2 2 2 2 2 2 2 2 2
left_child=1 2 6 4 22 8 11 12 10 16 -4 -1 18 15 25 -8 -3 23 26 -11 28 -9 -2 -10 -7 -5 -6 -28 -13 -21
right_child=3 9 5 14 7 24 13 21 17 19 -12 20 -14 -15 -16 -17 -18 -19 -20 29 -22 -23 -24 -25 -26 -27 27 -29 -30 -31
leaf_value=-0.0031442043759739137 -0.0042546108296881973 -0.0035188205928983968 0.0017924991352333483 -0.0049033901960236874 -0.0016389271403293559 0.0018294159296056026 0.0013992180150354911 -0.003078853818335542 0.0063858809015437642 0.0010607442043967482 0.0049741715390060042 0.0028224710515344972 -0.002992872980016196 -0.00099630546534899638 -0.0091933504689666566 0.0033595333019705419 -0.00035449395231132647 0.0032524357260815028 -0.003490795567528699 -0.00046666192935303566 -0.0048539684933180428 -0.0071691931755496902 -0.0078116661448418626 0.0040896434915031043 -0.003340338858154913 -0.0071836756615850485 0.00068885056106558751 -0.0015043828124569189 -9.7146302753019562e-05 -0.005001339472427562
leaf_weight=128 543 174 283 566 341 160 425 211 739 794 306 120 308 100 82 647 202 145 113 89 26 65 71 177 30 152 526 277 163 37
leaf_count=128 543 174 283 566 341 160 425 211 739 794 306 120 308 100 82 647 202 145 113 89 26 65 71 177 30 152 526 277 163 37
internal_value=-2.75963e-13 0.00221942 0.00307317 -0.00323537 -0.00240735 0.00442201 0.00153067 -0.00165408 0.00481455 -5.26498e-05 0.00344546 -0.000470937 -0.00123292 0.00227701 -0.00577637 0.00258236 -0.00181884 0.00557459 -0.000801681 0.000669183 0.000636435 -0.00404216 -0.00466593 0.00594218 0.00101314 -0.00538612 -0.00053606 -6.77194e-05 0.00114085 -0.00179827
internal_weight=8000 4745 3449 3255 2455 1840 1609 1841 1650 1296 589 437 1565 1172 800 1072 376 1061 1257 920 309 276 614 916 190 718 1144 803 283 126
internal_count=8000 4745 3449 3255 2455 1840 1609 1841 1650 1296 589 437 1565 1172 800 1072 376 1061 1257 920 309 276 614 916 190 718 1144 803 283 126
is_linear=0
shrinkage=0.05


Tree=15
num_leaves=31
num_cat=0
split_feature=17 18 18 18 18 14 17 11 14 14 14 14 17 5 5 11 18 17 12 17 11 18 5 18 6 18 18 5 5 6
split_gain=20.7482 3.47862 2.39009 2.25131 1.89335 1.24025 0.863587 0.903144 0.704676 0.586325 0.568364 0.509848 0.472412 0.436302 0.399726 0.392121 0.386963 0.36257 0.333586 0.30255 0.373138 0.298185 0.254867 0.246887 0.245939 0.237052 0.263716 0.228988 0.225979 0.218744
threshold=1.0051258128570599 0.92854308815935727 0.78142638733100533 0.2142915181615308 0.31429516871007818 1.0000000180025095e-35 0.45531892317169381 5747.4500000000016 1.0000000180025095e-35 1.0000000180025095e-35 1.0000000180025095e-35 1.0000000180025095e-35 0.40258468111990348 1.0000000180025095e-35 2.5000000000000004 10867.500000000002 0.086873057675871015 0.87355279941493469 23942.500000000004 0.41937141338824974 6288.6500000000005 0.60817256290573829 1.0000000180025095e-35 0.40384732624045544 1.0000000180025095e-35 0.73798485705209804 0.39685762094611404 1.0000000180025095e-35 2.5000000000000004 1.0000000180025095e-35
decision_type=2 2 2 2 2 2 2 2 2 2 2 2 2 2 2 2 2 2 2 2 2 2 2 2 2 2 2 2 2 2
left_child=1 3 4 8 9 6 7 -5 12 16 14 -4 15 -7 19 -1 -2 25 -9 20 -3 23 -11 -6 -18 26 -8 -10 -13 -14
right_child=2 10 11 5 21 13 17 18 27 22 -12 28 29 -15 -16 -17 24 -19 -20 -21 -22 -23 -24 -25 -26 -27 -28 -29 -30 -31
leaf_value=-0.00097531675509548966 -0.0050356838842991539 -0.0027835136615678171 -0.0046842062537978827 0.00095170102449412212 -0.0012608786601079466 0.0020743156596943341 0.0048263724880542244 0.0050286065021566771 -0.00098321785508718985 -0.0049521646255420316 -0.0033272556298268481 -0.0070112599676255801 0.0028478262965296701 -0.0017466789127000577 -0.0028602790382934646 0.0022672154894018905 -0.0021775590070888368 0.0032895630437946113 0.0026677913836740592 0.0012141426480491752 0.00059341398619359271 -0.0020134569511727433 -0.0090438381399748462 0.00060790607463707654 -0.0042945260286255376 0.00351171691484445 0.0066609932595487788 -0.005437670176773257 -0.012370080695204113 0.00047249482404974213
leaf_weight=258 203 134 793 336 287 272 355 403 131 135 144 136 504 103 105 146 678 228 238 488 210 284 53 460 172 127 437 37 23 120
leaf_count=258 203 134 793 336 287 272 355 403 131 135 144 136 504 103 105 146 678 228 238 488 210 284 53 460 172 127 437 37 23 120
internal_value=-1.05767e-11 0.00209209 -0.0030992 0.00282196 -0.00221796 0.00367578 0.00414381 0.00305142 0.00103795 -0.00353356 -0.000402707 -0.00520233 0.00152859 0.00102482 4.67432e-05 0.000196489 -0.00307435 0.0050743 0.00415205 0.000413615 -0.000722017 -0.000634391 -0.00610567 -0.000110088 -0.00260593 0.00551709 0.00583866 -0.00196426 -0.00778644 0.00239103
internal_weight=8000 4776 3224 3695 2272 2499 2124 977 1196 1241 1081 952 1028 375 937 404 1053 1147 641 832 344 1031 188 747 850 919 792 168 159 624
internal_count=8000 4776 3224 3695 2272 2499 2124 977 1196 1241 1081 952 1028 375 937 404 1053 1147 641 832 344 1031 188 747 850 919 792 168 159 624
is_linear=0
shrinkage=0.05


Tree=16
num_leaves=31
num_cat=0
split_feature=17 18 18 18 18 5 17 17 5 18 6 17 5 14 14 18 11 11 6 18 17 11 6 18 6 14 5 14 5 14
split_gain=18.7253 3.05689 2.79369 2.26324 1.3924 0.987523 0.734817 0.725814 0.564179 0.550242 0.543587 0.458149 0.421749 0.406726 0.36909 0.354022 0.330768 0.329542 0.312554 0.298497 0.281852 0.277024 0.267279 0.250952 0.228184 0.214586 0.200887 0.200275 0.187917 0.185647
threshold=0.99791470846124775 0.73798485705209804 0.3417391865563722 0.92854308815935727 0.23787971112283371 2.5000000000000004 0.20659367344784171 0.14404513416368495 2.5000000000000004 0.11569149902200376 1.0000000180025095e-35 0.22648915806956124 2.5000000000000004 1.0000000180025095e-35 1.0000000180025095e-35 0.69641734185830162 6119.2500000000009 11905.800000000001 1.0000000180025095e-35 0.40384732624045544 0.1393005829119657 12390.650000000001 1.0000000180025095e-35 0.086873057675871015 1.0000000180025095e-35 1.0000000180025095e-35 1.0000000180025095e-35 1.0000000180025095e-35 1.0000000180025095e-35 1.0000000180025095e-35
decision_type=2 2 2 2 2 2 2 2 2 2 2 2 2 2 2 2 2 2 2 2 2 2 2 2 2 2 2 2 2 2
left_child=1 2 5 4 13 7 21 16 11 29 15 17 22 23 -5 19 -1 -4 -11 -6 -7 -3 25 -2 -13 -8 -15 -12 -16 -9
right_child=3 6 8 14 10 20 12 9 -10 18 27 24 -14 26 28 -17 -18 -19 -20 -21 -22 -23 -24 -25 -26 -27 -28 -29 -30 -31
leaf_value=-0.0032292954677301811 -0.004783899711417447 -0.0032588011957070707 0.001925851956261077 -0.0047636651474589472 -0.0012688691359303145 -0.0067448867556567371 0.0017024384502453719 0.0012720912286815955 0.0015731472921740081 0.003393586111279984 -0.0025897939491289763 0.005791891492398716 -0.0022347376895461069 -0.0049817683579720037 -0.0063126886451847098 -0.0025643999255455497 0.00071284735867785051 0.0053746761077824862 0.0012149856713132502 0.00045335146886838298 -0.0011140302251233093 9.4806796502477187e-05 -0.00063894518525949592 -0.002738530859492621 0.003769324546173106 -0.00056228713120373599 -0.0091437535178734049 -0.0061293082227534129 -0.010277331123749416 -0.0017911349660145086
leaf_weight=79 203 195 190 654 491 26 699 374 143 871 267 776 115 99 89 229 163 109 203 516 153 90 209 574 170 123 41 47 45 57
leaf_count=79 203 195 190 654 491 26 699 374 143 871 267 776 115 99 89 229 163 109 203 516 153 90 209 574 170 123 41 47 45 57
internal_value=-9.39532e-12 0.00200353 0.00283748 -0.00292067 -0.00217553 0.00160508 7.22398e-05 0.00196749 0.00454755 0.00237616 -0.00126186 0.00488919 0.000637268 -0.00371989 -0.00525349 -0.000789913 -0.000574051 0.00318312 0.0029818 -0.000386381 -0.00193192 -0.00219977 0.000957617 -0.00327291 0.00542843 0.00136356 -0.00620064 -0.00311959 -0.0076441 0.000866978
internal_weight=8000 4745 3314 3255 2467 1926 1431 1747 1388 1505 1550 1245 1146 917 788 1236 242 299 1074 1007 179 285 1031 777 946 822 140 314 134 431
internal_count=8000 4745 3314 3255 2467 1926 1431 1747 1388 1505 1550 1245 1146 917 788 1236 242 299 1074 1007 179 285 1031 777 946 822 140 314 134 431
is_linear=0
shrinkage=0.05


Tree=17
num_leaves=31
num_cat=0
split_feature=17 18 18 18 18 14 17 12 17 14 5 5 5 17 5 11 5 14 14 6 14 17 11 5 18 6 6 17 5 14
split_gain=16.9141 2.88416 1.96047 1.90177 1.52003 1.22836 0.726565 0.775552 0.590124 0.491077 0.487123 0.434984 0.427156 0.357242 0.342071 0.334421 0.328679 0.306364 0.288434 0.277362 0.259578 0.249809 0.326527 0.235775 0.216718 0.200044 0.195452 0.193616 0.191173 0.186906
threshold=1.0051258128570599 0.92854308815935727 0.8010320464205487 0.18475693082163214 0.28608831037703514 1.0000000180025095e-35 0.43949101298901211 19801.250000000004 0.15097481298316326 1.0000000180025095e-35 1.0000000180025095e-35 2.5000000000000004 2.5000000000000004 0.87355279941493469 2.5000000000000004 3094.2500000000005 2.5000000000000004 1.0000000180025095e-35 1.0000000180025095e-35 1.0000000180025095e-35 1.0000000180025095e-35 0.41937141338824974 6288.6500000000005 2.5000000000000004 0.13108907548546417 1.0000000180025095e-35 1.0000000180025095e-35 0.22648915806956124 2.5000000000000004 1.0000000180025095e-35
decision_type=2 2 2 2 2 2 2 2 2 2 2 2 2 2 2 2 2 2 2 2 2 2 2 2 2 2 2 2 2 2
left_child=1 3 4 8 11 6 7 -5 -1 16 27 18 19 23 17 -9 21 25 24 29 -10 22 -3 26 -2 -6 -8 -7 -17 -4
right_child=2 9 12 5 14 10 13 15 20 -11 -12 -13 -14 -15 -16 28 -18 -19 -20 -21 -22 -23 -24 -25 -26 -27 -28 -29 -30 -31
leaf_value=-0.002196984997901988 -0.0036107835583253835 -0.0025926358559961197 -0.0035629002538373048 0.0047045833062776803 0.00020870454255514601 -0.00054766812944722211 0.005478958197186432 -6.8083514680496442e-05 0.0015340777675599132 -0.0031011717156515161 -0.0020338643523904591 -0.006209748479516948 -0.0080544512806227427 0.0027909845953290064 -0.0035949538187010988 0.0027056257789187907 -0.0026009978948492237 -0.0024940468305122165 -0.0050366195239680452 -0.0061567475924014375 -0.0010993243458410986 0.0010951359617212772 0.00056634135723773705 0.0025432126621773334 -0.0019849671071847973 -0.0016540174989101144 0.0036305223055850631 0.0025222895641590273 -0.00090104136907029906 -0.0058807562747337288
leaf_weight=150 345 134 559 322 740 67 763 188 746 144 116 118 88 252 98 451 105 165 148 176 107 488 210 97 505 179 176 220 40 103
leaf_count=150 345 134 559 322 740 67 763 188 746 144 116 118 88 252 98 451 105 165 148 176 107 488 210 97 505 179 176 220 40 103
internal_value=-1.20167e-11 0.00188893 -0.00279823 0.00255351 -0.00201556 0.00324591 0.00369406 0.00268359 0.000695161 -0.000382728 0.000700451 -0.00333898 -0.00474056 0.00447938 -0.000766033 0.00172518 3.50481e-05 -0.000510282 -0.00299955 -0.00439256 0.00120374 0.000367722 -0.00066419 0.00489007 -0.00264486 -0.000154111 0.0051325 0.00180561 0.0024118 -0.00392353
internal_weight=8000 4776 3224 3695 2298 2692 2289 1001 1003 1081 403 1116 926 1288 1182 679 937 1084 998 838 853 832 344 1036 850 919 939 287 491 662
internal_count=8000 4776 3224 3695 2298 2692 2289 1001 1003 1081 403 1116 926 1288 1182 679 937 1084 998 838 853 832 344 1036 850 919 939 287 491 662
is_linear=0
shrinkage=0.05


Tree=18
num_leaves=31
num_cat=0
split_feature=17 18 18 18 18 17 17 12 6 14 14 18 17 5 5 5 11 14 5 6 14 12 5 14 18 6 18 6 6 11
split_gain=15.265 2.64288 2.36989 1.78711 1.18286 0.866423 0.60741 0.595482 0.554726 0.486569 0.399389 0.388905 0.35698 0.354239 0.341857 0.320972 0.297587 0.272323 0.269343 0.265066 0.246235 0.244105 0.227802 0.225854 0.219649 0.194141 0.190327 0.189355 0.182678 0.174701
threshold=1.0051258128570599 0.73798485705209804 0.3417391865563722 0.92854308815935727 0.16719072648362771 0.33858888542528393 0.20659367344784171 19642.950000000001 1.0000000180025095e-35 1.0000000180025095e-35 1.0000000180025095e-35 0.095087825679831664 0.26202732991108618 2.5000000000000004 2.5000000000000004 2.5000000000000004 16138.700000000003 1.0000000180025095e-35 1.0000000180025095e-35 1.0000000180025095e-35 1.0000000180025095e-35 20481.450000000001 1.5000000000000002 1.0000000180025095e-35 0.60097181266699795 1.0000000180025095e-35 0.1498788162273568 1.0000000180025095e-35 1.0000000180025095e-35 12323.300000000001
decision_type=2 2 2 2 2 2 2 2 2 2 2 2 2 2 2 2 2 2 2 2 2 2 2 2 2 2 2 2 2 2
left_child=1 2 5 4 20 7 21 29 14 12 26 -7 16 19 17 27 -4 -6 25 -8 28 -3 -11 -10 -14 -13 -9 -5 -2 -1
right_child=3 6 9 15 8 11 13 10 23 22 -12 18 24 -15 -16 -17 -18 -19 -20 -21 -22 -23 -24 -25 -26 -27 -28 -29 -30 -31
leaf_value=0.00043130387037473904 -0.0030335010438708515 -5.6572042633732312e-05 0.0023212694848545961 -0.0039794972348002767 -0.00039040366105235098 0.00046452465038960698 0.0012129118486282999 -0.0019943729666157461 -0.0025274929382298993 0.0025818820069712515 -0.0043694582984078979 0.0034491678131102297 0.0054636802247971196 -0.0020934289620394976 -0.0034441208436600565 -0.007743916642139085 0.0059521564602619042 -0.0023866074659402406 0.0011407519211748644 -0.00076876964436142217 -0.0063479499383406208 -0.0031298815356774049 -0.0019454664797248209 -0.0058122715927542206 0.0035949492868513054 0.0014503620852095386 0.00041977615640930387 -0.0060090867352896732 -0.0054103015693835917 0.0033491639139526332
leaf_weight=88 422 99 261 554 1139 261 827 124 309 152 77 639 675 117 123 80 72 201 235 212 88 186 34 63 205 150 239 145 100 123
leaf_count=88 422 99 261 554 1139 261 827 124 309 152 77 639 675 117 123 80 72 201 235 212 88 186 34 63 205 150 239 145 100 123
internal_value=3.15003e-12 0.00179448 0.00256762 -0.00265832 -0.00199385 0.00143459 5.14167e-06 -5.14933e-05 -0.00135977 0.00413557 -0.00109869 0.00218746 0.00450071 0.000514851 -0.000921398 -0.00474387 0.00310633 -0.000689834 0.00262661 0.000808565 -0.00390129 -0.00206231 0.0017543 -0.00308379 0.00502835 0.00306917 -0.000404892 -0.00440051 -0.00348883 0.00213224
internal_weight=8000 4776 3335 3224 2445 1936 1441 651 1835 1399 440 1285 1213 1156 1463 779 333 1340 1024 1039 610 285 186 372 880 789 363 699 522 211
internal_count=8000 4776 3335 3224 2445 1936 1441 651 1835 1399 440 1285 1213 1156 1463 779 333 1340 1024 1039 610 285 186 372 880 789 363 699 522 211
is_linear=0
shrinkage=0.05


Tree=19
num_leaves=31
num_cat=0
split_feature=17 18 18 18 18 5 17 17 11 11 5 5 14 17 5 17 6 18 18 17 12 11 18 18 17 17 14 18 6 5
split_gain=13.7872 2.30274 2.16139 1.7111 1.36846 0.833631 0.5957 0.57685 0.605265 0.477842 0.462931 0.422823 0.39126 0.358573 0.341451 0.3074 0.274808 0.25048 0.249134 0.238545 0.233139 0.221732 0.219966 0.207549 0.19955 0.191022 0.179921 0.176965 0.176732 0.182768
threshold=0.99791470846124775 0.73798485705209804 0.3417391865563722 0.78142638733100533 0.31113185184170161 2.5000000000000004 0.3735000095828877 0.44414493444108144 8037.7000000000007 11079.1 2.5000000000000004 2.5000000000000004 1.0000000180025095e-35 0.15565883375968095 2.5000000000000004 0.8380202149199999 1.0000000180025095e-35 0.60817256290573829 0.60817256290573829 0.30615432985855318 19874.650000000001 11634.050000000001 0.40384732624045544 0.086873057675871015 0.851933885426854 0.082109413785188295 1.0000000180025095e-35 0.16199577830225029 1.0000000180025095e-35 2.5000000000000004
decision_type=2 2 2 2 2 2 2 2 2 2 2 2 2 2 2 2 2 2 2 2 2 2 2 2 2 2 2 2 2 2
left_child=1 2 5 4 11 7 9 8 25 26 13 16 28 21 24 27 23 -15 22 -7 -10 -4 -6 -2 -8 -1 -3 -9 29 -5
right_child=3 6 10 12 18 19 14 15 20 -11 -12 -13 -14 17 -16 -17 -18 -19 -20 -21 -22 -23 -24 -25 -26 -27 -28 -29 -30 -31
leaf_value=-0.0032790776438559989 -0.0037235074675250378 -0.0020074423585418658 0.0010724038603257215 -0.0031771731821347432 -0.001020293084888996 -0.0043981716755942838 0.0015803488045709119 0.0021830935710206549 0.0032080573918203369 0.00057549671167743378 0.001252810609420286 -0.0056005107838111795 -0.0065251873574734475 0.0050754647265467455 -0.0019567617722454351 0.0010152766664384718 -0.0041627305162593208 0.0032531931611893307 -0.0016943258072589945 -0.00056204158279439835 0.00080283126983193885 0.0044026953293146882 0.00071277498184504256 -0.0018065188600097971 -0.0003500454880464959 -0.00027363204516835766 -0.0053841452276253187 0.0037565466341711777 -0.0052820953630814049 -0.0061213960429525073
leaf_weight=64 176 277 128 578 302 62 630 332 202 210 143 129 161 787 98 257 219 248 288 117 201 82 465 714 170 304 46 387 165 58
leaf_count=64 176 277 128 578 302 62 630 332 202 210 143 129 161 787 98 257 219 248 288 117 201 82 465 714 170 304 46 387 165 58
internal_value=-1.23391e-11 0.00171918 0.00244298 -0.00250614 -0.00176361 0.00135898 4.2957e-05 0.00169196 0.000669717 -0.0012812 0.00394713 -0.00289119 -0.00427604 0.0042566 0.000828897 0.00249948 -0.00257604 0.00463882 -0.00044043 -0.00189076 0.00200843 0.0023728 3.03936e-05 -0.00218561 0.00117014 -0.000796318 -0.00248834 0.00303 -0.00382396 -0.00344567
internal_weight=8000 4745 3314 3255 2293 1926 1431 1747 771 533 1388 1238 962 1245 898 976 1109 1035 1055 179 403 210 767 890 800 368 323 719 801 636
internal_count=8000 4745 3314 3255 2293 1926 1431 1747 771 533 1388 1238 962 1245 898 976 1109 1035 1055 179 403 210 767 890 800 368 323 719 801 636
is_linear=0
shrinkage=0.05


Tree=20
num_leaves=31
num_cat=0
split_feature=17 18 18 18 14 18 6 17 5 14 6 5 18 18 14 5 14 5 5 14 11 6 17 6 6 5 17 17 14 17
split_gain=12.443 2.19074 1.47986 1.47164 1.0377 1.00743 0.594789 0.47334 0.466928 0.413628 0.411857 0.397027 0.367729 0.460258 0.291278 0.285106 0.281736 0.271169 0.260551 0.229874 0.228601 0.221867 0.204654 0.19997 0.195022 0.189823 0.179164 0.17316 0.17083 0.163609
threshold=1.0051258128570599 0.94480454563695304 0.18196155087878266 0.92854308815935727 1.0000000180025095e-35 0.20770002090490466 1.0000000180025095e-35 0.38562943612433503 2.5000000000000004 1.0000000180025095e-35 1.0000000180025095e-35 1.0000000180025095e-35 0.68926797648153548 0.40384732624045544 1.0000000180025095e-35 2.5000000000000004 1.0000000180025095e-35 2.5000000000000004 2.5000000000000004 1.0000000180025095e-35 10274.750000000002 1.0000000180025095e-35 0.16885805640743132 1.0000000180025095e-35 1.0000000180025095e-35 1.5000000000000002 0.26202732991108618 0.2935501585733416 1.0000000180025095e-35 0.22648915806956124
decision_type=2 2 2 2 2 2 2 2 2 2 2 2 2 2 2 2 2 2 2 2 2 2 2 2 2 2 2 2 2 2
left_child=1 2 7 5 6 14 8 16 12 18 15 29 13 -4 24 19 20 -5 21 -7 -1 -3 -8 -9 -2 -11 -20 -14 -12 -6
right_child=3 9 4 17 11 10 22 23 -10 25 28 -13 27 -15 -16 -17 -18 -19 26 -21 -22 -23 -24 -25 -26 -27 -28 -29 -30 -31
leaf_value=-0.0013248508712586868 -0.0024540148830710668 0.00072707474328671275 0.0033638714171249974 -0.0039770056534217451 -0.00065978363112452032 -0.00017708142529647788 -0.0006800237777278232 0.0018584057528928226 0.0012165986393532662 -0.0021104283642587292 -0.002167641869416031 -0.0019773172173191303 0.0002245467663094213 0.0051825049224638372 -0.0055527770595814466 -0.0031187818571295893 -0.0040946893721794412 -0.0070500922808423641 -0.0058548173694698905 -0.0020971600583794972 0.0014240277897338499 -0.0012967080301646014 0.0020734401548770996 -0.00039252399222336427 -0.0046348287357157831 -0.007165980711579323 -0.001121288130827877 0.002981685227531867 -0.0052607219393874683 0.0021307461695588164
leaf_weight=199 550 651 768 699 69 1020 83 483 186 119 283 118 79 636 118 111 57 80 27 184 122 171 361 124 126 22 77 204 53 220
leaf_count=199 550 651 768 699 69 1020 83 483 186 119 283 118 79 636 118 111 57 80 27 184 122 171 361 124 126 22 77 204 53 220
internal_value=4.09061e-13 0.00162014 0.00219451 -0.00240006 0.00279508 -0.00179708 0.00320409 0.00053363 0.00359414 -0.000376404 -0.00109324 0.000466623 0.00385627 0.0041877 -0.00326061 -0.000694057 -0.000855321 -0.0042926 7.74226e-06 -0.000470515 -0.000280106 0.000306069 0.00155872 0.00139858 -0.0028605 -0.00289924 -0.00235019 0.00221202 -0.00265554 0.0014645
internal_weight=8000 4776 3709 3224 2724 2445 2317 985 1873 1067 1651 407 1687 1404 794 1315 378 779 926 1204 321 822 444 607 676 141 104 283 336 289
internal_count=8000 4776 3709 3224 2724 2445 2317 985 1873 1067 1651 407 1687 1404 794 1315 378 779 926 1204 321 822 444 607 676 141 104 283 336 289
is_linear=0
shrinkage=0.05


Tree=21
num_leaves=31
num_cat=0
split_feature=17 18 18 18 18 14 17 11 17 5 14 5 14 17 11 17 11 14 14 18 18 18 17 5 14 5 5 18 18 6
split_gain=11.2399 1.89837 1.42531 1.35159 1.15723 0.910261 0.579487 0.775358 0.43332 0.369787 0.363202 0.346333 0.344031 0.321597 0.282837 0.258789 0.307938 0.230852 0.225972 0.224529 0.198483 0.183876 0.179924 0.175156 0.167208 0.166474 0.157504 0.157006 0.162509 0.156849
threshold=0.99791470846124775 0.96390869905011034 0.78142638733100533 0.18196155087878266 0.31113185184170161 1.0000000180025095e-35 0.48256499697779121 12140.000000000002 0.15097481298316326 2.5000000000000004 1.0000000180025095e-35 1.0000000180025095e-35 1.0000000180025095e-35 0.82122636917172498 3094.2500000000005 0.43949101298901211 7358.5000000000009 1.0000000180025095e-35 1.0000000180025095e-35 0.60817256290573829 0.40384732624045544 0.13108907548546417 0.84632518647917843 1.0000000180025095e-35 1.0000000180025095e-35 1.0000000180025095e-35 2.5000000000000004 0.68366125538987765 0.39685762094611404 1.0000000180025095e-35
decision_type=2 2 2 2 2 2 2 2 2 2 2 2 2 2 2 2 2 2 2 2 2 2 2 2 2 2 2 2 2 2
left_child=1 3 4 8 9 6 7 14 -1 17 15 -7 29 26 -5 16 -3 21 -10 20 -6 -2 -17 -12 -11 -14 -8 28 -16 -4
right_child=2 10 12 5 19 11 13 -9 18 24 23 -13 25 -15 27 22 -18 -19 -20 -21 -22 -23 -24 -25 -26 -27 -28 -29 -30 -31
leaf_value=-0.0020345698315439474 -0.0029363519355999255 -0.0025214533326711483 -0.0030978601229252256 -0.00026197075033866185 -0.00091942988372417883 0.0014042102993081973 0.0045820943197245508 0.0039952318351205397 0.0012368296494775308 -0.0043846511410457435 -0.0016698840618064965 -0.0018103703987928724 -0.0048766875947150621 0.0025888458810436228 0.001405152410729679 0.0012909245409428623 0.00033046659127431457 -0.0040227382926626464 -0.0012541202594477979 -0.0015587072982965666 0.0007268352406163592 -0.0014859106844654964 -0.00086389139069915693 -0.0057317976037868194 -0.0093581922911107531 -0.0083149715255086253 0.0022336969402238518 1.07641482807614e-05 0.0033831266230309239 -0.0048279011252364426
leaf_weight=145 346 173 636 217 302 289 742 398 731 109 101 118 109 375 229 389 209 170 104 288 465 593 129 36 20 52 79 91 190 165
leaf_count=145 346 173 636 217 302 289 742 398 731 109 101 118 109 375 229 389 209 170 104 288 465 593 129 36 20 52 79 91 190 165
internal_value=6.58188e-12 0.00155226 -0.00226281 0.00208114 -0.00158512 0.0026533 0.00303576 0.00222116 0.00048845 -0.00262203 -0.000338881 0.000472219 -0.00387815 0.003802 0.00124994 2.62042e-05 -0.00096111 -0.00232731 0.00092658 -0.000368339 7.86318e-05 -0.00202037 0.0007543 -0.00273725 -0.00515574 -0.00598719 0.00435612 0.00189324 0.00230209 -0.00345424
internal_weight=8000 4745 3255 3708 2293 2728 2321 1125 980 1238 1037 407 962 1196 727 900 382 1109 835 1055 767 939 518 137 129 161 821 510 419 801
internal_count=8000 4745 3255 3708 2293 2728 2321 1125 980 1238 1037 407 962 1196 727 900 382 1109 835 1055 767 939 518 137 129 161 821 510 419 801
is_linear=0
shrinkage=0.05


Tree=22
num_leaves=31
num_cat=0
split_feature=17 18 18 18 18 5 6 17 17 11 14 5 14 5 18 5 12 6 5 14 6 5 17 17 18 18 11 18 17 14
split_gain=10.144 1.75451 1.77645 1.28634 1.0444 0.711925 0.522554 0.492749 0.380402 0.456272 0.376355 0.333733 0.310488 0.294862 0.289424 0.272538 0.242534 0.224821 0.209451 0.204153 0.195777 0.195504 0.195177 0.170676 0.167919 0.165684 0.16111 0.156862 0.151019 0.150906
threshold=0.99791470846124775 0.72251030147762607 0.3417391865563722 0.78142638733100533 0.31113185184170161 2.5000000000000004 1.0000000180025095e-35 0.22648915806956124 0.50810069133119484 14485.450000000003 1.0000000180025095e-35 2.5000000000000004 1.0000000180025095e-35 2.5000000000000004 0.095087825679831664 1.5000000000000002 17104.550000000003 1.0000000180025095e-35 2.5000000000000004 1.0000000180025095e-35 1.0000000180025095e-35 2.5000000000000004 0.92074571512808601 0.16885805640743132 0.60817256290573829 0.086873057675871015 3784.1500000000005 0.40384732624045544 0.26202732991108618 1.0000000180025095e-35
decision_type=2 2 2 2 2 2 2 2 2 2 2 2 2 2 2 2 2 2 2 2 2 2 2 2 2 2 2 2 2 2
left_child=1 2 5 4 11 6 10 16 9 15 14 17 -5 20 -1 26 -3 25 24 -7 -9 -18 -10 -8 27 -2 -4 -6 -12 -13
right_child=3 7 8 12 18 19 23 13 22 -11 28 29 -14 -15 -16 -17 21 -19 -20 -21 -22 -23 -24 -25 -26 -27 -28 -29 -30 -31
leaf_value=0.00069328719750285294 -0.0032318723627461376 0.00096100174609064734 0.00098527669200315941 -0.0032815238625920028 -0.00064696494076778321 -0.0011339456243872248 -0.0026458692620508375 0.001143567761017279 0.0046934864642423696 0.0050682139604946441 -0.002201512850782213 -0.0041654185650425906 -0.0056878298098765184 -0.0018439480563294205 0.002625309438987632 -0.0004178682009225554 -0.0019739484710953547 -0.0036460915473279158 -0.002699896180734638 -0.0057823786487071109 -0.00057440557550132959 -0.0069057905157520021 0.002113569127167076 0.00024175738991590205 -0.0012113132734424964 -0.0015190970661979391 0.0031162804096317169 0.00087687839901553425 0.00078114345545302446 -0.0088902826793491856
leaf_weight=244 176 68 123 801 282 151 62 818 576 156 60 109 161 118 943 96 232 219 87 28 208 22 84 293 265 714 318 421 145 20
leaf_count=244 176 68 123 801 282 151 62 818 576 156 60 109 161 118 943 96 232 219 87 28 208 22 84 293 265 714 318 421 145 20
internal_value=-1.50048e-12 0.00147464 0.00211752 -0.00214967 -0.00150586 0.00114209 0.0014498 3.67264e-05 0.00350605 0.00268787 0.0018865 -0.00249093 -0.00368424 0.000523056 0.00222816 0.00199637 -0.0016911 -0.00221095 -0.000349922 -0.00186107 0.000795285 -0.00240112 0.00436513 -0.000262561 -0.000138715 -0.0018578 0.00252192 0.000265607 -9.18291e-05 -0.00489796
internal_weight=8000 4745 3279 3255 2293 1926 1747 1466 1353 693 1392 1238 962 1144 1187 537 322 1109 1055 179 1026 254 660 355 968 890 441 703 205 129
internal_count=8000 4745 3279 3255 2293 1926 1747 1466 1353 693 1392 1238 962 1144 1187 537 322 1109 1055 179 1026 254 660 355 968 890 441 703 205 129
is_linear=0
shrinkage=0.05


Tree=23
num_leaves=31
num_cat=0
split_feature=17 18 18 18 18 5 6 17 14 17 14 12 12 6 6 18 5 14 5 14 5 5 5 17 5 14 17 17 11 5
split_gain=9.16176 1.64728 1.53333 1.11043 0.776823 0.612011 0.452819 0.426309 0.41375 0.387609 0.361352 0.358444 0.273489 0.260461 0.258618 0.255103 0.231453 0.231144 0.216609 0.201202 0.188467 0.186806 0.186535 0.179825 0.163398 0.172128 0.152681 0.148014 0.190265 0.143175
threshold=1.0051258128570599 0.73798485705209804 0.32086686961268079 0.96390869905011034 0.16719072648362771 2.5000000000000004 1.0000000180025095e-35 0.28696761332079507 1.0000000180025095e-35 0.3007277068453148 1.0000000180025095e-35 19874.650000000001 17104.550000000003 1.0000000180025095e-35 1.0000000180025095e-35 0.095087825679831664 1.0000000180025095e-35 1.0000000180025095e-35 2.5000000000000004 1.0000000180025095e-35 2.5000000000000004 2.5000000000000004 2.5000000000000004 0.851933885426854 2.5000000000000004 1.0000000180025095e-35 0.16885805640743132 0.48256499697779121 11905.800000000001 1.0000000180025095e-35
decision_type=2 2 2 2 2 2 2 2 2 2 2 2 2 2 2 2 2 2 2 2 2 2 2 2 2 2 2 2 2 2
left_child=1 2 5 4 20 6 10 12 14 11 15 -4 -3 -11 21 -1 -10 23 -5 -7 -2 -6 -13 27 25 -14 -8 28 -9 -19
right_child=3 7 9 18 8 19 26 17 16 13 -12 22 24 -15 -16 -17 -18 29 -20 -21 -22 -23 -24 -25 -26 -27 -28 -29 -30 -31
leaf_value=0.00065862286646733992 -0.002777234152355102 0.0010797316182054174 0.0040056524533526204 -0.0034511187494190299 -0.00021886043905601504 -0.0011163680279221606 -0.0025692292745797666 -0.00081351889952779085 -0.0020118110422968839 0.0040967637468134459 -0.00021230588669701023 0.0014663182481886418 -0.0011966716160556141 0.0020170568227717055 -0.0020160964008228126 0.0024855483613994054 -0.0053913717489746035 -0.00036944310424553463 -0.0062186728497595775 -0.0059757135226391261 -0.0055177286073801596 -0.0023662606644368656 -0.0024037740256504288 -0.00062544499351656411 -0.0056628842083416113 -0.0045642894589238694 0.00019132476396667441 0.0016904040479889034 0.0021013404542635033 -0.0038756684539839625
leaf_weight=244 539 87 150 673 1156 144 61 164 218 849 201 282 242 183 311 881 66 107 79 25 71 111 35 174 29 45 280 468 85 40
leaf_count=244 539 87 150 673 1156 144 61 164 218 849 201 282 242 183 311 881 66 107 79 25 71 111 35 174 29 45 280 468 85 40
internal_value=-8.95125e-12 0.00139021 0.0020006 -0.00205944 -0.00154764 0.00103186 0.00132252 -2.24519e-05 -0.00104032 0.00318712 0.00174042 0.0019919 -0.00140267 0.00372798 -0.000724121 0.00208931 -0.0027972 0.000513412 -0.00374186 -0.00183521 -0.00309621 -0.000406991 0.00103902 0.000816474 -0.00208611 -0.0017247 -0.000302499 0.0011664 0.000181513 -0.00132352
internal_weight=8000 4776 3335 3224 2472 1836 1667 1441 1862 1499 1326 467 403 1032 1578 1125 284 1038 752 169 610 1267 317 891 316 287 341 717 249 147
internal_count=8000 4776 3335 3224 2472 1836 1667 1441 1862 1499 1326 467 403 1032 1578 1125 284 1038 752 169 610 1267 317 891 316 287 341 717 249 147
is_linear=0
shrinkage=0.05


Tree=24
num_leaves=31
num_cat=0
split_feature=17 18 18 18 18 14 17 11 5 6 14 14 14 6 17 11 17 11 6 18 18 17 11 18 18 5 17 5 12 5
split_gain=8.26942 1.44912 1.07873 1.07286 0.89181 0.670475 0.472155 0.412738 0.407223 0.300863 0.299143 0.290164 0.272702 0.258276 0.24259 0.262859 0.216199 0.209217 0.207802 0.205416 0.235015 0.195456 0.259365 0.184855 0.163552 0.153117 0.151118 0.148985 0.142351 0.141601
threshold=0.99791470846124775 0.96390869905011034 0.2142915181615308 0.78142638733100533 0.31113185184170161 1.0000000180025095e-35 0.28696761332079507 4929.9500000000016 2.5000000000000004 1.0000000180025095e-35 1.0000000180025095e-35 1.0000000180025095e-35 1.0000000180025095e-35 1.0000000180025095e-35 0.45531892317169381 8203.1500000000015 0.33858888542528393 19120.350000000002 1.0000000180025095e-35 0.66931036568594615 0.40384732624045544 0.43949101298901211 6812.8500000000013 0.60817256290573829 0.40384732624045544 1.0000000180025095e-35 0.80057301850816487 1.5000000000000002 17312.300000000003 1.0000000180025095e-35
decision_type=2 2 2 2 2 2 2 2 2 2 2 2 2 2 2 2 2 2 2 2 2 2 2 2 2 2 2 2 2 2
left_child=1 2 8 4 11 6 7 -4 9 14 21 18 -5 19 15 -1 28 -9 -2 20 -8 22 -3 24 -6 -13 -23 -12 -7 -14
right_child=3 10 5 12 23 16 13 17 -10 -11 27 25 29 -15 -16 -17 -18 -19 -20 -21 -22 26 -24 -25 -26 -27 -28 -29 -30 -31
leaf_value=-0.00093419376937181565 -0.0015816810650939733 -0.0023822093287253665 -0.00045458308356892462 -0.0029649503704693987 -0.00078520536425403771 0.0016466133559494185 0.003088235771593709 0.0018664113597116094 -0.0023458649066759045 -0.00081161231174360811 -0.0017762789448075322 -0.003166585557632703 -0.0041958990365847815 0.0018297079046991347 0.0020261279719172602 0.0016726990706013535 0.0013344701626141645 0.0046158573355847589 -0.0033312963465001312 0.0022940402796204139 0.0046546687249447438 0.0012744421032804705 0.0002585022715802634 -0.0013648725120939769 0.00070919032747286854 -0.0063135568173257293 -0.00051222805584567128 -0.0062672584931450816 -0.002089150969564513 -0.0073669405510792367
leaf_weight=198 835 160 179 801 302 34 486 372 110 218 115 136 109 278 474 189 243 85 213 268 472 335 222 288 465 54 183 22 102 52
leaf_count=198 835 160 179 801 302 34 486 372 110 218 115 136 109 278 474 189 243 85 213 268 472 335 222 288 465 54 183 22 102 52
internal_value=-1.18081e-12 0.00133143 0.00179352 -0.00194091 -0.00135294 0.00237944 0.00272272 0.00158063 0.00055221 0.000847658 -0.000320846 -0.00226321 -0.00334237 0.00320568 0.00126778 0.00033894 0.000441076 0.0023778 -0.00193728 0.00351769 0.00386001 1.04826e-05 -0.000847555 -0.000284779 0.000120784 -0.00406099 0.000643244 -0.00249746 -0.00115521 -0.00522009
internal_weight=8000 4745 3708 3255 2293 2519 2140 636 1189 1079 1037 1238 962 1504 861 387 379 457 1048 1226 958 900 382 1055 767 190 518 137 136 161
internal_count=8000 4745 3708 3255 2293 2519 2140 636 1189 1079 1037 1238 962 1504 861 387 379 457 1048 1226 958 900 382 1055 767 190 518 137 136 161
is_linear=0
shrinkage=0.05


Tree=25
num_leaves=31
num_cat=0
split_feature=17 18 18 18 18 17 11 17 12 17 11 5 5 5 18 5 14 12 6 5 18 14 5 6 5 11 15 14 18 15
split_gain=7.47435 1.29218 1.31169 1.02288 0.869091 0.627345 0.452375 0.425777 0.357335 0.32603 0.402815 0.297798 0.269065 0.257893 0.249711 0.232682 0.223522 0.210556 0.20745 0.194359 0.190806 0.157133 0.154833 0.152066 0.150827 0.134017 0.129903 0.127351 0.126581 0.123508
threshold=0.9674764406648716 0.72251030147762607 0.36313207504659589 0.78142638733100533 0.31113185184170161 0.33858888542528393 6119.2500000000009 0.3735000095828877 21729.050000000007 0.50810069133119484 14485.450000000003 2.5000000000000004 2.5000000000000004 2.5000000000000004 0.10579319139187236 1.5000000000000002 1.0000000180025095e-35 21276.450000000001 1.0000000180025095e-35 2.5000000000000004 0.077990851789606533 1.0000000180025095e-35 1.0000000180025095e-35 1.0000000180025095e-35 2.5000000000000004 3784.1500000000005 2.5000000000000004 1.0000000180025095e-35 0.58790785575135607 2.5000000000000004
decision_type=2 2 2 2 2 2 2 2 2 2 2 2 2 2 2 2 2 2 2 2 2 2 2 2 2 2 2 2 2 2
left_child=1 2 5 4 11 6 16 8 -3 10 15 20 -9 18 -7 25 -1 24 -5 21 -2 -6 -16 -22 -8 -4 -24 -10 -11 -13
right_child=3 7 9 13 19 14 17 12 27 28 -12 29 -14 -15 22 -17 -18 -19 -20 -21 23 -23 26 -25 -26 -27 -28 -29 -30 -31
leaf_value=-0.0012497904588334441 -0.0032714594239891719 0.00046584166688675528 0.00079346845721483682 -0.0024753254901119081 0.00026551557738235544 0.00046118359583464187 0.0022100637704851431 0.0010432512607369139 -0.0017081605329116831 0.004489874469841287 0.0047960816952314312 -0.0070012373149493769 -0.0017347957184585762 -0.0055988070553818639 0.0024525626260957522 -0.00055800493842420669 -0.0054706285849238775 -0.00039937240673232322 -0.0043291902615843958 -0.0023941972162941495 -0.0012433361249721058 -0.0014983051122210266 -0.0013432809687098294 -0.002817177121869463 -0.0021365663581739435 0.0027857930552440684 0.0015791124820133434 -0.0045283000015881548 0.0028726380152917512 -0.0034735741694457835
leaf_weight=206 196 229 117 705 860 303 215 788 270 408 136 33 98 96 749 91 37 199 192 92 765 148 48 192 22 303 183 47 172 100
leaf_count=206 196 229 117 705 860 303 215 788 270 408 136 33 98 96 749 91 37 199 192 92 765 148 48 192 22 303 183 47 172 100
internal_value=-4.63535e-12 0.00130689 0.00186717 -0.00178725 -0.00122604 0.00106525 -0.00016375 5.91594e-05 -0.00103911 0.00314946 0.00237777 -0.0021086 0.000735973 -0.00313574 0.00171567 0.00173415 -0.00189247 0.000799734 -0.00287214 -0.000194247 -0.00185018 6.5419e-06 0.00210354 -0.00155909 0.00180658 0.00223079 0.000971862 -0.00212629 0.00401028 -0.00434886
internal_weight=8000 4621 3189 3379 2386 1962 679 1432 546 1227 647 1286 886 993 1283 511 243 436 897 1100 1153 1008 980 957 237 420 231 317 580 133
internal_count=8000 4621 3189 3379 2386 1962 679 1432 546 1227 647 1286 886 993 1283 511 243 436 897 1100 1153 1008 980 957 237 420 231 317 580 133
is_linear=0
shrinkage=0.05


Tree=26
num_leaves=31
num_cat=0
split_feature=17 18 14 18 18 18 6 6 5 5 14 17 18 18 17 11 5 14 5 6 14 17 14 15 14 15 17 17 5 17
split_gain=6.76807 1.26025 0.944749 0.835866 0.749535 0.620289 0.443387 0.34407 0.327337 0.303486 0.271389 0.248576 0.23079 0.289847 0.228248 0.219807 0.189281 0.183862 0.172838 0.170911 0.164595 0.159685 0.158312 0.157871 0.156967 0.15341 0.143056 0.136347 0.12713 0.121751
threshold=1.0051258128570599 0.96390869905011034 1.0000000180025095e-35 0.96390869905011034 0.18776756659333069 0.16719072648362771 1.0000000180025095e-35 1.0000000180025095e-35 1.0000000180025095e-35 2.5000000000000004 1.0000000180025095e-35 0.21245734015601511 0.68926797648153548 0.40384732624045544 0.40258468111990348 14228.050000000001 2.5000000000000004 1.0000000180025095e-35 2.5000000000000004 1.0000000180025095e-35 1.0000000180025095e-35 0.082109413785188295 1.0000000180025095e-35 1.5000000000000002 1.0000000180025095e-35 1.5000000000000002 0.8380202149199999 0.26202732991108618 1.5000000000000002 0.3735000095828877
decision_type=2 2 2 2 2 2 2 2 2 2 2 2 2 2 2 2 2 2 2 2 2 2 2 2 2 2 2 2 2 2
left_child=1 2 4 5 14 20 9 16 11 12 18 -4 13 -6 15 -1 22 -5 19 -3 -2 -8 -7 -10 -9 -11 -16 -20 -12 -14
right_child=3 10 8 17 6 7 21 24 23 25 28 -13 29 -15 26 -17 -18 -19 27 -21 -22 -23 -24 -25 -26 -27 -28 -29 -30 -31
leaf_value=-0.00098181873475649151 -0.0023725906857889364 0.00059813000298420804 -0.0016737307820921369 -0.0028823441877662776 0.002580756235166 -0.00013298047526361966 -0.0020049870001093949 -0.0017568538733860974 -0.006143769476076831 -0.0028129579643718901 -0.0017404702979112122 0.0011617511912477025 0.00041396833543590872 0.0040344710192663554 0.0018225527752203088 0.0019389312458224597 -0.0024010243455714155 -0.0049891977247992353 -0.0050040793467175078 -0.0011949515170272208 -0.0047101695005866617 0.0013072508821225202 -0.0016375167335954935 -0.0016217265546826336 -0.0044585164271008513 0.0014059831395010966 -0.00012386174157358979 -0.00086768083722410299 -0.0058832966849546543 0.002500611676120854
leaf_weight=266 522 636 104 628 744 1156 40 311 23 25 117 301 112 636 406 85 124 124 27 168 88 403 206 120 65 156 123 76 22 186
leaf_count=266 522 636 104 628 744 1156 40 311 23 25 117 301 112 636 406 85 124 124 27 168 88 403 206 120 65 156 123 76 22 186
internal_value=-5.51055e-12 0.00119488 0.00162498 -0.00177008 0.00195521 -0.00132603 0.00242968 -0.000872699 -0.000292509 0.00276842 -0.000338874 0.000433627 0.00297824 0.00325073 0.000714053 -0.000274515 -0.000530808 -0.00322975 -2.35888e-05 0.000223456 -0.00270982 0.00100818 -0.000360539 -0.00234905 -0.0022239 0.000823256 0.00136998 -0.00195198 -0.00239617 0.00171637
internal_weight=8000 4776 3730 3224 3182 2472 2302 1862 548 1859 1046 405 1678 1380 880 351 1486 752 907 804 610 443 1362 143 376 181 529 103 139 298
internal_count=8000 4776 3730 3224 3182 2472 2302 1862 548 1859 1046 405 1678 1380 880 351 1486 752 907 804 610 443 1362 143 376 181 529 103 139 298
is_linear=0
shrinkage=0.05


Tree=27
num_leaves=31
num_cat=0
split_feature=17 17 11 18 18 18 14 18 11 5 5 14 5 18 18 18 5 12 5 6 5 18 6 18 15 18 5 17 18 0
split_gain=6.11293 1.13356 1.18926 0.851977 0.740626 0.618616 0.512613 0.465609 0.336799 0.273137 0.25896 0.228445 0.227334 0.206295 0.198027 0.246281 0.184165 0.193116 0.183455 0.182738 0.173005 0.16912 0.165757 0.153935 0.144456 0.142216 0.132003 0.131978 0.119132 0.116149
threshold=0.9674764406648716 0.44414493444108144 12069.050000000001 0.78142638733100533 0.31113185184170161 0.83856045951704639 1.0000000180025095e-35 0.31113185184170161 2561.5000000000005 2.5000000000000004 2.5000000000000004 1.0000000180025095e-35 2.5000000000000004 0.61405014406435732 0.68366125538987765 0.37024630987440704 2.5000000000000004 18278.050000000007 1.0000000180025095e-35 1.0000000180025095e-35 1.0000000180025095e-35 0.60817256290573829 1.0000000180025095e-35 0.40384732624045544 1.5000000000000002 0.41676134691537053 2.5000000000000004 0.87355279941493469 0.086873057675871015 3012.8000000000006
decision_type=2 2 2 2 2 2 2 2 2 2 2 2 2 2 2 2 2 2 2 2 2 2 2 2 2 2 2 2 2 2
left_child=1 2 6 4 10 7 8 18 29 14 22 16 19 25 15 -10 17 -4 27 -5 -8 23 28 -6 -20 -9 -7 -3 -2 -1
right_child=3 5 11 12 21 26 20 13 9 -11 -12 -13 -14 -15 -16 -17 -18 -19 24 -21 -22 -23 -24 -25 -26 -27 -28 -29 -30 -31
leaf_value=-0.0033723795661886394 -0.0025306553383054246 0.0022572415721235028 0.0036149017711692788 -0.0022270761591284076 -0.00063223886682883292 0.00084798892834088392 -0.0020250397255436744 0.0027572083996016197 0.00037660560717954055 -0.0023288812013857372 -0.0040079208743877539 -8.930513199230886e-05 -0.0051595341818635159 0.0020140542537986747 -0.00051330456337836947 0.0025808655913370062 -0.00019007678783964366 0.0017382517241803985 -0.0029421440872829407 -0.0039670202143213375 -0.0054308164589183068 -0.0011548387074255791 -0.0028853852755498354 0.00079123413483739389 0.00080996951745653011 0.0042647346051542931 -0.001307720320430774 0.0004475726288749812 -0.0011003498404609977 -0.0010426035732710719
leaf_weight=71 181 602 265 705 313 576 156 264 352 86 133 114 96 274 256 198 64 284 30 192 49 304 228 483 177 384 81 121 744 217
leaf_count=71 181 602 265 705 313 576 156 264 352 86 133 114 96 274 256 198 64 284 30 192 49 304 228 483 177 384 81 121 744 217
internal_value=-3.93433e-12 0.00118189 0.00032834 -0.00161631 -0.00110412 0.00190038 -0.000531273 0.002368 -0.000130337 0.000349649 -0.00191884 0.00196598 -0.002847 0.00316422 0.000635447 0.00117014 0.0023482 0.0026441 0.00157862 -0.00259951 -0.0028391 -0.000151632 -0.00167786 0.000231502 0.000266185 0.00365056 0.000582217 0.00195438 -0.00138023 -0.00161696
internal_weight=8000 4621 2112 3379 2386 2509 1385 1852 1180 892 1286 727 993 922 806 550 613 549 930 897 205 1100 1153 796 207 648 657 723 925 288
internal_count=8000 4621 2112 3379 2386 2509 1385 1852 1180 892 1286 727 993 922 806 550 613 549 930 897 205 1100 1153 796 207 648 657 723 925 288
is_linear=0
shrinkage=0.05


Tree=28
num_leaves=31
num_cat=0
split_feature=17 18 14 18 18 18 6 5 5 14 14 11 17 17 5 14 15 14 17 17 17 17 5 6 18 18 18 6 17 17
split_gain=5.53401 1.06343 0.797905 0.688332 0.665965 0.524634 0.457368 0.315476 0.287195 0.259596 0.23374 0.222537 0.545142 0.203245 0.201041 0.1775 0.164844 0.164286 0.16075 0.160193 0.159153 0.156578 0.155352 0.149308 0.145792 0.177558 0.145154 0.129851 0.124147 0.121739
threshold=1.0051258128570599 0.96390869905011034 1.0000000180025095e-35 0.96390869905011034 0.10579319139187236 0.22056279298250828 1.0000000180025095e-35 2.5000000000000004 2.5000000000000004 1.0000000180025095e-35 1.0000000180025095e-35 7204.0500000000002 0.5624342116991824 0.1393005829119657 2.5000000000000004 1.0000000180025095e-35 2.5000000000000004 1.0000000180025095e-35 0.16885805640743132 0.057312725584397504 0.80485284922825151 0.40258468111990348 1.0000000180025095e-35 1.0000000180025095e-35 0.63616077864417786 0.37337046137590896 0.16011980358327807 1.0000000180025095e-35 0.32634879090300212 0.093561370355666668
decision_type=2 2 2 2 2 2 2 2 2 2 2 2 2 2 2 2 2 2 2 2 2 2 2 2 2 2 2 2 2 2
left_child=1 2 4 5 21 15 7 11 13 14 19 12 -6 -4 24 27 -9 -5 -8 -3 29 -1 -11 -21 25 -7 -15 -2 -18 -13
right_child=3 10 8 17 6 9 18 16 -10 22 -12 20 -14 26 -16 -17 28 -19 -20 23 -22 -23 -24 -25 -26 -27 -28 -29 -30 -31
leaf_value=-0.0012669920293828156 -0.0015810925974204396 -0.0030514232708637361 -0.0022283397119822381 -0.0025968027761047352 0.00084942632141267623 -0.00061004903188815204 -0.0010915223848741687 -0.0020783256839343308 -0.0037135889529335228 -0.0014883099417718458 -0.0022377053340507515 0.0018158753479595665 0.0033910423120356754 -0.0013165002058875483 -0.0023550051624534559 -0.0039242259488673882 -0.00046167836434995898 -0.0045883384953823783 0.0011514702722662505 0.0004414099640768615 0.0018091090452336093 0.00071638583364147957 -0.0044885068003038342 -0.0011938100487106048 -0.001115637887703101 0.00077373043323998938 0.0010115256080638518 -0.0033124603243339882 0.0022808612371892976 0.0035211163421815478
leaf_weight=169 583 42 79 628 484 451 98 46 55 188 139 120 374 84 121 128 65 124 432 690 220 242 56 175 335 477 330 133 113 819
leaf_count=169 583 42 79 628 484 451 98 46 55 188 139 120 374 84 121 128 65 124 432 690 220 242 56 175 335 477 330 133 113 819
internal_value=-2.50715e-14 0.00108046 0.00147556 -0.00160059 0.00177904 -0.00119763 0.00205762 0.00237001 -0.000286622 -0.000673167 -0.000328437 0.00256771 0.00195731 9.56969e-05 -0.000408061 -0.00220928 0.000589845 -0.00292519 0.000736728 -3.58365e-05 0.00301959 -9.91637e-05 -0.00217688 0.000110585 -0.000221537 0.000101226 0.000539173 -0.0019027 0.00127937 0.00330319
internal_weight=8000 4776 3730 3224 3182 2472 2771 2241 548 1628 1046 2017 858 493 1384 844 224 752 530 907 1159 411 244 865 1263 928 414 716 178 939
internal_count=8000 4776 3730 3224 3182 2472 2771 2241 548 1628 1046 2017 858 493 1384 844 224 752 530 907 1159 411 244 865 1263 928 414 716 178 939
is_linear=0
shrinkage=0.05


Tree=29
num_leaves=31
num_cat=0
split_feature=17 17 11 18 18 18 12 18 14 18 6 18 5 5 6 6 18 5 18 17 17 18 18 18 18 6 17 5 5 14
split_gain=4.99853 0.965445 1.07983 0.70285 0.617759 0.48233 0.449487 0.403164 0.342897 0.205917 0.203986 0.202642 0.201463 0.189261 0.188794 0.164613 0.156716 0.154211 0.151353 0.1475 0.138808 0.135633 0.173668 0.131368 0.176585 0.127656 0.111988 0.109737 0.109385 0.113358
threshold=0.9674764406648716 0.45531892317169381 6976.4000000000005 0.78142638733100533 0.25920606707587762 0.82793798241119487 22998.800000000003 0.29605253163954287 1.0000000180025095e-35 0.70255581253080357 1.0000000180025095e-35 0.10306664233663611 2.5000000000000004 2.5000000000000004 1.0000000180025095e-35 1.0000000180025095e-35 0.61405014406435732 2.5000000000000004 0.42310511687933455 0.8667059694758843 0.80485284922825151 0.68926797648153548 0.37024630987440704 0.67521442763155248 0.37337046137590896 1.0000000180025095e-35 0.082109413785188295 2.5000000000000004 2.5000000000000004 1.0000000180025095e-35
decision_type=2 2 2 2 2 2 2 2 2 2 2 2 2 2 2 2 2 2 2 2 2 2 2 2 2 2 2 2 2 2
left_child=1 2 8 4 13 7 14 19 9 11 28 -1 15 25 21 -5 18 23 -9 27 -7 22 -4 24 -8 -2 -13 -3 29 -6
right_child=3 5 6 12 10 20 17 16 -10 -11 -12 26 -14 -15 -16 -17 -18 -19 -20 -21 -22 -23 -24 -25 -26 -27 -28 -29 -30 -31
leaf_value=-0.0024371534886818333 -0.0013849499988683267 0.0018995587937562536 0.0021186727664246644 -0.0019929172122758235 0.00041098987607792316 0.001092659385495644 2.728018084828938e-05 0.0024986104980592892 -0.0034609910161001612 -0.0018191465553881352 -0.0015350362883892422 -0.0015241734604708602 -0.0047563579719280824 -0.0038296633861563375 0.00042649979429144511 -0.0036443179541189846 0.0018531129135530686 -0.0025198832695073527 0.0039985384962595519 1.5005331803173627e-05 -0.00046639021469493686 0.0013018060453509079 0.0042274061992525515 -0.00087902427663031062 0.002537387438949097 -0.0028674841906573606 0.00068168012810599103 -0.00027222007324780864 -0.0016385481811852919 -0.0010913719273171532
leaf_weight=77 769 638 273 705 828 433 190 318 125 249 259 68 96 113 157 192 263 52 357 159 213 203 152 145 111 179 374 64 90 148
leaf_count=77 769 638 273 705 828 433 190 318 125 249 259 68 96 113 157 192 263 52 357 159 213 203 152 145 111 179 374 64 90 148
internal_value=4.33119e-12 0.00106874 0.000302658 -0.00146157 -0.000996364 0.00175054 0.0012319 0.00217137 -0.00103242 -0.00063714 -0.000276428 -7.00506e-05 -0.00257938 -0.00189544 0.00197731 -0.00234639 0.00288849 5.69092e-05 0.00329191 0.00139011 0.000578607 0.00236502 0.00287286 0.000357342 0.000952934 -0.00166488 0.000342318 0.00170156 2.93689e-05 0.000183173
internal_weight=8000 4621 2176 3379 2386 2445 1283 1799 893 768 1325 519 993 1061 785 897 938 498 675 861 646 628 425 446 301 948 442 702 1066 976
internal_count=8000 4621 2176 3379 2386 2445 1283 1799 893 768 1325 519 993 1061 785 897 938 498 675 861 646 628 425 446 301 948 442 702 1066 976
is_linear=0
shrinkage=0.05


Tree=30
num_leaves=31
num_cat=1
split_feature=17 5 18 18 18 18 9 6 6 17 17 11 6 17 17 12 15 14 17 14 17 14 14 14 14 11 12 18 17 5
split_gain=4.52417 0.909775 0.792726 0.804507 0.566889 0.452031 0.424883 0.26467 0.260007 0.242259 0.236473 0.225008 0.200384 0.192261 0.179686 0.271289 0.156918 0.146801 0.141667 0.137597 0.136214 0.135281 0.127192 0.12361 0.113056 0.110281 0.108771 0.108273 0.100842 0.0971464
threshold=1.0051258128570599 2.5000000000000004 0.75707709357522146 0.27485866239882417 0.96390869905011034 0.16719072648362771 0 1.0000000180025095e-35 1.0000000180025095e-35 0.082109413785188295 0.3735000095828877 6288.6500000000005 1.0000000180025095e-35 0.076332128674922686 0.46999166046812174 18008.000000000004 2.5000000000000004 1.0000000180025095e-35 0.851933885426854 1.0000000180025095e-35 0.80485284922825151 1.0000000180025095e-35 1.0000000180025095e-35 1.0000000180025095e-35 1.0000000180025095e-35 2561.5000000000005 15693.300000000001 0.65561307054983453 0.40258468111990348 2.5000000000000004
decision_type=2 2 2 2 2 2 1 2 2 2 2 2 2 2 2 2 2 2 2 2 2 2 2 2 2 2 2 2 2 2
left_child=1 2 3 7 5 21 24 14 19 -5 11 -4 23 -8 15 -1 -15 -6 -12 29 -16 -2 -10 -11 28 -17 -13 -18 -3 -7
right_child=4 6 10 9 17 8 13 -9 22 12 18 26 -14 16 20 25 27 -19 -20 -21 -22 -23 -24 -25 -26 -27 -28 -29 -30 -31
leaf_value=0.0024428824318306398 -0.0019570784630291182 -0.00019556835119146853 -0.0021163439423486446 0.0003821808477988708 -0.0023388665297745183 -6.1617997248205282e-05 -0.0067339096947208708 -0.00055341621635923699 -0.0014486980041443572 0.0030718624754058187 0.001041840759252275 0.0018935554025459292 0.0013696153232291076 -0.0044875600532395766 0.002247815739388192 -0.0018015748067238533 -0.00050948446220370818 -0.0042214435198524546 -0.00058658183547218848 -0.0015545791254005957 0.00069566106559508989 -0.0040763023097745398 -0.0038806649524933444 0.0015831474768736664 -0.0026506971401561584 0.00023209061442055324 -0.00039687557766395376 -0.0028432362548704115 0.0023054803659110085 -0.0016101891702714353
leaf_weight=128 522 70 181 135 628 1156 23 295 311 1041 610 67 272 50 402 85 134 124 171 219 218 88 65 161 21 309 229 79 95 111
leaf_count=128 522 70 181 135 628 1156 23 295 311 1041 610 67 272 50 402 85 134 124 171 219 218 88 65 161 21 309 229 79 95 111
internal_value=-4.53369e-12 0.000976922 0.00120545 0.00164153 -0.0014472 -0.00108152 -0.00110695 0.000781691 -0.000694523 0.00240946 0.000149557 -0.00072762 0.00259514 -0.00227076 0.00112657 0.000443048 -0.00196679 -0.00264929 0.000685298 -0.000397318 0.00170206 -0.0022628 -0.00186912 0.00287246 0.000763603 -0.000206644 0.000121567 -0.00137505 0.00124443 -0.000197286
internal_weight=8000 4776 4304 3046 3224 2472 472 1437 1862 1609 1258 477 1474 286 1142 522 263 752 781 1486 620 610 376 1202 186 394 296 213 165 1267
internal_count=8000 4776 4304 3046 3224 2472 472 1437 1862 1609 1258 477 1474 286 1142 522 263 752 781 1486 620 610 376 1202 186 394 296 213 165 1267
cat_boundaries=0 1
cat_threshold=10
is_linear=0
shrinkage=0.05


Tree=31
num_leaves=31
num_cat=0
split_feature=17 17 18 18 18 18 12 6 5 18 18 14 5 6 5 5 14 6 5 14 18 6 11 5 15 14 5 11 5 6
split_gain=4.08793 0.851393 0.652903 0.572495 0.526667 0.504906 0.38763 0.309091 0.212939 0.211352 0.269609 0.202611 0.192459 0.187926 0.182441 0.161964 0.154089 0.148434 0.143274 0.138827 0.111676 0.102555 0.102336 0.0995218 0.107088 0.0974324 0.0964015 0.0941072 0.0917196 0.0913961
threshold=0.95792835045874214 0.14404513416368495 0.96390869905011034 0.79132957897864531 0.24016644883890034 0.23090205492527774 18824.250000000004 1.0000000180025095e-35 2.5000000000000004 0.60097181266699795 0.42733878949295007 1.0000000180025095e-35 2.5000000000000004 1.0000000180025095e-35 2.5000000000000004 2.5000000000000004 1.0000000180025095e-35 1.0000000180025095e-35 1.0000000180025095e-35 1.0000000180025095e-35 0.095087825679831664 1.0000000180025095e-35 1403.8000000000002 2.5000000000000004 2.5000000000000004 1.0000000180025095e-35 2.5000000000000004 18133.350000000002 1.5000000000000002 1.0000000180025095e-35
decision_type=2 2 2 2 2 2 2 2 2 2 2 2 2 2 2 2 2 2 2 2 2 2 2 2 2 2 2 2 2 2
left_child=1 6 5 4 15 11 27 9 16 10 26 20 -9 23 17 21 22 -5 -13 29 -3 -2 -8 25 -25 -6 -7 -1 -15 -4
right_child=3 2 19 14 13 7 8 12 -10 -11 -12 18 -14 28 -16 -17 -18 -19 -20 -21 -22 -23 -24 24 -26 -27 -28 -29 -30 -31
leaf_value=0.00037044951731567615 -0.0013113926853557095 0.00014195375125323383 0.00056333392696040542 -0.0017714270397684721 0.00033723847284234743 0.002329733967078397 -0.0027651510765652498 0.0011752437518837329 -0.0045264967743364375 0.0015068384565941769 0.003725753427502366 -0.00015792663138144595 -0.0024919101985506134 -0.0010119651802101132 -0.0044179692141156886 -0.0036693724898567192 -0.0031514270215977805 -0.0033481561293007521 -0.0039621553651875618 -0.0015667092875948333 0.0013361151818596401 -0.0026991908190588799 -0.00031143396802690409 -0.0043525300808250908 -0.00056748269768856546 -0.00099837793234695241 0.00033217899018286997 0.0026945096274761308 -0.00331826858850688 -0.00083477813299646974
leaf_weight=108 707 278 603 710 899 613 49 339 49 487 436 99 40 231 94 103 73 189 33 116 662 164 320 25 74 161 67 73 53 145
leaf_count=108 707 278 603 710 899 613 49 339 49 487 436 99 40 231 94 103 73 189 33 116 662 164 320 25 74 161 67 73 53 145
internal_value=-2.51618e-12 0.000974199 0.00125622 -0.00131131 -0.000896056 0.00159953 -0.000670083 0.00207234 -0.00139919 0.00237595 0.00275521 0.00072536 0.000788209 -0.000289675 -0.00232206 -0.00179442 -0.0010525 -0.00210291 -0.00110898 4.2719e-05 0.000982948 -0.0015727 -0.000637266 -7.22039e-06 -0.0015233 0.000134376 0.00213292 0.00130778 -0.00144237 0.00029231
internal_weight=8000 4590 3918 3410 2417 3054 672 1982 491 1603 1116 1072 379 1443 993 974 442 899 132 864 940 871 369 1159 99 1060 680 181 284 748
internal_count=8000 4590 3918 3410 2417 3054 672 1982 491 1603 1116 1072 379 1443 993 974 442 899 132 864 940 871 369 1159 99 1060 680 181 284 748
is_linear=0
shrinkage=0.05


Tree=32
num_leaves=31
num_cat=0
split_feature=17 14 18 18 14 5 18 5 18 6 17 5 5 11 17 5 6 6 17 6 5 15 17 15 15 18 18 17 17 11
split_gain=3.70199 0.793763 0.656181 0.514161 0.478228 0.372717 0.36678 0.337836 0.319823 0.2907 0.212224 0.197615 0.156824 0.154769 0.393777 0.132242 0.130123 0.128305 0.123201 0.119128 0.118475 0.12023 0.118319 0.113531 0.107293 0.104352 0.190993 0.103471 0.0883633 0.120213
threshold=1.0051258128570599 1.0000000180025095e-35 0.94480454563695304 0.15572584682341378 1.0000000180025095e-35 1.0000000180025095e-35 0.88013783799659107 1.0000000180025095e-35 0.15572584682341378 1.0000000180025095e-35 0.21245734015601511 2.5000000000000004 2.5000000000000004 7204.0500000000002 0.5624342116991824 2.5000000000000004 1.0000000180025095e-35 1.0000000180025095e-35 0.082109413785188295 1.0000000180025095e-35 2.5000000000000004 2.5000000000000004 0.80485284922825151 1.5000000000000002 1.5000000000000002 0.35975401628921166 0.56163689635395342 0.26202732991108618 0.45531892317169381 6030.8500000000013
decision_type=2 2 2 2 2 2 2 2 2 2 2 2 2 2 2 2 2 2 2 2 2 2 2 2 2 2 2 2 2 2
left_child=1 2 3 12 6 -6 8 10 -2 11 -3 13 16 14 -5 17 28 -4 -11 -12 25 -22 -15 -9 -13 -10 -27 -17 29 -1
right_child=4 7 15 9 5 -7 -8 23 20 18 19 24 -14 22 -16 27 -18 -19 -20 -21 21 -23 -24 -25 -26 26 -28 -29 -30 -31
leaf_value=-0.0014475486490529224 -0.0018488091934969594 -0.0017733515489082774 0.0005099859407527291 0.0007243914475906025 -0.0018948188839628226 -0.0049672333117033469 -0.0020506940975557526 -0.0056820563748478893 -0.00071297908437201846 -0.0018127123601681724 0.00099548369931410806 -0.0023890227558695191 -0.0021238563498744982 0.0029113844693852069 0.0030109336691489866 -0.0043658787981527255 -0.00089225143264999281 -0.0010290154894168507 0.00096601834508769791 -0.0012771284334774746 -0.0044540293951286008 -0.00095708940562134266 0.0015607562547944754 -0.0020494066851399536 0.0010495173156363144 0.00089866970293436821 -0.00065103822598404262 -0.00076864987812851645 0.0014609736691894885 0.0010426144653820303
leaf_weight=78 476 130 651 435 360 136 685 25 633 44 307 26 62 839 332 27 130 171 427 71 32 106 201 154 178 410 386 77 283 128
leaf_count=78 476 130 651 435 360 136 685 25 633 44 307 26 62 839 332 27 130 171 427 71 32 106 201 154 178 410 386 77 283 128
internal_value=-1.13346e-12 0.000883706 0.00114792 0.00149063 -0.00130911 -0.00273726 -0.00104945 -0.000688877 -0.000713742 0.00182455 -3.07054e-05 0.00208643 0.000273612 0.00225296 0.00171413 -2.27058e-05 0.000513746 0.000189829 0.000706434 0.000568617 -0.000368949 -0.00176797 0.00265035 -0.00255676 0.000611272 -0.000233843 0.000147178 -0.00170255 0.000887528 9.97372e-05
internal_weight=8000 4776 4089 3163 3224 496 2728 687 2043 2482 508 2011 681 1807 767 926 619 822 471 378 1567 138 1040 179 204 1429 796 104 489 206
internal_count=8000 4776 4089 3163 3224 496 2728 687 2043 2482 508 2011 681 1807 767 926 619 822 471 378 1567 138 1040 179 204 1429 796 104 489 206
is_linear=0
shrinkage=0.05


Tree=33
num_leaves=31
num_cat=1
split_feature=17 17 11 5 18 18 5 18 9 18 11 12 6 18 18 18 14 15 18 14 18 18 18 17 14 18 5 15 17 14
split_gain=3.35265 0.864549 0.931585 0.507441 0.425439 0.415033 0.321364 0.306033 0.298279 0.280148 0.277475 0.200782 0.14292 0.137382 0.134278 0.170931 0.130785 0.149897 0.130031 0.121385 0.11976 0.155749 0.11808 0.11262 0.108099 0.106943 0.102219 0.115233 0.0982168 0.0936253
threshold=0.92606086307287783 0.48256499697779121 10867.500000000002 2.5000000000000004 0.77455974968460006 0.32968402015928616 2.5000000000000004 0.83856045951704639 0 0.29605253163954287 3784.1500000000005 24239.200000000004 1.0000000180025095e-35 0.080733046035226463 0.68366125538987765 0.33279688034907862 1.0000000180025095e-35 2.5000000000000004 0.56163689635395342 1.0000000180025095e-35 0.65561307054983453 0.40115146926405804 0.44974507119407497 0.076332128674922686 1.0000000180025095e-35 0.61405014406435732 1.0000000180025095e-35 1.5000000000000002 0.80057301850816487 1.0000000180025095e-35
decision_type=2 2 2 2 2 2 2 2 1 2 2 2 2 2 2 2 2 2 2 2 2 2 2 2 2 2 2 2 2 2
left_child=1 2 6 4 5 13 10 9 19 26 24 20 -6 -2 15 -12 17 -10 22 -5 21 -4 -7 -8 -1 -11 -3 -28 -9 -15
right_child=3 7 11 8 12 18 23 28 16 25 14 -13 -14 29 -16 -17 -18 -19 -20 -21 -22 -23 -24 -25 -26 -27 27 -29 -30 -31
leaf_value=-0.000951568081768528 -0.0023301043394245778 0.0016072563347948909 0.0018232069454270545 -0.00030438597097712678 -0.0015251208347811483 3.7510875331805186e-05 -0.0062086145482247793 0.0010680818409001893 -0.0062536531006512439 0.0029816761748940228 -1.6106262963982954e-05 0.00019167149856584166 -0.003025823927065126 -0.0007407215869940293 -0.00068977019850829111 0.0018266654034856144 -0.0073134516715072095 -0.0029005033643541029 -0.00055949772568826539 -0.0042892962117153021 0.0010063026676818039 0.0039264068589064732 0.0014415615083745446 -0.0022420036170173684 -0.0030768005713720675 0.0017242044033477762 -0.0029867553695415456 0.00074472953042762442 -0.00036046864514138109 -0.0020424909919672294
leaf_weight=412 213 597 323 113 753 346 21 390 46 590 314 226 201 905 248 210 32 121 354 23 238 121 264 121 70 237 24 150 174 163
leaf_count=412 213 597 323 113 753 346 21 390 46 590 314 226 201 905 248 210 32 121 354 23 238 121 264 121 70 237 24 150 174 163
internal_value=-3.59453e-12 0.000910528 0.000236633 -0.00115066 -0.000956771 -0.000580892 -0.000574216 0.00162868 -0.00300212 0.00198209 -0.000318934 0.00148327 -0.00184131 -0.00117064 0.000268756 0.000722409 -0.0041754 -0.00382413 0.000202789 -0.000911297 0.00191128 0.00239638 0.000645166 -0.00282862 -0.00126021 0.00262131 0.00129645 0.000230042 0.000627359 -0.0009394
internal_weight=8000 4466 2304 3534 3199 2245 1396 2162 335 1598 1254 908 954 1281 772 524 199 167 964 136 682 444 610 142 482 827 771 174 564 1068
internal_count=8000 4466 2304 3534 3199 2245 1396 2162 335 1598 1254 908 954 1281 772 524 199 167 964 136 682 444 610 142 482 827 771 174 564 1068
cat_boundaries=0 1
cat_threshold=10
is_linear=0
shrinkage=0.05


Tree=34
num_leaves=31
num_cat=0
split_feature=17 14 18 18 14 5 18 5 18 18 17 17 18 6 6 6 5 5 5 6 15 11 17 17 11 17 6 18 5 15
split_gain=3.03857 0.698902 0.555652 0.64978 0.409554 0.314828 0.303139 0.298308 0.268364 0.25483 0.210496 0.183489 0.169537 0.166869 0.131057 0.121162 0.113956 0.113024 0.109112 0.105753 0.097823 0.0945465 0.0814762 0.081449 0.0802275 0.18065 0.076531 0.0759619 0.0734104 0.1029
threshold=1.0051258128570599 1.0000000180025095e-35 0.68926797648153548 0.39237536073533014 1.0000000180025095e-35 1.0000000180025095e-35 0.99658510511450216 1.0000000180025095e-35 0.098688261929857593 0.15572584682341378 0.1393005829119657 0.21245734015601511 0.57544936865584873 1.0000000180025095e-35 1.0000000180025095e-35 1.0000000180025095e-35 2.5000000000000004 2.5000000000000004 2.5000000000000004 1.0000000180025095e-35 1.5000000000000002 1661.6000000000001 0.087851312719020233 0.39455315509493311 6119.2500000000009 0.54001463503983893 1.0000000180025095e-35 1.0143714325205082 2.5000000000000004 2.5000000000000004
decision_type=2 2 2 2 2 2 2 2 2 2 2 2 2 2 2 2 2 2 2 2 2 2 2 2 2 2 2 2 2 2
left_child=1 2 3 8 6 -6 9 11 16 26 21 -3 -5 17 18 28 23 24 -12 -13 -9 -4 -15 -1 25 -10 -2 -22 -11 -30
right_child=4 7 10 12 5 -7 -8 20 13 15 14 19 -14 22 -16 -17 -18 -19 -20 -21 27 -23 -24 -25 -26 -27 -28 -29 29 -31
leaf_value=-0.0010574432399363474 -0.0013715430909807462 -0.0016769216057344657 -0.0040932801984516643 0.0029973016718040039 -0.0017333997517137809 -0.0045571521665431864 -0.0019288933500936911 -0.0053312619179487234 0.00010648538142157779 -3.9237703310760925e-05 0.00090763935545059475 0.00090292551101497096 0.0015050647336519272 -0.0024576488614979166 -0.00062919698428768526 -0.0012410908521630405 -0.0031148181926586075 1.8430122048206009e-05 -0.00079743663549345246 -0.0012383085640797452 -0.0013905442890913425 -0.00091425423579238039 0.00041929338027304059 0.00058142788615880598 0.0019685982518918479 0.002228611617685749 -0.0029771259860591152 -0.0041275356539699718 -0.0040534957622488342 -0.00054722314923300703
leaf_weight=121 384 130 28 634 360 136 609 25 219 1203 817 307 272 27 227 320 33 120 106 71 122 142 278 203 677 185 92 32 27 93
leaf_count=121 384 130 28 634 360 136 609 25 219 1203 817 307 272 27 227 320 33 120 106 71 122 142 278 203 677 185 92 32 27 93
internal_value=-1.92999e-12 0.000800617 0.00104854 0.00145097 -0.00118603 -0.00250765 -0.00094573 -0.000675008 0.000916835 -0.00066317 0.000204356 -5.65386e-05 0.0025493 0.00120901 0.000447118 -0.000368039 -0.000315714 0.00147424 0.000711823 0.000500736 -0.00243022 -0.00143786 0.000164613 -3.06197e-05 0.00163585 0.00107825 -0.00168187 -0.00195927 -0.00015687 -0.00133613
internal_weight=8000 4776 4089 2769 3224 496 2728 687 1863 2119 1320 508 906 1506 1150 1643 357 1201 923 378 179 170 305 324 1081 404 476 154 1323 120
internal_count=8000 4776 4089 2769 3224 496 2728 687 1863 2119 1320 508 906 1506 1150 1643 357 1201 923 378 179 170 305 324 1081 404 476 154 1323 120
is_linear=0
shrinkage=0.05


Tree=35
num_leaves=31
num_cat=1
split_feature=17 17 11 5 18 18 5 9 11 18 18 18 14 18 18 6 6 15 14 14 12 17 6 15 5 17 17 18 18 17
split_gain=2.75811 0.746838 0.830879 0.434174 0.357714 0.36019 0.310353 0.301498 0.276702 0.253475 0.245267 0.149126 0.140887 0.129345 0.17701 0.127253 0.125718 0.125542 0.108217 0.107596 0.106556 0.102068 0.101833 0.0979315 0.097322 0.0970457 0.0880327 0.0870801 0.0869546 0.0864391
threshold=0.92606086307287783 0.48256499697779121 12239.000000000002 2.5000000000000004 0.77455974968460006 0.36313207504659589 2.5000000000000004 0 3784.1500000000005 0.83856045951704639 0.23090205492527774 0.56163689635395342 1.0000000180025095e-35 0.68366125538987765 0.37024630987440704 1.0000000180025095e-35 1.0000000180025095e-35 1.5000000000000002 1.0000000180025095e-35 1.0000000180025095e-35 18824.250000000004 0.076332128674922686 1.0000000180025095e-35 2.5000000000000004 2.5000000000000004 0.082109413785188295 0.80485284922825151 1.0143714325205082 0.098688261929857593 0.17513393118538348
decision_type=2 2 2 2 2 2 2 1 2 2 2 2 2 2 2 2 2 2 2 2 2 2 2 2 2 2 2 2 2 2
left_child=1 2 6 4 5 15 8 19 25 10 -3 -7 20 14 -10 28 -6 -9 -19 23 24 -8 -12 -5 -4 -1 -11 -27 -2 -22
right_child=3 9 12 7 16 11 21 17 13 26 22 -13 -14 -15 -16 -17 -18 18 -20 -21 29 -23 -24 -25 -26 27 -28 -29 -30 -31
leaf_value=-0.0027376832786317478 -0.0016422729900013009 0.0010203188667063706 0.0027583066560658955 -0.0026860588453710079 -0.0013788458175434573 0.0008283261086410444 -0.0058543197234116849 -0.0068830316604086856 6.3753013433996439e-05 0.00098546707073850193 0.0025366223564263074 -0.00050739965872759511 -2.0514095686834121e-05 -0.00058211875996275675 0.0018498192180007652 -0.0020009669714818983 -0.0027863428421681679 -0.0030085611472378216 -0.00656348116695881 -0.003672682755859569 5.5931419194923237e-05 -0.0020994720952087691 0.0012252624918193298 0.00090451836070234461 0.00021429718729260185 -0.00049830292384689943 -0.00038521265552340797 -0.0023275089181502488 -0.00055782253233603162 0.0017955505260230436
leaf_weight=85 234 604 299 25 753 510 21 33 391 398 813 354 122 293 215 267 201 149 25 24 113 131 181 79 43 315 166 82 880 194
leaf_count=85 234 604 299 25 753 510 21 33 391 398 813 354 122 293 215 267 201 149 25 24 113 131 181 79 43 315 166 82 880 194
internal_value=-6.83389e-13 0.000825856 0.000199516 -0.00104365 -0.000864312 -0.000519647 -0.000473854 -0.00275624 -0.000237832 0.00149333 0.00181497 0.00028105 0.0015384 0.000280398 0.000697423 -0.00102059 -0.00167539 -0.00386868 -0.00351933 -0.000607528 0.00183144 -0.00261823 0.00229783 4.13988e-05 0.00243845 -0.00120441 0.00058204 -0.000876124 -0.000785616 0.00115523
internal_weight=8000 4466 2304 3534 3199 2245 1533 335 1381 2162 1598 864 771 899 606 1381 954 207 174 128 649 152 994 104 342 482 564 397 1114 307
internal_count=8000 4466 2304 3534 3199 2245 1533 335 1381 2162 1598 864 771 899 606 1381 954 207 174 128 649 152 994 104 342 482 564 397 1114 307
cat_boundaries=0 1
cat_threshold=24
is_linear=0
shrinkage=0.05


Tree=36
num_leaves=31
num_cat=0
split_feature=17 17 18 18 14 12 18 5 18 18 14 5 15 5 18 6 14 6 11 17 5 14 6 5 18 11 6 5 15 5
split_gain=2.49413 0.626582 0.443099 0.490377 0.376381 0.289326 0.282912 0.257852 0.256744 0.215018 0.189167 0.16555 0.157176 0.149087 0.141485 0.111411 0.109631 0.100609 0.100384 0.187425 0.0983833 0.0913236 0.0854696 0.079619 0.0751338 0.0736964 0.0700497 0.0669778 0.0650964 0.229808
threshold=0.94967871556750061 0.14404513416368495 0.72251030147762607 0.39685762094611404 1.0000000180025095e-35 18824.250000000004 0.99658510511450216 1.0000000180025095e-35 0.15572584682341378 0.58790785575135607 1.0000000180025095e-35 1.0000000180025095e-35 1.5000000000000002 2.5000000000000004 0.095087825679831664 1.0000000180025095e-35 1.0000000180025095e-35 1.0000000180025095e-35 5556.7000000000007 0.5624342116991824 1.0000000180025095e-35 1.0000000180025095e-35 1.0000000180025095e-35 2.5000000000000004 0.24556940183346032 18133.350000000002 1.0000000180025095e-35 1.5000000000000002 1.5000000000000002 1.0000000180025095e-35
decision_type=2 2 2 2 2 2 2 2 2 2 2 2 2 2 2 2 2 2 2 2 2 2 2 2 2 2 2 2 2 2
left_child=1 5 3 10 6 25 8 26 23 -5 14 18 -13 16 -3 28 22 -16 19 -4 -12 -14 -7 -2 -22 -1 -6 -11 29 -10
right_child=4 2 11 9 7 13 -8 -9 15 27 20 12 21 -15 17 -17 -18 -19 -20 -21 24 -23 -24 -25 -26 -27 -28 -29 -30 -31
leaf_value=0.00023651177044754421 -0.0012918902968389141 7.9716328200843043e-05 -0.0013494548985962444 0.0028884265401508541 -0.00124232755807173 -0.00020332123291934425 -0.0017096455205024398 -0.0040495605814107371 -5.1746977369228162e-06 0.0015672172155157976 0.00026024288392077684 -0.0039714377213801661 3.2741585442836459e-05 -0.003889427667398158 0.0015498647916559252 -0.0010613548746983693 -0.0027530086877411361 0.00043597223875370514 0.00090505360464061531 0.0011413190537522108 -0.0035456618565755586 -0.0025223147448351878 -0.0019820716070641405 -0.0032191758551711187 -0.00033719869097694757 0.0022931558878977513 -0.0029730450481616172 -0.00045036374486517162 8.1570063045732433e-05 -0.0042796732485294343
leaf_weight=108 441 276 164 589 311 280 654 144 147 232 178 35 209 49 1020 337 73 253 626 140 36 42 89 61 37 73 72 50 1234 40
leaf_count=108 441 276 164 589 311 280 654 144 147 232 178 35 209 49 1020 337 73 253 626 140 36 42 89 61 37 73 72 50 1234 40
internal_value=-2.7549e-12 0.000766995 0.00101072 0.00137092 -0.0010162 -0.000642771 -0.000793812 -0.00224584 -0.000528788 0.00234484 0.000899649 0.000219526 -0.000832498 -0.00127268 0.00110598 -0.000244008 -0.000982588 0.00132849 0.000543051 -0.000202388 -0.000373693 -0.000394798 -0.000632342 -0.00152608 -0.00191945 0.00106599 -0.00156768 0.00120949 -5.0169e-05 -0.000919506
internal_weight=8000 4559 3887 2671 3441 672 2914 527 2260 871 1800 1216 286 491 1549 1758 442 1273 930 304 251 251 369 502 73 181 383 282 1421 187
internal_count=8000 4559 3887 2671 3441 672 2914 527 2260 871 1800 1216 286 491 1549 1758 442 1273 930 304 251 251 369 502 73 181 383 282 1421 187
is_linear=0
shrinkage=0.05


Tree=37
num_leaves=31
num_cat=0
split_feature=17 6 18 18 14 5 18 5 14 18 17 18 17 5 18 11 18 18 12 17 17 5 14 6 17 17 17 5 6 11
split_gain=2.26214 0.60008 0.446351 0.543379 0.325446 0.240612 0.228353 0.224092 0.215845 0.213626 0.197838 0.152549 0.143549 0.131465 0.117514 0.11217 0.102179 0.109693 0.0933746 0.188104 0.0877199 0.0810696 0.0807326 0.0774594 0.0763977 0.0715302 0.0701642 0.069026 0.0608803 0.0600106
threshold=1.0051258128570599 1.0000000180025095e-35 0.68926797648153548 0.40384732624045544 1.0000000180025095e-35 1.0000000180025095e-35 0.88013783799659107 2.5000000000000004 1.0000000180025095e-35 0.25920606707587762 0.1393005829119657 0.10086124078832301 0.41173755979933852 2.5000000000000004 0.5686526807578941 9392.4000000000015 0.63616077864417786 0.41676134691537053 26822.900000000005 0.54001463503983893 0.8380202149199999 1.5000000000000002 1.0000000180025095e-35 1.0000000180025095e-35 0.40258468111990348 0.3460549325005895 0.80485284922825151 1.0000000180025095e-35 1.0000000180025095e-35 6119.2500000000009
decision_type=2 2 2 2 2 2 2 2 2 2 2 2 2 2 2 2 2 2 2 2 2 2 2 2 2 2 2 2 2 2
left_child=1 2 3 7 6 -6 9 11 12 23 27 24 15 22 -5 -3 17 -11 26 -20 -14 -10 -12 -2 29 -9 -13 -4 -8 -1
right_child=4 8 10 14 5 -7 28 25 21 16 13 18 20 -15 -16 -17 -18 -19 19 -21 -22 -23 -24 -25 -26 -27 -28 -29 -30 -31
leaf_value=-0.0023651855105223758 -0.00091179128003543604 -0.0017505745742066115 -0.00083696944077256267 0.0028491178823531081 -0.0015245967599710438 -0.0039931863136777844 -0.0013538297909730798 -0.0020354996993499873 -0.0016749625562390846 -0.00036160803248892721 0.00081817010210497455 0.001833231334604727 0.00084716631103433696 -0.0011331130788312294 0.0015664099469027697 9.6200400612606504e-05 -0.00089506409919179485 0.00075980891138967754 -0.00013369728678678787 0.0018648907658854919 -0.00069733120222476182 -0.0047029292327351868 -0.00043677169810268284 -0.0021163911026682897 0.00067645181068674278 1.043198587682167e-05 0.00066021546551344791 -0.0032053563169375551 -0.0025048496109937408 -7.761280388347334e-05
leaf_weight=45 698 185 115 535 360 136 539 73 105 462 817 660 340 120 268 148 305 413 273 207 126 28 152 165 197 103 158 42 146 79
leaf_count=45 698 185 115 535 360 136 539 73 105 462 817 660 340 120 268 148 305 413 273 207 126 28 152 165 197 103 158 42 146 79
internal_value=-4.51391e-13 0.000690796 0.000966764 0.00133989 -0.00102334 -0.00220147 -0.000809133 0.000856245 -0.000447424 -0.000544244 0.000188769 0.00104044 -0.000136979 0.000427991 0.00242102 -0.000929786 -0.000106997 0.000167701 0.0012818 0.000728194 0.000429555 -0.00231243 0.000621316 -0.0011421 6.44743e-05 -0.000838165 0.00160666 -0.00147055 -0.00159916 -0.00090778
internal_weight=8000 4776 3844 2598 3224 496 2728 1795 932 2043 1246 1619 799 1089 803 333 1180 875 1298 480 466 133 969 863 321 176 818 157 685 124
internal_count=8000 4776 3844 2598 3224 496 2728 1795 932 2043 1246 1619 799 1089 803 333 1180 875 1298 480 466 133 969 863 321 176 818 157 685 124
is_linear=0
shrinkage=0.05


Tree=38
num_leaves=31
num_cat=1
split_feature=17 17 11 5 18 9 11 18 17 5 18 18 14 12 18 18 17 18 18 15 14 18 18 15 6 18 6 18 14 14
split_gain=2.04933 0.606034 0.706421 0.362603 0.278289 0.269343 0.259445 0.224534 0.214856 0.192449 0.131127 0.128703 0.126385 0.1154 0.113656 0.149221 0.0898294 0.0878685 0.167405 0.0861881 0.0983043 0.0849963 0.100185 0.0818641 0.0757672 0.074947 0.0720287 0.0694907 0.0677121 0.0670154
threshold=0.92606086307287783 0.48256499697779121 12239.000000000002 2.5000000000000004 0.99658510511450216 0 2854.7000000000003 0.22056279298250828 0.80485284922825151 2.5000000000000004 1.0260079370102171 0.21798525433571636 1.0000000180025095e-35 24239.200000000004 0.63031447048920464 0.40808877146366856 0.082109413785188295 0.63031447048920464 0.37024630987440704 1.5000000000000002 1.0000000180025095e-35 0.65561307054983453 0.24556940183346032 2.5000000000000004 1.0000000180025095e-35 0.83856045951704639 1.0000000180025095e-35 0.3417391865563722 1.0000000180025095e-35 1.0000000180025095e-35
decision_type=2 2 2 2 2 1 2 2 2 2 2 2 2 2 2 2 2 2 2 2 2 2 2 2 2 2 2 2 2 2
left_child=1 2 6 4 7 23 16 24 10 12 11 -3 17 21 15 -9 -1 18 -8 -7 -21 22 -4 -5 -2 27 -6 -10 -16 -18
right_child=3 8 13 5 26 19 9 14 25 -11 -12 -13 -14 -15 28 -17 29 -19 -20 20 -22 -23 -24 -25 -26 -27 -28 -29 -30 -31
leaf_value=-0.0031623329709711393 -0.00093187288948690767 0.001123286444462106 0.0012138257358346005 -0.0027079638320548628 -0.0013442008298522796 -0.0060843386320453708 0.00013208748667649565 -0.00036003538619021265 0.00026749852064858915 -0.0020987584006636299 0.00070618808638720832 0.0022024283566437308 -0.0012167251436907139 0.00024912360716569665 -0.00054224313872713989 0.00077660573500740453 -0.0009162204498998675 -0.00031356553295938346 0.0019823629405436804 -0.0027151176200063409 -0.0058772513084113598 0.0009025456581539835 0.0028418160974979403 0.00012503586510908516 -0.002164714109238916 -0.00039850597334089438 -0.0025685664669034096 0.0015462411774154004 -0.0021553450497986677 -0.0029420728213153781
leaf_weight=73 672 411 164 34 559 33 381 701 232 108 314 843 151 174 392 491 273 319 180 136 30 210 223 102 153 166 153 196 78 48
leaf_count=73 672 411 164 34 559 33 381 701 232 108 314 843 151 174 392 491 273 319 180 136 30 210 223 102 153 166 153 196 78 48
internal_value=-1.0023e-12 0.000711876 0.00014766 -0.000899615 -0.000735719 -0.0024647 -0.000473233 -0.000486195 0.00131315 -9.06656e-05 0.00161994 0.00184874 0.000119687 0.0013822 -0.000151473 0.000108162 -0.00157918 0.000349004 0.000725759 -0.00357108 -0.00328659 0.00171244 0.00215192 -0.000543268 -0.00116051 0.000503318 -0.0016073 0.000853091 -0.000809949 -0.00121915
internal_weight=8000 4466 2304 3534 3199 335 1533 2487 2162 1139 1568 1254 1031 771 1662 1192 394 880 561 199 166 597 387 136 825 594 712 428 470 321
internal_count=8000 4466 2304 3534 3199 335 1533 2487 2162 1139 1568 1254 1031 771 1662 1192 394 880 561 199 166 597 387 136 825 594 712 428 470 321
cat_boundaries=0 1
cat_threshold=10
is_linear=0
shrinkage=0.05


Tree=39
num_leaves=31
num_cat=1
split_feature=17 6 18 18 5 15 14 9 5 5 6 14 17 5 14 17 18 18 5 18 18 18 18 5 14 18 18 11 17 15
split_gain=1.85791 0.535114 0.377664 0.465322 0.285813 0.46683 0.248221 0.203076 0.197648 0.194702 0.191518 0.190769 0.170091 0.149392 0.136612 0.126231 0.122083 0.170186 0.115247 0.104543 0.101615 0.0895246 0.0801999 0.0729901 0.071259 0.0699707 0.065204 0.0640371 0.171691 0.062299
threshold=1.0051258128570599 1.0000000180025095e-35 0.68926797648153548 0.40384732624045544 1.0000000180025095e-35 1.5000000000000002 1.0000000180025095e-35 0 2.5000000000000004 2.5000000000000004 1.0000000180025095e-35 1.0000000180025095e-35 0.1393005829119657 2.5000000000000004 1.0000000180025095e-35 0.16885805640743132 0.73038561824353654 0.32536823958316002 2.5000000000000004 0.5686526807578941 0.06140362893741181 1.0559083312565252 0.091666885136711743 1.5000000000000002 1.0000000180025095e-35 0.125467338602502 1.1192008230250712 5937.6000000000013 0.5624342116991824 2.5000000000000004
decision_type=2 2 2 2 2 2 2 1 2 2 2 2 2 2 2 2 2 2 2 2 2 2 2 2 2 2 2 2 2 2
left_child=1 2 3 9 10 -6 7 13 -9 14 16 15 -4 -7 20 -3 17 -2 24 -5 -1 22 -17 -13 -14 -16 -12 28 -22 -11
right_child=4 11 12 19 5 6 -8 8 -10 29 26 23 18 -15 25 21 -18 -19 -20 -21 27 -23 -24 -25 -26 -27 -28 -29 -30 -31
leaf_value=-0.00026299496779305876 -0.00065691838262137972 -0.0014860546377635793 -0.0013675585903876514 0.0026341101604774402 -0.0047112605594743957 -0.00047470946715643205 -0.0033507421944572978 -0.00052307238510514945 -0.0027032300158691459 -0.0026521930742698413 -0.0012653893937878916 -0.0015972618238135642 0.00075877312072055456 0.003160600359988166 -0.0016223461081244749 -0.0013563951475291768 -0.0010296448431754411 0.00047921607818012966 -0.0010688258054627417 0.0014242614577298484 -4.8138561913417162e-05 -0.00097538329143989882 0.0006645399736838122 -0.0044703845990755201 -0.00042024046927293204 0.00034655700037946702 -0.0027299264818123592 0.0015486416684163539 0.0018929232483131664 -0.00032006944979522296
leaf_weight=117 776 146 157 535 114 65 117 287 163 36 380 105 817 50 60 55 604 573 120 268 258 141 457 28 152 182 95 798 204 140
leaf_count=117 776 146 157 535 114 65 117 287 163 36 380 105 817 50 60 55 604 573 120 268 258 141 457 28 152 182 95 798 204 140
internal_value=-8.96785e-13 0.00062604 0.000886642 0.00122986 -0.00092741 -0.00174962 -0.00125456 -0.000820486 -0.00128424 0.000782299 -0.000657856 -0.000448802 0.000171007 0.00101739 0.000953993 -0.000156946 -0.000438855 -0.000174335 0.000392821 0.00223033 0.00114654 0.000140221 0.000447447 -0.00220213 0.00057383 -0.000141601 -0.0015583 0.00127742 0.000808954 -0.000797095
internal_weight=8000 4776 3844 2598 3224 796 682 565 450 1795 2428 932 1246 115 1619 799 1953 1349 1089 803 1377 653 512 133 969 242 475 1260 462 176
internal_count=8000 4776 3844 2598 3224 796 682 565 450 1795 2428 932 1246 115 1619 799 1953 1349 1089 803 1377 653 512 133 969 242 475 1260 462 176
cat_boundaries=0 1
cat_threshold=8
is_linear=0
shrinkage=0.05


Tree=40
num_leaves=31
num_cat=1
split_feature=17 17 11 5 9 18 11 18 17 5 6 12 6 12 15 14 14 5 18 14 18 18 14 14 18 15 18 18 14 14
split_gain=1.68495 0.526523 0.627209 0.300723 0.255409 0.233678 0.224795 0.198512 0.194029 0.160721 0.119343 0.114627 0.112047 0.110282 0.0914889 0.0794771 0.0787738 0.0747218 0.0739285 0.0732431 0.0724545 0.0875223 0.0715278 0.0707025 0.0696886 0.0683898 0.066186 0.0777043 0.0613191 0.060835
threshold=0.92606086307287783 0.48256499697779121 12069.050000000001 2.5000000000000004 0 0.99658510511450216 2854.7000000000003 0.13108907548546417 0.7942348438680138 2.5000000000000004 1.0000000180025095e-35 25036.700000000004 1.0000000180025095e-35 24239.200000000004 1.5000000000000002 1.0000000180025095e-35 1.0000000180025095e-35 2.5000000000000004 1.0143714325205082 1.0000000180025095e-35 0.7117166847591766 0.3417391865563722 1.0000000180025095e-35 1.0000000180025095e-35 0.23090205492527774 2.5000000000000004 1.0559083312565252 0.10306664233663611 1.0000000180025095e-35 1.0000000180025095e-35
decision_type=2 2 2 2 1 2 2 2 2 2 2 2 2 2 2 2 2 2 2 2 2 2 2 2 2 2 2 2 2 2
left_child=1 2 6 5 23 7 15 -2 12 11 -9 -8 18 17 -6 26 -13 19 24 -4 21 -10 -16 25 -3 -5 27 -1 -12 -7
right_child=3 8 13 4 14 29 9 10 20 -11 28 16 -14 -15 22 -17 -18 -19 -20 -21 -22 -23 -24 -25 -26 -27 -28 -29 -30 -31
leaf_value=-0.0032973458616119204 -0.0014053404443360252 0.0013389318695541364 0.0020181786778863705 -0.0020516566112637521 -0.0058321618672573204 -0.0012750729508690581 0.00065779593612098073 -4.2567990145274711e-05 0.00025966987386082427 -0.0019574905047193172 -0.00072205111963427702 -0.00014749212732016476 0.00060486940381943119 0.00016485377471102983 -0.002545418653996281 -0.0031947836714083435 -0.0017797169577203353 -2.0347181886721118e-05 0.00095545278872014028 0.00040523198881875223 -0.00027384543561496499 0.0016790749409107864 -0.0054355589300394067 -0.002783121570731358 0.0022253427719784078 0.00094887797987454033 -0.0026102081006358089 -0.00055664347266246451 -0.0023589112994976454 -0.002588964641338341
leaf_weight=29 437 339 463 25 33 609 465 1646 261 107 335 462 274 177 149 59 88 65 250 83 211 186 25 24 641 79 67 239 69 103
leaf_count=29 437 339 463 25 33 609 465 1646 261 107 335 462 274 177 149 59 88 65 250 83 211 186 25 24 641 79 67 239 69 103
internal_value=-1.6234e-12 0.000645494 0.000119591 -0.000815727 -0.00224102 -0.000666469 -0.000475178 -0.000437818 0.00120594 -0.000114379 -0.00023157 7.99199e-05 0.00151924 0.00126384 -0.00326091 -0.00150263 -0.000408648 0.00158221 0.00172293 0.00177299 0.000489818 0.000850295 -0.00296067 -0.0003125 0.00191872 0.000227596 -0.00120461 -0.000853212 -0.00100161 -0.00146514
internal_weight=8000 4466 2304 3534 335 3199 1516 2487 2162 1122 2050 1015 1504 788 207 394 550 611 1230 546 658 447 174 128 980 104 335 268 404 712
internal_count=8000 4466 2304 3534 335 3199 1516 2487 2162 1122 2050 1015 1504 788 207 394 550 611 1230 546 658 447 174 128 980 104 335 268 404 712
cat_boundaries=0 1
cat_threshold=24
is_linear=0
shrinkage=0.05


Tree=41
num_leaves=31
num_cat=1
split_feature=17 14 6 18 14 5 18 5 6 18 18 17 17 18 18 12 18 17 15 6 17 16 5 18 18 11 17 11 17 12
split_gain=1.52411 0.466723 0.346587 0.259703 0.256653 0.220959 0.206668 0.168861 0.166844 0.129399 0.16505 0.123116 0.114218 0.104527 0.143302 0.0934088 0.082102 0.0809666 0.0791966 0.0695337 0.0675447 0.0653981 0.0628299 0.0613916 0.0611026 0.0607886 0.0799897 0.0601045 0.0595162 0.0662452
threshold=1.0051258128570599 1.0000000180025095e-35 1.0000000180025095e-35 0.96390869905011034 1.0000000180025095e-35 1.0000000180025095e-35 0.23090205492527774 1.0000000180025095e-35 1.0000000180025095e-35 0.72251030147762607 0.38401944729004961 0.22648915806956124 0.41173755979933852 0.61405014406435732 0.41676134691537053 17906.600000000002 0.049374868662696712 0.057312725584397504 1.5000000000000002 1.0000000180025095e-35 0.8380202149199999 0 2.5000000000000004 0.57544936865584873 0.13628066856003765 12908.650000000003 0.59134777116794357 5256.4500000000007 0.24877484119836019 17831.450000000001
decision_type=2 2 2 2 2 2 2 2 2 2 2 2 2 2 2 2 2 2 2 2 2 1 2 2 2 2 2 2 2 2
left_child=1 2 3 6 8 11 16 -6 9 10 -2 -3 15 14 25 -4 -1 -5 -7 -13 -14 -10 -11 -12 -23 26 -8 -19 29 -15
right_child=4 5 12 17 7 18 13 -9 21 22 23 19 20 28 -16 -17 -18 27 -20 -21 -22 24 -24 -25 -26 -27 -28 -29 -30 -31
leaf_value=-0.0007859743901238005 -0.00056471616416220059 -0.0013939126540743233 0.00054752512929384428 -0.00226006153512351 -0.0013191710692283072 -0.0047597303427755833 0.00042081158479323824 -0.0033871891815900148 -0.0006396754046893746 -0.00087365275584832484 0.00096160599627581871 0.00069608953619469422 0.00070732654962686126 0.0020598459770051957 0.0024322245497965939 -0.0013657978249763179 0.00078310715171898233 -0.0004476661417186559 -0.0017257042819165962 -0.0010434200593703231 -0.0006479685849395566 -0.0035400948999449611 -0.0025545795333617536 -0.0001982390738025276 -0.0015731202538125863 0.0019988385757379649 0.0017736483149636394 0.00057641798835189194 0.0012610588695576269 -0.00068076285719855705
leaf_weight=93 1000 136 86 33 360 25 259 136 175 627 321 301 340 29 522 247 805 203 154 71 126 45 61 177 322 225 189 487 353 92
leaf_count=93 1000 136 86 33 360 25 259 136 175 627 321 301 340 29 522 247 805 203 154 71 126 45 61 177 322 225 189 487 353 92
internal_value=-2.00932e-12 0.000567021 0.000769619 0.000996472 -0.000839978 -0.000638841 0.00123223 -0.00188621 -0.000649755 -0.00045505 -0.000194345 -0.000106559 -0.000164478 0.00156131 0.00181052 -0.000871666 0.000620608 0.000159415 -0.00214945 0.000364086 0.000340873 -0.00143504 -0.00102269 0.000549372 -0.0018143 0.0013283 0.00099154 0.000275129 0.000933036 -2.39227e-05
internal_weight=8000 4776 4089 3290 3224 687 2567 496 2728 2186 1498 508 799 1669 1195 333 898 723 179 372 466 542 688 498 367 673 448 690 474 121
internal_count=8000 4776 4089 3290 3224 687 2567 496 2728 2186 1498 508 799 1669 1195 333 898 723 179 372 466 542 688 498 367 673 448 690 474 121
cat_boundaries=0 1
cat_threshold=2
is_linear=0
shrinkage=0.05


Tree=42
num_leaves=31
num_cat=2
split_feature=17 17 11 5 9 18 18 5 11 5 15 18 18 12 17 18 18 14 17 15 11 14 15 14 18 14 9 5 18 18
split_gain=1.38907 0.504581 0.549514 0.266567 0.251943 0.207809 0.228316 0.20093 0.18442 0.161469 0.297927 0.103164 0.154878 0.0940788 0.0869964 0.085043 0.0824929 0.0811277 0.0794308 0.0748411 0.0731915 0.0690489 0.0681883 0.0770978 0.0662581 0.0630532 0.0615396 0.060107 0.0586805 0.0624372
threshold=0.89878959194841401 0.48256499697779121 12239.000000000002 2.5000000000000004 0 0.77455974968460006 0.25646851399535614 2.5000000000000004 2561.5000000000005 1.0000000180025095e-35 1.5000000000000002 0.63031447048920464 0.37024630987440704 13811.35 0.17513393118538348 1.0143714325205082 0.22418927403077413 1.0000000180025095e-35 0.076332128674922686 1.5000000000000002 20930.900000000005 1.0000000180025095e-35 2.5000000000000004 1.0000000180025095e-35 0.080733046035226463 1.0000000180025095e-35 1 2.5000000000000004 0.10579319139187236 0.99658510511450216
decision_type=2 2 2 2 1 2 2 2 2 2 2 2 2 2 2 2 2 2 2 2 2 2 2 2 2 2 1 2 2 2
left_child=1 2 7 5 19 6 24 8 28 15 -11 12 -10 -4 20 16 -3 -7 -9 -5 -15 26 -6 -24 -2 -13 -12 -28 -1 -30
right_child=3 9 13 4 22 17 -8 18 11 10 21 25 -14 14 -16 -17 -18 -19 -20 -21 -22 -23 23 -25 -26 -27 27 -29 29 -31
leaf_value=-0.0032775380347362334 -0.0016506879826291962 0.0010515965954239342 0.0021696310275355415 -0.0031043068252620287 -0.0048586631725941395 -0.00099556251361816554 0.00011643726402904591 -0.0050299952272325754 -9.7077343786017143e-05 -0.0028264488015944762 0.0018967145441123436 -0.00034984608751751408 0.0015128651001932707 -0.00047868640127789256 0.0013417804212096254 0.00069409193901598962 0.0019097683042999074 -0.0022582756905661274 -0.0017176080525333759 0.00019937750696650863 0.0015980651192688223 -0.00066619615092696188 -0.002189023300434201 -0.005005161756028732 -0.0006707654799047309 -0.002239282956254422 0.0012581792600166192 -0.00043228201415409801 -0.00064165634821749509 -0.0023295964941467363
leaf_weight=34 220 428 185 20 49 837 1305 21 461 63 144 329 221 158 370 316 810 150 131 120 58 63 128 30 799 51 121 93 211 74
leaf_count=34 220 428 185 20 49 837 1305 21 461 63 144 329 221 158 370 316 810 150 131 120 58 63 128 30 799 51 121 93 211 74
internal_value=-1.76876e-12 0.000604734 9.77999e-05 -0.000717812 -0.00203627 -0.000579634 -0.00032149 -0.000449814 -0.000259905 0.00117783 0.000380361 5.67681e-05 0.00042462 0.00118664 0.000876304 0.00142621 0.00161308 -0.00118746 -0.00217524 -0.000254406 7.89598e-05 0.00086024 -0.0030803 -0.00272373 -0.000882329 -0.000603428 0.00112886 0.000500167 -0.00131416 -0.00107993
internal_weight=8000 4342 2304 3658 347 3311 2324 1533 1381 2038 484 1062 682 771 586 1554 1238 987 152 140 216 421 207 158 1019 380 358 214 319 285
internal_count=8000 4342 2304 3658 347 3311 2324 1533 1381 2038 484 1062 682 771 586 1554 1238 987 152 140 216 421 207 158 1019 380 358 214 319 285
cat_boundaries=0 1 2
cat_threshold=10 24
is_linear=0
shrinkage=0.05


Tree=43
num_leaves=31
num_cat=1
split_feature=17 17 11 14 12 6 14 5 18 18 6 6 11 18 18 17 16 18 18 5 18 17 18 18 18 15 18 8 8 14
split_gain=1.26003 0.510977 0.51221 0.262304 0.238288 0.179607 0.166683 0.154859 0.131352 0.117755 0.113708 0.110708 0.0872951 0.0833824 0.0969783 0.0744532 0.0730763 0.0669343 0.100271 0.0638539 0.0587629 0.0561848 0.0629836 0.0561139 0.0690966 0.0554975 0.0548321 0.0516759 0.0497817 0.051549
threshold=0.87355279941493469 0.48855832810218125 7058.8500000000013 1.0000000180025095e-35 24239.200000000004 1.0000000180025095e-35 1.0000000180025095e-35 1.0000000180025095e-35 0.96390869905011034 0.24282897374862061 1.0000000180025095e-35 1.0000000180025095e-35 1661.6000000000001 0.81908676101494227 0.26862488695674469 0.082109413785188295 0 0.59384116945412302 0.43635272231947164 1.0000000180025095e-35 0.091666885136711743 0.082109413785188295 0.60097181266699795 0.94480454563695304 0.068450202817374947 2.5000000000000004 0.27485866239882417 5.5000000000000009 33.500000000000007 1.0000000180025095e-35
decision_type=2 2 2 2 2 2 2 2 2 2 2 2 2 2 2 2 1 2 2 2 2 2 2 2 2 2 2 2 2 2
left_child=1 2 6 5 11 8 12 -5 9 -2 13 15 -1 14 -3 -4 -7 18 -11 -6 -18 -14 26 24 -17 -9 -23 -12 29 -29
right_child=3 10 4 7 19 16 -8 25 -10 17 27 -13 21 -15 -16 23 20 -19 -20 -21 -22 22 -24 -25 -26 -27 -28 28 -30 -31
leaf_value=-0.0013788519394977441 -0.00059327107288751268 0.0010892887357949368 0.00027391083745274331 -0.0011343124871292462 0.0001460938244597547 -0.00047588790571502905 -0.0024013582611052487 -0.0050292713403770773 -0.00095390641549374848 5.5097873237001593e-05 -0.00093536995915260903 6.61005361554479e-05 -0.0013734635373438824 0.00076986119026696553 0.0020185709767835563 -0.00026200771725129788 -0.0033849471891049428 -0.0003259594311207332 0.0012180872212609343 -0.0011986127459275844 -0.0014160841707286131 -0.00021037559343929535 -0.00072674806616323997 0.00082330433829218687 0.0021101610002369855 -0.0025445051928252374 0.0010741306619214206 0.0012088965661770463 -0.0010398561100127819 -0.00094338111266552011
leaf_weight=216 756 502 111 415 342 213 136 27 589 530 61 175 89 400 637 33 42 403 285 119 388 174 196 146 440 134 159 213 37 32
leaf_count=216 756 502 111 415 342 213 136 27 589 530 61 175 89 400 637 33 42 403 285 119 388 174 196 146 440 134 159 213 37 32
internal_value=1.18544e-07 0.000594306 0.000100347 -0.000662569 0.000724252 -0.00048607 -0.000778264 -0.00164495 -0.000298622 -0.000103099 0.00120742 0.00119558 -0.000513587 0.0013909 0.001609 0.00146634 -0.00123324 0.000201145 0.000461787 -0.000201021 -0.00160839 -0.000211164 -1.56166e-05 0.00168017 0.00194466 -0.00296121 0.000402947 0.000384182 0.000669617 0.000927783
internal_weight=8000 4218 2336 3782 1366 3206 970 576 2563 1974 1882 905 834 1539 1139 730 643 1218 815 461 430 618 529 619 473 161 333 343 282 245
internal_count=8000 4218 2336 3782 1366 3206 970 576 2563 1974 1882 905 834 1539 1139 730 643 1218 815 461 430 618 529 619 473 161 333 343 282 245
cat_boundaries=0 1
cat_threshold=2
is_linear=0
shrinkage=0.05


Tree=44
num_leaves=31
num_cat=2
split_feature=17 5 9 6 18 18 5 15 9 5 6 5 15 17 12 14 17 18 18 12 17 12 17 8 14 15 18 11 17 17
split_gain=1.14743 0.403664 0.338237 0.323465 0.210284 0.240974 0.208927 0.38486 0.170655 0.207321 0.138041 0.136939 0.1231 0.105388 0.114218 0.0858071 0.0826267 0.0773424 0.122377 0.075244 0.0654898 0.0642238 0.0907035 0.0635203 0.0633608 0.0623951 0.0587859 0.0577871 0.105053 0.0575416
threshold=1.0051258128570599 2.5000000000000004 0 1.0000000180025095e-35 0.73038561824353654 0.28608831037703514 1.0000000180025095e-35 1.5000000000000002 1 2.5000000000000004 1.0000000180025095e-35 2.5000000000000004 2.5000000000000004 0.36739144915758343 14764.400000000001 1.0000000180025095e-35 0.20659367344784171 0.7117166847591766 0.32536823958316002 19007.750000000004 0.1393005829119657 27941.150000000005 0.5624342116991824 4.5000000000000009 1.0000000180025095e-35 1.5000000000000002 0.65561307054983453 5556.7000000000007 0.57708328618108984 0.18149084481207833
decision_type=2 2 1 2 2 2 2 2 1 2 2 2 2 2 2 2 2 2 2 2 2 2 2 2 2 2 2 2 2 2
left_child=1 3 25 4 5 16 10 -8 11 -10 17 -9 -4 14 -5 27 19 18 -2 -1 -14 -7 -23 -15 -11 -3 -22 28 -6 -17
right_child=6 2 12 13 15 21 7 8 9 24 -12 -13 20 23 -16 29 -18 -19 -20 -21 26 22 -24 -25 -26 -27 -28 -29 -30 -31
leaf_value=0.0011546036991057918 -0.00050500868453262268 -0.0016930230411658573 -0.0041059642398197744 0.0016765386740853255 -0.00092457176462111025 0.001863967661354808 -0.0041207669259165419 -0.00072990358279466394 -0.00065904830459479423 -0.0022952231455953547 -0.0012627072715503777 0.0023826279621680744 -0.0035175866618588126 -0.0011198075957585766 -0.001275133505489307 -0.0027673460826432954 0.00081891107039850524 -0.00077532839940220796 0.00046482561844121462 -0.00079654655803876404 -0.00047336052257304531 0.00047743458533716421 0.0020201628085718009 0.00043404453459725667 -0.0046976909718730239 0.0011427294067677238 -0.0022644643135183835 0.00073944671788442481 0.0010368168536249711 -0.00034145638434314278
leaf_weight=70 776 22 56 37 168 820 114 84 341 163 475 61 34 77 287 30 952 617 560 168 123 240 158 451 33 164 73 599 115 132
leaf_count=70 776 22 56 37 168 820 114 84 341 163 475 61 34 77 287 30 952 617 560 168 123 240 158 451 33 164 73 599 115 132
internal_value=1.12616e-07 0.0004921 -0.000895975 0.000644324 0.000859667 0.00111662 -0.000728712 -0.00143168 -0.000982188 -0.00137821 -0.000498249 0.000542119 -0.00193602 -0.000228172 -0.00093806 0.000266994 0.000610593 -0.000312321 -9.84913e-05 -0.000222679 -0.00149186 0.00161102 0.00108987 0.000207441 -0.00269972 0.000766128 -0.00114046 0.000461264 -0.000127541 -0.000790695
internal_weight=8000 4776 472 4304 3452 2408 3224 796 682 537 2428 145 286 852 324 1044 1190 1953 1336 238 230 1218 398 528 196 186 196 882 283 162
internal_count=8000 4776 472 4304 3452 2408 3224 796 682 537 2428 145 286 852 324 1044 1190 1953 1336 238 230 1218 398 528 196 186 196 882 283 162
cat_boundaries=0 1 2
cat_threshold=10 8
is_linear=0
shrinkage=0.05


Tree=45
num_leaves=31
num_cat=1
split_feature=17 17 11 14 14 18 18 5 11 5 15 5 15 5 12 14 6 11 17 9 5 18 18 18 18 17 18 6 6 15
split_gain=1.04601 0.436441 0.444464 0.232739 0.171809 0.155896 0.158499 0.130093 0.126357 0.111445 0.213454 0.0933908 0.0926883 0.240304 0.0834699 0.0820216 0.0799444 0.0764076 0.0651126 0.0644509 0.0656575 0.0620221 0.0720955 0.0582175 0.0587411 0.0547557 0.0494403 0.0469388 0.0468479 0.0457317
threshold=0.87355279941493469 0.48256499697779121 12239.000000000002 1.0000000180025095e-35 1.0000000180025095e-35 0.99658510511450216 0.091666885136711743 1.0000000180025095e-35 2561.5000000000005 1.0000000180025095e-35 1.5000000000000002 1.0000000180025095e-35 1.5000000000000002 1.0000000180025095e-35 14327.650000000001 1.0000000180025095e-35 1.0000000180025095e-35 16635.800000000007 1.0051258128570599 0 2.5000000000000004 0.68366125538987765 0.37699242600059796 1.0143714325205082 0.22418927403077413 0.2352289408773347 0.2023539549380525 1.0000000180025095e-35 1.0000000180025095e-35 2.5000000000000004
decision_type=2 2 2 2 2 2 2 2 2 2 2 2 2 2 2 2 2 2 2 1 2 2 2 2 2 2 2 2 2 2
left_child=1 2 4 5 8 6 27 -5 -1 23 -11 -6 13 -8 -10 17 21 25 -14 -12 -21 22 -16 24 -3 -4 -17 -2 -20 -9
right_child=3 9 15 7 11 -7 12 29 14 10 19 -13 18 -15 16 26 -18 -19 28 20 -22 -23 -24 -25 -26 -27 -28 -29 -30 -31
leaf_value=-0.0010798662790627779 -0.0010549585936964181 0.00097759000345558214 -1.2531210733060207e-05 -0.0010610188681855644 -0.001117997915190604 -0.0010841438613590621 -0.00012143490617773481 -0.0046127787791192532 0.001902784893912721 -0.0024475210788455514 0.0015950034777289812 -0.0035014978980783514 0.0007310434169158081 -0.0034006592185186176 7.4550637576019957e-05 -0.002405378642724827 -0.00093148302873445859 0.0017729429668553638 3.0400785044100487e-05 0.00097423360570736818 -0.00069589321932347382 -0.00046813120852521494 0.0013237167022575552 0.00068373596547289866 0.0017252648398288471 0.0013547071809058106 0.00031340985868101757 -0.0026728322239298573 -0.00064229539373610684 -0.0023572035780855902
leaf_weight=308 210 399 144 415 172 722 228 27 59 57 152 54 274 74 329 20 197 356 1319 141 101 236 178 295 769 149 102 57 322 134
leaf_count=308 210 399 144 415 172 722 228 27 59 57 152 54 274 74 329 20 197 356 1319 141 101 236 178 295 769 149 102 57 322 134
internal_value=1.06985e-07 0.000541485 7.79216e-05 -0.000603683 -0.000414575 -0.000437428 -0.000249454 -0.00152905 -0.000194466 0.00109951 0.000412336 -0.00168751 -0.000110848 -0.000924953 7.85104e-05 0.00105717 -3.59919e-05 0.00128076 1.75381e-05 0.000826072 0.000266197 0.00020144 0.000513114 0.00131134 0.00146985 0.000682754 -0.000132293 -0.00140035 -0.000101597 -0.00273547
internal_weight=8000 4218 2304 3782 1533 3206 2484 576 1307 1914 451 226 2217 302 999 771 940 649 1915 394 242 743 507 1463 1168 293 122 267 1641 161
internal_count=8000 4218 2304 3782 1533 3206 2484 576 1307 1914 451 226 2217 302 999 771 940 649 1915 394 242 743 507 1463 1168 293 122 267 1641 161
cat_boundaries=0 1
cat_threshold=24
is_linear=0
shrinkage=0.05


Tree=46
num_leaves=31
num_cat=1
split_feature=17 17 12 5 9 14 18 18 11 6 18 5 12 5 6 18 12 18 18 17 15 10 18 14 14 11 15 14 18 5
split_gain=0.944353 0.394658 0.419223 0.218043 0.222434 0.182852 0.163176 0.210609 0.131753 0.0947298 0.0873683 0.0838345 0.0836323 0.0830388 0.076599 0.0751966 0.0745594 0.0649869 0.0773568 0.0637611 0.0625929 0.0569268 0.0568854 0.0549409 0.0522211 0.0517965 0.0513453 0.0512053 0.0471699 0.046676
threshold=0.87355279941493469 0.48855832810218125 19007.750000000004 2.5000000000000004 0 1.0000000180025095e-35 0.73038561824353654 0.36313207504659589 2561.5000000000005 1.0000000180025095e-35 0.56163689635395342 1.0000000180025095e-35 31104.200000000001 2.5000000000000004 1.0000000180025095e-35 0.077990851789606533 14242.9 0.81908676101494227 0.38736221795359277 0.16885805640743132 2.5000000000000004 37806.500000000007 0.45827444641994697 1.0000000180025095e-35 1.0000000180025095e-35 16635.800000000007 1.5000000000000002 1.0000000180025095e-35 0.58790785575135607 2.5000000000000004
decision_type=2 2 2 2 1 2 2 2 2 2 2 2 2 2 2 2 2 2 2 2 2 2 2 2 2 2 2 2 2 2
left_child=1 2 13 6 26 8 7 15 -4 17 22 -7 19 16 27 -2 -1 18 -3 -10 -6 -18 -9 -22 -17 -21 -5 -8 -20 -14
right_child=3 9 5 4 20 11 14 10 12 -11 -12 -13 29 -15 -16 24 21 -19 28 25 23 -23 -24 -25 -26 -27 -28 -29 -30 -31
leaf_value=0.0019848921015253101 -0.0014351044651008242 0.0010718079463285567 -0.0010416274651963021 -0.0024845246603945274 -0.0043483587447553877 -0.0010684844827132925 -0.00057513914349717726 0.00031164010205297172 -0.00023169359282387155 0.0003020243126876604 -0.00025886728925064338 -0.0031759917329523776 -0.00037380367224853735 -0.0004386103635671996 -0.0017738336957232117 -0.00029129203262616882 0.00053465382835498785 0.00067262884732599559 0.0023396623069924633 0.00050531169716443538 -0.0019155959575348819 0.0020250550437173466 0.0013370650289260657 -0.0042860295188923677 -0.001182708345941981 0.0018876809597713875 0.00024404134068754503 -0.0016390435596682141 0.0013183279486451611 -0.0023983641867744154
leaf_weight=243 217 675 309 20 52 188 725 288 268 343 310 63 258 77 227 1073 293 400 269 443 132 82 255 30 194 80 125 134 195 32
leaf_count=243 217 675 309 20 52 188 725 288 268 343 310 63 258 77 227 1073 293 400 269 443 132 82 255 30 194 80 125 134 195 32
internal_value=2.01323e-07 0.0005146 8.04893e-05 -0.000573499 -0.00174579 -0.000355418 -0.00045055 -0.000215218 -0.000131135 0.00105343 0.00041085 -0.00159746 0.000129126 0.00110973 -0.000956969 -0.00057508 0.00130265 0.0012209 0.00141344 0.000395416 -0.0027123 0.000860555 0.000793193 -0.00235457 -0.000427784 0.000716764 -0.000123776 -0.000741103 0.00191044 -0.000597203
internal_weight=8000 4218 2336 3782 359 1641 3423 2337 1390 1882 853 251 1081 695 1086 1484 618 1539 1139 791 214 375 543 162 1267 523 145 859 464 290
internal_count=8000 4218 2336 3782 359 1641 3423 2337 1390 1882 853 251 1081 695 1086 1484 618 1539 1139 791 214 375 543 162 1267 523 145 859 464 290
cat_boundaries=0 1
cat_threshold=10
is_linear=0
shrinkage=0.05


Tree=47
num_leaves=31
num_cat=0
split_feature=17 6 17 18 18 6 5 18 18 18 5 8 5 12 5 5 15 14 15 18 17 12 18 17 18 8 8 14 15 11
split_gain=0.859131 0.336095 0.228443 0.199165 0.224902 0.172322 0.14505 0.119217 0.157255 0.106052 0.0931833 0.0858499 0.0844733 0.0790145 0.0796744 0.0782187 0.101087 0.0780548 0.0693291 0.0689983 0.0680397 0.0780793 0.0608889 0.0569691 0.0566822 0.0555556 0.0565547 0.0521407 0.050143 0.0459502
threshold=1.0051258128570599 1.0000000180025095e-35 0.082109413785188295 0.73038561824353654 0.40384732624045544 1.0000000180025095e-35 1.5000000000000002 0.72251030147762607 0.38401944729004961 0.5686526807578941 2.5000000000000004 3.5000000000000004 2.5000000000000004 18824.250000000004 2.5000000000000004 1.0000000180025095e-35 2.5000000000000004 1.0000000180025095e-35 2.5000000000000004 0.05789823518886681 0.44414493444108144 14764.400000000001 0.57544936865584873 0.17513393118538348 0.11789015459270144 37.500000000000007 4.5000000000000009 1.0000000180025095e-35 2.5000000000000004 1802.6500000000003
decision_type=2 2 2 2 2 2 2 2 2 2 2 2 2 2 2 2 2 2 2 2 2 2 2 2 2 2 2 2 2 2
left_child=1 2 13 4 10 7 11 8 24 -6 19 -3 27 -1 -15 -9 -17 25 -8 -4 21 -13 -10 -20 -2 26 -7 -5 -12 -23
right_child=5 6 3 12 9 17 18 15 22 -11 28 20 -14 14 -16 16 -18 -19 23 -21 -22 29 -24 -25 -26 -27 -28 -29 -30 -31
leaf_value=0.00074483332326252989 -0.0011360094707960893 -0.0016689217011021573 -0.0004734817764484415 0.00049130050878434112 0.0021313546471407397 -0.002201780507125588 -0.0039757166651167705 -0.00066012520660137112 0.00085072103587553814 0.00096559355779108453 -0.0021575612255505154 0.0016678702880098071 -0.0010882155048366413 -0.00084789559227829161 -0.0040794087008440066 -0.0037943574376792335 -0.0011800436740661596 -0.0026310172636751271 -0.0033153769125756636 0.00087429206215951347 0.00046554969030084887 -0.0023306258754538641 -0.00021414379743120784 -0.00068631712039504418 -0.00034286952690275535 -0.0031785697105430792 -0.00076867128623881364 -0.00052278282090749905 -2.0108114813768862e-05 -0.00053623596495872103
leaf_weight=73 303 84 102 818 495 82 31 612 366 322 35 36 117 208 21 48 161 102 27 1376 388 42 212 87 878 31 429 150 127 237
leaf_count=73 303 84 102 818 495 82 31 612 366 322 35 36 117 208 21 48 161 102 27 1376 388 42 212 87 878 31 429 150 127 237
internal_value=1.91257e-07 0.000425907 0.000632438 0.000744988 0.000994141 -0.00063046 -0.000425922 -0.000447829 -0.000215625 0.0016719 0.000656501 -0.000158179 0.000180779 -0.000687606 -0.00114424 -0.000945326 -0.00178046 -0.00136212 -0.00187912 0.000781279 2.23363e-05 -0.00052359 0.000460148 -0.00130899 -0.000546359 -0.00112332 -0.000998642 0.000334159 -0.000481904 -0.000806359
internal_weight=8000 4776 3844 3542 2457 3224 932 2580 1759 817 1640 787 1085 302 229 821 209 644 145 1478 703 315 578 114 1181 542 511 968 162 279
internal_count=8000 4776 3844 3542 2457 3224 932 2580 1759 817 1640 787 1085 302 229 821 209 644 145 1478 703 315 578 114 1181 542 511 968 162 279
is_linear=0
shrinkage=0.05


Tree=48
num_leaves=31
num_cat=1
split_feature=17 17 12 5 9 14 18 6 18 11 18 18 18 18 5 12 12 5 15 14 11 18 14 14 15 6 11 18 14 18
split_gain=0.782493 0.344039 0.329686 0.189408 0.171673 0.150798 0.138495 0.120978 0.118074 0.0998775 0.0898446 0.111408 0.0785151 0.0851851 0.0704487 0.0665756 0.0640602 0.0555029 0.0539155 0.051107 0.0468092 0.0460975 0.0460895 0.0460249 0.0596315 0.0459364 0.0418175 0.0411992 0.0407169 0.0388993
threshold=0.87355279941493469 0.35969473323129703 18423.450000000001 2.5000000000000004 0 1.0000000180025095e-35 0.99658510511450216 1.0000000180025095e-35 0.24282897374862061 1661.6000000000001 0.81012519751927992 0.23090205492527774 0.6239562757755972 0.43635272231947164 2.5000000000000004 27067.900000000001 14242.9 1.0000000180025095e-35 1.5000000000000002 1.0000000180025095e-35 23231.300000000003 0.077990851789606533 1.0000000180025095e-35 1.0000000180025095e-35 1.5000000000000002 1.0000000180025095e-35 20084.800000000003 0.55499479269136909 1.0000000180025095e-35 0.072002109076890322
decision_type=2 2 2 2 1 2 2 2 2 2 2 2 2 2 2 2 2 2 2 2 2 2 2 2 2 2 2 2 2 2
left_child=1 2 16 6 23 9 8 10 21 -4 11 22 13 -10 15 26 -1 -7 -6 -9 -18 -2 -3 24 -5 -8 -11 -15 -14 -17
right_child=3 7 5 4 18 17 25 19 12 14 -12 -13 28 27 -16 29 20 -19 -20 -21 -22 -23 -24 -25 -26 -27 -28 -29 -30 -31
leaf_value=0.001725304808186962 -0.0013124435648530931 0.00082295509481993998 -0.0014068709215807982 -0.002531807883642614 -0.0045605079581340158 -0.00129544691192207 -0.00079907067816884598 0.00033235813005118986 -8.379100434610648e-05 0.00033497446329985815 0.0004604001338568062 0.0015500130013962328 -0.00029273319691532784 0.0011205715867784972 -0.0014649033634118553 -0.0025572399818338458 0.00023639607995692421 -0.0032570074157168474 -0.0023384376609907188 -0.0011686124143042516 0.001930496715940535 -0.00048830413269205543 -0.00057539635100280315 -0.002289359356151321 0.00041367871127163871 -0.0017456157170032561 0.0019752992590521138 4.8794519478708646e-05 -0.0014840613431324316 -0.00029054579299709054
leaf_weight=202 217 489 162 20 33 145 600 403 715 403 540 925 432 305 81 20 221 48 158 66 50 778 67 26 122 163 43 127 86 353
leaf_count=202 217 489 162 20 33 145 600 403 715 403 540 925 432 305 81 20 221 48 158 66 50 778 67 26 122 163 43 127 86 353
internal_value=1.81691e-07 0.000468426 -7.36351e-05 -0.000522044 -0.00161465 -0.000497627 -0.000407452 0.000844604 -0.000237117 -0.000263978 0.00101249 0.0012138 2.04028e-05 0.000251143 -5.82578e-05 8.08609e-05 0.00105133 -0.0017833 -0.00258691 0.000121134 0.000548961 -0.000668041 0.000654449 -0.000335341 -1.17856e-06 -0.00100128 0.000493122 0.000805489 -0.000490521 -0.000412084
internal_weight=8000 4218 1728 3782 359 1255 3423 2490 2660 1062 2021 1481 1665 1147 900 819 473 193 191 469 271 995 556 168 142 763 446 432 518 373
internal_count=8000 4218 1728 3782 359 1255 3423 2490 2660 1062 2021 1481 1665 1147 900 819 473 193 191 469 271 995 556 168 142 763 446 432 518 373
cat_boundaries=0 1
cat_threshold=12
is_linear=0
shrinkage=0.05


Tree=49
num_leaves=31
num_cat=1
split_feature=17 14 18 18 14 5 17 6 15 5 5 17 15 5 18 18 18 6 5 15 17 16 11 18 18 6 18 8 6 5
split_gain=0.709418 0.302171 0.20856 0.213931 0.155893 0.146512 0.114783 0.100983 0.099779 0.245767 0.0963855 0.0754609 0.0686278 0.254316 0.0654428 0.117009 0.0792218 0.062454 0.0588888 0.0571119 0.0555022 0.0524538 0.0510155 0.047158 0.0634169 0.0458487 0.0451336 0.044719 0.044463 0.0407094
threshold=1.0051258128570599 1.0000000180025095e-35 1.0143714325205082 0.098688261929857593 1.0000000180025095e-35 1.0000000180025095e-35 0.082109413785188295 1.0000000180025095e-35 1.5000000000000002 1.0000000180025095e-35 1.0000000180025095e-35 0.21245734015601511 2.5000000000000004 1.0000000180025095e-35 0.28932501902733038 0.58790785575135607 0.41676134691537053 1.0000000180025095e-35 2.5000000000000004 1.5000000000000002 0.057312725584397504 0 18737.500000000004 0.72251030147762607 0.29911424590235575 1.0000000180025095e-35 1.0143714325205082 36.500000000000007 1.0000000180025095e-35 1.0000000180025095e-35
decision_type=2 2 2 2 2 2 2 2 2 2 2 2 2 2 2 2 2 2 2 2 2 1 2 2 2 2 2 2 2 2
left_child=1 2 3 18 7 11 22 12 9 -8 -6 -3 13 -2 -10 16 -16 20 25 -7 -4 -9 -5 24 -14 -1 -21 -23 -13 -19
right_child=4 5 17 6 10 19 8 21 14 -11 -12 28 23 -15 15 -17 -18 29 -20 26 -22 27 -24 -25 -26 -27 -28 -29 -30 -31
leaf_value=8.8943411410511716e-05 -0.00010666018401208188 -0.0011889562942815246 -0.0019267563630516332 -0.00048933309279329312 -0.00095989055868408795 -0.00402998162060976 0.00092326654982981368 -0.0003232694397546376 0.00073982744762854337 -0.0022531598526984455 -0.002522303897143609 0.00046834329753116054 -0.00030500525816782968 -0.0027618549114880649 0.0011701924848296643 0.00072313300089820506 0.0021095069469444275 -0.00060964324360908212 -0.0024318769884606201 -0.0010151028259539 0.00017487932857372001 -0.0012292495276138313 0.0017232289235107603 -0.00051929970968984929 0.00042489002558298086 -0.0013796516066441424 -0.0031248253830199247 -0.0034617749838313709 -0.0009200641832521029 -0.0025371127743924532
leaf_weight=257 338 130 33 198 360 25 255 175 851 80 136 307 618 123 444 558 454 141 33 122 654 343 30 533 574 67 32 24 71 34
leaf_count=257 338 130 33 198 360 25 255 175 851 80 136 307 618 123 444 558 454 141 33 122 654 343 30 533 574 67 32 24 71 34
internal_value=1.72608e-07 0.000387021 0.000550039 0.000734596 -0.000572901 -0.000583252 0.000878178 -0.000424648 0.000971069 0.000164717 -0.00138829 -0.000149818 -0.000273171 -0.000815096 0.00108816 0.00129175 0.00164508 -0.000140874 -0.000419692 -0.00181333 7.39274e-05 -0.00103559 -0.000198207 -0.000128344 4.64712e-05 -0.000214748 -0.00145349 -0.00137525 0.000207558 -0.000984123
internal_weight=8000 4776 4089 3227 3224 687 2870 2728 2642 335 496 508 2186 461 2307 1456 898 862 357 179 687 542 228 1725 1192 324 154 367 378 175
internal_count=8000 4776 4089 3227 3224 687 2870 2728 2642 335 496 508 2186 461 2307 1456 898 862 357 179 687 542 228 1725 1192 324 154 367 378 175
cat_boundaries=0 1
cat_threshold=2
is_linear=0
shrinkage=0.05


Tree=50
num_leaves=31
num_cat=1
split_feature=17 17 11 12 14 6 14 5 11 15 5 6 17 18 18 5 11 16 18 17 18 17 6 18 18 11 11 5 15 5
split_gain=0.646855 0.311791 0.451393 0.172028 0.165444 0.109465 0.108497 0.0931605 0.0888011 0.0785175 0.18361 0.0784484 0.0726748 0.0671848 0.0852527 0.062036 0.0607909 0.0580357 0.0515818 0.0515351 0.0491262 0.0468452 0.0465799 0.0439133 0.0624018 0.0403031 0.0391867 0.0407565 0.0391318 0.0612614
threshold=0.87355279941493469 0.54001463503983893 7058.8500000000013 22998.800000000003 1.0000000180025095e-35 1.0000000180025095e-35 1.0000000180025095e-35 1.0000000180025095e-35 19411.550000000003 1.0000000180025095e-35 1.0000000180025095e-35 1.0000000180025095e-35 0.76862815011851704 0.72251030147762607 0.39237536073533014 2.5000000000000004 2561.5000000000005 0 0.57544936865584873 0.35969473323129703 1.15713434199829 0.052026372957078439 1.0000000180025095e-35 0.68366125538987765 0.38401944729004961 13611.1 4445.8500000000013 1.0000000180025095e-35 1.5000000000000002 1.0000000180025095e-35
decision_type=2 2 2 2 2 2 2 2 2 2 2 2 2 2 2 2 2 1 2 2 2 2 2 2 2 2 2 2 2 2
left_child=1 2 6 11 5 9 16 -6 12 10 -2 21 22 14 -11 17 -1 -7 -16 23 -19 -4 -3 24 -5 -21 -14 -28 29 -23
right_child=4 8 3 19 7 15 -8 -9 -10 13 -12 -13 26 -15 18 -17 -18 20 -20 25 -22 28 -24 -25 -26 -27 27 -29 -30 -31
leaf_value=-0.0010088128919955458 -0.00014557262258604168 0.0015214269917463929 -2.6423368503206544e-05 -0.00053996092501419309 -0.00085878420994969979 -0.0014265393662194234 -0.001938333394386255 -0.0022757526018648837 -7.5378466014993436e-05 -0.00018719086656047906 -0.0036345037959378077 0.00012357273624549815 0.0012352010342453566 -0.00050561861169243997 0.00095118843341441748 -0.0024211921287426398 -0.00017360734521950711 -9.8709850811225448e-05 -5.9125404055521355e-05 0.00018803457179586335 -0.0015376069809536676 0.0011400534261838402 0.00065331200401327655 -0.0011467450381421327 0.0010770616065017523 0.0018280261133510906 0.00057457137740012478 -0.00079160680387368705 0.0015359757305819649 -0.0020302303519565616
leaf_weight=355 125 775 63 181 415 208 152 161 181 1095 54 182 159 746 343 62 564 299 200 134 74 64 193 123 89 52 248 70 613 20
leaf_count=355 125 775 63 181 415 208 152 161 181 1095 54 182 159 746 343 62 564 299 200 134 74 64 193 123 89 52 248 70 613 20
internal_value=1.6398e-07 0.000425896 8.54157e-05 0.000639098 -0.000474647 -0.000334474 -0.000700906 -0.00125485 0.000968653 -0.000188136 -0.0011981 0.00105598 0.00109943 -0.000112304 6.68245e-05 -0.000917778 -0.000496238 -0.000757345 0.000579065 -3.91539e-05 -0.000384175 0.00127927 0.00134834 -0.000363675 -6.94239e-06 0.000646527 0.000594294 0.00027384 0.00139729 0.000385224
internal_weight=8000 4218 2592 1521 3782 3206 1071 576 1626 2563 179 942 1445 2384 1638 643 919 581 543 579 373 760 968 393 270 186 477 318 697 84
internal_count=8000 4218 2592 1521 3782 3206 1071 576 1626 2563 179 942 1445 2384 1638 643 919 581 543 579 373 760 968 393 270 186 477 318 697 84
cat_boundaries=0 1
cat_threshold=1
is_linear=0
shrinkage=0.05


Tree=51
num_leaves=31
num_cat=2
split_feature=17 17 18 18 6 5 5 15 12 5 15 9 5 5 14 14 5 15 9 5 6 8 8 11 17 18 18 5 11 17
split_gain=0.585844 0.267438 0.199049 0.238388 0.145254 0.0979523 0.0969426 0.25347 0.0963768 0.0895905 0.114348 0.089 0.0986141 0.0942901 0.0819109 0.0710558 0.0691162 0.169424 0.0663299 0.063305 0.0518648 0.0510479 0.057364 0.0486847 0.0958501 0.0478014 0.0567188 0.041755 0.0402217 0.0650173
threshold=0.92606086307287783 0.082109413785188295 0.73038561824353654 0.26862488695674469 1.0000000180025095e-35 2.5000000000000004 1.0000000180025095e-35 2.5000000000000004 26071.100000000002 1.0000000180025095e-35 1.0000000180025095e-35 0 2.5000000000000004 2.5000000000000004 1.0000000180025095e-35 1.0000000180025095e-35 1.0000000180025095e-35 2.5000000000000004 1 1.0000000180025095e-35 1.0000000180025095e-35 4.5000000000000009 37.500000000000007 5556.7000000000007 0.57708328618108984 0.94480454563695304 0.29307142166851563 2.5000000000000004 8791.6500000000033 0.5624342116991824
decision_type=2 2 2 2 2 2 2 2 2 2 2 1 2 2 2 2 2 2 1 2 2 2 2 2 2 2 2 2 2 2
left_child=1 5 3 14 6 8 25 -8 -1 23 -11 12 -9 -13 20 21 28 -18 -12 -16 -3 -6 -23 24 -4 26 -2 -20 29 -5
right_child=4 2 9 16 15 -7 7 11 -10 10 18 13 -14 -15 19 -17 17 -19 27 -21 -22 22 -24 -25 -26 -27 -28 -29 -30 -31
leaf_value=0.00012255363063118661 -0.00034557259869250908 0.00056948344719351721 -0.0010046456231190065 0.00059548863843180094 -0.0020003365093361936 -0.0032904160402004463 -0.0026391755677411168 -0.00028342512601879069 -0.0015588490362532818 -0.0042543798346411097 0.0003878175848682119 -0.0001201671738523133 0.0027418539561989276 -0.0016746427550145505 -0.00023375941589593723 -0.002272737584183965 -0.0013700372913072623 0.0011382355179164498 -0.00049192069178219714 -0.002436518447384948 -0.0002817264310986894 -0.00056213925999898796 -0.0026895052736268985 0.00046078829500416401 0.00076358910551448393 -0.00058886543692876199 0.00024291314289541789 -0.0021499066630092461 0.0016773732987217381 0.001656258891844945
leaf_weight=194 754 906 191 319 90 38 152 65 152 22 119 279 46 150 146 113 86 310 86 42 223 466 34 641 128 489 896 68 531 264
leaf_count=194 754 906 191 319 90 38 152 65 152 22 119 279 46 150 146 113 86 310 86 42 223 466 34 641 128 489 896 68 531 264
internal_value=1.55782e-07 0.000380774 0.000499447 0.000732081 -0.000480841 -0.000880743 -0.000321103 -0.000835513 -0.000616097 -2.45811e-05 -0.000786667 -0.000327816 0.000890105 -0.000648572 0.000240444 -0.00112411 0.00116088 0.00059351 -0.000507217 -0.000725865 0.000401353 -0.000904119 -0.0007068 0.000209601 -0.000295135 -0.000154683 -2.6007e-05 -0.00114938 0.00136257 0.00107584
internal_weight=8000 4466 4082 2827 3534 384 2831 692 346 1255 295 540 111 429 1317 703 1510 396 273 188 1129 590 500 960 319 2139 1650 154 1114 583
internal_count=8000 4466 4082 2827 3534 384 2831 692 346 1255 295 540 111 429 1317 703 1510 396 273 188 1129 590 500 960 319 2139 1650 154 1114 583
cat_boundaries=0 1 2
cat_threshold=8 10
is_linear=0
shrinkage=0.05


Tree=52
num_leaves=31
num_cat=3
split_feature=17 5 9 6 14 18 18 15 16 18 5 6 17 14 15 5 8 18 14 17 16 18 18 17 18 14 18 18 18 14
split_gain=0.532673 0.254217 0.289489 0.199233 0.123368 0.123083 0.165121 0.0998045 0.0830027 0.0778222 0.0756337 0.0754287 0.0630891 0.056601 0.0542814 0.135583 0.0535578 0.0518169 0.0493062 0.0452296 0.0445643 0.0441591 0.0671495 0.0423102 0.0410043 0.0401218 0.0384361 0.0366541 0.0454409 0.0344803
threshold=1.0051258128570599 2.5000000000000004 0 1.0000000180025095e-35 1.0000000180025095e-35 0.68926797648153548 0.40384732624045544 1.5000000000000002 1 0.05789823518886681 1.0000000180025095e-35 1.0000000180025095e-35 0.11686220041365242 1.0000000180025095e-35 1.0000000180025095e-35 1.0000000180025095e-35 4.5000000000000009 0.5686526807578941 1.0000000180025095e-35 0.16885805640743132 2 0.72251030147762607 0.39685762094611404 0.18149084481207833 0.57544936865584873 1.0000000180025095e-35 0.13628066856003765 0.095087825679831664 0.66931036568594615 1.0000000180025095e-35
decision_type=2 2 1 2 2 2 2 2 1 2 2 2 2 2 2 2 2 2 2 2 1 2 2 2 2 2 2 2 2 2
left_child=1 3 13 5 11 6 9 -4 -5 -1 27 14 -7 -3 15 -2 -10 -8 -11 -18 -13 22 -16 -9 -24 -25 -22 -6 -29 -14
right_child=4 2 7 8 10 12 17 23 16 18 -12 20 29 -15 21 -17 19 -19 -20 -21 26 -23 24 25 -26 -27 -28 28 -30 -31
leaf_value=-0.00069817567930621066 -0.00017484404397524953 0.0011420169037277739 -0.0040182714913646845 0.000451332129407191 -0.0024858826379415642 -0.0009018937384160197 0.0017549280095352647 -0.0027859620055985745 -0.001703814722115769 0.00076547334326576794 -0.0022263150468514888 -0.00023596872915680121 0.00044833025465559765 -0.0013711232942743945 -0.00024847032943274626 -0.0034118750593220091 -0.0013656754190141448 0.00085667563667205589 -4.0169983510123231e-05 -0.00012882698699861957 -0.0025743722835452195 -0.0005128540690189341 0.00085891172373035079 -0.00079384299051742438 -0.00012110439974418774 -0.0028381889767063384 -0.001014322845839392 -0.00023922515745373229 -0.0014578422889631043 -0.00036368520430480732
leaf_weight=116 109 162 43 294 31 118 485 45 90 1280 136 175 835 26 947 46 92 240 223 376 45 629 284 168 171 28 322 208 121 155
leaf_count=116 109 162 43 294 31 118 485 45 90 1280 136 175 835 26 947 46 92 240 223 376 45 629 284 168 171 28 322 208 121 155
internal_value=1.72229e-07 0.000335385 -0.000766168 0.000456187 -0.000496408 0.000625192 0.000830462 -0.00173806 -0.00022856 0.000549635 -0.00122177 -0.000364524 0.00019094 0.000754331 -0.000233609 -0.00113551 -0.000586782 0.00145758 0.00064594 -0.000371968 -0.000892534 -0.000164778 -8.61578e-06 -0.00140333 0.000490598 -0.00108589 -0.00120561 -0.000842278 -0.00068741 0.000321197
internal_weight=8000 4776 472 4304 3224 3452 2344 284 852 1619 496 2728 1108 188 2186 155 558 725 1503 468 542 2031 1402 241 455 196 367 360 329 990
internal_count=8000 4776 472 4304 3224 3452 2344 284 852 1619 496 2728 1108 188 2186 155 558 725 1503 468 542 2031 1402 241 455 196 367 360 329 990
cat_boundaries=0 1 2 3
cat_threshold=9 2 2
is_linear=0
shrinkage=0.05


Tree=53
num_leaves=31
num_cat=1
split_feature=17 17 11 12 5 9 18 14 18 11 6 17 18 18 18 14 17 5 15 6 14 6 15 18 18 6 18 18 11 15
split_gain=0.486352 0.258056 0.388434 0.152585 0.132559 0.20786 0.100837 0.0905404 0.0903917 0.08005 0.0691118 0.0657947 0.0562054 0.0685222 0.059481 0.0509088 0.0500902 0.0431981 0.0518838 0.0398751 0.0396005 0.0376583 0.0367624 0.0367172 0.0712523 0.0359318 0.0354275 0.0445648 0.0352699 0.0347295
threshold=0.87355279941493469 0.54001463503983893 7058.8500000000013 24579.450000000008 2.5000000000000004 0 1.0696310785244019 1.0000000180025095e-35 0.091666885136711743 19411.550000000003 1.0000000180025095e-35 0.76862815011851704 0.068450202817374947 0.59384116945412302 0.42733878949295007 1.0000000180025095e-35 0.052026372957078439 1.0000000180025095e-35 2.5000000000000004 1.0000000180025095e-35 1.0000000180025095e-35 1.0000000180025095e-35 2.5000000000000004 0.66224189540379763 0.42310511687933455 1.0000000180025095e-35 0.94480454563695304 0.098688261929857593 4445.8500000000013 1.5000000000000002
decision_type=2 2 2 2 2 1 2 2 2 2 2 2 2 2 2 2 2 2 2 2 2 2 2 2 2 2 2 2 2 2
left_child=1 2 7 10 6 20 8 12 -2 11 16 21 -1 14 -14 29 -4 -15 -19 22 -6 -3 -7 24 -5 -8 27 -18 -13 -10
right_child=4 9 3 23 5 19 25 -9 15 -11 -12 28 13 17 -16 -17 26 18 -20 -21 -22 -23 -24 -25 -26 -27 -28 -29 -30 -31
leaf_value=-0.0022061558795071 -0.0010429279273898246 0.0013797271142755036 -0.00017191565072217991 -0.00031057293551925739 0.00067012858990707596 -0.0031746257403667301 -0.0006669583353795265 -0.0018002621922373931 -0.00050393411846314299 -0.00012815910910393848 7.5377856552222508e-05 0.001114664012170836 -0.00031567182367449103 -0.00063018318569982735 0.00096849500762894835 -0.00061623088048272151 0.00022152380282194288 -0.0040179249015636744 -0.0011728664552319353 -0.0036330063888074266 -0.0015290014802012593 0.00059916265513752461 -0.001539554037049129 -0.00080383098610074344 0.0013768102573607501 -0.0015443699282532302 0.00062523731364070017 0.0015740516124168324 0.00020261351084353114 9.3697262049505692e-05
leaf_weight=45 273 775 70 237 113 47 538 152 281 181 200 159 405 272 116 380 69 22 59 46 25 193 128 154 85 149 187 519 318 1802
leaf_count=45 273 775 70 237 113 47 538 152 281 181 200 159 405 272 116 380 69 22 59 46 25 193 128 154 85 149 187 519 318 1802
internal_value=1.63617e-07 0.000369318 5.95641e-05 0.000573183 -0.000411548 -0.0013256 -0.000315684 -0.000669862 -0.000179697 0.000863095 0.000911176 0.000987259 -0.000482897 -0.00039417 -2.97537e-05 -8.40157e-05 0.001109 -0.000932021 -0.0019456 -0.00222246 0.000253375 0.0012241 -0.00197869 -0.000168838 0.000134854 -0.000857256 0.00122469 0.00141534 0.00050663 1.30758e-05
internal_weight=8000 4218 2592 1521 3782 359 3423 1071 2736 1626 1045 1445 919 874 521 2463 845 353 81 221 138 968 175 476 322 687 775 588 477 2083
internal_count=8000 4218 2592 1521 3782 359 3423 1071 2736 1626 1045 1445 919 874 521 2463 845 353 81 221 138 968 175 476 322 687 775 588 477 2083
cat_boundaries=0 1
cat_threshold=24
is_linear=0
shrinkage=0.05


Tree=54
num_leaves=31
num_cat=1
split_feature=17 14 18 18 5 14 11 17 17 5 6 17 17 11 17 6 0 15 5 4 18 16 18 15 11 17 6 5 5 18
split_gain=0.439865 0.226345 0.153714 0.170738 0.111693 0.104691 0.0726661 0.142338 0.0742456 0.0658071 0.0652315 0.0646673 0.064577 0.0908867 0.0577817 0.0483392 0.0466697 0.0466488 0.181432 0.0443523 0.0414412 0.0400435 0.039725 0.0394097 0.0392075 0.0425563 0.0362556 0.0345692 0.0328916 0.0323514
threshold=1.0051258128570599 1.0000000180025095e-35 1.0143714325205082 0.15572584682341378 1.0000000180025095e-35 1.0000000180025095e-35 5642.3000000000002 0.59943322120283349 0.76250150875841216 1.0000000180025095e-35 1.0000000180025095e-35 0.14404513416368495 0.32634879090300212 19120.350000000002 0.22648915806956124 1.0000000180025095e-35 2688.4000000000001 2.5000000000000004 1.0000000180025095e-35 2.6707274600000002 0.60817256290573829 0 0.42310511687933455 1.5000000000000002 5256.4500000000007 0.52783569895436999 1.0000000180025095e-35 2.5000000000000004 1.0000000180025095e-35 0.095087825679831664
decision_type=2 2 2 2 2 2 2 2 2 2 2 2 2 2 2 2 2 2 2 2 2 1 2 2 2 2 2 2 2 2
left_child=1 2 3 11 14 10 7 -5 12 29 17 -1 13 20 -3 24 -6 18 -2 -13 22 -12 -8 -18 25 -4 -16 -23 -17 -7
right_child=5 4 15 6 16 9 8 -9 -10 -11 21 19 -14 -15 26 28 23 -19 -20 -21 -22 27 -24 -25 -26 -27 -28 -29 -30 -31
leaf_value=-0.0013978500056293257 -5.6285844774069139e-05 -0.0010384772086635006 -0.0012342557929651725 -9.1891886755263285e-05 -0.0038235206373168958 -0.0023094421806519913 0.00037639446761795239 0.0011970450033995019 0.0003959467775462315 -0.0020563169068683398 -0.00019825600928119718 -0.0010038886439248512 0.0014983825116845508 0.0020571616179884521 0.00040561688097340417 -0.00055254835382880852 -0.003331607065740086 -8.8455958430737761e-05 -0.0022989589141253989 0.00025459520012938543 -0.00037898032002500786 -0.00095247969867825783 0.0015587919437344755 -0.0010054974045700488 0.00028545695034744751 0.00021899000566160491 -0.00085046056229260444 -0.0025452685517896164 -0.0022850857833605809 -0.00061982106043446581
leaf_weight=84 338 136 106 531 21 31 234 359 401 136 175 81 697 111 301 141 21 1725 123 516 111 329 102 137 485 96 71 38 34 329
leaf_count=84 338 136 106 531 21 31 234 359 401 136 175 81 697 111 301 141 21 1725 123 516 111 329 102 137 485 96 71 38 34 329
internal_value=1.55437e-07 0.00030477 0.000445859 0.000604301 -0.000534987 -0.000451097 0.000792397 0.000428028 0.000988224 -0.0011193 -0.000329606 -9.89181e-05 0.00117747 0.000776615 -0.000156545 -0.00014729 -0.001609 -0.000207861 -0.000654656 8.38461e-05 0.000458627 -0.000820629 0.000735337 -0.00131466 4.16864e-05 -0.000543604 0.000165882 -0.0011174 -0.000889156 -0.000765316
internal_weight=8000 4776 4089 3227 687 3224 2546 890 1656 496 2728 681 1255 558 508 862 179 2186 461 597 447 542 336 158 687 202 372 367 175 360
internal_count=8000 4776 4089 3227 687 3224 2546 890 1656 496 2728 681 1255 558 508 862 179 2186 461 597 447 542 336 158 687 202 372 367 175 360
cat_boundaries=0 1
cat_threshold=2
is_linear=0
shrinkage=0.05


Tree=55
num_leaves=31
num_cat=0
split_feature=17 17 11 12 18 18 14 14 18 11 17 6 11 5 5 15 17 6 18 18 18 6 18 18 15 5 11 6 18 18
split_gain=0.401374 0.219826 0.329802 0.136353 0.118179 0.187395 0.0781285 0.0739488 0.0733574 0.0722604 0.0569982 0.0563871 0.0516748 0.0427749 0.042388 0.124992 0.039788 0.039575 0.0365715 0.0450494 0.0369406 0.0348091 0.0346579 0.0421003 0.0342756 0.0570545 0.0335126 0.0321831 0.031348 0.0439663
threshold=0.87355279941493469 0.54001463503983893 7058.8500000000013 22998.800000000003 0.66931036568594615 0.36313207504659589 1.0000000180025095e-35 1.0000000180025095e-35 0.091666885136711743 19411.550000000003 0.76862815011851704 1.0000000180025095e-35 1403.8000000000002 2.5000000000000004 1.0000000180025095e-35 2.5000000000000004 0.35969473323129703 1.0000000180025095e-35 0.068450202817374947 0.59384116945412302 0.37699242600059796 1.0000000180025095e-35 0.57544936865584873 0.45482147816435398 1.5000000000000002 1.0000000180025095e-35 13611.1 1.0000000180025095e-35 0.68366125538987765 0.38401944729004961
decision_type=2 2 2 2 2 2 2 2 2 2 2 2 2 2 2 2 2 2 2 2 2 2 2 2 2 2 2 2 2 2
left_child=1 2 6 11 5 8 12 13 17 10 27 24 -1 21 -10 -16 28 -2 -14 20 -20 -6 23 -7 25 -4 -18 -3 29 -5
right_child=4 9 3 16 7 22 -8 -9 14 -11 -12 -13 18 -15 15 -17 26 -19 19 -21 -22 -23 -24 -25 -26 -27 -28 -29 -30 -31
leaf_value=-0.0011272828256204417 -0.00088473299271673179 0.0012735196082646707 0.00087347370238308989 -0.00051210626430947136 -0.00033614997179958253 0.00021299501859658963 -0.0016725739541255424 -0.0016127547089195859 -0.00015665951783687811 -0.00015054975996694469 0.0004618617123596244 0.00010352966722061515 -0.0018666558249881776 -0.0015375136542186538 -0.0025577789541178695 -0.00025733075949639915 0.00010344147946187747 -0.0022892333470129716 -0.00016364380935009193 -0.00065791346078185602 0.00085692441094114408 -0.0010512172629846708 -0.00011886015070126407 0.0010399166126652355 0.001208723267988936 -0.0020407030157829553 0.0015989082464679648 0.00055192696738910047 -0.0010277221714086336 0.00084519836941223498
leaf_weight=215 246 775 71 181 789 301 152 211 1009 181 477 182 33 108 78 243 134 63 266 272 133 217 202 315 667 22 52 193 123 89
leaf_count=215 246 775 71 181 789 301 152 211 1009 181 477 182 33 108 78 243 134 63 266 272 133 217 202 315 667 22 52 193 123 89
internal_value=1.47666e-07 0.000335505 4.96144e-05 0.000522885 -0.00037387 -0.00016862 -0.000622509 -0.000754475 -0.000477104 0.000791241 0.000909209 0.000894036 -0.000448832 -0.00059191 -0.00031587 -0.000816318 -8.09569e-05 -0.00117109 -0.000241634 -0.000161715 0.000176546 -0.000490394 0.000449481 0.000635853 0.00108334 0.000184099 0.000521529 0.00112965 -0.000366103 -6.46984e-05
internal_weight=8000 4218 2592 1521 3782 2457 1071 1325 1639 1626 1445 942 919 1114 1330 321 579 309 704 671 399 1006 818 616 760 93 186 968 393 270
internal_count=8000 4218 2592 1521 3782 2457 1071 1325 1639 1626 1445 942 919 1114 1330 321 579 309 704 671 399 1006 818 616 760 93 186 968 393 270
is_linear=0
shrinkage=0.05


Tree=56
num_leaves=31
num_cat=2
split_feature=17 5 9 6 18 18 6 16 15 18 18 18 14 17 8 14 18 5 15 17 18 17 8 8 15 18 18 18 1 18
split_gain=0.363437 0.218389 0.264723 0.155147 0.0952255 0.129841 0.0914685 0.0736012 0.0713794 0.0652854 0.0907999 0.0620044 0.0516575 0.0486402 0.048192 0.0447952 0.0436813 0.04282 0.0619699 0.0416266 0.0390433 0.0389947 0.0383201 0.0444325 0.0372875 0.0366667 0.0470556 0.0366508 0.0363719 0.0477968
threshold=1.0051258128570599 2.5000000000000004 0 1.0000000180025095e-35 0.68926797648153548 0.40384732624045544 1.0000000180025095e-35 1 2.5000000000000004 0.7117166847591766 0.39237536073533014 0.12838684786250995 1.0000000180025095e-35 0.11686220041365242 3.5000000000000004 1.0000000180025095e-35 0.5686526807578941 1.0000000180025095e-35 2.5000000000000004 0.22007010299678317 0.57544936865584873 0.082109413785188295 37.500000000000007 4.5000000000000009 1.5000000000000002 1.0143714325205082 0.16719072648362771 0.11789015459270144 498.75000000000006 0.70255581253080357
decision_type=2 2 1 2 2 2 2 1 2 2 2 2 2 2 2 2 2 2 2 2 2 2 2 2 2 2 2 2 2 2
left_child=1 3 24 4 5 11 9 -5 -4 10 27 15 22 -6 -9 -1 -7 -11 -19 -10 -12 -16 23 -8 -3 26 -23 -2 -26 -30
right_child=6 2 8 7 13 16 12 14 19 17 20 -13 -14 -15 21 -17 -18 18 -20 -21 -22 25 -24 -25 28 -27 -28 -29 29 -31
leaf_value=0.00017136471133767374 -0.00082420632322399538 -0.0011710523844654249 -0.003324062642475058 0.00042496910260821585 -0.00080339271971058496 0.0015477983416221646 -0.0017117107467373256 -0.0018322833253142353 -0.0025191668579022269 -0.0004332739812926632 0.00074811179695894554 0.00066075520823502369 -0.0019753690020069387 0.0002705443188390957 -0.0019010719452918962 -0.0012671153535068567 0.00072307077646655677 -0.0028377999148991272 -0.00079233603000942337 -0.00095187164558734657 -0.00012039859028077753 -0.00099672912534455528 -0.0024557547044100976 -0.00044144327523633743 -5.6471282458108547e-05 -0.0011044231459946428 0.00032173160254498007 -0.00018807592491502896 0.0025638891388163241 0.00048870940978469504
leaf_weight=384 303 22 56 294 118 485 82 65 56 617 348 1172 102 990 39 63 240 48 162 174 206 91 31 429 53 99 264 896 56 55
leaf_count=384 303 22 56 294 118 485 82 65 56 617 348 1172 102 990 39 63 240 48 162 174 206 91 31 429 53 99 264 896 56 55
internal_value=1.40281e-07 0.000277029 -0.000743953 0.000388995 0.000538134 0.000718686 -0.00041004 -0.000215261 -0.00166502 -0.000276982 -0.000104227 0.000469661 -0.000943099 0.000156172 -0.000552587 -3.13741e-05 0.00127479 -0.000643172 -0.00125987 -0.00133347 0.000425164 -0.000383864 -0.000748834 -0.000645283 0.000722963 -0.000253531 -1.624e-05 -0.000348833 0.00102112 0.00153565
internal_weight=8000 4776 472 4304 3452 2344 3224 852 286 2580 1753 1619 644 1108 558 447 725 827 210 230 554 493 542 511 186 454 355 1199 164 111
internal_count=8000 4776 472 4304 3452 2344 3224 852 286 2580 1753 1619 644 1108 558 447 725 827 210 230 554 493 542 511 186 454 355 1199 164 111
cat_boundaries=0 1 2
cat_threshold=10 2
is_linear=0
shrinkage=0.05


Tree=57
num_leaves=31
num_cat=0
split_feature=17 17 14 14 18 18 5 12 5 18 18 15 5 5 11 17 17 6 15 5 6 17 12 5 17 11 6 11 5 11
split_gain=0.331725 0.201508 0.134978 0.101925 0.100001 0.099565 0.0767236 0.0734183 0.0672653 0.0666922 0.0726722 0.0632511 0.15748 0.0627331 0.0534091 0.102108 0.059 0.0515488 0.0501132 0.122742 0.039006 0.0345626 0.0554216 0.0327319 0.0326109 0.0373676 0.0321585 0.0319768 0.0287974 0.0287441
threshold=0.87355279941493469 0.082109413785188295 1.0000000180025095e-35 1.0000000180025095e-35 1.0143714325205082 0.13108907548546417 2.5000000000000004 26071.100000000002 1.0000000180025095e-35 0.99658510511450216 0.091666885136711743 2.5000000000000004 1.0000000180025095e-35 2.5000000000000004 5177.4500000000007 0.63534852012036591 0.74373901051057412 1.0000000180025095e-35 1.5000000000000002 1.0000000180025095e-35 1.0000000180025095e-35 0.35969473323129703 27067.900000000001 1.0000000180025095e-35 0.46242758077690699 17763.250000000004 1.0000000180025095e-35 18737.500000000004 2.5000000000000004 19120.350000000002
decision_type=2 2 2 2 2 2 2 2 2 2 2 2 2 2 2 2 2 2 2 2 2 2 2 2 2 2 2 2 2 2
left_child=1 6 4 9 5 24 7 27 17 10 28 12 -7 26 15 -13 21 -4 19 -12 -6 22 29 -22 25 -3 -5 -1 -2 -16
right_child=3 2 8 13 20 11 -8 -9 -10 -11 18 14 -14 -15 16 -17 -18 -19 -20 -21 23 -23 -24 -25 -26 -27 -28 -29 -30 -31
leaf_value=-0.00021449281303611764 -0.00069460503750807666 -0.0007392274638757893 0.00028010119146327378 -0.00057994638556510504 0.00018631962523994099 0.00083159237300545045 -0.0029196219243060213 -0.0013756100415201601 -0.0012647298328924369 -0.00065285936764810596 -3.7412675150686457e-05 7.29073266215977e-05 -0.0013472039119192601 -0.0025268052594727029 0.0010023746038946028 0.0014969514193944634 0.00040800813306109731 -0.0011724838572166241 8.133666892725008e-05 -0.0023810276106519881 -0.00039145698716700806 0.001591766636434281 -0.00014996833667473133 -0.0023924110581865533 0.00040457104458578195 0.0010918306532444562 -0.0015562243476384572 0.0014367418169664841 -0.0022934014865313656 0.0020672742993423634
leaf_weight=158 235 179 329 413 550 328 38 152 139 722 228 373 111 57 249 190 219 75 1915 74 112 520 86 25 231 33 106 36 32 85
leaf_count=158 235 179 329 413 550 328 38 152 139 722 228 373 111 57 249 190 219 75 1915 74 112 520 86 25 231 33 106 36 32 85
internal_value=1.33268e-07 0.000305008 0.000414379 -0.000339888 0.000534886 0.000676454 -0.000786994 -0.000552774 -0.000315986 -0.000229866 -0.000106919 0.000816438 0.000280689 -0.000952267 0.00095302 0.000553491 0.0011471 1.04381e-05 -1.30656e-05 -0.000611676 -1.71421e-06 0.00131929 0.000981934 -0.000756595 -6.40044e-06 -0.000454204 -0.00077934 9.19219e-05 -0.000886221 0.00127338
internal_weight=8000 4218 3834 3782 3291 2604 384 346 543 3206 2484 2161 439 576 1722 563 1159 404 2217 302 687 940 420 137 443 212 519 194 267 334
internal_count=8000 4218 3834 3782 3291 2604 384 346 543 3206 2484 2161 439 576 1722 563 1159 404 2217 302 687 940 420 137 443 212 519 194 267 334
is_linear=0
shrinkage=0.05


Tree=58
num_leaves=31
num_cat=2
split_feature=17 5 9 6 14 6 15 18 16 18 18 18 6 5 8 17 18 18 5 15 18 17 12 8 18 18 17 18 8 7
split_gain=0.299983 0.187016 0.249711 0.13372 0.0834996 0.0804037 0.0717466 0.066018 0.0655218 0.0641527 0.0552685 0.0801357 0.045211 0.043467 0.0431121 0.0428904 0.0400312 0.0429602 0.037436 0.0550216 0.0352495 0.0337598 0.0324615 0.0315509 0.0329403 0.0395148 0.0308018 0.0304898 0.0304527 0.0329915
threshold=1.0051258128570599 2.5000000000000004 0 1.0000000180025095e-35 1.0000000180025095e-35 1.0000000180025095e-35 1.5000000000000002 0.96390869905011034 1 0.27485866239882417 0.7117166847591766 0.39237536073533014 1.0000000180025095e-35 2.5000000000000004 3.5000000000000004 0.26202732991108618 0.60817256290573829 0.45827444641994697 1.0000000180025095e-35 2.5000000000000004 0.57544936865584873 0.052026372957078439 15378.850000000004 2.5000000000000004 0.64255738668680307 0.36587586760759921 0.18149084481207833 0.072002109076890322 27.500000000000004 44.500000000000007
decision_type=2 2 1 2 2 2 2 2 1 2 2 2 2 2 2 2 2 2 2 2 2 2 2 2 2 2 2 2 2 2
left_child=1 3 12 4 7 10 -4 9 -5 -1 11 27 -3 23 -10 22 17 -11 -12 -20 -13 -16 -6 -7 25 -25 -8 -2 -23 -30
right_child=5 2 6 8 15 13 26 -9 14 16 18 20 -14 -15 21 -17 -18 -19 19 -21 -22 28 -24 24 -26 -27 -28 -29 29 -31
leaf_value=0.00040940222264088496 -0.00099841064925040596 0.0011267930306334451 -0.0035337773513801525 0.00039838577531492751 0.0008966517639133481 -0.0020099652770699727 -0.0024963677886666522 0.00014444150839123705 -0.0017343288855268979 0.00087098673350871527 -0.00038844800684764512 0.00071536081906178254 -0.00086521589812556558 -0.0021308644873751031 -0.0023765302851097661 0.00019214761934335911 0.00055162724902257237 0.0015860104250273854 -0.0026481725709648646 -0.00072078840213281282 -0.00010987554341077113 -8.6148982643408092e-05 -0.0011511793894121677 -0.00070188926372338756 -0.0011146456675924811 0.00047219879091575868 -0.0010458183296466405 -0.00022510239975919995 -0.0017819010572081122 0.00027205486539028713
leaf_weight=968 145 153 43 294 23 45 45 636 65 572 617 348 35 62 20 360 439 332 48 162 206 384 122 217 213 107 196 1054 60 29
leaf_count=968 145 153 43 294 23 45 45 636 65 572 617 348 35 62 20 360 439 332 48 162 206 384 122 217 213 107 196 1054 60 29
internal_value=1.26605e-07 0.000251685 -0.00069312 0.000355297 0.000493755 -0.000372529 -0.00159615 0.000595552 -0.000205683 0.0007197 -0.000247779 -8.88284e-05 0.000717762 -0.000872308 -0.000523956 -0.000100293 0.000943354 0.00113358 -0.000584707 -0.00116133 0.000408504 -0.000364374 -0.000826351 -0.000738235 -0.000631665 -0.00031415 -0.00131667 -0.000318622 -0.000279293 -0.00111263
internal_weight=8000 4776 472 4304 3452 3224 284 2947 852 2311 2580 1753 188 644 558 505 1343 904 827 210 554 493 145 582 537 324 241 1199 473 89
internal_count=8000 4776 472 4304 3452 3224 284 2947 852 2311 2580 1753 188 644 558 505 1343 904 827 210 554 493 145 582 537 324 241 1199 473 89
cat_boundaries=0 1 2
cat_threshold=9 2
is_linear=0
shrinkage=0.05


Tree=59
num_leaves=31
num_cat=0
split_feature=17 17 11 11 14 12 11 18 18 5 5 17 18 18 15 5 10 17 15 5 0 14 5 18 18 11 8 6 5 17
split_gain=0.275844 0.195891 0.28511 0.124681 0.0965541 0.0726818 0.0662804 0.0586759 0.0668365 0.0541362 0.0539818 0.0469664 0.0439931 0.080177 0.0435043 0.111597 0.0370677 0.0335485 0.0319388 0.029212 0.0285268 0.0267444 0.0266522 0.025878 0.0277459 0.0254705 0.025451 0.0263338 0.0253012 0.0248288
threshold=0.851933885426854 0.54001463503983893 13611.1 4221.3500000000013 1.0000000180025095e-35 14327.650000000001 19411.550000000003 0.99658510511450216 0.091666885136711743 2.5000000000000004 1.0000000180025095e-35 0.052026372957078439 0.63616077864417786 0.41676134691537053 1.5000000000000002 1.0000000180025095e-35 37705.750000000007 0.76862815011851704 2.5000000000000004 2.5000000000000004 13054.850000000002 1.0000000180025095e-35 2.5000000000000004 0.10306664233663611 0.99658510511450216 17329.150000000005 5.5000000000000009 1.0000000180025095e-35 1.0000000180025095e-35 1.0280375303172049
decision_type=2 2 2 2 2 2 2 2 2 2 2 2 2 2 2 2 2 2 2 2 2 2 2 2 2 2 2 2 2 2
left_child=1 2 3 11 7 -5 17 8 22 16 -6 -1 13 19 15 -10 -7 26 -12 25 -19 23 -2 -13 -25 -4 27 -3 -8 -16
right_child=4 6 12 5 10 9 28 -9 14 -11 18 21 -14 -15 29 -17 -18 20 -20 -21 -22 -23 -24 24 -26 -27 -28 -29 -30 -31
leaf_value=-0.0021492211691645302 -0.00064195474275481818 0.00075351281417618808 0.00036262436319009148 0.0012441324688620414 -0.00058996662147705508 0.00021961033217740355 0.00015329462445526782 -0.00059028785321964478 -8.9990359873241755e-06 -0.0012064712161208473 -0.0031590555531599016 -0.0016859875186431357 0.00034446030923245143 0.0022997011187164944 0.00045664591092829258 -0.0022253393498249353 -0.00042406113904123061 -0.00058505235387461393 -0.0013348341752396455 -0.00051288426837298824 0.00063386924281790674 -0.0015169511311111993 -0.0021586102066618023 -0.0002586274388073444 -0.0011642262632085476 0.0012979136405173401 0.0011330452685729463 -0.00082281964923822679 -0.0012569795909387592 4.953473108419928e-06
leaf_weight=63 237 154 118 107 422 636 131 736 234 104 29 48 262 115 376 75 345 56 139 39 336 89 33 366 110 190 782 32 42 1594
leaf_count=63 237 154 118 107 422 636 131 736 234 104 29 48 262 115 376 75 345 56 139 39 336 89 33 366 110 190 782 32 42 1594
internal_value=1.20275e-07 0.000284684 1.97013e-05 -0.000306766 -0.000302803 8.55911e-07 0.000732719 -0.000197029 -8.34794e-05 -0.000121753 -0.00089173 -0.0008492 0.000862023 0.00115553 4.6461e-06 -0.000546946 -6.75731e-06 0.000849977 -0.00164973 0.000776342 0.000459738 -0.000715593 -0.000827324 -0.000579485 -0.000467904 0.000939589 0.00100801 0.000482316 -0.000189084 9.11648e-05
internal_weight=8000 4125 2592 1868 3875 1192 1533 3285 2549 1085 590 676 724 462 2279 309 981 1360 168 347 392 613 270 524 476 308 968 186 173 1970
internal_count=8000 4125 2592 1868 3875 1192 1533 3285 2549 1085 590 676 724 462 2279 309 981 1360 168 347 392 613 270 524 476 308 968 186 173 1970
is_linear=0
shrinkage=0.05


Tree=60
num_leaves=31
num_cat=1
split_feature=17 17 11 11 6 12 18 18 11 5 6 16 5 15 5 17 18 18 18 4 5 18 18 18 4 18 17 18 14 5
split_gain=0.248949 0.176791 0.257312 0.112721 0.0891131 0.0659534 0.0598784 0.0898947 0.0598181 0.0575681 0.0501402 0.0500682 0.0459779 0.0423793 0.0466259 0.041938 0.0364637 0.0339321 0.0329541 0.0321934 0.0320587 0.0320232 0.0309789 0.0594684 0.0305668 0.0429379 0.0294967 0.0291281 0.0276281 0.023984
threshold=0.851933885426854 0.54001463503983893 13611.1 4142.7000000000016 1.0000000180025095e-35 14327.650000000001 0.67521442763155248 0.41261938667268638 19411.550000000003 2.5000000000000004 1.0000000180025095e-35 0 2.5000000000000004 2.5000000000000004 1.0000000180025095e-35 0.052026372957078439 1.15713434199829 0.53618662119105232 0.96390869905011034 4.0199067040000003 1.5000000000000002 0.072002109076890322 0.63616077864417786 0.41676134691537053 5.4855345775000002 1.0143714325205082 0.16260759087364027 0.15814187655826814 1.0000000180025095e-35 3.5000000000000004
decision_type=2 2 2 2 2 2 2 2 2 2 2 1 2 2 2 2 2 2 2 2 2 2 2 2 2 2 2 2 2 2
left_child=1 2 3 15 6 -5 7 21 24 11 18 -6 28 14 -4 -1 19 -9 27 -13 -12 -2 23 26 -3 -26 -15 -7 -8 -17
right_child=4 8 13 5 9 10 12 17 -10 -11 20 16 -14 22 -16 29 -18 -19 -20 -21 -22 -23 -24 -25 25 -27 -28 -29 -30 -31
leaf_value=-0.0020417601012417837 -0.00085536211030718887 0.00013923143931510583 0.00061053260392749439 0.0011819258421195983 -0.0011911642755563663 -0.00038639367804975221 -0.00024155731743693589 0.00088434937105458548 -0.00017962988184953735 -0.0020629102137399379 -0.00052151705959144949 -0.0018187628511805089 -0.0014211548990651704 0.00012619203134604237 -0.0014365477857585902 -0.00061862334345404754 -0.0012111952249930862 9.6783140825727163e-05 -0.00051999085214716534 4.047339829423254e-05 -0.0021344981840622891 -0.0001279359716543713 0.00050497114147505021 0.0023451455571679011 0.0010541631989729044 0.00034506029886663387 0.0012356110815475798 0.00039367881060128895 -0.00098771139838594994 -0.0021711785361066389
leaf_weight=63 171 152 97 107 250 155 795 308 173 77 184 25 114 85 39 575 90 246 196 339 37 1313 204 96 931 277 203 525 147 26
leaf_count=63 171 152 97 107 250 155 795 308 173 77 184 25 114 85 39 575 90 246 196 339 37 1313 204 96 931 277 203 525 147 26
internal_value=1.14261e-07 0.00027045 1.87162e-05 -0.000291428 -0.000287663 -2.98784e-06 -0.000167195 -8.86094e-06 0.000696083 -0.000764906 -0.000118563 -0.000622936 -0.000472768 0.000818922 2.35022e-05 -0.000814443 -0.000310036 0.000534636 5.12239e-05 -8.72214e-05 -0.000791564 -0.000211757 0.0010029 0.00126742 0.000807479 0.000891563 0.000908178 0.000215868 -0.000357995 -0.000685789
internal_weight=8000 4125 2592 1868 3875 1204 3094 2038 1533 781 1097 704 1056 724 136 664 454 554 876 364 221 1484 588 384 1360 1208 288 680 942 601
internal_count=8000 4125 2592 1868 3875 1204 3094 2038 1533 781 1097 704 1056 724 136 664 454 554 876 364 221 1484 588 384 1360 1208 288 680 942 601
cat_boundaries=0 1
cat_threshold=1
is_linear=0
shrinkage=0.05


Tree=61
num_leaves=31
num_cat=1
split_feature=14 17 5 17 18 18 18 18 15 5 15 5 15 9 18 6 11 18 18 18 5 18 18 18 18 5 0 12 17 11
split_gain=0.228755 0.209683 0.126737 0.100398 0.0778997 0.130997 0.0598081 0.0851673 0.0513378 0.165203 0.0510719 0.0461059 0.0842756 0.0477783 0.0441224 0.0425925 0.0419476 0.0388745 0.0512848 0.0427144 0.0376564 0.037491 0.0466404 0.036845 0.0392852 0.0309239 0.0281863 0.0622613 0.0324894 0.0366601
threshold=1.0000000180025095e-35 0.93318927726747369 1.0000000180025095e-35 0.082109413785188295 0.66931036568594615 0.36313207504659589 0.125467338602502 0.66931036568594615 2.5000000000000004 1.0000000180025095e-35 1.5000000000000002 1.0000000180025095e-35 1.5000000000000002 0 0.38401944729004961 1.0000000180025095e-35 18737.500000000004 0.68366125538987765 0.44974507119407497 0.53618662119105232 2.5000000000000004 0.5686526807578941 0.46169140461510005 1.0696310785244019 0.13628066856003765 2.5000000000000004 20232.700000000004 28338.700000000004 0.76250150875841216 792.85000000000014
decision_type=2 2 2 2 2 2 2 2 2 2 2 2 2 1 2 2 2 2 2 2 2 2 2 2 2 2 2 2 2 2
left_child=1 3 6 16 5 15 -2 14 9 -3 -4 -6 -13 -14 -8 26 20 18 -10 -20 -1 22 -7 24 -12 -15 27 28 29 -5
right_child=2 8 10 4 11 21 7 -9 17 -11 23 12 13 25 -16 -17 -18 -19 19 -21 -22 -23 -24 -25 -26 -27 -28 -29 -30 -31
leaf_value=-0.00051928770379277016 -0.0013973420260459024 -0.0001143097241406877 -0.0030808188693216918 -0.0011761665637895931 0.00027499097938944375 0.00089362876031712365 -0.00011678188395809889 -0.00083141941919227791 -0.00011516160066155366 -0.0019760511767696245 -0.0027143930697261735 -0.0026820113528456943 0.00066642591469499813 -5.9025654053058185e-05 0.00089961548267654282 -0.00022017591542643694 0.0010662083011610728 -0.00038301556139868357 0.0011292024394470514 5.9162371022168054e-05 -0.0025164210434573202 0.00050606708506157098 0.0017459247847571521 -0.0023375595198740487 -0.00067201990511183915 -0.0015444942188668602 0.0010144427106400058 -0.00039925646056210767 -0.00013610490591385807 0.00077649340971664045
leaf_weight=256 114 443 44 25 903 355 290 295 1186 163 27 37 103 76 169 297 38 798 174 201 26 207 293 60 184 65 186 220 141 624
leaf_count=256 114 443 44 25 903 355 290 295 1186 163 27 37 103 76 169 297 38 798 174 201 26 207 293 60 184 65 186 220 141 624
internal_value=1.08547e-07 0.000111488 -0.000641714 0.000354778 0.000431612 0.000598358 -0.000329951 -0.000168568 -0.000204584 -0.000615075 -0.00150079 0.000100938 -0.000458386 -0.000121196 0.000257447 0.000315737 -0.000493277 -9.91332e-05 4.59905e-05 0.000555661 -0.000703421 0.00109187 0.001279 -0.00124426 -0.000933366 -0.000694557 0.000448818 0.000344654 0.000551819 0.000701275
internal_weight=8000 6817 1183 3852 3532 2348 868 754 2965 606 315 1184 281 244 459 1493 320 2359 1561 375 282 855 648 271 211 141 1196 1010 790 649
internal_count=8000 6817 1183 3852 3532 2348 868 754 2965 606 315 1184 281 244 459 1493 320 2359 1561 375 282 855 648 271 211 141 1196 1010 790 649
cat_boundaries=0 1
cat_threshold=10
is_linear=0
shrinkage=0.05


Tree=62
num_leaves=31
num_cat=1
split_feature=6 17 5 17 11 16 11 8 12 11 17 18 18 14 8 5 8 18 18 18 18 18 15 5 17 17 11 5 11 17
split_gain=0.210835 0.183733 0.114748 0.100784 0.188562 0.0874797 0.0802499 0.0524955 0.0500392 0.0477249 0.0555544 0.0474802 0.0639317 0.0471664 0.036107 0.0347909 0.0343523 0.0351392 0.0480478 0.0433914 0.0300609 0.0435824 0.0284713 0.0397654 0.0246542 0.0291094 0.041491 0.0245836 0.0236732 0.0235877
threshold=1.0000000180025095e-35 0.8667059694758843 2.5000000000000004 0.54001463503983893 14059.200000000003 0 4289.4000000000005 3.5000000000000004 22811.400000000005 15827.050000000001 0.64976072050391498 0.72251030147762607 0.29911424590235575 1.0000000180025095e-35 6.5000000000000009 2.5000000000000004 32.500000000000007 0.11174711980731999 0.5686526807578941 0.36587586760759921 0.75707709357522146 0.21085481093595387 2.5000000000000004 1.0000000180025095e-35 0.76250150875841216 0.61023154804637503 8951.4000000000015 2.5000000000000004 4445.8500000000013 0.16260759087364027
decision_type=2 2 2 2 2 1 2 2 2 2 2 2 2 2 2 2 2 2 2 2 2 2 2 2 2 2 2 2 2 2
left_child=1 3 5 4 6 14 27 -7 29 24 -11 12 -3 16 -2 -13 17 -9 19 -19 21 -16 23 -6 25 26 -5 -1 -26 -8
right_child=2 11 -4 9 22 7 8 13 -10 10 -12 15 -14 -15 20 -17 -18 18 -20 -21 -22 -23 -24 -25 28 -27 -28 -29 -30 -31
leaf_value=-0.0004877187368309541 -0.00062835584820047875 -0.00028117776543483273 -0.0018738782437191131 4.8482412983421869e-05 0.00084623029864760069 -0.0017113621097347997 -2.3680010370140815e-05 -0.0012838193879563026 -0.00014221703926205241 0.0011872825474380411 -0.00033107181786710678 -0.0003404216957149514 0.00027519844513075831 -0.0014315345908412823 -0.00020833845192100853 -0.0013205632838273035 -0.0012837388277358306 -0.0001246827096317069 -0.00061174410792585857 0.0011333108804806988 -0.00022211818309187948 0.0012006649016302058 0.0011335265750517466 -0.0014024908454822642 0.0010732888766734974 0.0012844624250859639 0.0015300387930450325 -0.0015764428649382698 0.00022411886135905915 0.00082381318673117898
leaf_weight=489 111 1095 142 134 66 106 115 72 589 88 191 874 977 124 83 101 91 194 257 106 128 162 448 28 132 462 73 58 217 287
leaf_count=489 111 1095 142 134 66 106 115 72 589 88 191 874 977 124 83 101 91 194 257 106 128 162 448 28 132 462 73 58 217 287
internal_value=1.44772e-07 0.000127282 -0.000518083 0.00038128 0.000165586 -0.000383827 -0.000117024 -0.000662574 0.000151307 0.00072719 0.000147836 -0.000154226 -1.88324e-05 -0.000530855 0.0001633 -0.000441954 -0.000375737 -0.000244373 -0.00011001 0.000319808 0.000398886 0.000723329 0.00096753 0.000176398 0.000885972 0.00106369 0.000570964 -0.000603159 0.000545295 0.000581371
internal_weight=8000 6424 1576 3377 2080 1434 1538 950 991 1297 279 3047 2072 844 484 975 720 629 557 300 373 245 542 94 1018 669 207 547 349 402
internal_count=8000 6424 1576 3377 2080 1434 1538 950 991 1297 279 3047 2072 844 484 975 720 629 557 300 373 245 542 94 1018 669 207 547 349 402
cat_boundaries=0 1
cat_threshold=2
is_linear=0
shrinkage=0.05


Tree=63
num_leaves=31
num_cat=0
split_feature=14 17 17 11 5 12 6 18 18 15 5 15 18 18 18 18 18 18 18 18 18 15 12 17 11 17 4 18 17 18
split_gain=0.201588 0.175284 0.119286 0.155325 0.111221 0.0745104 0.0591088 0.0532366 0.0757841 0.0521447 0.158759 0.0450114 0.0426309 0.0814404 0.0412076 0.0609766 0.0387526 0.0342207 0.0325008 0.0364796 0.029668 0.0275913 0.024839 0.034215 0.0268403 0.0546219 0.0250182 0.0248037 0.0230612 0.0221886
threshold=1.0000000180025095e-35 0.82122636917172498 0.48256499697779121 16521.250000000004 1.0000000180025095e-35 14327.650000000001 1.0000000180025095e-35 0.125467338602502 0.66931036568594615 2.5000000000000004 1.0000000180025095e-35 1.5000000000000002 0.60817256290573829 0.45482147816435398 0.66931036568594615 0.40808877146366856 0.38401944729004961 0.098688261929857593 1.0143714325205082 0.13628066856003765 0.091666885136711743 1.0000000180025095e-35 14061.150000000001 0.67608666334299594 2057.5500000000006 0.64976072050391498 6.7059881414999998 0.57544936865584873 0.087851312719020233 1.0143714325205082
decision_type=2 2 2 2 2 2 2 2 2 2 2 2 2 2 2 2 2 2 2 2 2 2 2 2 2 2 2 2 2 2
left_child=1 2 3 5 7 -1 14 -2 16 10 -3 -6 13 20 15 17 -9 -7 19 -13 -11 -12 23 -4 25 -24 -26 -17 -8 -28
right_child=4 9 22 -5 11 6 28 8 -10 12 21 18 -14 -15 -16 27 -18 -19 -20 -21 -22 -23 24 -25 26 -27 29 -29 -30 -31
leaf_value=0.0010927505248158316 -0.0013173564097980904 -7.9724519771371273e-05 0.0008071757589935627 0.0010479981110987286 -0.0028904649690957743 -0.00092794553820567676 -0.0017238522733256608 -0.00010690877583140814 -0.00078332499472939386 -0.00059239091416746475 -0.0026322810967862155 -0.0025606819798229957 -0.00030066557154185278 0.00083948615985871857 -0.00046089099077670036 0.0011901717594922463 0.00084563346692270659 7.6141833995046947e-05 -0.0021123889502418667 -0.00058687521327762879 4.2215932027801421e-05 -0.0013467441278044135 -0.00055512649961351644 -0.00058144779833951149 0.00027370395339150694 0.0010579415544253888 0.0011260284063850765 -1.4775842859746954e-05 -0.00061422430701562692 0.00055511312831438351
leaf_weight=120 114 508 94 357 44 104 58 290 295 219 64 27 1044 309 393 162 169 461 68 176 1158 120 103 84 144 107 680 58 243 227
leaf_count=120 114 508 94 357 44 104 58 290 295 219 64 27 1044 309 393 162 169 461 68 176 1158 120 103 84 144 107 680 58 243 227
internal_value=1.37534e-07 0.000104695 0.00035924 0.000105031 -0.000602369 -0.0001055 -0.000202721 -0.000310312 -0.000158054 -0.000147842 -0.000535513 -0.00140715 -4.95755e-05 0.000105904 -4.29408e-05 0.0001663 0.000243809 -0.000108681 -0.00116631 -0.000849401 -5.87128e-05 -0.00179389 0.00070478 0.00015187 0.000782827 0.00026677 0.00088594 0.000872504 -0.00082804 0.000983142
internal_weight=8000 6817 3395 1956 1183 1599 1479 868 754 3422 692 315 2730 1686 1178 785 459 565 271 203 1377 184 1439 178 1261 210 1051 220 301 907
internal_count=8000 6817 3395 1956 1183 1599 1479 868 754 3422 692 315 2730 1686 1178 785 459 565 271 203 1377 184 1439 178 1261 210 1051 220 301 907
is_linear=0
shrinkage=0.05


Tree=64
num_leaves=31
num_cat=3
split_feature=6 17 5 5 9 16 17 18 18 8 14 15 5 9 5 15 5 8 8 12 12 17 17 18 18 18 4 18 14 18
split_gain=0.184936 0.15235 0.101489 0.0839718 0.197346 0.078381 0.0552648 0.0482316 0.0496628 0.0472484 0.0402854 0.0350305 0.0323682 0.12533 0.126424 0.0927084 0.0592747 0.0322829 0.0318244 0.029525 0.0289841 0.0654986 0.045273 0.0280878 0.0466048 0.0427581 0.0274865 0.0494092 0.0267088 0.0259344
threshold=1.0000000180025095e-35 1.0051258128570599 2.5000000000000004 2.5000000000000004 0 1 0.082109413785188295 0.96390869905011034 0.13628066856003765 3.5000000000000004 1.0000000180025095e-35 1.5000000000000002 1.0000000180025095e-35 2 2.5000000000000004 2.5000000000000004 2.5000000000000004 6.5000000000000009 36.500000000000007 16799.150000000005 28338.700000000004 0.5624342116991824 0.76250150875841216 0.10306664233663611 0.57544936865584873 0.36587586760759921 7.9525665760000015 0.58790785575135607 1.0000000180025095e-35 0.75707709357522146
decision_type=2 2 2 2 1 1 2 2 2 2 2 2 2 1 2 2 2 2 2 2 2 2 2 2 2 2 2 2 2 2
left_child=1 3 5 6 26 17 19 8 -8 -7 18 -6 -3 14 -14 -15 -17 -2 23 -1 22 -22 -10 -11 25 -25 -5 -28 -21 -19
right_child=2 12 -4 4 11 9 7 -9 20 10 -12 -13 13 15 -16 16 -18 29 -20 28 21 -23 -24 24 -26 -27 27 -29 -30 -31
leaf_value=0.00083872727720214844 -0.00058963021921856025 -7.7664949709094116e-05 -0.0017602894957440508 -0.00057044156379891899 -0.0027338906844508733 -0.0016178099121632085 8.0185938379406248e-05 8.5349479804050182e-05 0.00096304787615645454 -0.0012706928816254414 -0.0013302454070189046 -0.0010415307520255954 -0.00039631854132555117 -0.0021111038045777959 0.0027765528137226486 -2.2050850442078295e-05 -0.0013167335647702441 0.0006830441677076885 -0.0015982883355415351 -0.00027707790680987939 -6.3965964502972188e-05 0.00095527182330115983 0.00032574625705957655 -0.00017474681519709284 -0.00064372504070260312 0.0010158959373181816 0.0022741961650086418 0.00033069485207162211 -0.0017168808561296035 -0.00019511769116888902
leaf_weight=48 111 1953 142 22 36 106 446 688 1023 63 124 203 75 114 54 246 138 245 48 185 359 281 383 219 275 115 68 63 39 128
leaf_count=48 111 1953 142 22 36 106 446 688 1023 63 124 203 75 114 54 246 138 245 48 185 359 281 383 219 275 115 68 63 39 128
internal_value=1.30657e-07 0.000119203 -0.000485225 0.000318686 -0.0003748 -0.000358964 0.000397437 0.000455946 0.000558262 -0.000622817 -0.000497853 -0.00124438 -0.000178011 -0.000490574 0.00086482 -0.000842125 -0.000487327 0.000158929 -0.000354496 -0.000286613 0.000662476 0.000383543 0.000789444 -0.000265654 -0.000161685 0.000235205 0.000999567 0.00133954 -0.000527758 0.000381691
internal_weight=8000 6424 1576 3844 392 1434 3452 3180 2492 950 844 239 2580 627 129 498 384 484 720 272 2046 640 1406 672 609 334 153 131 224 373
internal_count=8000 6424 1576 3844 392 1434 3452 3180 2492 950 844 239 2580 627 129 498 384 484 720 272 2046 640 1406 672 609 334 153 131 224 373
cat_boundaries=0 1 2 3
cat_threshold=9 2 8
is_linear=0
shrinkage=0.05


Tree=65
num_leaves=31
num_cat=1
split_feature=14 17 5 17 15 5 18 18 18 18 6 15 18 18 18 8 8 15 5 12 11 17 17 5 15 18 9 5 5 18
split_gain=0.177673 0.147337 0.0972618 0.0775735 0.0668445 0.200985 0.0513707 0.0811013 0.0469096 0.067467 0.0390064 0.038817 0.0348547 0.0341666 0.0342654 0.0321436 0.0358622 0.0302143 0.0760596 0.0298976 0.0297752 0.0504345 0.0364977 0.0296517 0.0289834 0.02813 0.0207554 0.143751 0.0727355 0.0205338
threshold=1.0000000180025095e-35 0.94967871556750061 1.0000000180025095e-35 0.082109413785188295 2.5000000000000004 1.0000000180025095e-35 0.76484789992535296 0.23090205492527774 0.125467338602502 0.66931036568594615 1.0000000180025095e-35 1.5000000000000002 0.38401944729004961 0.10306664233663611 0.6239562757755972 4.5000000000000009 37.500000000000007 1.0000000180025095e-35 1.0000000180025095e-35 18909.650000000005 6030.8500000000013 0.62706911914537888 0.74373901051057412 2.5000000000000004 1.0000000180025095e-35 0.04708282998363069 0 2.5000000000000004 2.5000000000000004 0.60817256290573829
decision_type=2 2 2 2 2 2 2 2 2 2 2 2 2 2 2 2 2 2 2 2 2 2 2 2 2 2 1 2 2 2
left_child=1 3 8 13 5 -5 7 25 -2 12 17 -4 -10 -1 19 -12 -17 18 -3 -15 21 -9 -22 -13 -7 -6 27 -19 -28 -25
right_child=2 10 11 4 6 24 -8 20 9 -11 15 23 -14 14 -16 16 -18 26 -20 -21 22 -23 -24 29 -26 -27 28 -29 -30 -31
leaf_value=-0.0020530844910535964 -0.0012377116011824305 -2.4488118433509958e-05 -0.0026955728727361106 0.0004066534968818346 -0.00073292016541145902 -0.0024802863298802927 0.00014403531317058889 0.00011589171782411126 -0.00010291857312479586 -0.00073944036940100876 -0.0014250800603647429 -0.00069765458403158256 0.00080044907469511832 0.0012813822838573042 -0.00096575733157473168 -0.00026830070030487866 -0.0019998739429865965 -1.8044789215974171e-05 -0.0023603918020962738 -0.00022078803900078483 0.0012388332843581878 0.0012036090982752055 0.00044013222199514826 -0.0011657022072508801 -0.0011011331135713598 0.00030927602556390775 -8.0270721062611623e-06 0.0030621545066380697 -0.0011527472566213923 -0.0026227057612101951
leaf_weight=30 114 115 44 528 71 58 845 275 290 295 87 172 169 44 112 456 32 386 50 134 598 174 188 57 111 735 1594 42 152 42
leaf_count=30 114 115 44 528 71 58 845 275 290 295 87 172 169 44 112 456 32 386 50 134 598 174 188 57 111 735 1594 42 152 42
internal_value=1.24124e-07 9.82834e-05 -0.000565516 0.000299135 0.000365751 -7.37006e-05 0.000471883 0.000607617 -0.000292402 -0.000149477 -0.000170737 -0.0013181 0.000229694 -0.000446757 -0.000280585 -0.000539692 -0.000381846 -8.00356e-05 -0.000732338 0.000150535 0.000862239 0.000537412 0.0010478 -0.00109445 -0.00157445 0.00021747 -3.05278e-05 0.000277729 -0.000107069 -0.00178382
internal_weight=8000 6817 1183 3903 3583 697 2886 2041 868 754 2914 315 459 320 290 575 488 2339 165 178 1235 449 786 271 169 806 2174 428 1746 99
internal_count=8000 6817 1183 3903 3583 697 2886 2041 868 754 2914 315 459 320 290 575 488 2339 165 178 1235 449 786 271 169 806 2174 428 1746 99
cat_boundaries=0 1
cat_threshold=8
is_linear=0
shrinkage=0.05


Tree=66
num_leaves=31
num_cat=1
split_feature=6 17 5 17 12 16 15 5 18 18 8 5 8 18 18 18 4 8 14 18 18 18 18 14 18 18 18 18 0 15
split_gain=0.161025 0.128427 0.0885586 0.0735023 0.0835864 0.0706999 0.043001 0.0427026 0.0421932 0.0570287 0.0414284 0.0374925 0.0369337 0.0351148 0.0539554 0.0349112 0.0419896 0.028017 0.027145 0.0259958 0.0380025 0.0308159 0.0247044 0.0232754 0.0224536 0.0372711 0.0222098 0.0213874 0.0200193 0.0199655
threshold=1.0000000180025095e-35 0.92074571512808601 2.5000000000000004 0.3007277068453148 15378.850000000004 0 1.0000000180025095e-35 1.0000000180025095e-35 0.15814187655826814 0.63616077864417786 4.5000000000000009 2.5000000000000004 32.500000000000007 0.73038561824353654 0.27144694192101398 0.99658510511450216 11.542342804000002 6.5000000000000009 1.0000000180025095e-35 0.10306664233663611 0.5686526807578941 0.36587586760759921 0.40808877146366856 1.0000000180025095e-35 0.75707709357522146 0.21085481093595387 0.59384116945412302 0.036328902848516524 11748.550000000001 7.5000000000000009
decision_type=2 2 2 2 2 1 2 2 2 2 2 2 2 2 2 2 2 2 2 2 2 2 2 2 2 2 2 2 2 2
left_child=1 3 5 4 11 17 7 -6 -8 22 -7 -1 18 14 27 16 -3 -2 19 -12 21 -21 -10 -11 25 -19 -14 -5 29 -4
right_child=2 15 28 13 6 10 8 -9 9 23 12 -13 26 -15 -16 -17 -18 24 -20 20 -22 -23 -24 -25 -26 -27 -28 -29 -30 -31
leaf_value=0.0012110386651307415 -0.00054031924095119122 -0.00033004739887378511 -0.0035455054638947807 -0.00099330576166750911 -0.00045230914681294079 -0.001363407692974604 -0.00089311264445486073 -0.0031958278491283246 0.00011928399218107767 -0.00029453229700131354 -0.0011786352835215284 -0.00090403430851135151 -0.00070102368220526347 0.00018027520183625119 0.00086122041523155443 -0.00046616729148763196 0.00012085348537607389 -0.00021661707762550249 -0.0010346297289534295 -5.9498707729642257e-05 -0.00053422445950669401 0.0010238964601776389 0.00090539326893527563 -0.001479030414665598 -0.00017215207823682022 0.0010863775796566683 -0.0022005523322150113 0.00034638625601585805 -0.0012394849928672013 -0.001438619062008167
leaf_weight=165 111 818 23 31 37 145 148 23 275 270 59 24 58 741 888 634 1400 83 111 191 243 100 157 49 128 162 43 764 97 22
leaf_count=165 111 818 23 31 37 145 148 23 275 270 59 24 58 741 888 634 1400 83 111 191 243 100 157 49 128 162 43 764 97 22
internal_value=1.17918e-07 0.000111226 -0.000452776 0.000310989 -1.85906e-05 -0.000334832 -0.000207994 -0.00150399 -0.000121498 3.05641e-05 -0.000585423 0.000942458 -0.000445289 0.000467077 0.000593351 -0.000138967 -4.54391e-05 0.000157031 -0.000317009 -0.000182682 -7.26426e-05 0.000312802 0.000404976 -0.000476477 0.000364554 0.000644955 -0.00133944 0.000294147 -0.00164385 -0.00251547
internal_weight=8000 6424 1576 3572 1148 1434 959 60 899 751 950 189 805 2424 1683 2852 2218 484 704 593 534 291 432 319 373 245 101 795 142 45
internal_count=8000 6424 1576 3572 1148 1434 959 60 899 751 950 189 805 2424 1683 2852 2218 484 704 593 534 291 432 319 373 245 101 795 142 45
cat_boundaries=0 1
cat_threshold=2
is_linear=0
shrinkage=0.05


Tree=67
num_leaves=31
num_cat=0
split_feature=14 17 17 11 5 11 11 10 15 5 6 18 18 15 12 18 18 17 18 18 18 18 18 18 18 0 11 18 18 18
split_gain=0.155807 0.124579 0.0981034 0.174083 0.0859064 0.0712093 0.049078 0.0479692 0.0419241 0.123374 0.0419023 0.0341486 0.0679922 0.0337294 0.0306504 0.028237 0.0424174 0.0269411 0.0265903 0.0282474 0.0271852 0.0262692 0.032398 0.0253445 0.0231637 0.0230725 0.0334761 0.023051 0.0218454 0.0218
threshold=1.0000000180025095e-35 0.82122636917172498 0.5624342116991824 14059.200000000003 1.0000000180025095e-35 4142.7000000000016 15936.650000000003 37705.750000000007 2.5000000000000004 1.0000000180025095e-35 1.0000000180025095e-35 0.60817256290573829 0.45482147816435398 1.5000000000000002 12227.700000000003 0.125467338602502 0.66931036568594615 0.68100524883236591 0.10306664233663611 0.58790785575135607 0.40384732624045544 1.0143714325205082 0.21085481093595387 0.38401944729004961 0.091666885136711743 7482.5500000000002 21079.550000000003 0.098688261929857593 0.60817256290573829 0.42733878949295007
decision_type=2 2 2 2 2 2 2 2 2 2 2 2 2 2 2 2 2 2 2 2 2 2 2 2 2 2 2 2 2 2
left_child=1 2 3 5 10 18 -4 14 9 -3 15 12 24 -6 -7 -2 23 -8 -1 20 -20 22 -15 -17 -10 26 -5 -16 29 -29
right_child=4 8 6 25 13 7 17 -9 11 -11 -12 -13 -14 21 27 16 -18 -19 19 -21 -22 -23 -24 -25 -26 -27 -28 28 -30 -31
leaf_value=-0.0016100473020311545 -0.00094050201720430901 -6.6679164204853846e-05 0.00085810824602795062 0.00036208914602481193 -0.0025209007129888051 0.0015424335076356026 0.0006782839340498917 -0.00039627010300509967 -0.00051557537666351862 -0.0015777812062562745 -0.0010036815409330301 -0.00025748133984879136 0.00077668236495622193 -0.001779641430356688 -0.00065296215552459189 2.3093908072269188e-05 -0.00050638575265118837 -0.00043631145577539712 -0.0004618478439489856 -0.00089362773636440383 0.00057655148832075136 -0.0018789416597642498 -0.00035840889817139929 0.00086731404260247027 4.5168333558578787e-05 0.001423678665827645 0.0012463133058277197 0.00034031864534518451 -3.0480638176645609e-05 0.0011928981302309479
leaf_weight=57 89 508 889 295 44 48 93 339 219 184 160 1044 309 55 66 235 241 130 216 229 89 68 148 143 1158 136 168 283 255 102
leaf_count=57 89 508 889 295 44 48 93 339 219 184 160 1044 309 55 66 235 241 130 216 229 89 68 148 143 1158 136 168 283 255 102
internal_value=1.12021e-07 9.20329e-05 0.000306626 0.000119044 -0.000529579 -0.000141354 0.000691743 9.77301e-05 -0.000120867 -0.000468475 -0.000272903 -3.27552e-05 0.000106399 -0.00123686 0.000319834 -0.000107755 1.19774e-05 2.85198e-05 -0.000583519 -0.000473945 -0.00015884 -0.00102839 -0.000743472 0.000342468 -4.40131e-05 0.000851114 0.000682931 0.000236711 0.000328458 0.000566197
internal_weight=8000 6817 3395 2283 1183 1684 1112 1093 3422 692 868 2730 1686 315 754 708 619 223 591 534 305 271 203 378 1377 599 463 706 640 385
internal_count=8000 6817 3395 2283 1183 1684 1112 1093 3422 692 868 2730 1686 315 754 708 619 223 591 534 305 271 203 378 1377 599 463 706 640 385
is_linear=0
shrinkage=0.05


Tree=68
num_leaves=31
num_cat=2
split_feature=6 17 5 5 9 16 15 17 8 18 18 8 18 18 18 18 18 18 8 11 18 17 18 18 18 2 4 0 12 17
split_gain=0.142651 0.108334 0.0784053 0.0675658 0.178341 0.0635337 0.0464856 0.0411554 0.0371773 0.0350408 0.0373768 0.033515 0.0325202 0.0540035 0.027112 0.0457931 0.0263796 0.0613256 0.0252849 0.0248244 0.0222936 0.0222651 0.021524 0.0452864 0.0275727 0.0211728 0.0206985 0.0205405 0.0283378 0.022202
threshold=1.0000000180025095e-35 1.0051258128570599 2.5000000000000004 2.5000000000000004 0 1 2.5000000000000004 0.082109413785188295 4.5000000000000009 0.96390869905011034 0.27144694192101398 32.500000000000007 0.65561307054983453 0.41261938667268638 0.5686526807578941 0.45827444641994697 0.63616077864417786 0.44974507119407497 6.5000000000000009 16782.450000000001 0.53618662119105232 0.24877484119836019 0.17048142481452311 0.5686526807578941 0.39237536073533014 253.45000000000002 48.978265650000004 20377.200000000004 28338.700000000004 0.7942348438680138
decision_type=2 2 2 2 1 1 2 2 2 2 2 2 2 2 2 2 2 2 2 2 2 2 2 2 2 2 2 2 2 2
left_child=1 3 5 7 6 18 -5 19 -7 10 27 22 13 -8 15 -12 17 -3 -2 -1 -19 -6 -10 24 -24 -14 -20 28 29 -9
right_child=2 16 -4 4 21 8 12 9 11 -11 14 -13 25 -15 -16 -17 -18 20 26 -21 -22 -23 23 -25 -26 -27 -28 -29 -30 -31
leaf_value=-0.00044219103728651115 -0.00051139647402152636 -0.00017717437843178021 -0.0015468809369157896 -0.00067739064477130096 -0.0021041295951203724 -0.0012897300517541791 0.0012314174946108584 0.00043026010947396442 -0.00086538208429744754 7.815024491587476e-05 0.00057748957928038368 -0.0012717513399663162 0.0013206360558447509 0.0041550507017580627 0.00037382482076423937 0.001354645121391779 -0.00035854541362507336 0.00097495629898553123 0.00047550000228380933 0.00092076960852584581 0.00014611281612216868 -0.00096867619661403876 -5.478264131129553e-05 -0.00061154955612996529 0.00099925224025315456 -0.00084326204931130634 -0.00074177365003822327 0.00071330365907651492 -0.00040357056223001565 -0.0003397094361333123
leaf_weight=233 111 1322 142 33 57 145 56 546 135 688 615 101 26 22 564 274 932 174 334 39 152 178 195 283 91 20 39 196 184 113
leaf_count=233 111 1322 142 33 57 145 56 546 135 688 615 101 26 22 564 274 932 174 334 39 152 178 195 283 91 20 39 196 184 113
internal_value=1.06421e-07 0.000104684 -0.000426166 0.0002729 -0.000349163 -0.000315189 0.000931065 0.000343539 -0.000552741 0.000394031 0.000481241 -0.000419991 0.00143421 0.00205603 0.000644987 0.000817018 -0.000145945 -2.57118e-05 0.00015108 -0.000246767 0.000588502 -0.00119331 -0.000297792 -0.000163127 0.000280592 0.000379811 0.000348225 0.000252248 0.000145051 0.000298232
internal_weight=8000 6424 1576 3844 392 1434 157 3452 950 3180 2492 805 124 78 1453 889 2580 1648 484 272 326 235 704 569 286 46 373 1039 843 659
internal_count=8000 6424 1576 3844 392 1434 157 3452 950 3180 2492 805 124 78 1453 889 2580 1648 484 272 326 235 704 569 286 46 373 1039 843 659
cat_boundaries=0 1 2
cat_threshold=24 2
is_linear=0
shrinkage=0.05


Tree=69
num_leaves=31
num_cat=0
split_feature=14 17 17 11 5 11 12 11 18 18 15 5 18 18 18 10 18 18 18 18 17 15 17 18 18 18 6 18 18 18
split_gain=0.140032 0.105384 0.0856657 0.154646 0.0755536 0.0648554 0.0465141 0.0441657 0.0382995 0.0482481 0.037572 0.109966 0.0313669 0.041264 0.0292272 0.0286174 0.0279185 0.0550662 0.0249848 0.0244777 0.024034 0.0219125 0.021812 0.0205887 0.0202036 0.0176843 0.0175939 0.0172594 0.0189319 0.0174881
threshold=1.0000000180025095e-35 0.82122636917172498 0.5624342116991824 14059.200000000003 1.0000000180025095e-35 3094.2500000000005 14242.9 15936.650000000003 0.10579319139187236 0.66931036568594615 2.5000000000000004 1.0000000180025095e-35 0.18196155087878266 0.61405014406435732 0.38401944729004961 37705.750000000007 0.60817256290573829 0.45482147816435398 0.10306664233663611 0.58790785575135607 0.68100524883236591 1.0000000180025095e-35 0.033413420829973291 0.40808877146366856 0.091666885136711743 0.52733204361138497 1.0000000180025095e-35 0.098688261929857593 0.60817256290573829 0.42733878949295007
decision_type=2 2 2 2 2 2 2 2 2 2 2 2 2 2 2 2 2 2 2 2 2 2 2 2 2 2 2 2 2 2
left_child=1 2 3 5 8 18 -7 -4 -2 14 11 -3 -6 -14 -10 27 17 24 -1 23 -9 -13 -5 -20 -12 -19 -15 -8 29 -29
right_child=4 10 7 22 12 6 15 20 9 -11 16 21 13 26 -16 -17 -18 25 19 -21 -22 -23 -24 -25 -26 -27 -28 28 -30 -31
leaf_value=-0.0018190194098029419 -0.0012201201987154884 -5.8304252905245672e-05 0.000802310762158631 -0.00049219367960059545 -0.0022622770033733646 0.0010296058616156435 -0.00061947755472657805 0.00062904168824740828 -0.00012462632238072359 -0.00064952585257079757 -0.00047509701544186101 -0.0022320833850244526 -0.00032636321057676716 -0.0012856033308509887 0.00069225834196170977 -0.00039495757778275727 -0.00022834993371232705 0.0010504098800040429 -0.00050278321661718299 -0.0010016001211828774 -0.00042370196628885775 -0.0010864537303981101 0.00086980450611424086 0.00054211995862494936 4.8593813472461911e-05 0.00029099609462538339 -0.002744099254666183 0.00022686341258754432 -0.00011123797401910369 0.00096555202634507711
leaf_weight=42 93 508 889 31 54 110 69 93 311 295 219 64 134 101 169 389 1044 168 165 165 130 120 568 66 1158 141 26 295 273 110
leaf_count=42 93 508 889 31 54 110 69 93 311 295 219 64 134 101 169 389 1044 168 165 165 130 120 568 66 1158 141 26 295 273 110
internal_value=1.011e-07 8.72444e-05 0.000284614 0.000109326 -0.00050206 -0.000136105 4.78665e-05 0.000644491 -0.000261346 -0.000146293 -0.000108568 -0.000437639 -0.00116536 -0.000938411 0.000162985 -4.71963e-05 -2.51548e-05 0.000100667 -0.000659457 -0.000536473 1.53346e-05 -0.00148493 0.000799317 -0.000204239 -3.46947e-05 0.000703881 -0.00158419 0.0001339 0.000210571 0.000427495
internal_weight=8000 6817 3395 2283 1183 1684 1246 1112 868 775 3422 692 315 261 480 1136 2730 1686 438 396 223 184 599 231 1377 309 127 747 678 405
internal_count=8000 6817 3395 2283 1183 1684 1246 1112 868 775 3422 692 315 261 480 1136 2730 1686 438 396 223 184 599 231 1377 309 127 747 678 405
is_linear=0
shrinkage=0.05


Tree=70
num_leaves=31
num_cat=3
split_feature=6 17 14 8 8 5 9 16 17 18 18 12 0 7 8 14 17 11 14 18 18 18 8 9 5 5 5 18 18 15
split_gain=0.127733 0.0905784 0.0689172 0.0669284 0.0704742 0.0596331 0.16774 0.0470307 0.0361271 0.0286793 0.0314702 0.0263432 0.026313 0.0255148 0.0295283 0.0254503 0.0248128 0.0240977 0.0232475 0.0231578 0.03199 0.0265507 0.0225361 0.0217402 0.142342 0.0826753 0.0216683 0.0207601 0.0381086 0.0206874
threshold=1.0000000180025095e-35 1.0051258128570599 1.0000000180025095e-35 37.500000000000007 5.5000000000000009 2.5000000000000004 0 1 0.11686220041365242 0.96390869905011034 0.27144694192101398 16799.150000000005 2000.0000000000002 26.500000000000004 15.500000000000002 1.0000000180025095e-35 0.31200574902492467 6568.1500000000005 1.0000000180025095e-35 0.10306664233663611 0.5821169876709672 0.36587586760759921 13.500000000000002 2 2.5000000000000004 2.5000000000000004 1.0000000180025095e-35 0.5686526807578941 0.45827444641994697 2.5000000000000004
decision_type=2 2 2 2 2 2 1 1 2 2 2 2 2 2 2 2 2 2 2 2 2 2 2 1 2 2 2 2 2 2
left_child=1 5 3 4 -2 8 17 13 11 10 -10 -1 -8 14 -6 -13 -4 -7 23 -9 21 -21 -19 24 -3 -25 -5 28 -12 -14
right_child=2 18 16 26 7 6 12 19 9 -11 27 15 29 -15 -16 -17 -18 22 -20 20 -22 -23 -24 25 -26 -27 -28 -29 -30 -31
leaf_value=0.00073247391721938777 -0.00092720281546563557 -5.4177640867668456e-05 -0.0023274933239008535 -0.0010601581970633483 0.00055031672254988247 0.00022939952173146595 -0.0028414563402872194 -0.0011666481533435127 0.00024401446155692245 8.6513400661358179e-05 0.00054114001817271026 -0.00013575084740296008 -0.0020353808706603583 0.00077141591801258003 -0.0011159838952944088 -0.0013561973009285902 -0.0009604115606812113 0.00069302989121448877 -0.00048364694278560947 -0.00012913433750891189 -0.0005421605830113127 0.00082153513702161788 0.002258510595346068 -3.6860789821633053e-05 0.002949827448173892 -0.0012356146072561806 -0.0028172119078850042 0.00036756614859755369 0.0012635032410275237 -0.00078622919788563599
leaf_weight=71 252 380 40 47 63 64 22 61 1006 667 592 263 41 237 46 51 195 45 394 221 276 110 47 1604 44 158 28 538 264 173
leaf_count=71 252 380 40 47 63 64 22 61 1006 667 592 263 41 237 46 51 195 45 394 221 276 110 47 1604 44 158 28 538 264 173
internal_value=9.60442e-08 9.90542e-05 -0.000403271 -0.000264859 -0.000178884 0.000252869 -0.000331537 7.08933e-06 0.000319232 0.000376542 0.000457145 -0.000137306 -0.00114626 0.000480232 -0.000152893 -0.000333976 -0.00119311 0.000915771 -0.000130118 -0.000237982 -0.000144656 0.000186798 0.00149279 -6.63984e-05 0.000251624 -0.000143539 -0.00171612 0.000610954 0.000763925 -0.00102555
internal_weight=8000 6424 1576 1341 1266 3844 392 1014 3452 3067 2400 385 236 346 109 314 235 156 2580 668 607 331 92 2186 424 1762 75 1394 856 214
internal_count=8000 6424 1576 1341 1266 3844 392 1014 3452 3067 2400 385 236 346 109 314 235 156 2580 668 607 331 92 2186 424 1762 75 1394 856 214
cat_boundaries=0 1 2 3
cat_threshold=10 2 8
is_linear=0
shrinkage=0.05


Tree=71
num_leaves=31
num_cat=1
split_feature=14 17 17 11 5 11 12 12 18 18 18 9 5 5 18 17 17 10 11 18 15 18 0 11 12 6 18 18 6 12
split_gain=0.117605 0.089774 0.0756328 0.138791 0.0678369 0.058292 0.0421584 0.0414354 0.0394319 0.0427954 0.03686 0.0345617 0.177361 0.14731 0.0280945 0.0264045 0.0263183 0.0257676 0.0225725 0.0220773 0.0229961 0.0212697 0.0196154 0.0284715 0.0203692 0.0185887 0.0176529 0.0259822 0.0168622 0.0168173
threshold=1.0000000180025095e-35 0.82122636917172498 0.5624342116991824 14059.200000000003 2.5000000000000004 3094.2500000000005 15573.100000000002 14242.9 0.065655431440702447 0.67521442763155248 0.36313207504659589 0 2.5000000000000004 2.5000000000000004 1.1192008230250712 0.66977587833452101 0.18149084481207833 37705.750000000007 21079.550000000003 0.10306664233663611 1.0000000180025095e-35 0.24282897374862061 7602.7000000000007 21079.550000000003 15378.850000000004 1.0000000180025095e-35 0.55499479269136909 0.47579002102033324 1.0000000180025095e-35 27067.900000000001
decision_type=2 2 2 2 2 2 2 2 2 2 2 1 2 2 2 2 2 2 2 2 2 2 2 2 2 2 2 2 2 2
left_child=1 2 3 5 8 19 15 -7 -2 10 -10 12 -3 14 21 -4 -11 -9 -8 -1 -21 29 23 24 -5 -15 27 -23 -18 -13
right_child=4 11 6 22 -6 7 18 17 9 16 -12 13 -14 25 -16 -17 28 -19 -20 20 -22 26 -24 -25 -26 -27 -28 -29 -30 -31
leaf_value=-0.0017212643108948777 -0.0016635207806740375 -5.5022975770244365e-05 0.00068685631111013495 0.00080779951555295633 -0.0015975858535473551 0.00096591351842603636 0.00078907483760464142 0.00012143930986956798 -0.00030335485569260394 -0.0019075629772851246 0.000482824539426962 -0.00028091196064546504 0.0025840924526433608 -0.0011116917115335432 -0.00041814195101543884 -0.00058422964915569699 -0.0003787773035880339 -0.00038039538254699886 -0.00034675196132055768 -0.0019242311667767354 -0.00041258545238522898 0.0001422464137963606 0.0012972269059463889 0.0011205373154968676 -2.9987921953258528e-05 -0.002178936655742719 -7.6472703677193292e-05 0.00086101454101594754 -0.0013131098929295411 0.00051935035627724427
leaf_weight=42 53 616 65 122 118 110 891 747 414 40 233 652 71 204 455 110 266 389 46 27 369 587 129 169 179 51 553 160 59 73
leaf_count=42 53 616 65 122 118 110 891 747 414 40 233 652 71 204 455 110 266 389 46 27 369 587 129 169 179 51 553 160 59 73
internal_value=9.12426e-08 7.99521e-05 0.000262119 9.74145e-05 -0.000460104 -0.000135095 0.000600266 3.93193e-05 -0.000334073 -0.000264448 -2.02331e-05 -0.000100777 0.0002146 -0.000180122 -6.31149e-05 -0.000112112 -0.000697345 -5.04037e-05 0.000733314 -0.000631259 -0.000515652 1.66566e-05 0.00075108 0.00060118 0.00030958 -0.00132514 0.00013767 0.000296199 -0.000548395 -0.000200334
internal_weight=8000 6817 3395 2283 1183 1684 1112 1246 1065 1012 647 3422 687 2735 2480 175 365 1136 937 438 396 2025 599 470 301 255 1300 747 325 725
internal_count=8000 6817 3395 2283 1183 1684 1112 1246 1065 1012 647 3422 687 2735 2480 175 365 1136 937 438 396 2025 599 470 301 255 1300 747 325 725
cat_boundaries=0 1
cat_threshold=8
is_linear=0
shrinkage=0.05


Tree=72
num_leaves=31
num_cat=2
split_feature=6 17 17 12 5 16 8 11 18 18 18 18 5 14 12 17 15 5 14 18 17 12 11 18 0 0 9 5 5 12
split_gain=0.113234 0.0770608 0.0688694 0.116671 0.062766 0.0551811 0.0365798 0.0336475 0.0323591 0.048401 0.03054 0.0517105 0.0312794 0.0269563 0.0265464 0.0310674 0.0263437 0.0708147 0.0254873 0.0228884 0.0209781 0.0327558 0.0232656 0.0205374 0.0183994 0.0182943 0.0182786 0.136557 0.0599937 0.0173909
threshold=1.0000000180025095e-35 0.81439988663770901 0.54001463503983893 22998.800000000003 2.5000000000000004 0 3.5000000000000004 6976.4000000000005 0.63031447048920464 0.36313207504659589 0.59384116945412302 0.15814187655826814 1.0000000180025095e-35 1.0000000180025095e-35 17746.750000000004 0.66977587833452101 1.0000000180025095e-35 1.0000000180025095e-35 1.0000000180025095e-35 0.06140362893741181 0.3007277068453148 11296.300000000001 21079.550000000003 0.42733878949295007 9280.5500000000011 6105.3500000000013 1 2.5000000000000004 2.5000000000000004 16886.200000000001
decision_type=2 2 2 2 2 1 2 2 2 2 2 2 2 2 2 2 2 2 2 2 2 2 2 2 2 2 1 2 2 2
left_child=1 2 3 7 5 -2 -7 -1 9 19 11 -5 -12 -10 15 -4 17 -3 26 -8 21 -9 -23 -13 -6 -14 27 -18 -28 -26
right_child=4 16 14 10 24 6 8 20 13 -11 12 23 25 -15 -16 -17 18 -19 -20 -21 -22 22 -24 -25 29 -27 28 -29 -30 -31
leaf_value=-7.9529302053292768e-05 -0.0007075937205191815 -4.8855390610420913e-05 0.00073409423803384461 -0.00079215972326774188 -0.0023968092412413921 -0.00099645038069631417 -0.001298816063243783 0.0017615973898323209 -0.0001563829938654783 0.00097868805216083199 -0.00034871151219704192 2.2622480127073782e-06 -0.0023140481845664055 -0.0014514245318887915 0.00073126589172168514 -0.00033527001628810892 2.4539963183831253e-05 -0.0020545298589315251 -0.00038418932829045575 8.4830037106800067e-05 0.00094652440256143505 4.975403232104715e-05 0.00095647187347222312 0.00069211851967570549 -0.0018283008995653785 -0.00087084066976639155 3.8960530938251988e-05 0.0027727561309002341 -0.00090268789619624861 -0.00053700317021139205
leaf_weight=196 495 158 127 177 34 93 33 41 277 172 309 391 34 47 822 146 471 61 456 317 341 286 94 149 44 62 1867 50 186 64
leaf_count=196 495 158 127 177 34 93 33 41 277 172 309 391 34 47 822 146 471 61 456 317 341 286 94 149 44 62 1867 50 186 64
internal_value=8.66806e-08 9.32593e-05 0.00026844 9.94793e-05 -0.000379698 -0.000280404 -5.52081e-05 0.00050474 4.82618e-05 0.000291886 -0.000246545 -5.0491e-05 -0.000593634 -0.000344244 0.000589389 0.0001622 -7.79318e-05 -0.000607514 -3.96551e-05 -4.5628e-05 0.000655024 0.000418916 0.000274047 0.000192611 -0.00138243 -0.00138198 2.13813e-05 0.000282855 -4.61273e-05 -0.00106309
internal_weight=8000 6424 3175 2080 1576 1434 939 958 846 522 1122 717 405 324 1095 273 3249 219 3030 350 762 421 380 540 142 96 2574 521 2053 108
internal_count=8000 6424 3175 2080 1576 1434 939 958 846 522 1122 717 405 324 1095 273 3249 219 3030 350 762 421 380 540 142 96 2574 521 2053 108
cat_boundaries=0 1 2
cat_threshold=1 8
is_linear=0
shrinkage=0.05


Tree=73
num_leaves=31
num_cat=1
split_feature=5 15 9 5 5 17 18 18 18 14 17 12 18 17 6 18 6 17 6 4 18 18 17 17 11 15 8 17 17 11
split_gain=0.107191 0.31393 0.258259 0.245063 0.222519 0.081898 0.0549351 0.0529194 0.0731599 0.0340757 0.0295044 0.0511597 0.0281427 0.0281016 0.0280796 0.0267665 0.0257919 0.0214408 0.0211297 0.0208969 0.0177786 0.0295768 0.0176391 0.0172738 0.0263235 0.0166588 0.0162731 0.0157544 0.0372643 0.0155083
threshold=1.0000000180025095e-35 1.5000000000000002 0 2.5000000000000004 2.5000000000000004 0.99791470846124775 0.10579319139187236 0.60817256290573829 0.42310511687933455 1.0000000180025095e-35 0.48256499697779121 15633.200000000001 1.1192008230250712 0.41173755979933852 1.0000000180025095e-35 1.5652100786442806 1.0000000180025095e-35 0.24877484119836019 1.0000000180025095e-35 12.930071480000001 0.57544936865584873 0.45482147816435398 0.027324019293455893 0.1990450984553743 18737.500000000004 2.5000000000000004 28.500000000000004 0.99791470846124775 0.41173755979933852 3094.2500000000005
decision_type=2 2 1 2 2 2 2 2 2 2 2 2 2 2 2 2 2 2 2 2 2 2 2 2 2 2 2 2 2 2
left_child=5 18 3 -3 15 6 13 8 23 14 11 -9 19 29 17 25 -14 -6 -2 -7 21 -21 -13 24 -8 -4 -16 28 -5 -1
right_child=1 2 4 27 9 12 7 10 -10 -11 -12 22 16 -15 26 -17 -18 -19 -20 20 -22 -23 -24 -25 -26 -27 -28 -29 -30 -31
leaf_value=-0.0018511824664704864 -0.0017191064093393695 3.0964011979449425e-05 -0.00060733276103357116 0.0021247642225353048 -0.0016736196691454098 -0.00023314071240361102 -0.00024065538576905967 0.00085759270213412288 0.0010132910227486104 -0.0021511372410149983 0.00031148698837827433 -0.0016496250899508597 -0.00027599965085921052 3.4339218162057075e-05 -0.0014621285173704783 -0.00066573914749596958 -0.0011901046254265846 -0.0006667175214763694 -0.00285476954338853 6.4433849338084141e-05 -0.000141043688356288 0.00080057235782078357 -0.00029007192317775422 0.00039534390533515953 0.0011599189204086239 0.00028970209620517168 -0.0031160804908722641 0.002151400820366689 0.0042830129875801506 -0.00059225375755666957
leaf_weight=31 208 200 56 40 64 806 240 104 498 79 683 25 363 221 58 96 98 304 51 528 472 184 522 1107 39 683 20 64 40 116
leaf_count=31 208 200 56 40 64 806 240 104 498 79 683 25 363 221 58 96 98 304 51 528 472 184 522 1107 39 683 20 64 40 116
internal_value=8.23464e-08 -0.00032088 -7.43663e-05 0.00113049 -0.000384609 0.000104447 0.000256699 0.000322878 0.000493495 -0.00119402 8.19169e-05 -0.000158938 -0.000118309 -0.000322008 -0.00102448 0.000119695 -0.000470321 -0.000841831 -0.00194273 -3.67626e-05 9.69204e-05 0.000254672 -0.000352209 0.000306728 -4.48762e-05 0.000221727 -0.00188622 0.00273612 0.00320389 -0.000857742
internal_weight=8000 1963 1704 344 1360 6037 3586 3218 1884 525 1334 651 2451 368 446 835 461 368 259 1990 1184 712 547 1386 279 739 78 144 80 147
internal_count=8000 1963 1704 344 1360 6037 3586 3218 1884 525 1334 651 2451 368 446 835 461 368 259 1990 1184 712 547 1386 279 739 78 144 80 147
cat_boundaries=0 1
cat_threshold=8
is_linear=0
shrinkage=0.05


Tree=74
num_leaves=31
num_cat=0
split_feature=14 15 5 17 11 17 5 15 17 11 17 5 18 18 18 18 12 17 18 18 18 18 12 0 12 18 0 6 17 17
split_gain=0.0991455 0.0723316 0.245905 0.0624357 0.0586724 0.0996089 0.0566444 0.0427788 0.040492 0.0417358 0.0319889 0.0304511 0.0298981 0.0361171 0.0270808 0.0340265 0.0229874 0.0294823 0.0212799 0.0199899 0.0451443 0.0186202 0.0183154 0.0181649 0.0169362 0.0155863 0.014792 0.0147889 0.0143723 0.0141354
threshold=1.0000000180025095e-35 2.5000000000000004 1.0000000180025095e-35 0.82122636917172498 4221.3500000000013 0.63534852012036591 1.0000000180025095e-35 1.0000000180025095e-35 0.22648915806956124 19120.350000000002 0.72113485673366695 2.5000000000000004 0.10579319139187236 0.66931036568594615 0.18196155087878266 0.61405014406435732 28810.350000000002 0.58388251643627609 0.38401944729004961 0.59384116945412302 0.45482147816435398 0.05789823518886681 13332.200000000003 9154.6000000000022 20831.900000000005 0.091666885136711743 1909.6500000000003 1.0000000180025095e-35 0.18149084481207833 0.80057301850816487
decision_type=2 2 2 2 2 2 2 2 2 2 2 2 2 2 2 2 2 2 2 2 2 2 2 2 2 2 2 2 2 2
left_child=1 2 21 4 5 26 12 23 9 11 16 22 -2 18 -8 -16 -10 -18 -14 20 25 -1 -6 -4 -12 -5 -3 -24 -15 -23
right_child=6 3 7 19 8 -7 14 -9 10 -11 24 -13 13 28 15 -17 17 -19 -20 -21 -22 29 27 -25 -26 -27 -28 -29 -30 -31
leaf_value=-0.0009948787128918671 -0.001061147119288498 -0.0011662458345853609 -0.0031585085383780743 -0.00041125649423358405 0.0010804618401333498 0.00093938365644724998 -0.0020160101263037955 -0.0010059038534280065 0.00082768169395123267 0.0010595242842719791 -0.00030330401885573968 -0.0012238574992944401 -9.0205479610540649e-05 -0.0015850307505267361 -0.00023012929794466761 -0.0013723355230868897 -5.109549960689833e-05 0.0011046507891674254 0.00060682511422524826 -0.00018350601796545375 0.00066995101759606231 0.0003779177226572766 9.8965268043317318e-05 -0.0017910605699152631 0.0004934076387356597 4.8716582318343209e-05 -0.00031476481530074872 -0.00069104165158933033 -0.00043035250628133137 -4.1483345003233819e-06
leaf_weight=35 93 57 34 219 39 185 54 221 929 94 130 53 311 30 134 127 183 79 169 1071 282 465 297 85 137 1158 485 74 265 505
leaf_count=35 93 57 34 219 39 185 54 221 929 94 130 53 311 30 134 127 183 79 169 1071 282 465 297 85 137 1158 485 74 265 505
internal_value=7.82284e-08 7.34041e-05 -0.000255106 0.000154151 0.000322675 -6.2381e-05 -0.00042246 -0.00141745 0.0004616 9.89667e-05 0.000600138 -9.60493e-05 -0.000214034 -0.00011238 -0.000996789 -0.000785915 0.000711027 0.000297393 0.000155207 -1.51136e-05 9.35954e-05 0.000138125 4.97405e-05 -0.00218176 0.000105496 -2.44382e-05 -0.000404312 -5.86102e-05 -0.000547777 0.000179007
internal_weight=8000 6817 1345 5472 2742 727 1183 340 2015 557 1458 463 868 775 315 261 1191 262 480 2730 1659 1005 410 119 267 1377 542 371 295 970
internal_count=8000 6817 1345 5472 2742 727 1183 340 2015 557 1458 463 868 775 315 261 1191 262 480 2730 1659 1005 410 119 267 1377 542 371 295 970
is_linear=0
shrinkage=0.05


Tree=75
num_leaves=31
num_cat=1
split_feature=6 17 11 17 8 8 14 16 17 12 11 17 15 5 18 18 7 8 18 18 18 11 5 12 8 5 15 18 18 5
split_gain=0.0971201 0.0604456 0.0664893 0.122795 0.058215 0.0644374 0.0473651 0.0395983 0.0388533 0.0380119 0.0287769 0.0274599 0.0239195 0.0627877 0.0223188 0.0318162 0.0218907 0.0260863 0.0180474 0.0252472 0.0215391 0.0177595 0.017531 0.0170545 0.016593 0.0161696 0.0214755 0.0160228 0.0260379 0.0190702
threshold=1.0000000180025095e-35 0.7942348438680138 4738.2500000000009 0.63534852012036591 37.500000000000007 5.5000000000000009 1.0000000180025095e-35 0 0.3007277068453148 11296.300000000001 21079.550000000003 0.31200574902492467 1.0000000180025095e-35 1.0000000180025095e-35 0.72251030147762607 0.29911424590235575 26.500000000000004 15.500000000000002 0.10306664233663611 0.5821169876709672 0.38401944729004961 20084.800000000003 1.0000000180025095e-35 26948.500000000007 23.500000000000004 2.5000000000000004 3.5000000000000004 0.15814187655826814 0.60817256290573829 1.0000000180025095e-35
decision_type=2 2 2 2 2 2 2 1 2 2 2 2 2 2 2 2 2 2 2 2 2 2 2 2 2 2 2 2 2 2
left_child=1 2 3 25 5 -2 7 16 9 -4 27 -8 13 -3 15 23 17 -7 -9 20 -20 -13 -6 -14 -21 -1 -27 -11 -29 -30
right_child=4 12 8 -5 22 6 11 18 -10 10 -12 21 14 -15 -16 -17 -18 -19 19 24 -22 -23 -24 -25 -26 26 -28 28 29 -31
leaf_value=-0.00033746356487665476 -0.00093504227901818624 -2.993892353984076e-05 0.001614519034898499 0.00099728737145853355 -0.0010794292533319095 0.00052575502805190068 -0.0021440281508736973 -0.0010276045679824702 0.00056488285983888147 -0.00060795275777300953 0.00087481517937007124 -0.00034390377511736006 -0.00018948202656520895 -0.0018546712459558906 -0.00022096516638455115 0.00026788966494457612 0.00072095162588836506 -0.0010404214200236863 -8.306918024775486e-05 -0.00023954894940106898 0.00081429339574907479 -0.0019486224942374974 -0.0025816386856134955 0.00041780547874046908 -0.0011074394575093481 -0.0024706426525621544 -0.00058627407825379463 0.00033865359047933466 -0.00010131246506898606 -0.0011380327671200545
leaf_weight=633 300 165 41 195 52 63 34 61 1330 111 94 125 984 66 985 1024 237 46 238 200 93 20 31 131 76 21 54 333 200 57
leaf_count=633 300 165 41 195 52 63 34 61 1330 111 94 125 984 66 985 1024 237 46 238 200 93 20 31 131 76 21 54 333 200 57
internal_value=7.43174e-08 8.63632e-05 0.000246724 -0.000113716 -0.000351651 -0.000280001 -0.00011528 1.70892e-05 0.00039699 0.000129888 5.33222e-05 -0.000865125 -6.03272e-05 -0.000551291 -2.40235e-05 6.66672e-05 0.000451239 -0.0001352 -0.000207785 -0.000125398 0.00016906 -0.000565244 -0.0016405 -0.000118133 -0.000478533 -0.000419713 -0.0011139 -5.68352e-05 4.68496e-05 -0.000331247
internal_weight=8000 6424 3069 903 1576 1493 1193 1014 2166 836 795 179 3355 231 3124 2139 346 109 668 607 331 145 83 1115 276 708 75 701 590 257
internal_count=8000 6424 3069 903 1576 1493 1193 1014 2166 836 795 179 3355 231 3124 2139 346 109 668 607 331 145 83 1115 276 708 75 701 590 257
cat_boundaries=0 1
cat_threshold=2
is_linear=0
shrinkage=0.05


Tree=76
num_leaves=31
num_cat=1
split_feature=6 17 8 8 14 17 16 18 18 15 5 17 5 12 17 7 8 17 11 12 17 5 18 18 18 18 5 18 18 18
split_gain=0.0876509 0.0546411 0.0525391 0.0581547 0.042747 0.0410928 0.0357375 0.0343143 0.0401187 0.0263376 0.0624694 0.0247826 0.0237954 0.0221491 0.0308515 0.0197564 0.0235744 0.019066 0.0276352 0.0194701 0.018686 0.0164916 0.0163979 0.0216053 0.0319996 0.0165645 0.016363 0.0162878 0.0227856 0.019439
threshold=1.0000000180025095e-35 1.0051258128570599 37.500000000000007 5.5000000000000009 1.0000000180025095e-35 0.052026372957078439 0 0.97702354878043673 0.15814187655826814 1.5000000000000002 1.0000000180025095e-35 0.31200574902492467 2.5000000000000004 27067.900000000001 0.60578063647621516 26.500000000000004 17.500000000000004 0.72113485673366695 5362.2000000000007 19260.050000000003 0.8380202149199999 2.5000000000000004 0.06140362893741181 0.63616077864417786 0.44974507119407497 0.53618662119105232 2.5000000000000004 0.10306664233663611 0.5821169876709672 0.38401944729004961
decision_type=2 2 2 2 2 2 1 2 2 2 2 2 2 2 2 2 2 2 2 2 2 2 2 2 2 2 2 2 2 2
left_child=1 5 3 -2 6 21 15 8 12 10 -10 -6 -7 17 -15 16 -5 18 -11 -19 -16 -1 -3 24 -24 -26 -9 -8 29 -29
right_child=2 22 -4 4 11 7 27 26 9 13 -12 -13 -14 14 20 -17 -18 19 -20 -21 -22 -23 23 -25 25 -27 -28 28 -30 -31
leaf_value=-0.0003691631139639568 -0.00088829016397479188 -0.00068767230628249574 -0.0015584706519211431 0.00031428216549102218 -0.0020368267323219165 5.857014220997763e-05 -0.00097622434602912954 2.8523939031418068e-05 0.00037214834039209026 0.00014632599916115975 -0.0013286751702617039 -0.00053698206864345559 -0.0010063337115972335 -1.7979850917107306e-05 0.00095933070954201292 0.00068490404217776092 -0.0013497431256711996 -6.9940054384983724e-05 0.00086263462367695538 0.00066152334249046678 0.00011210098313997584 -0.0018931013077963144 -7.231859523265236e-05 -0.00025901517580069114 0.00081893106026059139 0.00010448045518626856 -0.00068076139318493567 -7.8915713983856954e-05 -0.00045460663410346535 0.00077357871968190253
leaf_weight=158 300 112 83 80 34 549 61 700 236 165 70 145 58 416 183 237 29 179 732 185 101 20 1210 932 174 152 92 238 276 93
leaf_count=158 300 112 83 80 34 549 61 700 236 165 70 145 58 416 183 237 29 179 732 185 101 20 1210 932 174 152 92 238 276 93
internal_value=7.06011e-08 8.2045e-05 -0.000334069 -0.000266001 -0.000109516 0.000201511 1.62348e-05 0.000237534 0.000317837 0.000414501 -1.69289e-05 -0.000821869 -4.31834e-05 0.000481823 0.000256286 0.000428677 -0.00012844 0.000607022 0.000730872 0.00030182 0.000658027 -0.000540392 -9.59504e-05 -6.90975e-05 4.6139e-05 0.000485813 -5.38678e-05 -0.000197396 -0.000119128 0.000160607
internal_weight=8000 6424 1576 1493 1193 3844 1014 3666 2874 2267 306 179 607 1961 700 346 109 1261 897 364 284 178 2580 2468 1536 326 792 668 607 331
internal_count=8000 6424 1576 1493 1193 3844 1014 3666 2874 2267 306 179 607 1961 700 346 109 1261 897 364 284 178 2580 2468 1536 326 792 668 607 331
cat_boundaries=0 1
cat_threshold=2
is_linear=0
shrinkage=0.05


Tree=77
num_leaves=31
num_cat=1
split_feature=14 15 5 17 11 17 5 17 15 11 18 18 12 5 18 18 9 5 5 18 0 18 12 18 18 18 18 18 18 0
split_gain=0.0841855 0.0613036 0.206881 0.0487978 0.0590067 0.0737225 0.0484477 0.0396762 0.0347469 0.0345357 0.0259476 0.0311983 0.0258935 0.0255208 0.0239402 0.0298341 0.0190654 0.113331 0.0617968 0.0182309 0.0170462 0.0158416 0.0155345 0.0153131 0.0290881 0.0140533 0.0133736 0.0132008 0.0128009 0.0126065
threshold=1.0000000180025095e-35 2.5000000000000004 1.0000000180025095e-35 0.78905806679610013 4221.3500000000013 0.63534852012036591 1.0000000180025095e-35 0.22648915806956124 1.0000000180025095e-35 19120.350000000002 0.10579319139187236 0.66931036568594615 32672.350000000002 2.5000000000000004 0.18196155087878266 0.60817256290573829 0 2.5000000000000004 2.5000000000000004 0.42310511687933455 9154.6000000000022 0.05789823518886681 13332.200000000003 1.0559083312565252 0.23090205492527774 0.5821169876709672 0.99658510511450216 0.24016644883890034 0.46684741355135223 1909.6500000000003
decision_type=2 2 2 2 2 2 2 2 2 2 2 2 2 2 2 2 1 2 2 2 2 2 2 2 2 2 2 2 2 2
left_child=1 2 21 4 5 29 10 9 20 13 -2 19 16 22 -8 -16 17 -5 26 -12 -4 -1 -6 24 -9 28 27 -18 -26 -3
right_child=6 3 8 12 7 -7 14 23 -10 -11 11 -13 -14 -15 15 -17 18 -19 -20 -21 -22 -23 -24 -25 25 -27 -28 -29 -30 -31
leaf_value=-0.00091916859050148304 -0.00098569949188204577 -0.0010681564632697 -0.0029359548236243429 -4.5277424771312347e-06 0.00099077989251758806 0.00092230060356087058 -0.0018787420538568834 0.00033036851057128349 -0.0009300258702533194 0.00095924187805026802 -5.3861324552272845e-05 -0.00050649670631451127 0.00074866972711600107 -0.0011244168552434961 -0.00019371037992710406 -0.0012629247017179113 -0.00014426194407189728 0.002365523864032834 -0.00095905436744751099 0.00061990877324320424 -0.0016112845046069091 0.00016359326077568749 -5.8258271248897574e-05 0.00026829166024096616 0.00086983810580550699 0.0005481366524666641 -0.00026060708199469895 0.00015921230432103557 0.0014659545882163766 -0.00028209093225067941
leaf_weight=35 93 57 34 508 39 140 54 389 221 94 337 295 111 53 132 129 553 56 190 143 85 970 371 296 329 223 436 1018 124 485
leaf_count=35 93 57 34 508 39 140 54 389 221 94 337 295 111 53 132 129 553 56 190 143 85 970 371 296 329 223 436 1018 124 485
internal_value=6.70724e-08 6.76348e-05 -0.000234798 0.000141972 0.000298901 -0.000100553 -0.00038929 0.000440938 -0.00130093 8.546e-05 -0.000196533 -0.000101833 -9.47646e-08 -9.19384e-05 -0.000920442 -0.000722173 -3.01972e-05 0.000226776 -9.67575e-05 0.000146866 -0.00198976 0.000125885 4.15283e-05 0.00058642 0.000674838 0.000873062 -1.56071e-05 5.23878e-05 0.00103301 -0.000364758
internal_weight=8000 6817 1345 5472 2600 682 1183 1918 340 557 868 775 2872 463 315 261 2761 564 2197 480 119 1005 410 1361 1065 676 2007 1571 453 542
internal_count=8000 6817 1345 5472 2600 682 1183 1918 340 557 868 775 2872 463 315 261 2761 564 2197 480 119 1005 410 1361 1065 676 2007 1571 453 542
cat_boundaries=0 1
cat_threshold=8
is_linear=0
shrinkage=0.05


Tree=78
num_leaves=31
num_cat=2
split_feature=6 16 18 18 17 8 14 5 15 11 14 8 17 5 14 7 8 15 5 8 9 1 18 5 18 8 12 17 15 8
split_gain=0.078636 0.049621 0.0460281 0.0597132 0.0397859 0.0348 0.0335796 0.0263722 0.0476032 0.0263375 0.0261648 0.0255496 0.0252227 0.0245962 0.0242782 0.0232492 0.0578591 0.0212011 0.0644784 0.0207948 0.0197921 0.0196088 0.0190179 0.0177667 0.0167202 0.0166886 0.015506 0.0403887 0.0152646 0.0135138
threshold=1.0000000180025095e-35 0 0.99658510511450216 0.13108907548546417 0.81439988663770901 37.500000000000007 1.0000000180025095e-35 1.0000000180025095e-35 1.0000000180025095e-35 1403.8000000000002 1.0000000180025095e-35 7.5000000000000009 0.65565112744789122 1.5000000000000002 1.0000000180025095e-35 35.500000000000007 14.500000000000002 2.5000000000000004 1.0000000180025095e-35 15.500000000000002 1 398.75000000000006 0.69641734185830162 1.0000000180025095e-35 0.036328902848516524 28.500000000000004 27067.900000000001 0.60578063647621516 2.5000000000000004 4.5000000000000009
decision_type=2 1 2 2 2 2 2 2 2 2 2 2 2 2 2 2 2 2 2 2 1 2 2 2 2 2 2 2 2 2
left_child=2 13 3 10 9 6 11 -4 -9 12 24 -3 -5 29 20 16 -13 18 -11 -17 -10 -8 -23 -12 -1 -21 -19 -28 -15 -2
right_child=1 5 7 4 -6 -7 21 8 14 17 23 15 -14 28 -16 19 -18 26 -20 25 -22 22 -24 -25 -26 -27 27 -29 -30 -31
leaf_value=-0.00088328042175047673 -0.001151089965201448 -0.00039699387188798092 -5.000117244908695e-05 -0.00048402643613925902 7.0756813812044255e-05 -0.0013848689960985784 -0.0016783154183212903 -0.0025290138545512623 0.00032569709812199361 0.00046062828996372424 -0.00058542660481930163 0.00078661124524212651 0.00084233340488974642 -0.0024543974863053546 -0.0012617033172679683 -0.00017577119192076457 -0.00056182307050642907 0.00063266994936531052 -0.0010570624238775614 0.0011654581310311981 -0.00052427221820835253 0.00012569564860314132 -0.0012139840920585706 -0.0020355864376243619 -4.4063137489108479e-05 0.00024795321895206007 5.899372169947945e-06 0.0010181690925843998 -0.0010435413614661778 -0.00041958006563142788
leaf_weight=65 76 209 1029 151 2068 51 40 28 112 303 97 130 47 26 63 69 205 1022 91 133 150 69 43 27 683 79 351 137 73 373
leaf_count=65 76 209 1029 151 2068 51 40 28 112 303 97 130 47 26 63 69 205 1022 91 133 150 69 43 27 683 79 351 137 73 373
internal_value=6.37182e-08 -0.000316427 7.77083e-05 0.000147778 0.000226464 -0.000111585 -4.51186e-05 -0.00017793 -0.000550845 0.000379652 -0.000228504 8.07031e-05 -0.000169183 -0.000700692 -0.000380418 0.000242779 -3.85501e-05 0.000436726 0.000110096 0.000578171 -0.000168506 -0.000728032 -0.000388646 -0.000901187 -0.00011699 0.000823558 0.000521953 0.000290082 -0.00141407 -0.000543399
internal_weight=8000 1576 6424 5042 4170 1028 977 1382 353 2102 872 825 198 548 325 616 335 1904 394 281 262 152 112 124 748 212 1510 488 99 449
internal_count=8000 1576 6424 5042 4170 1028 977 1382 353 2102 872 825 198 548 325 616 335 1904 394 281 262 152 112 124 748 212 1510 488 99 449
cat_boundaries=0 1 2
cat_threshold=1 24
is_linear=0
shrinkage=0.05


Tree=79
num_leaves=31
num_cat=1
split_feature=14 15 5 5 17 17 15 18 18 18 18 18 18 18 18 18 17 6 9 5 5 0 18 18 0 4 18 18 17 3
split_gain=0.0718835 0.0526336 0.177295 0.0426883 0.0414673 0.0363082 0.02959 0.0271315 0.0312502 0.0269498 0.0264463 0.0247406 0.023723 0.0202844 0.0241556 0.0233417 0.0199181 0.0171492 0.0151845 0.0871224 0.0410313 0.0146912 0.0136806 0.0130295 0.012979 0.0176218 0.0126563 0.0136029 0.012203 0.0115981
threshold=1.0000000180025095e-35 2.5000000000000004 1.0000000180025095e-35 2.5000000000000004 1.0119623549560466 0.082109413785188295 1.0000000180025095e-35 0.04708282998363069 1.0143714325205082 0.065655431440702447 0.67521442763155248 0.10306664233663611 0.36313207504659589 0.26862488695674469 0.58790785575135607 0.45827444641994697 0.18149084481207833 1.0000000180025095e-35 0 2.5000000000000004 2.5000000000000004 9154.6000000000022 0.05789823518886681 0.52733204361138497 25253.300000000003 9.0553200250000021 0.63616077864417786 0.27809402061610927 0.89256147247223883 129.75000000000003
decision_type=2 2 2 2 2 2 2 2 2 2 2 2 2 2 2 2 2 2 1 2 2 2 2 2 2 2 2 2 2 2
left_child=1 2 22 9 5 11 21 -7 13 -2 12 -3 -11 24 15 -15 -12 -13 19 -6 26 -4 -1 -17 -9 -26 27 -20 -18 -8
right_child=3 4 6 -5 18 7 29 8 -10 10 16 17 -14 14 -16 23 28 -19 20 -21 -22 -23 -24 -25 25 -27 -28 -29 -30 -31
leaf_value=-0.00085501089026885377 -0.0013588308173430566 -0.0017797860607970508 -0.0027187766883905759 -0.0012620689014912095 -1.4757592336555467e-05 -0.00064784819073975095 -0.0016102022374980152 0.00015918938820614305 1.0666893378426252e-05 -0.00023735404404360804 -0.0015953384398744675 7.4104698824109197e-05 0.00039335493670497688 0.00049347743492444431 0.00024575448114488857 0.0013118366269157956 -9.0076827610254765e-05 -0.00091656460682044559 -0.00010738048852883451 0.002309978422191408 -0.00092385612743583036 -0.0014890080799780075 0.00015119231924229061 0.00065033165958821052 0.0016061257430058169 0.00012010988942901825 -0.0002225627563778827 0.00025931854918638005 -0.00070367864859344892 -0.00068697489814490721
leaf_weight=35 53 26 34 118 386 75 42 832 657 414 40 187 233 591 510 176 154 57 516 45 141 85 970 129 38 42 568 496 171 179
leaf_count=35 53 26 34 118 386 75 42 832 657 414 40 187 233 591 510 176 154 57 516 45 141 85 970 129 38 42 568 496 171 179
internal_value=4.81203e-08 6.24841e-05 -0.000217747 -0.000359737 0.000131364 0.00024218 -0.00120471 0.000291377 0.000315054 -0.000259761 -0.000202201 -0.000313559 -1.02208e-05 0.000401328 0.000520452 0.000676809 -0.000542505 -0.000157322 -3.95972e-05 0.000222795 -0.000105988 -0.00184037 0.00011615 0.00103205 0.000217679 0.000825967 -3.36721e-05 7.23455e-05 -0.000412926 -0.00086243
internal_weight=8000 6817 1345 1183 5472 3320 340 3050 2975 1065 1012 270 647 2318 1406 896 365 244 2152 431 1721 119 1005 305 912 80 1580 1012 325 221
internal_count=8000 6817 1345 1183 5472 3320 340 3050 2975 1065 1012 270 647 2318 1406 896 365 244 2152 431 1721 119 1005 305 912 80 1580 1012 325 221
cat_boundaries=0 1
cat_threshold=8
is_linear=0
shrinkage=0.05


Tree=80
num_leaves=31
num_cat=1
split_feature=6 16 17 11 17 5 17 12 15 8 8 7 11 4 8 15 5 8 14 18 18 8 8 7 8 18 18 17 0 12
split_gain=0.0699546 0.0450681 0.0402596 0.0518433 0.0933228 0.0362059 0.0304684 0.0315284 0.0242066 0.0240499 0.0245441 0.0412898 0.0238193 0.0200636 0.0181561 0.0176674 0.0438209 0.0174916 0.0162537 0.0162453 0.0179348 0.0161104 0.0165974 0.0179663 0.0404988 0.0156849 0.0399969 0.0152082 0.0281727 0.0202743
threshold=1.0000000180025095e-35 0 0.7942348438680138 4929.9500000000016 0.63534852012036591 1.5000000000000002 0.3007277068453148 11296.300000000001 1.5000000000000002 3.5000000000000004 23.500000000000004 44.500000000000007 21079.550000000003 4.0199067040000003 33.500000000000007 1.0000000180025095e-35 1.0000000180025095e-35 40.500000000000007 1.0000000180025095e-35 0.17048142481452311 0.67521442763155248 6.5000000000000009 28.500000000000004 27.500000000000004 13.500000000000002 0.60817256290573829 0.44974507119407497 0.70732045989239067 15380.6 29108.300000000007
decision_type=2 1 2 2 2 2 2 2 2 2 2 2 2 2 2 2 2 2 2 2 2 2 2 2 2 2 2 2 2 2
left_child=2 13 3 4 -1 9 7 -5 -7 -3 19 -12 -9 -2 18 16 -4 -13 -10 -11 -21 -15 23 24 -23 26 -17 29 -29 -8
right_child=1 5 15 6 -6 8 27 12 14 10 11 17 -14 21 -16 25 -18 -19 -20 20 -22 22 -24 -25 -26 -27 -28 28 -30 -31
leaf_value=-0.00037247273235226915 -0.0010785374411248735 -0.0010951753495702383 -3.2839718460860299e-05 0.0014542432030572035 0.00084257636143333773 -0.0026212622988775066 0.00067062153008274489 -6.8889466533979143e-05 -0.00043604036308411578 -0.00063680500736356619 -0.0011944312474432602 0.0007215455314171441 0.0007791514775643474 -0.00036988129947063944 -0.0023134779836982487 -3.477729311451526e-05 -0.0015572526381054724 -0.0010094215394929051 -0.0019011206159358033 0.00032509974501856108 -0.00031353720197400367 0.0011509589615426113 -0.00036364403028640749 0.00076209384432271703 -0.00079583306225472104 -0.0001591362615138148 0.00055350255191323841 -0.00046634223946495228 0.00066058596041106642 0.00011975933256269731
leaf_weight=726 35 98 165 41 202 24 883 695 107 108 147 54 94 111 20 1592 66 20 23 252 195 44 73 197 68 1179 353 108 114 206
leaf_count=726 35 98 165 41 202 24 883 695 107 108 147 54 94 111 20 1592 66 20 23 252 195 44 73 197 68 1179 353 108 114 206
internal_value=4.57151e-08 -0.000298464 7.3279e-05 0.000204152 -0.00010799 -0.000488249 0.000339448 0.000102393 -0.00114691 -0.00035712 -0.000263912 -0.000709531 3.21446e-05 7.82318e-05 -0.000911011 -4.64375e-05 -0.000468386 0.000253717 -0.000695247 -8.64677e-05 4.64997e-05 0.000160355 0.000314429 0.000474621 -3.10219e-05 -1.52371e-05 7.19902e-05 0.000489528 0.000112351 0.000566418
internal_weight=8000 1576 6424 3069 928 1048 2141 830 174 874 776 221 789 528 150 3355 231 74 130 555 447 493 382 309 112 3124 1945 1311 222 1089
internal_count=8000 1576 6424 3069 928 1048 2141 830 174 874 776 221 789 528 150 3355 231 74 130 555 447 493 382 309 112 3124 1945 1311 222 1089
cat_boundaries=0 1
cat_threshold=2
is_linear=0
shrinkage=0.05


Tree=81
num_leaves=31
num_cat=1
split_feature=14 9 5 5 17 5 15 18 18 18 18 18 18 18 18 18 17 17 6 0 11 18 10 17 18 18 18 18 17 0
split_gain=0.0639158 0.050326 0.309764 0.248208 0.0431115 0.0373204 0.0247203 0.0240967 0.0225854 0.0224088 0.0222654 0.0268795 0.0218205 0.021712 0.0194375 0.0312999 0.0175613 0.0171573 0.0171499 0.0159942 0.0151247 0.0150303 0.0147916 0.0131919 0.011932 0.011079 0.0219594 0.0142038 0.0112175 0.0107735
threshold=1.0000000180025095e-35 0 2.5000000000000004 2.5000000000000004 1.0119623549560466 2.5000000000000004 1.0000000180025095e-35 0.06140362893741181 0.67521442763155248 0.11174711980731999 0.068450202817374947 0.96390869905011034 0.26256826476960315 0.36313207504659589 0.5686526807578941 0.46684741355135223 0.18149084481207833 0.24877484119836019 1.0000000180025095e-35 20084.700000000004 2561.5000000000005 1.1192008230250712 41701.55000000001 0.82122636917172498 0.22418927403077413 0.18196155087878266 0.60817256290573829 0.33666701425501888 1.1809206350112329 5989.8500000000013
decision_type=2 1 2 2 2 2 2 2 2 2 2 2 2 2 2 2 2 2 2 2 2 2 2 2 2 2 2 2 2 2
left_child=1 2 -1 4 10 7 -5 -2 13 -8 19 12 -12 -9 15 22 -10 -11 -19 -3 -13 24 -14 -17 -6 -7 27 -27 -28 -18
right_child=5 3 -4 6 21 25 9 8 16 17 11 20 14 -15 -16 23 29 18 -20 -21 -22 -23 -24 -25 -26 26 28 -29 -30 -31
leaf_value=7.3827365890352423e-05 -0.0013914105868686668 -0.00066649764675284144 0.0025425650892763039 -0.0022798885019878266 -0.00021015494884982856 -0.0021949641242496334 -0.0018946709845165191 -0.0002344391467475783 -0.0015002133540110664 -0.0015330994310109721 0.00012393219521585798 -0.00057684167241293255 0.0003066075306058187 0.00036662861170465039 0.000209703656165521 0.0013054433176608851 0.00070534559920252789 -0.00052798127914146739 -0.0014628746916275567 0.00067076770813270879 7.5723336665218103e-05 -0.00036780665212555086 0.00092984456774690351 0.00041890008236143992 7.9763391943340415e-05 -0.0010197505940450356 -0.0024103032532506266 0.00070195405278354888 -0.00087624761720441965 -0.00046562120235223934
leaf_weight=1208 44 111 142 38 526 22 56 423 40 72 780 106 531 233 513 177 21 291 59 28 547 370 116 55 1091 25 26 23 22 304
leaf_count=1208 44 111 142 38 526 22 56 423 40 72 780 106 531 233 513 177 21 291 59 28 547 370 116 55 1091 25 26 23 22 304
internal_value=4.34286e-08 5.89176e-05 0.00033105 -8.87099e-06 9.9876e-05 -0.000339217 -0.00105247 -0.000245738 -0.000196365 -0.000954889 0.00022068 0.000251078 0.000335644 -2.09501e-05 0.000454276 0.000597012 -0.00051163 -0.000830178 -0.000685578 -0.00039712 -3.02061e-05 -8.03262e-05 0.000418347 0.00109527 -1.45452e-05 -0.00118291 -0.000950981 -0.000194767 -0.00170719 -0.000389959
internal_weight=8000 6817 1350 5467 4951 1183 516 1065 1021 478 2964 2825 2172 656 1392 879 365 422 350 139 653 1987 647 232 1617 118 96 48 48 325
internal_count=8000 6817 1350 5467 4951 1183 516 1065 1021 478 2964 2825 2172 656 1392 879 365 422 350 139 653 1987 647 232 1617 118 96 48 48 325
cat_boundaries=0 1
cat_threshold=8
is_linear=0
shrinkage=0.05


Tree=82
num_leaves=31
num_cat=3
split_feature=6 16 18 18 18 5 9 8 8 18 18 18 18 9 5 5 5 17 11 17 17 11 17 18 14 14 1 8 8 17
split_gain=0.0625651 0.0416485 0.0344931 0.0467551 0.0792726 0.0305231 0.0588628 0.0286205 0.0291155 0.0281653 0.0217835 0.0274878 0.0350329 0.0193664 0.121148 0.0860392 0.0181986 0.017823 0.0199586 0.0165717 0.0159772 0.0173085 0.0151298 0.014639 0.013347 0.0128908 0.0128067 0.0124252 0.0165187 0.0119415
threshold=1.0000000180025095e-35 0 0.06140362893741181 0.60817256290573829 0.44974507119407497 2.5000000000000004 1 37.500000000000007 3.5000000000000004 0.52733204361138497 0.06140362893741181 0.64255738668680307 0.35580768414922231 2 2.5000000000000004 2.5000000000000004 1.5000000000000002 0.41173755979933852 21370.650000000005 0.35969473323129703 0.80965011907840911 1973.3500000000001 0.66328571565151218 0.13991807147486121 1.0000000180025095e-35 1.0000000180025095e-35 933.30000000000007 30.500000000000004 5.5000000000000009 0.27434120181264804
decision_type=2 1 2 2 2 2 1 2 2 2 2 2 2 1 2 2 2 2 2 2 2 2 2 2 2 2 2 2 2 2
left_child=2 16 -1 4 13 24 -7 8 -3 -6 -10 12 17 14 -4 20 27 -12 -19 -8 21 22 -15 -17 -5 29 -18 28 -2 -13
right_child=1 7 3 5 9 6 19 -9 10 -11 11 25 -14 15 -16 23 26 18 -20 -21 -22 -23 -24 -25 -26 -27 -28 -29 -30 -31
leaf_value=-0.00049258126856808961 -0.00097760210948763418 -0.00083817176830304767 0.00010976571000328409 3.4441084070051794e-05 0.00095185145306490913 0.00034489654591942037 -0.0024005007708048521 -0.0012493096303432157 -0.0011460345930471604 0.00032921036672413752 -0.00065002523440246785 -0.000895319952368958 0.00088592504009714617 -0.00050783674532635414 0.0024798129217621558 -0.0016439207767047371 -0.0015519085378565996 0.00038738474740966926 -0.0010066451007050687 -0.0010284365302767652 -1.1240070282276676e-05 0.00033346184533809158 0.00085038574715144927 -0.0006824839875240944 -0.00030895125370649897 -0.0010058331143227405 -0.00018402493204286492 -0.0012179727103772029 -0.00022136170892287415 1.9722753316627704e-05
leaf_weight=262 95 101 532 1822 401 100 27 51 36 332 75 42 186 114 60 51 77 224 29 119 1108 959 25 177 335 48 22 53 301 236
leaf_count=262 95 101 532 1822 401 100 27 51 36 332 75 42 186 114 60 51 77 224 29 119 1108 959 25 177 335 48 22 53 301 236
internal_value=4.12571e-08 -0.000282262 6.92987e-05 9.31891e-05 0.000203309 -7.90703e-05 -0.000606743 -9.45959e-05 -3.43192e-05 0.000669837 5.83625e-05 0.00010998 0.000337766 9.02996e-05 0.00034416 2.70305e-05 -0.000634307 2.69195e-05 0.000227595 -0.00119998 0.000122712 0.000257884 -0.000263552 -0.000897542 -1.88906e-05 -0.000249168 -0.00124793 -0.000499008 -0.000402783 -0.000118521
internal_weight=8000 1576 6424 6162 3759 2403 246 1028 977 733 876 840 514 3026 592 2434 548 328 253 146 2206 1098 139 228 2157 326 99 449 396 278
internal_count=8000 1576 6424 6162 3759 2403 246 1028 977 733 876 840 514 3026 592 2434 548 328 253 146 2206 1098 139 228 2157 326 99 449 396 278
cat_boundaries=0 1 2 3
cat_threshold=1 10 8
is_linear=0
shrinkage=0.05


Tree=83
num_leaves=31
num_cat=1
split_feature=6 16 17 11 17 8 17 12 8 11 4 7 8 8 7 8 11 15 5 4 8 17 0 12 17 17 3 18 18 8
split_gain=0.0564741 0.0384843 0.0330202 0.0453896 0.0820964 0.0294768 0.0264566 0.0281652 0.0251236 0.0219566 0.0161766 0.0157464 0.0501445 0.0221258 0.0197025 0.0242651 0.0150293 0.0149744 0.0384178 0.0138562 0.0163376 0.0134414 0.0248897 0.0180406 0.0188927 0.0131641 0.0137573 0.0128524 0.0141743 0.0123512
threshold=1.0000000180025095e-35 0 0.7942348438680138 4929.9500000000016 0.63534852012036591 36.500000000000007 0.3007277068453148 11296.300000000001 5.5000000000000009 21370.650000000005 4.0199067040000003 35.500000000000007 22.500000000000004 11.500000000000002 21.500000000000004 14.500000000000002 4221.3500000000013 1.0000000180025095e-35 1.0000000180025095e-35 49.643600976000002 4.5000000000000009 0.70732045989239067 15380.6 29108.300000000007 0.57120111657238326 0.17513393118538348 182.25000000000003 0.5821169876709672 0.44597119530514867 28.500000000000004
decision_type=2 1 2 2 2 2 2 2 2 2 2 2 2 2 2 2 2 2 2 2 2 2 2 2 2 2 2 2 2 2
left_child=2 10 3 4 -1 8 7 -5 -3 -9 -2 12 14 -13 15 -10 27 18 -18 20 -12 23 -23 -8 -25 -16 -27 28 -4 -22
right_child=1 5 16 6 -6 -7 21 9 11 -11 19 13 -14 -15 25 -17 17 -19 -20 -21 29 22 -24 24 -26 26 -28 -29 -30 -31
leaf_value=-0.0003557488275174733 -0.00095874542387069332 -0.0008770617926497676 0.00029412947610979787 0.0013677957202251094 0.0007838763568191881 -0.0014747409325522873 0.00062141178987313184 -7.0364766521379348e-05 -0.00017893519166305109 0.00076340641830478838 -0.00051224305742277553 -0.00087020926120315214 -0.0014651037674605293 0.00021678347046601897 -0.00083132740022847425 -0.0015204672126707679 -5.4125179257072084e-05 -5.2800663383981498e-05 -0.0015600185072010694 -0.00065341397333516706 0.00049100958941672391 -0.00044769196586761002 0.00061154265289938827 -0.00020879337112499595 0.00084002826841868706 -0.00024721326375532648 0.00064091826810651418 -0.00010258535356135872 0.001314576655277051 -0.00026539308044728105
leaf_weight=726 35 199 228 41 202 65 883 700 108 89 62 57 94 262 30 49 144 2706 60 48 318 108 114 145 61 71 113 177 40 65
leaf_count=726 35 199 228 41 202 65 883 700 108 89 62 57 94 262 30 49 144 2706 60 48 318 108 114 145 61 71 113 177 40 65
internal_value=6.07517e-08 -0.000268149 6.58606e-05 0.000184384 -0.000107684 -0.000443525 0.000310979 9.00813e-05 -0.000375337 2.36855e-05 7.9946e-05 -0.000247985 -0.000433582 2.25559e-05 -0.000172227 -0.00059763 -4.25594e-05 -8.39429e-05 -0.000497035 0.000153687 0.000240745 0.00045083 9.62393e-05 0.000523116 0.00010178 0.000139868 0.000298215 0.000228061 0.000446435 0.000362638
internal_weight=8000 1576 6424 3069 928 1048 2141 830 983 789 528 784 465 319 371 157 3355 2910 204 493 445 1311 222 1089 206 214 184 445 268 383
internal_count=8000 1576 6424 3069 928 1048 2141 830 983 789 528 784 465 319 371 157 3355 2910 204 493 445 1311 222 1089 206 214 184 445 268 383
cat_boundaries=0 1
cat_threshold=2
is_linear=0
shrinkage=0.05


Tree=84
num_leaves=31
num_cat=2
split_feature=14 15 5 5 17 11 17 17 11 0 15 12 5 18 18 9 5 15 17 3 9 5 5 18 18 12 17 12 17 13
split_gain=0.0552811 0.0433476 0.142732 0.0331552 0.0315844 0.0432165 0.0523809 0.0280262 0.0264018 0.0219166 0.0218357 0.0201703 0.0183855 0.0175175 0.0199927 0.0170686 0.017979 0.0215839 0.0155193 0.0143409 0.0125506 0.0792745 0.0424397 0.012473 0.0123898 0.0122886 0.0122187 0.01563 0.0219938 0.0109241
threshold=1.0000000180025095e-35 2.5000000000000004 1.0000000180025095e-35 1.0000000180025095e-35 0.78905806679610013 4221.3500000000013 0.63534852012036591 0.22648915806956124 19120.350000000002 2688.4000000000001 1.0000000180025095e-35 32672.350000000002 2.5000000000000004 0.10579319139187236 0.66931036568594615 0 2.5000000000000004 2.5000000000000004 0.3007277068453148 136.55000000000004 1 2.5000000000000004 2.5000000000000004 0.13628066856003765 0.42310511687933455 13332.200000000003 0.72113485673366695 28810.350000000002 0.64976072050391498 24.200000000000006
decision_type=2 2 2 2 2 2 2 2 2 2 2 2 2 2 2 1 2 2 2 2 1 2 2 2 2 2 2 2 2 2
left_child=1 2 -1 13 5 6 -3 8 12 -5 18 20 25 -2 24 23 17 -17 -4 -20 21 -6 -22 -11 29 -7 27 -9 -29 -15
right_child=3 4 10 9 11 7 -8 26 -10 15 -12 -13 -14 14 -16 16 -18 -19 19 -21 22 -23 -24 -25 -26 -27 -28 28 -30 -31
leaf_value=0.00010008750653813067 -0.00080441552807667077 -0.00032098588927205316 -0.0027976599521934986 -0.0023153593230138842 -8.5938842149037042e-06 0.00086881408118269748 0.00076390223077656377 0.00064019216951774949 0.00083035017346543461 -0.0013006560062058272 -0.00079102221772445278 0.00066387908667460221 -0.0009650796808891069 0.001007265694636811 -0.00040212635902115205 -0.0019731930785135111 -0.0016444602899545276 -0.00020238705726540823 -0.00034888836447722639 -0.0017240640805435501 -1.0291108491245813e-05 0.0019736192555033735 -0.00079213661745215129 6.0703753746874667e-05 0.00051086996489913136 -6.4212471697632615e-05 9.086118262476863e-05 5.6076911804835189e-06 0.0012665131623379707 -0.00012161980853915149
leaf_weight=1005 93 542 23 21 508 39 140 929 94 20 221 111 53 23 295 22 67 79 26 70 2007 56 190 106 143 371 170 221 41 314
leaf_count=1005 93 542 23 21 508 39 140 929 94 20 221 111 53 23 295 22 67 79 26 70 2007 56 190 106 143 371 170 221 41 314
internal_value=5.77136e-08 5.48108e-05 -0.000199502 -0.000315455 0.00011732 0.000243572 -9.82816e-05 0.000365128 6.63638e-05 -0.000754853 -0.00108505 3.02484e-06 -8.87436e-05 -0.000155997 -7.81863e-05 -0.000643388 -0.000952684 -0.000588107 -0.00163111 -0.00135162 -2.35434e-05 0.000184942 -7.75533e-05 -0.00014396 0.000120902 2.45388e-05 0.0004874 0.000544001 0.000202925 -4.45742e-05
internal_weight=8000 6817 1345 1183 5472 2600 682 1918 557 315 340 2872 463 868 775 294 168 101 119 96 2761 564 2197 126 480 410 1361 1191 262 337
internal_count=8000 6817 1345 1183 5472 2600 682 1918 557 315 340 2872 463 868 775 294 168 101 119 96 2761 564 2197 126 480 410 1361 1191 262 337
cat_boundaries=0 1 2
cat_threshold=12 8
is_linear=0
shrinkage=0.05


Tree=85
num_leaves=31
num_cat=0
split_feature=18 18 18 6 18 5 5 8 8 15 5 17 17 11 17 6 14 6 12 17 17 3 17 8 17 17 11 17 17 17
split_gain=0.0513002 0.0823802 0.0979791 0.0350269 0.0340871 0.033669 0.0249857 0.0249748 0.0254603 0.0218611 0.0513351 0.0170806 0.0170497 0.0174686 0.0274073 0.0164347 0.0152112 0.0130553 0.0126666 0.0126279 0.0126043 0.0162801 0.0124057 0.0107695 0.0105764 0.0148272 0.0115167 0.0156462 0.0104956 0.0104226
threshold=0.098688261929857593 0.60817256290573829 0.44974507119407497 1.0000000180025095e-35 0.52733204361138497 2.5000000000000004 2.5000000000000004 28.500000000000004 5.5000000000000009 1.5000000000000002 1.0000000180025095e-35 0.22007010299678317 1.0051258128570599 1746.7000000000003 0.64976072050391498 1.0000000180025095e-35 1.0000000180025095e-35 1.0000000180025095e-35 24478.900000000005 0.86044129720071838 0.66328571565151218 198.35000000000005 0.027324019293455893 4.5000000000000009 0.16260759087364027 0.76250150875841216 6030.8500000000013 0.62231073412959803 0.99791470846124775 0.076332128674922686
decision_type=2 2 2 2 2 2 2 2 2 2 2 2 2 2 2 2 2 2 2 2 2 2 2 2 2 2 2 2 2 2
left_child=5 2 9 6 19 15 22 8 -5 10 -2 -8 13 14 18 -1 20 -12 -11 -4 21 -13 -3 -17 -15 26 27 -26 -24 -10
right_child=1 3 4 7 -6 -7 11 -9 29 12 17 16 -14 24 -16 23 -18 -19 -20 -21 -22 -23 28 -25 25 -27 -28 -29 -30 -31
leaf_value=-0.00017368198656382645 4.9061372119830389e-05 -0.001260755469556898 0.0011571974275888489 -0.0010410118435966408 0.00030256339794315466 -0.0014737319067331665 -0.0016305516522606923 -0.0012322229182654138 -0.0012877630888215208 -0.0013965066398285624 -0.00092050773216792014 0.0015278437440948828 -4.2569574909587484e-05 -3.1168134282621566e-05 0.00058666727009424485 -0.0018835549498908222 -0.0013140203513840615 -0.0022749479055743328 -0.00033383136356078638 0.00065143438267397595 -0.0004751342321645596 -0.0002638018366724282 8.4216216788216632e-05 -0.00061149202869861677 -5.9118855064940259e-05 5.1520423599044392e-05 0.00053255433006393405 0.0009051261245128085 -0.00014045091348366886 -0.00011654339462453094
leaf_weight=518 326 20 265 108 403 67 32 98 20 38 93 21 1166 258 71 20 37 22 107 231 124 32 1244 99 204 371 681 53 893 378
leaf_count=518 326 20 265 108 403 67 32 98 20 38 93 21 1166 258 71 20 37 22 107 231 124 32 1244 99 204 371 681 53 893 378
internal_value=5.48281e-08 3.93852e-05 0.000180064 -0.00016127 0.000644129 -0.000407551 -7.57149e-05 -0.000501649 -0.000360154 5.69975e-05 -0.000271343 -0.00055313 0.000106098 0.00020332 -0.000218212 -0.00029541 -0.00039202 -0.00117962 -0.000612326 0.000921651 -0.000199286 0.000446095 -2.12669e-05 -0.000825284 0.000261425 0.000319095 0.000424926 0.000139733 -9.66668e-06 -0.000175399
internal_weight=8000 7296 4289 3007 899 704 2403 604 506 3390 441 246 2949 1783 216 637 214 115 145 496 177 53 2157 119 1567 1309 938 257 2137 398
internal_count=8000 7296 4289 3007 899 704 2403 604 506 3390 441 246 2949 1783 216 637 214 115 145 496 177 53 2157 119 1567 1309 938 257 2137 398
is_linear=0
shrinkage=0.05


Tree=86
num_leaves=31
num_cat=2
split_feature=14 9 5 5 17 5 0 11 17 12 6 17 0 11 17 9 5 15 11 18 18 18 17 17 2 18 17 17 18 18
split_gain=0.0491228 0.0413027 0.263078 0.189921 0.0307807 0.0284455 0.0203217 0.0310576 0.0324651 0.0354073 0.0202891 0.0197914 0.0195089 0.0162225 0.0153914 0.0151964 0.0152594 0.0188663 0.015002 0.0149904 0.0170855 0.0123658 0.0120045 0.014046 0.0121225 0.011125 0.011009 0.0192767 0.0105898 0.00945513
threshold=1.0000000180025095e-35 0 2.5000000000000004 2.5000000000000004 1.0119623549560466 1.0000000180025095e-35 19507.500000000004 2561.5000000000005 0.71446914141971474 25653.600000000002 1.0000000180025095e-35 0.3460549325005895 2688.4000000000001 3635.2500000000005 0.61023154804637503 1 2.5000000000000004 2.5000000000000004 12730.600000000002 0.10579319139187236 0.66931036568594615 1.1192008230250712 0.64976072050391498 0.76250150875841216 90.050000000000011 0.13628066856003765 0.89256147247223883 0.41173755979933852 0.38401944729004961 0.99658510511450216
decision_type=2 1 2 2 2 2 2 2 2 2 2 2 2 2 2 1 2 2 2 2 2 2 2 2 2 2 2 2 2 2
left_child=1 2 -1 4 6 19 7 29 9 -9 11 13 -7 -5 -11 25 17 -17 -10 -2 28 -6 -8 -24 -25 -14 27 -4 -21 -3
right_child=5 3 26 10 21 12 22 8 18 14 -12 -13 15 -15 -16 16 -18 -19 -20 20 -22 -23 23 24 -26 -27 -28 -29 -30 -31
leaf_value=6.1099418658068925e-05 -0.00074949635061941121 -0.00018692434233036218 0.0019821620725381833 -0.0026883903983980421 -7.2183044794277625e-06 -0.0021766586988676518 -0.00013568515474813664 0.00045469193862038591 0.0001384716484884933 -0.00010511979106684568 -0.0016286167987581233 -0.0006044361490183006 -0.0012211945315357298 -0.0010834377529996297 0.00088973189002509968 -0.0018507542707745664 -0.0015289832184563824 -0.00019517782320345082 -0.000484640615874784 -6.6768483952947617e-05 -0.00037715197858865319 -0.00032764160047451233 0.0010421497558979298 0.0016003995435312391 0.00033549944434999772 6.4498136223091772e-05 0.0018704112045772707 0.0035866390570946458 0.00042494468714603345 -0.00083877039369454763
leaf_weight=1208 93 257 39 20 1617 21 74 1115 171 523 85 337 20 74 42 22 67 79 222 311 295 370 111 20 358 106 67 36 169 71
leaf_count=1208 93 257 39 20 1617 21 74 1115 171 523 85 337 20 74 42 22 67 79 222 311 295 370 111 20 358 106 67 36 169 71
internal_value=5.20861e-08 5.16655e-05 0.000298198 -9.73991e-06 8.53816e-05 -0.000297368 0.000187457 0.00012406 0.000195591 0.000291293 -0.000922616 -0.000783381 -0.000704363 -0.00142492 -3.11662e-05 -0.000599199 -0.000890885 -0.000555798 -0.000213515 -0.000149669 -7.76893e-05 -6.68844e-05 0.000457824 0.000547639 0.000402425 -0.000129317 0.0023362 0.00275231 0.000106356 -0.000328025
internal_weight=8000 6817 1350 5467 4951 1183 2964 2401 2073 1680 516 431 315 94 565 294 168 101 393 868 775 1987 563 489 378 126 142 75 480 328
internal_count=8000 6817 1350 5467 4951 1183 2964 2401 2073 1680 516 431 315 94 565 294 168 101 393 868 775 1987 563 489 378 126 142 75 480 328
cat_boundaries=0 1 2
cat_threshold=8 12
is_linear=0
shrinkage=0.05


Tree=87
num_leaves=31
num_cat=2
split_feature=18 18 18 18 6 9 5 5 8 8 5 18 17 18 6 17 16 6 14 15 17 17 17 3 17 7 8 8 7 17
split_gain=0.0470472 0.0609135 0.0977861 0.0338184 0.0314377 0.0230333 0.11283 0.102653 0.0225336 0.0227654 0.0214518 0.0162656 0.0166439 0.0152843 0.0148561 0.014421 0.0142283 0.0123914 0.0123728 0.0117767 0.0112215 0.0110659 0.010829 0.0134746 0.0107922 0.00992987 0.0239708 0.0170758 0.010606 0.00997492
threshold=0.06140362893741181 0.60817256290573829 0.45482147816435398 0.52733204361138497 1.0000000180025095e-35 0 2.5000000000000004 2.5000000000000004 28.500000000000004 5.5000000000000009 2.5000000000000004 0.36587586760759921 0.1393005829119657 0.26862488695674469 1.0000000180025095e-35 0.22007010299678317 1 1.0000000180025095e-35 1.0000000180025095e-35 9.5000000000000018 0.027324019293455893 0.98913450009404946 0.66328571565151218 198.35000000000005 0.86044129720071838 34.500000000000007 13.500000000000002 17.500000000000004 29.500000000000004 1.38427877355027
decision_type=2 2 2 2 2 1 2 2 2 2 2 2 2 2 2 2 1 2 2 2 2 2 2 2 2 2 2 2 2 2
left_child=17 2 5 24 10 6 -2 13 9 -6 20 12 -9 14 -7 -12 -16 -1 22 -8 -3 -15 23 -17 -4 27 -27 -11 -29 -28
right_child=1 4 3 -5 8 7 19 11 -10 25 15 -13 -14 21 16 18 -18 -19 -20 -21 -22 -23 -24 -25 -26 26 29 28 -30 -31
leaf_value=-0.00044757370511114324 7.2449776658391866e-05 -0.001198081998154521 0.0011315332286281467 0.00028139562972351301 -0.000982623545914302 3.9336079720825892e-05 0.0016690728333938467 -0.0024790385094820523 -0.0011671595413014185 -6.0673280559176307e-05 -0.0015020476097561187 -5.2370682274985567e-05 -0.00097279557302092177 0.00032989710606073637 -0.00077272175079722265 0.0013921485404439625 -9.3504504503184703e-05 -0.001255254653018522 -0.0011955570508222525 0.0029938205145299437 -8.203706412806022e-06 1.0532081470903546e-05 -0.00044587810982281352 -0.0002378272343776189 0.00064855852332820416 -0.00074726711878051561 0.00084708219512322116 -0.0014087884235195816 -0.00024307017029059355 -0.00022201046367020658
leaf_weight=262 673 20 249 403 108 1304 51 20 98 154 32 44 221 676 119 21 219 58 37 25 2137 453 124 32 216 52 80 50 32 30
leaf_count=262 673 20 249 403 108 1304 51 20 98 154 32 44 221 676 119 21 219 58 37 25 2137 453 124 32 216 52 80 50 32 30
internal_value=4.94821e-08 2.48001e-05 0.000137758 0.000616639 -0.00015074 2.85147e-05 0.000275003 -3.26903e-05 -0.000473209 -0.000338807 -6.96872e-05 -0.000936396 -0.00109779 6.01387e-05 -3.72333e-05 -0.000512054 -0.000332637 -0.000593966 -0.000364018 0.00210485 -1.92364e-05 0.000201755 -0.000190193 0.000408012 0.000907184 -0.000164103 0.000137336 -0.000371023 -0.000953874 0.000555511
internal_weight=8000 7680 4673 868 3007 3805 749 3056 604 506 2403 285 241 2771 1642 246 338 320 214 76 2157 1129 177 53 465 398 162 236 82 110
internal_count=8000 7680 4673 868 3007 3805 749 3056 604 506 2403 285 241 2771 1642 246 338 320 214 76 2157 1129 177 53 465 398 162 236 82 110
cat_boundaries=0 1 2
cat_threshold=8 1
is_linear=0
shrinkage=0.05


Tree=88
num_leaves=31
num_cat=1
split_feature=14 15 5 18 18 18 5 17 15 0 18 18 0 17 6 17 17 18 4 18 5 9 5 5 17 17 12 11 12 17
split_gain=0.0437093 0.0374751 0.119902 0.0258836 0.0304237 0.0571689 0.0245881 0.019991 0.0195767 0.0169223 0.0142095 0.0152956 0.0140677 0.0135465 0.0129661 0.0128823 0.0168554 0.0147616 0.012812 0.0108503 0.0107602 0.0101903 0.0553121 0.041433 0.0128252 0.010071 0.0246864 0.0169814 0.01048 0.0100542
threshold=1.0000000180025095e-35 2.5000000000000004 1.0000000180025095e-35 0.04708282998363069 0.58790785575135607 0.45482147816435398 1.0000000180025095e-35 0.033413420829973291 1.0000000180025095e-35 2688.4000000000001 0.17048142481452311 0.60817256290573829 9154.6000000000022 0.78905806679610013 1.0000000180025095e-35 1.0280375303172049 0.18149084481207833 0.13628066856003765 6.3148158900000011 1.0260079370102171 2.5000000000000004 0 2.5000000000000004 2.5000000000000004 0.99791470846124775 0.5624342116991824 17746.750000000004 16376.400000000001 29794.150000000005 0.087851312719020233
decision_type=2 2 2 2 2 2 2 2 2 2 2 2 2 2 2 2 2 2 2 2 2 1 2 2 2 2 2 2 2 2
left_child=1 2 -1 -3 5 15 14 -6 12 -8 -11 -12 -4 -7 29 16 17 -5 -16 -20 -14 22 -9 24 25 26 -23 -27 -28 -2
right_child=6 3 8 4 7 13 9 21 -10 10 11 -13 20 -15 18 -17 -18 -19 19 -21 -22 23 -24 -25 -26 27 28 -29 -30 -31
leaf_value=8.6860021132298106e-05 -0.00079229598056774076 -0.00057949621956656457 -0.0023759718285873534 -0.00077853005067856219 -0.0013753471430930034 0.00094477080422062049 -0.0020301264156365679 1.9705706558124805e-05 -0.00072096447342884533 -0.0013680648068775949 -3.7142521048456102e-05 -0.00082340309321406787 -0.0017156283098632809 0.00044833927590387496 -0.0016416753430941911 -1.2915617380963429e-05 0.00028636628198368806 6.3901441423625392e-05 -0.00010571824091040944 -0.0011259913098599229 -0.00058980425550011779 0.00058816976248881334 0.0018935997838112105 -0.00084613624716605969 -0.00015493780932003922 0.00047677087838252677 -1.7930286581499138e-05 -0.00038085050398616922 -0.00057957908101150576 -3.4067039590248405e-06
leaf_weight=1005 43 134 34 68 27 262 21 375 221 46 130 118 44 289 23 1036 1352 221 102 35 41 126 44 153 630 329 224 70 132 665
leaf_count=1005 43 134 34 68 27 262 21 375 221 46 130 118 44 289 23 1036 1352 221 102 35 41 126 44 153 630 329 224 70 132 665
internal_value=4.70083e-08 4.87334e-05 -0.000187726 0.000106854 0.000124084 0.000220591 -0.000280507 -2.35589e-05 -0.00099937 -0.000658901 -0.000560956 -0.00041125 -0.00151641 0.000684392 -0.000143186 0.000125128 0.000212279 -0.000134318 -0.000549697 -0.000366372 -0.00117258 -6.03696e-06 0.000211441 -6.16983e-05 1.73235e-05 0.000140507 -1.33017e-05 0.000326311 -0.000226182 -5.13195e-05
internal_weight=8000 6817 1345 5472 5338 3228 1183 2110 340 315 294 248 119 551 868 2677 1641 289 160 137 85 2083 419 1664 1511 881 482 399 356 708
internal_count=8000 6817 1345 5472 5338 3228 1183 2110 340 315 294 248 119 551 868 2677 1641 289 160 137 85 2083 419 1664 1511 881 482 399 356 708
cat_boundaries=0 1
cat_threshold=8
is_linear=0
shrinkage=0.05


Tree=89
num_leaves=31
num_cat=2
split_feature=6 16 9 5 5 8 17 11 17 8 7 8 8 7 8 17 17 14 18 14 15 12 17 17 11 17 17 3 15 18
split_gain=0.0413888 0.0338794 0.0244379 0.229534 0.142122 0.0241664 0.0227275 0.020622 0.0204079 0.0196566 0.014093 0.0439564 0.0197027 0.0179352 0.0194908 0.0140096 0.0137158 0.0128342 0.012666 0.0123312 0.0122149 0.0119563 0.0427488 0.0164631 0.0215439 0.0110284 0.0214921 0.0110052 0.0105716 0.0100747
threshold=1.0000000180025095e-35 0 1 2.5000000000000004 2.5000000000000004 36.500000000000007 0.82122636917172498 1403.8000000000002 0.65565112744789122 5.5000000000000009 35.500000000000007 20.500000000000004 11.500000000000002 21.500000000000004 14.500000000000002 0.24877484119836019 0.18149084481207833 1.0000000180025095e-35 0.23787971112283371 1.0000000180025095e-35 6.5000000000000009 25653.600000000002 0.61023154804637503 0.66977587833452101 10274.750000000002 0.89256147247223883 0.41173755979933852 178.15000000000001 2.5000000000000004 0.63031447048920464
decision_type=2 1 1 2 2 2 2 2 2 2 2 2 2 2 2 2 2 2 2 2 2 2 2 2 2 2 2 2 2 2
left_child=2 17 3 -1 6 9 7 8 -4 -3 11 13 -12 14 -11 27 -15 20 -19 28 -2 23 -23 -9 -25 26 -5 -6 -17 -20
right_child=1 5 4 25 15 -7 -8 21 -10 10 12 -13 -14 16 -16 19 -18 18 29 -21 -22 22 -24 24 -26 -27 -28 -29 -30 -31
leaf_value=2.6656553773757699e-05 -8.9748816900806882e-05 -0.00077616469440256342 -0.00051529335946508498 0.0018535246318941445 -0.0020819843945740586 -0.001327831528077905 -1.6773316691251396e-05 0.00043961365256262356 0.00070544268606301014 -0.00015438988910453327 -0.00080624720982373939 -0.0012337108270158697 0.00021950042677216174 -0.00081958362217327311 -0.0013929365279586315 -0.0010434709219215171 0.00037622301744628353 -0.0015487463995149094 0.00058384884442030276 -0.0013170839853728468 0.00043281177094465226 -0.00010908092134469642 0.00069884259540969342 0.00063859903513837388 -0.00033728056250604356 0.001741770422461653 0.0036122240015174613 -0.00089009171836955327 -0.00041026725620989008 -0.00076980084746277764
leaf_weight=1157 203 199 168 38 34 65 2319 1010 43 108 57 117 262 28 45 87 167 21 27 64 249 616 223 85 169 62 32 45 272 28
leaf_count=1157 203 199 168 38 34 65 2319 1010 43 108 57 117 262 28 45 87 167 21 27 64 249 616 223 85 169 62 32 45 272 28
internal_value=4.46579e-08 -0.000229566 5.63749e-05 0.000250082 7.24901e-06 -0.000394115 9.38497e-05 0.000204712 -0.000266518 -0.000332374 -0.000219728 -0.000395311 3.62164e-05 -0.000113435 -0.000518668 -0.000791852 0.000204517 9.70397e-05 -0.000504134 -0.000677702 0.000198122 0.000251992 0.000105659 0.000349122 -1.07067e-05 0.00222739 0.0026575 -0.00140306 -0.000563718 -0.000105282
internal_weight=8000 1576 6424 1289 5135 1048 4633 2314 211 983 784 465 319 348 153 502 195 528 76 423 452 2103 839 1264 254 132 70 79 359 55
internal_count=8000 1576 6424 1289 5135 1048 4633 2314 211 983 784 465 319 348 153 502 195 528 76 423 452 2103 839 1264 254 132 70 79 359 55
cat_boundaries=0 1 2
cat_threshold=2 8
is_linear=0
shrinkage=0.05


Tree=90
num_leaves=31
num_cat=2
split_feature=18 18 18 6 8 8 9 5 5 18 18 5 6 17 15 17 11 17 6 14 17 11 17 15 18 17 12 16 18 6
split_gain=0.0394873 0.0508247 0.0823569 0.0258606 0.0198734 0.0191709 0.0189044 0.0900222 0.0895899 0.0168806 0.0175641 0.0165185 0.0130785 0.0120756 0.0115775 0.0113537 0.0103292 0.0140154 0.0103234 0.00994067 0.0103393 0.0096026 0.00939225 0.00922191 0.00903127 0.00886562 0.00865779 0.00863535 0.00859127 0.0117104
threshold=0.06140362893741181 0.60817256290573829 0.41261938667268638 1.0000000180025095e-35 28.500000000000004 5.5000000000000009 0 2.5000000000000004 2.5000000000000004 0.55499479269136909 0.45827444641994697 2.5000000000000004 1.0000000180025095e-35 0.24877484119836019 12.500000000000002 0.77616804084101632 15737.450000000003 0.61571076791281332 1.0000000180025095e-35 1.0000000180025095e-35 0.66328571565151218 8560.1500000000033 0.027324019293455893 7.5000000000000009 0.13991807147486121 0.076332128674922686 30958.450000000004 1 0.23090205492527774 1.0000000180025095e-35
decision_type=2 2 2 2 2 2 1 2 2 2 2 2 2 2 2 2 2 2 2 2 2 2 2 2 2 2 2 1 2 2
left_child=18 2 6 11 5 -5 7 -2 14 10 -4 22 24 -13 28 16 17 -12 -1 20 -15 -17 -3 -9 -10 -7 27 -11 29 -8
right_child=1 3 9 4 -6 25 8 23 12 26 15 13 -14 19 -16 21 -18 -19 -20 -21 -22 -23 -24 -25 -26 -27 -28 -29 -30 -31
leaf_value=-0.00041053908817534064 5.0023448337367067e-05 -0.0010983361659600633 0.0002920777665777574 -0.00089468605367949727 -0.0010818016060808559 -0.0011694809839536903 -1.8440997027215575e-05 0.0013996171868859313 -0.0013262379884847679 0.00065193614161811935 0.0006337042119114372 -0.001312426547852478 -0.0016155031271477196 0.00045560464060145027 0.0002936544764702913 0.00097126037163661758 0.001597835020454243 0.0016530933246637386 -0.0011477497298920784 -0.0010538584226270434 -0.00039611241868002371 0.00037356501221787707 -9.7506745596083376e-06 0.0025492832840730748 -0.00056441057964165585 -8.9278378892765722e-05 -0.00061397687172489801 -2.9239551957672167e-06 9.8933597751060749e-05 -0.00041516445683858669
leaf_weight=262 620 20 316 108 98 20 907 37 51 81 171 35 54 50 381 96 56 42 58 37 124 224 2137 33 164 378 34 133 1039 234
leaf_count=262 620 20 316 108 98 20 907 37 51 81 171 35 54 50 381 96 56 42 58 37 124 224 2137 33 164 378 34 133 1039 234
internal_value=4.24252e-08 2.27175e-05 0.000125897 -0.000137628 -0.000430099 -0.000303879 5.76363e-06 0.000238467 -5.16334e-05 0.000492655 0.000592805 -6.41154e-05 -0.000919846 -0.000452298 3.93596e-05 0.000754145 0.000993577 0.000834711 -0.000544159 -0.000309623 -0.000151366 0.000552874 -1.98442e-05 0.0019416 -0.000745123 -0.00014356 0.000127188 0.000244944 -5.0837e-06 -9.98023e-05
internal_weight=8000 7680 4673 3007 604 506 3520 690 2830 1153 905 2403 269 246 2561 589 269 213 320 211 174 320 2157 70 215 398 248 214 2180 1141
internal_count=8000 7680 4673 3007 604 506 3520 690 2830 1153 905 2403 269 246 2561 589 269 213 320 211 174 320 2157 70 215 398 248 214 2180 1141
cat_boundaries=0 1 2
cat_threshold=8 2
is_linear=0
shrinkage=0.05


Tree=91
num_leaves=31
num_cat=1
split_feature=15 5 18 18 18 17 0 14 18 6 5 17 17 11 5 18 12 0 6 16 8 8 13 18 17 0 18 12 17 18
split_gain=0.037701 0.128038 0.0357215 0.0500826 0.0718451 0.0203 0.0191636 0.01691 0.0164038 0.0160951 0.0148906 0.0132565 0.0140362 0.0180233 0.0130278 0.0151937 0.0115163 0.0112089 0.010059 0.0123168 0.012157 0.0118189 0.00962501 0.00939648 0.00874047 0.00923425 0.00771446 0.00745419 0.00811031 0.00741333
threshold=1.5000000000000002 1.0000000180025095e-35 0.098688261929857593 0.58790785575135607 0.45482147816435398 0.033413420829973291 2113.5500000000006 1.0000000180025095e-35 0.52733204361138497 1.0000000180025095e-35 2.5000000000000004 1.0051258128570599 0.19368844557382645 1661.6000000000001 3.5000000000000004 0.89140514114964964 12832.500000000002 5790.7500000000009 1.0000000180025095e-35 0 27.500000000000004 3.5000000000000004 30.635000000000002 0.025361332481474364 0.18149084481207833 5989.8500000000013 0.37699242600059796 11064.050000000001 0.41173755979933852 1.8005280342691674
decision_type=2 2 2 2 2 2 2 2 2 2 2 2 2 2 2 2 2 2 2 1 2 2 2 2 2 2 2 2 2 2
left_child=1 29 6 4 11 -5 -2 18 -6 23 24 12 13 -4 15 -3 -15 -14 -7 -20 21 -21 -16 -8 -9 -26 -18 -19 -29 -1
right_child=2 14 3 5 8 7 9 10 -10 -11 -12 -13 17 16 22 -17 26 27 19 20 -22 -23 -24 -25 25 -27 -28 28 -30 -31
leaf_value=8.6730902442538481e-05 -0.0013413760176390075 -0.0011751807405014558 -0.0011486938430902522 -0.0012495805545178294 0.00086262194244245268 3.5589707632779109e-05 -0.0011449725677569707 -0.0010651309883894188 0.00035966497584094412 -0.00077720466895762159 -0.0012400607559935784 -3.8352489299538734e-05 0.00064129979953122531 0.0010256386630666944 0.00035287492399220359 -0.0021764996328524182 -0.00020183419049672521 -0.00056841272433361633 0.00014840781672368445 -0.0010870832294232161 -0.0010322416783427827 -0.00010721938219058706 -0.0011468993740298015 -6.1801859578841943e-05 0.00082769078934299099 -0.00025734704278653918 0.00043821024932401355 -3.9012887884243713e-05 0.00027974048313387644 -0.00042961522020806267
leaf_weight=715 43 167 37 37 408 1800 21 31 269 114 44 1177 160 26 20 49 233 31 148 36 62 212 23 430 21 296 59 249 1005 77
leaf_count=715 43 167 37 37 408 1800 21 31 269 114 44 1177 160 26 20 49 233 31 148 36 62 212 23 430 21 296 59 249 1005 77
internal_value=4.03034e-08 -0.000279061 4.22529e-05 7.73561e-05 0.000197855 -8.65084e-05 -0.000323848 -7.02693e-05 0.000662776 -0.000246408 -0.000373405 9.21274e-05 0.000177447 -0.000104248 -0.00124411 -0.00140233 1.72756e-05 0.000246652 -1.76433e-05 -0.000226856 -0.000406014 -0.000249458 -0.00044933 -0.000112238 -0.000263828 -0.000185468 -7.25101e-05 0.000197513 0.000216447 3.65306e-05
internal_weight=8000 1051 6949 6341 3654 2687 608 2650 677 565 392 2977 1800 355 259 216 318 1445 2258 458 310 248 43 451 348 317 292 1285 1254 792
internal_count=8000 1051 6949 6341 3654 2687 608 2650 677 565 392 2977 1800 355 259 216 318 1445 2258 458 310 248 43 451 348 317 292 1285 1254 792
cat_boundaries=0 1
cat_threshold=2
is_linear=0
shrinkage=0.05


Tree=92
num_leaves=31
num_cat=1
split_feature=14 9 5 5 17 17 6 6 0 11 17 12 17 11 18 11 17 3 18 17 17 2 12 18 17 17 13 5 0 12
split_gain=0.0358984 0.0305829 0.195423 0.13088 0.0214441 0.020982 0.0172639 0.0170689 0.0163195 0.0247931 0.027925 0.0275245 0.014501 0.0138283 0.0134782 0.0127572 0.0126516 0.0111976 0.00994632 0.0098238 0.0115723 0.0110786 0.00966299 0.00914002 0.00881187 0.0153399 0.00833895 0.00827982 0.00819636 0.0177096
threshold=1.0000000180025095e-35 0 2.5000000000000004 2.5000000000000004 1.0119623549560466 0.087851312719020233 1.0000000180025095e-35 1.0000000180025095e-35 19507.500000000004 2561.5000000000005 0.71446914141971474 25653.600000000002 0.3460549325005895 3635.2500000000005 0.06140362893741181 12730.600000000002 0.5624342116991824 292.65000000000003 0.73038561824353654 0.64976072050391498 0.76250150875841216 90.050000000000011 27067.900000000001 1.1192008230250712 0.89256147247223883 0.41173755979933852 41.015000000000008 2.5000000000000004 9728.1000000000022 16532.600000000006
decision_type=2 1 2 2 2 2 2 2 2 2 2 2 2 2 2 2 2 2 2 2 2 2 2 2 2 2 2 2 2 2
left_child=1 2 -1 4 8 22 12 14 9 -3 11 28 13 -5 -7 -12 -13 18 -16 -10 -21 -22 -2 -6 25 -4 -8 -20 29 -11
right_child=5 3 24 6 23 7 26 -9 19 10 15 16 -14 -15 17 -17 -18 -19 27 20 21 -23 -24 -25 -26 -27 -28 -29 -30 -31
leaf_value=5.1946098115148452e-05 -0.00056820586485426048 -0.00030525408139979161 0.0016980676493870144 -0.0023537092539481822 -5.5098044061634725e-06 -0.0010666099144145847 -0.0021637644906989479 -0.00059219720395129924 -0.00013913143122556144 0.00057061186700644087 0.00010774558870880408 -0.00012048314325599296 -0.00048488306661670393 -0.0008719189216994769 2.2467430650595276e-05 -0.00046685954924189878 0.00060668372333405867 0.00081029114154392002 -0.00024863739020802313 0.00092787667676315615 0.001492439749708865 0.00028323151944979096 -0.0017832328417959312 -0.00028098762542917076 0.0015960824341381165 0.0031293600168282865 -0.0010889775227258076 -0.00111496614202136 0.00064185857503701001 0.00011376280990062157
leaf_weight=1208 36 328 39 20 1617 35 26 225 74 388 171 497 337 74 541 222 68 35 250 111 20 358 30 370 67 36 59 31 259 468
leaf_count=1208 36 328 39 20 1617 35 26 225 74 388 171 497 337 74 541 222 68 35 250 111 20 358 30 370 67 36 59 31 259 468
internal_value=3.8288e-08 4.41606e-05 0.000256301 -8.67763e-06 7.02852e-05 -0.000254215 -0.000766491 -0.000203029 0.000155485 9.86724e-05 0.000162584 0.000251342 -0.000638055 -0.00118719 -0.000104865 -0.000216841 -3.29657e-05 -6.55872e-05 -0.000102881 0.00039777 0.000479018 0.000347211 -0.00112049 -5.68066e-05 0.00201281 0.00238509 -0.00141774 -0.000344211 0.000395408 0.000320839
internal_weight=8000 6817 1350 5467 4951 1183 516 1117 2964 2401 2073 1680 431 94 892 393 565 857 822 563 489 378 66 1987 142 75 85 281 1115 856
internal_count=8000 6817 1350 5467 4951 1183 516 1117 2964 2401 2073 1680 431 94 892 393 565 857 822 563 489 378 66 1987 142 75 85 281 1115 856
cat_boundaries=0 1
cat_threshold=8
is_linear=0
shrinkage=0.05


Tree=93
num_leaves=31
num_cat=1
split_feature=15 5 18 18 18 17 0 18 6 14 5 6 17 11 17 5 18 12 6 16 8 8 1 18 17 17 11 17 3 18
split_gain=0.0339958 0.11393 0.0317295 0.0440544 0.0641182 0.0178879 0.016784 0.0149343 0.0143985 0.0137497 0.0127072 0.0121477 0.0115844 0.0123935 0.0247342 0.0106954 0.0120854 0.0106277 0.00904646 0.0114388 0.0107023 0.0104171 0.00834879 0.00827864 0.00775211 0.0116693 0.00902116 0.0156574 0.00748938 0.00747579
threshold=1.5000000000000002 1.0000000180025095e-35 0.098688261929857593 0.58790785575135607 0.45482147816435398 0.027324019293455893 2113.5500000000006 0.52733204361138497 1.0000000180025095e-35 1.0000000180025095e-35 2.5000000000000004 1.0000000180025095e-35 1.0051258128570599 2057.5500000000006 0.64976072050391498 3.5000000000000004 0.89140514114964964 22301.100000000002 1.0000000180025095e-35 0 27.500000000000004 3.5000000000000004 614.45000000000016 0.025361332481474364 0.16260759087364027 0.76250150875841216 9562.7000000000025 0.57120111657238326 182.25000000000003 0.35975401628921166
decision_type=2 2 2 2 2 2 2 2 2 2 2 2 2 2 2 2 2 2 2 1 2 2 2 2 2 2 2 2 2 2
left_child=1 -1 6 4 12 -5 -2 -6 23 18 -11 15 13 14 17 16 -3 -4 -7 -20 21 -21 -13 -8 -15 26 27 -26 29 -19
right_child=2 11 3 5 7 9 8 -9 -10 10 -12 22 -14 24 -16 -17 -18 28 19 20 -22 -23 -24 -25 25 -27 -28 -29 -30 -31
leaf_value=3.2702285487774554e-05 -0.0012571770429806136 -0.0009464165580636921 -0.0015561594120559418 -0.00133765657342987 0.00081611261754467124 3.0553265561211202e-05 -0.0010749041003042035 0.0003362129511407185 -0.00073448726491238763 -0.0002391755976041168 -0.0011407092398836871 -0.0024941705829965382 -3.5634867175234796e-05 -3.351696511566929e-05 0.00055416249544089997 -0.00025941035680425092 -0.0019499700588102523 -0.0010186399499178623 0.00014379502333237751 -0.0010305117044582504 -0.00097802557753429056 -0.0001109065393376314 -0.0012144649407127873 -5.8201372845614131e-05 -2.4336635972356946e-06 3.0875379662281836e-05 0.00051056065651135544 0.00064730440795729156 7.0004666954508597e-06 7.4805532957808202e-05
leaf_weight=792 43 130 21 28 408 1806 21 269 114 350 44 26 1177 254 82 39 39 54 148 36 62 213 25 430 301 369 490 134 73 22
leaf_count=792 43 130 21 28 408 1806 21 269 114 350 44 26 1177 254 82 39 39 54 148 36 62 213 25 430 301 369 490 134 73 22
internal_value=3.63738e-08 -0.000264995 4.0121e-05 7.32046e-05 0.000186219 -8.04821e-05 -0.000304917 0.000625429 -0.000232444 -6.72437e-05 -0.000339854 -0.00117533 8.63388e-05 0.000166096 -0.000159079 -0.00100577 -0.00117801 -0.000503113 -1.98226e-05 -0.000218034 -0.000390222 -0.000243862 -0.00186686 -0.000105542 0.000219031 0.000268604 0.000363439 0.000197716 -0.000354697 -0.000702116
internal_weight=8000 1051 6949 6341 3654 2687 608 677 565 2659 394 259 2977 1800 252 208 169 170 2265 459 311 249 51 451 1548 1294 925 435 149 76
internal_count=8000 1051 6949 6341 3654 2687 608 677 565 2659 394 259 2977 1800 252 208 169 170 2265 459 311 249 51 451 1548 1294 925 435 149 76
cat_boundaries=0 1
cat_threshold=2
is_linear=0
shrinkage=0.05


Tree=94
num_leaves=31
num_cat=1
split_feature=14 9 5 5 17 17 18 6 18 18 0 12 17 11 11 17 11 12 17 15 11 6 13 17 17 2 12 10 18 18
split_gain=0.0308839 0.0276706 0.176532 0.116154 0.0186463 0.0184014 0.015258 0.0152176 0.0151534 0.0161689 0.0144137 0.0219506 0.0251597 0.0262377 0.013522 0.0127926 0.0106395 0.0104411 0.021535 0.0126513 0.0106512 0.0099904 0.00973326 0.00858508 0.010092 0.00995139 0.00857086 0.00844169 0.00833964 0.0106522
threshold=1.0000000180025095e-35 0 2.5000000000000004 2.5000000000000004 1.0119623549560466 0.087851312719020233 0.091666885136711743 1.0000000180025095e-35 0.64255738668680307 0.42310511687933455 19507.500000000004 29794.150000000005 0.71446914141971474 1661.6000000000001 12730.600000000002 0.32634879090300212 5012.3000000000011 17547.950000000004 0.48256499697779121 1.0000000180025095e-35 8037.7000000000007 1.0000000180025095e-35 24.200000000000006 0.64976072050391498 0.76250150875841216 90.050000000000011 27067.900000000001 24674.600000000002 0.15572584682341378 0.6239562757755972
decision_type=2 1 2 2 2 2 2 2 2 2 2 2 2 2 2 2 2 2 2 2 2 2 2 2 2 2 2 2 2 2
left_child=1 2 -1 4 10 26 -7 15 9 22 11 12 13 -3 -14 16 -5 -15 19 -19 -20 -10 -8 -12 -25 -26 -2 -23 -21 -30
right_child=5 3 -4 7 -6 6 8 -9 21 -11 23 -13 14 17 -16 -17 -18 18 20 28 -22 27 -24 24 25 -27 -28 -29 29 -31
leaf_value=4.8514061547878661e-05 -0.00052691016527306705 -0.00051697668143378011 0.0019121930098624713 -0.0020568382642839268 -5.3421902290804839e-05 -0.00084010782060409757 0.00081210665454049249 -0.0013346370793399676 -0.00025249122156656954 0.00045919993153223062 -0.00012967515904656958 -0.00022450767136043788 0.00011992031514637347 0.0004987234929042946 -0.00044691345820529593 -0.0004607159304557701 -0.00081508215677087619 -0.00089238897344330332 0.00022596477868246174 -0.00035869404448021672 0.00081612077489855465 -0.00012887420505285264 -0.00018360698387518264 0.00086735711192559078 0.0014105069682409522 0.00026446330031854032 -0.0016712163280074796 -0.0012469166862361957 0.00036958882079685481 -9.6658010589422306e-05
leaf_weight=1208 36 102 142 23 1987 83 26 85 336 157 74 448 200 495 222 339 69 34 137 85 173 25 438 111 20 358 30 52 296 209
leaf_count=1208 36 102 142 23 1987 83 26 85 336 157 74 448 200 495 222 339 69 34 137 85 173 25 438 111 20 358 30 52 296 209
internal_value=3.45549e-08 4.09594e-05 0.000242747 -9.29642e-06 6.50895e-05 -0.000235793 -0.000187859 -0.000723207 -0.000135502 2.05947e-05 0.000144537 9.11449e-05 0.000163553 0.000257772 -0.000178272 -0.000602623 -0.00112552 0.000313073 0.000214682 4.54592e-05 0.00055531 -0.000370214 -0.000127813 0.000372236 0.000448189 0.000325101 -0.00104705 -0.000883916 9.95047e-05 0.000176627
internal_weight=8000 6817 1350 5467 4951 1183 1117 516 1034 621 2964 2401 1953 1531 422 431 92 1429 934 624 310 413 464 563 489 378 66 77 590 505
internal_count=8000 6817 1350 5467 4951 1183 1117 516 1034 621 2964 2401 1953 1531 422 431 92 1429 934 624 310 413 464 563 489 378 66 77 590 505
cat_boundaries=0 1
cat_threshold=8
is_linear=0
shrinkage=0.05


Tree=95
num_leaves=31
num_cat=1
split_feature=15 5 18 18 18 17 5 18 5 9 6 6 18 17 11 17 5 18 6 17 10 17 18 1 6 8 1 8 8 7
split_gain=0.0302257 0.101573 0.027471 0.0386655 0.0567229 0.015744 0.0154727 0.0136091 0.0123811 0.0476289 0.0113729 0.0106947 0.0102454 0.00984756 0.0106286 0.0198557 0.00930133 0.0107152 0.00908664 0.00875135 0.00865748 0.00857652 0.00853272 0.0078037 0.00773574 0.00770187 0.00743169 0.00706198 0.00844633 0.00862493
threshold=1.5000000000000002 1.0000000180025095e-35 0.098688261929857593 0.58790785575135607 0.45482147816435398 0.033413420829973291 2.5000000000000004 0.52733204361138497 2.5000000000000004 0 1.0000000180025095e-35 1.0000000180025095e-35 0.99658510511450216 1.0051258128570599 1746.7000000000003 0.64976072050391498 3.5000000000000004 0.89140514114964964 1.0000000180025095e-35 0.81439988663770901 23236.100000000002 0.18149084481207833 1.8005280342691674 97.15000000000002 1.0000000180025095e-35 6.5000000000000009 614.45000000000016 4.5000000000000009 23.500000000000004 41.500000000000007
decision_type=2 2 2 2 2 2 2 2 2 1 2 2 2 2 2 2 2 2 2 2 2 2 2 2 2 2 2 2 2 2
left_child=1 -1 6 4 13 -5 10 -6 12 19 21 16 -7 14 15 20 17 -3 -11 -10 -4 -2 -21 -23 -14 -12 -13 -26 -29 -30
right_child=2 11 3 5 7 8 -8 -9 9 18 25 26 24 -15 -16 -17 -18 -19 -20 22 -22 23 -24 -25 27 -27 -28 28 29 -31
leaf_value=3.1219469825015095e-05 -0.00073587853302065607 -0.00089287939104346721 -0.001476979838553234 -0.0010996405489906366 0.0007696218976193718 9.0747442690246836e-05 -0.0010599487305092948 0.00031150930089837974 0.0010302687470590004 -0.00081812743441866107 -0.0013435532711446286 -0.0023501329482174837 -5.5678259493799527e-05 -3.1912626340953802e-05 0.00019906571176092882 0.00050466068884513033 -0.00025430523920266958 -0.0018378329427856119 -0.0019372988713993915 -0.00035098385009118112 -0.00035656263646815205 -0.00064257625695476742 0.00092492898926138884 6.3581802082640811e-05 -0.00094048453252600127 -0.00039915786247228741 -0.0011427581608004402 -4.611401978736192e-05 -0.0011856928924680688 -9.3693554641283828e-05
leaf_weight=792 46 130 20 37 408 1055 58 269 43 133 30 26 1059 1177 1583 72 39 39 21 38 125 44 20 353 43 77 25 165 40 33
leaf_count=792 46 130 20 37 408 1055 58 269 43 133 30 26 1059 1177 1583 72 39 39 21 38 125 44 20 353 43 77 25 165 40 33
internal_value=3.2827e-08 -0.000249871 3.78295e-05 6.8613e-05 0.00017449 -7.53674e-05 -0.000283221 0.000587595 -6.10662e-05 -0.00039228 -0.000201311 -0.00110942 -2.58012e-05 8.0546e-05 0.000154081 -0.000174075 -0.000950326 -0.00111095 -0.00091155 0.00044561 -0.000511103 -8.95697e-05 8.89861e-05 -1.46826e-05 -0.000117562 -0.000663942 -0.00175828 -0.00035078 -0.000244237 -0.000692049
internal_weight=8000 1051 6949 6341 3654 2687 608 677 2650 255 550 259 2395 2977 1800 217 208 169 154 101 145 443 58 397 1340 107 51 281 238 73
internal_count=8000 1051 6949 6341 3654 2687 608 677 2650 255 550 259 2395 2977 1800 217 208 169 154 101 145 443 58 397 1340 107 51 281 238 73
cat_boundaries=0 1
cat_threshold=12
is_linear=0
shrinkage=0.05


Tree=96
num_leaves=31
num_cat=2
split_feature=9 5 5 17 0 11 17 12 6 14 17 6 0 15 16 0 11 18 17 17 18 18 18 17 17 0 12 2 18 8
split_gain=0.0275636 0.185433 0.140262 0.0197779 0.020452 0.0303418 0.0235137 0.0313672 0.0191174 0.0113385 0.0109291 0.010809 0.0102933 0.010138 0.0115051 0.00945202 0.00935342 0.00877146 0.00874191 0.00944056 0.00842777 0.0112165 0.0119496 0.00823915 0.0172525 0.00803737 0.00786445 0.00950959 0.00761579 0.00754117
threshold=0 2.5000000000000004 2.5000000000000004 1.0119623549560466 19507.500000000004 1802.6500000000003 0.78341715579503135 25653.600000000002 1.0000000180025095e-35 1.0000000180025095e-35 0.61023154804637503 1.0000000180025095e-35 2000.0000000000002 2.5000000000000004 1 1137.7500000000002 12908.650000000003 0.068450202817374947 0.62231073412959803 0.76250150875841216 0.13991807147486121 0.55499479269136909 0.40384732624045544 0.99791470846124775 0.41173755979933852 9280.5500000000011 37237.750000000007 90.050000000000011 1.3419926537131133 7.5000000000000009
decision_type=1 2 2 2 2 2 2 2 2 2 2 2 2 2 1 2 2 2 2 2 2 2 2 2 2 2 2 2 2 2
left_child=1 -1 3 4 5 9 7 17 12 -2 15 -5 -4 -13 -15 -9 -8 -7 -6 -20 -14 22 -22 24 -3 -10 27 -21 -19 -16
right_child=2 23 8 11 18 6 16 10 25 -11 -12 13 20 14 29 -17 -18 28 19 26 21 -23 -24 -25 -26 -27 -28 -29 -30 -31
leaf_value=3.3840798513742456e-06 -0.00032279628759970678 0.0013992996805387995 -0.0015204296635103322 -2.9378896729571768e-05 -0.00022926656919449232 -0.00027013494358415661 1.3875806803948115e-05 -0.0010432452655895132 -0.0021571479318663479 -0.0012436477824126204 0.0005853661728631881 -0.00078547058541537798 -0.0011084194612116195 -0.00054087822992041003 -0.00045661124614222596 -0.00012085944526597744 -0.00052656022535156426 0.00036901993902951739 0.00074230243317742863 0.0012595600990261161 -0.00045458615919051232 -0.00075542733243598448 0.00043137350787897139 0.0013753135394024966 0.0027687044227090868 -0.0011344914848450572 0.00094388170220467834 0.00016609750648233343 4.3675714646870237e-05 0.0001924916091494114
leaf_weight=1442 234 46 31 1857 58 66 140 29 25 39 53 87 65 143 60 657 187 1187 160 21 150 205 51 74 46 83 42 374 212 176
leaf_count=1442 234 46 31 1857 58 66 140 29 25 39 53 87 65 143 60 657 187 1187 160 21 150 205 51 74 46 83 42 374 212 176
internal_value=3.11858e-08 0.000184414 -4.65685e-05 2.94346e-05 0.000105217 4.64557e-05 0.000100474 0.000159175 -0.000767742 -0.000454347 -0.000106406 -8.34078e-05 -0.00063791 -0.000298712 -0.000186976 -0.000159852 -0.000295181 0.000293145 0.000356771 0.000413706 -0.000579825 -0.000495198 -0.00022979 0.00176808 0.002084 -0.00137122 0.000293396 0.000224231 0.000319718 2.74655e-05
internal_weight=8000 1608 6392 5782 3459 2804 2531 2204 610 273 739 2323 502 466 379 686 327 1465 655 597 471 406 201 166 92 108 437 395 1399 236
internal_count=8000 1608 6392 5782 3459 2804 2531 2204 610 273 739 2323 502 466 379 686 327 1465 655 597 471 406 201 166 92 108 437 395 1399 236
cat_boundaries=0 1 2
cat_threshold=8 1
is_linear=0
shrinkage=0.05


Tree=97
num_leaves=31
num_cat=1
split_feature=15 5 18 18 18 18 17 17 5 6 8 8 17 12 6 9 5 5 3 18 10 5 2 7 7 11 13 5 7 7
split_gain=0.0269588 0.0903067 0.023958 0.0340036 0.0506526 0.0139166 0.0138825 0.0138306 0.0112562 0.0107356 0.0133508 0.0122371 0.0100652 0.0130745 0.00956587 0.00938773 0.0571507 0.0277639 0.00870279 0.00839655 0.00814625 0.00798017 0.00797815 0.00781319 0.00775393 0.0100412 0.00801196 0.00765211 0.00905313 0.00762499
threshold=1.5000000000000002 1.0000000180025095e-35 0.098688261929857593 0.58790785575135607 0.45827444641994697 0.52733204361138497 0.027324019293455893 0.052026372957078439 2.5000000000000004 1.0000000180025095e-35 28.500000000000004 4.5000000000000009 0.2935501585733416 25506.050000000007 1.0000000180025095e-35 0 2.5000000000000004 2.5000000000000004 208.85000000000005 0.26862488695674469 41508.80000000001 2.5000000000000004 261.35000000000008 41.500000000000007 35.500000000000007 13611.1 25.020000000000007 2.5000000000000004 38.500000000000007 33.500000000000007
decision_type=2 2 2 2 2 2 2 2 2 2 2 2 2 2 2 1 2 2 2 2 2 2 2 2 2 2 2 2 2 2
left_child=1 -1 7 4 15 -6 -5 -2 14 27 11 -11 13 -3 -9 16 -4 19 24 -17 -21 -14 -20 -12 25 -13 -26 -8 29 -29
right_child=2 12 3 6 5 -7 9 8 -10 10 23 18 21 -15 -16 17 -18 -19 22 20 -22 -23 -24 -25 26 -27 -28 28 -30 -31
leaf_value=2.9059913550161748e-05 -0.0015249024721838179 -0.00091382835420187225 9.0107301946383054e-05 -0.0011780638910879914 0.00076150110996787165 0.0002907339394294664 2.2854194883389305e-05 -4.2525735682001331e-05 -0.00089320628399686293 -0.00071118189091204755 -0.0013145696930310113 0.00028167808639290211 -0.0011621673327226745 -0.0026801937277195977 -0.00057534506095093787 -2.515381747056393e-06 0.0016949674341782566 -0.00050495066080874073 -7.9301200669512845e-05 0.00013580353033989579 0.00054585913766207704 -0.00054570585181884306 -0.00085116331602399619 -0.0003761315073055077 0.00019548455588392244 -0.00092558740798267538 0.0012870124954698159 -0.00032198522935251951 0.00018931873665719448 -0.001194603502881364
leaf_weight=792 21 22 527 28 377 269 1916 426 56 79 42 61 128 20 105 1201 62 218 165 859 141 89 42 47 40 24 29 115 67 32
leaf_count=792 21 22 527 28 377 269 1916 426 56 79 42 61 128 20 105 1201 62 218 165 859 141 89 42 47 40 24 29 115 67 32
internal_value=2.96264e-08 -0.000235983 3.57253e-05 6.44732e-05 0.000163763 0.00056547 -7.05487e-05 -0.000264095 -0.000218989 -5.88863e-05 -0.000260484 -0.000147513 -0.00104646 -0.00175495 -0.000147885 7.74919e-05 0.000254715 3.31499e-05 -2.41622e-05 8.65972e-05 0.000193621 -0.000909333 -0.000235911 -0.00081899 0.000260461 -5.91969e-05 0.000654243 -8.81813e-06 -0.000292389 -0.000511943
internal_weight=8000 1051 6949 6341 3654 646 2687 608 587 2659 529 440 259 42 531 3008 589 2419 361 2201 1000 217 207 89 154 85 69 2130 214 147
internal_count=8000 1051 6949 6341 3654 646 2687 608 587 2659 529 440 259 42 531 3008 589 2419 361 2201 1000 217 207 89 154 85 69 2130 214 147
cat_boundaries=0 1
cat_threshold=8
is_linear=0
shrinkage=0.05


Tree=98
num_leaves=31
num_cat=0
split_feature=14 15 5 17 11 17 17 11 11 17 18 15 6 17 3 3 18 8 6 7 8 0 18 5 12 17 17 18 18 18
split_gain=0.0266058 0.0226911 0.0712215 0.0158811 0.0297474 0.0279321 0.01612 0.019936 0.0153834 0.0153311 0.0130213 0.0126508 0.0122055 0.0107332 0.0104388 0.00958609 0.00870413 0.00857317 0.00918288 0.0195514 0.0161145 0.00945241 0.00821032 0.00919118 0.00819978 0.00818147 0.0115064 0.0104989 0.00761442 0.0104624
threshold=1.0000000180025095e-35 2.5000000000000004 1.0000000180025095e-35 0.76250150875841216 4221.3500000000013 0.63534852012036591 0.22648915806956124 18005.050000000003 4221.3500000000013 0.087851312719020233 0.06140362893741181 1.0000000180025095e-35 1.0000000180025095e-35 0.3007277068453148 136.55000000000004 292.65000000000003 0.1498788162273568 22.500000000000004 1.0000000180025095e-35 39.500000000000007 37.500000000000007 17119.350000000002 0.60817256290573829 1.5000000000000002 16239.600000000002 0.31200574902492467 0.98333924428047514 0.61405014406435732 0.25920606707587762 1.8005280342691674
decision_type=2 2 2 2 2 2 2 2 2 2 2 2 2 2 2 2 2 2 2 2 2 2 2 2 2 2 2 2 2 2
left_child=1 2 28 4 5 -3 7 16 -5 -2 -11 13 15 -4 -15 -12 -6 -10 21 -20 -21 -19 -18 -24 -9 -14 27 -27 -1 -30
right_child=9 3 11 8 6 -7 -8 24 17 10 12 -13 25 14 -16 -17 22 18 19 20 -22 -23 23 -25 -26 26 -28 -29 29 -31
leaf_value=-0.00013298218926060246 -0.00095934820032694433 -0.00026296204953344413 -0.0021573006625935113 0.00028769507479473803 -0.00063540800635774556 0.00059807440719164898 0.00037550644432254675 0.0010692571213959518 1.8777176421120893e-05 -0.0010282817847626069 -9.0634429700552036e-05 -0.0005477258479942679 -0.0012424228627545139 -9.9230983631479419e-05 -0.0012724940950179838 0.00075427731524022035 0.00018637813142354247 -0.00052396689268509647 -0.0010720029816184251 0.00056130806576850148 -0.0008789329926648568 5.8493081538605155e-07 -0.00011070760866993899 -0.0011272702536424969 0.00023457298621877036 0.00051937609633359203 -0.00071098449833359575 -0.00062085616748046247 0.00023919329465049144 -0.00033166781221190972
leaf_weight=326 66 542 23 414 65 114 1292 56 1793 43 822 221 30 26 70 35 221 104 80 52 31 493 126 27 62 52 102 33 586 93
leaf_count=326 66 542 23 414 65 114 1292 56 1793 43 822 221 30 26 70 35 221 104 80 52 31 493 126 27 62 52 102 33 586 93
internal_value=2.81449e-08 3.80129e-05 -0.000145985 8.3239e-05 0.000175942 -0.000113331 0.000278572 5.37244e-05 4.97132e-06 -0.000218858 -0.000175104 -0.000771529 -0.000140946 -0.00118716 -0.000954735 -5.61281e-05 -0.000101361 -4.08758e-05 -0.00018161 -0.000514228 2.33867e-05 -9.07943e-05 -8.54516e-06 -0.000290101 0.000630694 -0.000475916 -0.000352947 7.66977e-05 6.56418e-05 0.000161005
internal_weight=8000 6817 1345 5472 2505 656 1849 557 2967 1183 1117 340 1074 119 96 857 439 2553 760 163 83 597 374 153 118 217 187 85 1005 679
internal_count=8000 6817 1345 5472 2505 656 1849 557 2967 1183 1117 340 1074 119 96 857 439 2553 760 163 83 597 374 153 118 217 187 85 1005 679
is_linear=0
shrinkage=0.05


Tree=99
num_leaves=31
num_cat=2
split_feature=18 18 17 11 17 18 9 5 5 6 14 15 5 18 18 17 14 17 0 17 12 18 18 0 8 17 17 6 8 16
split_gain=0.0241352 0.0346189 0.0220463 0.0177049 0.0354498 0.0144067 0.0133752 0.0333741 0.0309257 0.0117037 0.0115536 0.010388 0.0117475 0.0111207 0.0124812 0.0109879 0.0101464 0.00897302 0.00893339 0.0103013 0.010298 0.00788098 0.0167169 0.00782701 0.00782153 0.00765112 0.00748627 0.0074214 0.00977445 0.00964196
threshold=1.0143714325205082 0.23090205492527774 0.82122636917172498 8791.6500000000033 0.60578063647621516 0.05789823518886681 0 2.5000000000000004 2.5000000000000004 1.0000000180025095e-35 1.0000000180025095e-35 1.0000000180025095e-35 1.0000000180025095e-35 0.5821169876709672 0.41676134691537053 0.62231073412959803 1.0000000180025095e-35 0.16885805640743132 13054.850000000002 0.63534852012036591 18510.300000000003 0.56163689635395342 0.47579002102033324 14685.100000000002 41.500000000000007 0.63534852012036591 0.069341192527136511 1.0000000180025095e-35 2.5000000000000004 1
decision_type=2 2 2 2 2 2 1 2 2 2 2 2 2 2 2 2 2 2 2 2 2 2 2 2 2 2 2 2 2 1
left_child=1 5 3 4 16 -1 8 27 -7 -2 -9 12 -5 14 17 -16 -3 -13 19 20 -11 22 24 25 -4 26 -15 -8 -29 -30
right_child=9 2 21 11 -6 6 7 10 -10 18 -12 13 -14 23 15 -17 -18 -19 -20 -21 -22 -23 -24 -25 -26 -27 -28 28 29 -31
leaf_value=-0.00044550087493557087 -0.00010050731870912697 -1.0127260298497322e-05 2.3444576919615231e-05 0.00028388898860802605 0.00056396341874429695 3.8337199369638673e-05 1.4743477774597099e-07 -0.00067008649374959836 0.0014468364295846022 0.00023983452740746242 -0.0019165256403291344 -5.5667714546466918e-05 -0.0010969432694764691 -0.00062529633031226702 0.0010367035831607141 0.00025485142791391508 -0.00054266763414978828 0.00051103301946930002 -0.00023467825980136498 -0.0016704951212741436 -0.00086505200818810671 -0.00011448190956332896 0.00044986156854950215 0.00077276671375148005 -0.0007829449577031718 -0.00058683160310061394 0.0002882020418186952 -0.0012562627821656256 -0.00063254484860603307 2.8982827843719859e-05
leaf_weight=288 1357 639 1003 43 294 341 1093 120 44 30 22 90 24 25 179 60 104 312 222 25 71 754 257 50 31 36 218 24 84 160
leaf_count=288 1357 639 1003 43 294 341 1093 120 44 30 22 90 24 25 179 60 104 312 222 25 71 754 257 50 31 36 218 24 84 160
internal_value=2.67384e-08 4.52243e-05 0.000130448 0.000245313 9.92252e-05 -0.000116098 -6.58505e-05 -0.000132888 0.000194263 -0.000166846 -0.000863197 0.0003914 -0.000210737 0.000432991 0.00055428 0.000840423 -8.46686e-05 0.00038416 -0.00042553 -0.000761794 -0.000536868 1.39553e-05 8.89683e-05 0.000196681 -7.31512e-07 9.34398e-05 0.000194221 -5.76677e-05 -0.000293458 -0.000198756
internal_weight=8000 6295 4119 2074 1037 2176 1888 1503 385 1705 142 1037 67 970 641 239 743 402 348 126 101 2045 1291 329 1034 279 243 1361 268 244
internal_count=8000 6295 4119 2074 1037 2176 1888 1503 385 1705 142 1037 67 970 641 239 743 402 348 126 101 2045 1291 329 1034 279 243 1361 268 244
cat_boundaries=0 1 2
cat_threshold=8 1
is_linear=0
shrinkage=0.05


Tree=100
num_leaves=31
num_cat=2
split_feature=14 9 5 5 5 18 18 18 17 6 17 13 17 11 17 11 10 2 16 6 2 1 18 1 11 8 8 15 18 18
split_gain=0.0231143 0.0207405 0.135646 0.0785272 0.0140452 0.0133234 0.0211667 0.0123184 0.0121083 0.0114915 0.0102877 0.00972471 0.00919182 0.0200693 0.0188246 0.00872534 0.00847933 0.0084499 0.00720064 0.0119352 0.00719439 0.00738497 0.00921649 0.00710137 0.0100856 0.00680087 0.0122521 0.0067757 0.00665661 0.0164333
threshold=1.0000000180025095e-35 0 2.5000000000000004 2.5000000000000004 1.0000000180025095e-35 0.99658510511450216 0.26862488695674469 0.18196155087878266 0.80485284922825151 1.0000000180025095e-35 0.32634879090300212 14.420000000000002 0.30615432985855318 3704.1500000000005 0.89878959194841401 5012.3000000000011 24189.250000000004 139.25000000000003 1 1.0000000180025095e-35 238.65000000000001 673.45000000000016 0.66931036568594615 857.20000000000016 16295.650000000001 10.500000000000002 28.500000000000004 12.500000000000002 0.5686526807578941 0.46684741355135223
decision_type=2 1 2 2 2 2 2 2 2 2 2 2 2 2 2 2 2 2 1 2 2 2 2 2 2 2 2 2 2 2
left_child=1 2 -1 5 12 6 18 17 28 10 15 -9 13 -2 16 -5 -14 -6 19 -3 21 -4 -23 24 -13 -11 -27 -20 29 -8
right_child=4 3 20 9 7 -7 8 11 -10 25 -12 23 14 -15 -16 -17 -18 -19 27 -21 -22 22 -24 -25 -26 26 -28 -29 -30 -31
leaf_value=3.9850637510474355e-05 -0.0014765145421430741 -7.8098047035965926e-05 0.001439313898784652 -0.0018025990757767276 -0.00055193070403658105 -0.00010359580230701988 0.00026611531943298276 -0.001098707425754165 7.9523914059051137e-05 -0.0019326856994302942 -0.00036303518169961672 -0.00023769491523493796 0.001069359185414449 -0.00015089044251868948 -0.00024001864541074505 -0.00067808037215465872 0.00019451687249994184 -0.0018028486730246288 -2.1905025473938247e-05 -0.00067814988487070087 0.0010951395089460467 0.0028367594597511927 0.0015245738403831164 -0.00052885054022941782 0.00079731293180884677 -0.0004040779911023988 -0.0018719790558818551 0.00033391892218231564 0.00015718886656992882 0.00082950634409932058
leaf_weight=1208 36 424 48 23 27 1065 523 37 1161 20 339 89 31 138 403 69 260 27 905 103 39 32 23 103 32 44 21 157 441 172
leaf_count=1208 36 424 48 23 27 1065 523 37 1161 20 339 89 31 138 403 69 260 27 905 103 39 32 23 103 32 44 21 157 441 172
internal_value=2.54011e-08 3.54301e-05 0.000210131 -8.07948e-06 -0.000203993 5.30821e-05 9.60214e-05 -0.00048998 0.000193078 -0.000595079 -0.000490293 -0.000347757 -0.000100208 -0.000425157 -1.87363e-05 -0.00095921 0.000287713 -0.00117739 -4.42805e-05 -0.000195376 0.00167351 0.00189251 0.00228803 -0.000223716 3.60262e-05 -0.00112641 -0.000878323 3.06979e-05 0.000309132 0.000405544
internal_weight=8000 6817 1350 5467 1183 4951 3886 315 2297 516 431 261 868 174 694 92 291 54 1589 527 142 103 55 224 121 85 65 1062 1136 695
internal_count=8000 6817 1350 5467 1183 4951 3886 315 2297 516 431 261 868 174 694 92 291 54 1589 527 142 103 55 224 121 85 65 1062 1136 695
cat_boundaries=0 1 2
cat_threshold=8 1
is_linear=0
shrinkage=0.05


Tree=101
num_leaves=31
num_cat=0
split_feature=15 5 14 17 17 11 17 15 18 11 12 17 18 18 18 18 18 17 18 5 11 0 1 18 4 13 8 6 7 8
split_gain=0.0216406 0.075237 0.018433 0.015112 0.0148286 0.0253434 0.0234953 0.0141536 0.0136036 0.0135735 0.0129091 0.0202471 0.0116924 0.00987791 0.00952268 0.00963322 0.00917337 0.00987537 0.00824184 0.00819343 0.00847717 0.00799171 0.00789199 0.00784833 0.00824518 0.00767965 0.00765317 0.0077524 0.0176106 0.014024
threshold=2.5000000000000004 1.0000000180025095e-35 1.0000000180025095e-35 0.015431305624332757 0.76250150875841216 4221.3500000000013 0.69470703227798103 1.0000000180025095e-35 0.13108907548546417 4221.3500000000013 29108.300000000007 0.58388251643627609 0.72251030147762607 1.5291557357987988 0.35580768414922231 0.59384116945412302 0.78142638733100533 0.16885805640743132 0.41676134691537053 3.5000000000000004 4060.5000000000005 5989.8500000000013 169.40000000000003 1.6331176836414736 6.8474880695000016 24.630000000000006 22.500000000000004 1.0000000180025095e-35 39.500000000000007 35.500000000000007
decision_type=2 2 2 2 2 2 2 2 2 2 2 2 2 2 2 2 2 2 2 2 2 2 2 2 2 2 2 2 2 2
left_child=1 13 3 -2 5 6 22 19 -4 -6 -7 -12 18 14 -1 -16 -14 -18 25 20 -3 -19 -5 24 -9 -10 -11 -28 -29 -30
right_child=2 7 8 4 9 10 -8 23 12 26 11 -13 16 -15 15 -17 17 21 -20 -21 -22 -23 -24 -25 -26 -27 27 28 29 -31
leaf_value=-6.8358134603141267e-05 -0.0011758189245938411 -0.0022335475731995844 -0.00065507992090656415 -0.00085490399228763721 0.00027174115345592178 0.00033306819628093742 0.00082155217092977611 -0.0011556213488802315 0.00079584517313734343 1.9464466805601323e-05 -0.00021380819111099575 0.0006546106345472816 -0.0013490013093576721 -0.000353942480697161 0.00048817994607115327 5.882334234915654e-05 -0.0013056583672074514 0.00075676100594656811 0.00034257735083110402 -0.00025038652543333314 -0.0011285064531439276 -0.00026237562546729186 -0.00014363981898481102 -0.001399175541397805 -0.0003221652449018364 -0.00015036271600104496 -8.6422847303686381e-05 -0.0010048486725781913 0.00064664260176372913 -0.00065558166203957694
leaf_weight=520 24 21 123 42 414 1468 63 35 23 1793 273 89 21 146 218 326 21 21 167 21 100 229 546 24 195 317 597 80 44 39
leaf_count=520 24 21 123 42 414 1468 63 35 23 1793 273 89 21 146 218 326 21 21 167 21 100 229 546 24 195 317 597 80 44 39
internal_value=2.41306e-08 -0.000164063 4.12383e-05 7.6086e-05 8.1601e-05 0.000171809 -9.61222e-05 -0.000762279 -0.00016558 6.16882e-06 0.000267123 -3.01905e-07 -9.02253e-05 3.17172e-05 8.46367e-05 0.000230882 -0.00034226 -0.000264247 5.49307e-05 -0.00116207 -0.00132029 -0.000176768 -0.000194444 -0.000538776 -0.000448996 -8.63545e-05 -3.6897e-05 -0.000169865 -0.00047548 3.47541e-05
internal_weight=8000 1606 6394 5472 5448 2481 651 396 922 2967 1830 362 799 1210 1064 544 292 271 507 142 121 250 588 254 230 340 2553 760 163 83
internal_count=8000 1606 6394 5472 5448 2481 651 396 922 2967 1830 362 799 1210 1064 544 292 271 507 142 121 250 588 254 230 340 2553 760 163 83
is_linear=0
shrinkage=0.05


Tree=102
num_leaves=31
num_cat=1
split_feature=9 5 5 6 17 18 18 0 18 18 18 17 15 13 8 0 12 17 11 11 14 0 12 17 11 6 0 17 17 3
split_gain=0.0207865 0.146505 0.100912 0.0151863 0.0140947 0.0115226 0.0123309 0.0117464 0.00813772 0.0099136 0.0101597 0.00858409 0.00778302 0.00752447 0.00738919 0.00734384 0.0213374 0.0196331 0.0191007 0.0133727 0.0100706 0.00895591 0.0160807 0.00926179 0.00914909 0.00771659 0.00991921 0.00756078 0.0119046 0.00929375
threshold=0 2.5000000000000004 2.5000000000000004 1.0000000180025095e-35 1.2005433861045398 0.068450202817374947 1.8005280342691674 20084.700000000004 0.11569149902200376 0.57544936865584873 0.36587586760759921 0.19368844557382645 2.5000000000000004 46.125000000000007 4.5000000000000009 17428.450000000004 26822.900000000005 0.66977587833452101 7292.0500000000002 13920.6 1.0000000180025095e-35 9728.1000000000022 15633.200000000001 0.46999166046812174 13920.6 1.0000000180025095e-35 6976.9000000000005 0.55481837411730295 0.77616804084101632 116.25000000000001
decision_type=1 2 2 2 2 2 2 2 2 2 2 2 2 2 2 2 2 2 2 2 2 2 2 2 2 2 2 2 2 2
left_child=1 -1 4 8 5 7 15 14 -4 10 -10 -11 -8 -5 -2 16 17 18 20 -19 -7 22 23 -20 -25 -18 -27 -17 29 -29
right_child=2 -3 3 13 -6 6 12 -9 9 11 -12 -13 -14 -15 -16 27 25 19 21 -21 -22 -23 -24 24 -26 26 -28 28 -30 -31
leaf_value=-7.9131385672113486e-07 -0.0014279071567580104 0.0015677726571588408 -0.001135082504347962 -0.0017451324780734306 -9.1856938181328113e-05 6.4338682143078385e-05 -0.00062786901897440362 0.00037570528003654663 -0.0004752706119814652 -0.0016279975225663057 0.00022141966235209021 -0.00060554421770527955 -6.1634740873531699e-05 -0.00087624607654963275 -0.00038921409170387879 -0.00040594497404526923 -9.5561240135041492e-05 0.00017673112246058658 0.00079255433977246386 -0.00034090342858628293 -0.00075854817010362504 0.00074910195132696052 0.00012845185844522755 0.00089355396446383871 -0.00017887218036467874 -0.0011180887416982011 -0.00014903969092683252 -9.0947732096537955e-05 0.00016447293551509408 0.00070153124540341268
leaf_weight=1442 20 166 51 39 1805 324 75 47 159 23 78 191 318 69 119 44 498 235 207 266 42 152 422 30 59 46 62 45 758 208
leaf_count=1442 20 166 51 39 1805 324 75 47 159 23 78 191 318 69 119 44 498 235 207 266 42 152 422 30 59 46 62 45 758 208
internal_value=2.29249e-08 0.000160142 -4.04445e-05 -0.000652148 2.40202e-05 7.66122e-05 9.54637e-05 -0.000307615 -0.000536433 -0.000468737 -0.00024598 -0.000715434 -0.000169695 -0.00119001 -0.000538666 0.000126131 7.68068e-05 0.00016593 0.000272952 -9.81008e-05 -3.0091e-05 0.000400439 0.000326628 0.000609162 0.00018262 -0.00017865 -0.000561783 0.000235673 0.000263597 0.000560576
internal_weight=8000 1608 6392 610 5782 3977 3791 186 502 451 237 214 393 108 139 3398 2343 1737 1236 501 366 870 718 296 89 606 108 1055 1011 253
internal_count=8000 1608 6392 610 5782 3977 3791 186 502 451 237 214 393 108 139 3398 2343 1737 1236 501 366 870 718 296 89 606 108 1055 1011 253
cat_boundaries=0 1
cat_threshold=8
is_linear=0
shrinkage=0.05


Tree=103
num_leaves=31
num_cat=1
split_feature=15 5 18 18 18 18 18 17 6 9 5 5 17 17 18 6 14 17 18 5 18 4 17 18 17 3 6 8 17 17
split_gain=0.0197178 0.0646727 0.0172348 0.0197135 0.0158143 0.0283486 0.014611 0.0137241 0.0113964 0.0101005 0.0464354 0.0264261 0.00934925 0.00901053 0.00839059 0.00833524 0.00778013 0.010449 0.00727071 0.00683905 0.00867495 0.00675267 0.00603157 0.00606653 0.00568583 0.00601073 0.00567652 0.00884642 0.00550881 0.0056882
threshold=1.5000000000000002 1.0000000180025095e-35 0.049374868662696712 1.0143714325205082 0.36313207504659589 0.5686526807578941 0.45827444641994697 0.082109413785188295 1.0000000180025095e-35 0 2.5000000000000004 2.5000000000000004 0.033413420829973291 1.4588560923155434 0.52733204361138497 1.0000000180025095e-35 1.0000000180025095e-35 0.18149084481207833 0.025361332481474364 3.5000000000000004 0.89140514114964964 3.6086256330000008 1.0862071628333847 0.88013783799659107 2.0745717934043433 271.85000000000008 1.0000000180025095e-35 22.500000000000004 1.0193871953200608 0.60578063647621516
decision_type=2 2 2 2 2 2 2 2 2 1 2 2 2 2 2 2 2 2 2 2 2 2 2 2 2 2 2 2 2 2
left_child=1 26 18 4 7 6 -6 8 -4 10 28 13 -7 -11 -8 19 -5 -18 -2 20 -3 -20 23 -14 25 -15 -1 -28 29 -9
right_child=2 15 3 16 5 12 14 9 -10 11 -12 -13 22 24 -16 -17 17 -19 21 -21 -22 -23 -24 -25 -26 -27 27 -29 -30 -31
leaf_value=8.5037627622323977e-05 -0.0011633299893282097 -0.0006887568381213127 -0.00023499829971776557 -7.0320872537475056e-05 0.00019155858317221661 -0.0010294922889443115 0.00067558096806995521 4.6999020589876694e-06 -0.0013203911250457168 0.00010082391036853971 0.0016057507666780359 -0.00055891106496947125 5.2775806057000913e-05 -0.00039833603729008855 0.00026738113425650497 -0.0014605210925105448 -0.0014034598326796424 -0.00027507671193330009 -0.00017736630755032159 -0.0001504122007948657 -0.0015389996616599652 -0.0011004264932125806 -0.00010853994500614109 0.00041024664173540984 5.2272050749176844e-05 0.00036648550825514668 -5.9670555942505284e-05 -0.0010264522376625489 -0.00013215577282190511 0.0004635049554053694
leaf_weight=650 29 130 110 1267 648 21 377 147 31 1465 55 203 654 225 189 51 23 190 143 39 39 23 467 145 187 29 112 30 196 125
leaf_count=650 29 130 110 1267 648 21 377 147 31 1465 55 203 654 225 189 51 23 190 143 39 39 23 467 145 187 29 112 30 196 125
internal_value=2.17784e-08 -0.000201821 3.05495e-05 4.39293e-05 8.91807e-05 0.000180349 0.000353673 6.95501e-06 -0.000473631 3.27007e-05 0.000227097 -1.65052e-05 1.6856e-05 4.11775e-05 0.000539274 -0.000887691 -0.000117325 -0.000396921 -0.000432871 -0.000747238 -0.000884967 -0.00030526 3.42125e-05 0.000117648 -0.000156967 -0.000311014 2.2472e-05 -0.00026392 6.99284e-05 0.000215548
internal_weight=8000 1051 6949 6754 5274 2501 1214 2773 141 2632 523 2109 1287 1906 566 259 1480 213 195 208 169 166 1266 799 441 254 792 142 468 272
internal_count=8000 1051 6949 6754 5274 2501 1214 2773 141 2632 523 2109 1287 1906 566 259 1480 213 195 208 169 166 1266 799 441 254 792 142 468 272
cat_boundaries=0 1
cat_threshold=8
is_linear=0
shrinkage=0.05


Tree=104
num_leaves=31
num_cat=2
split_feature=6 16 8 8 7 8 8 7 8 9 5 5 8 17 11 17 4 18 18 11 17 17 8 18 0 8 17 17 17 7
split_gain=0.0182022 0.0261688 0.0159076 0.0134562 0.0124606 0.0362603 0.018442 0.0136173 0.0180172 0.0112343 0.118903 0.0557549 0.0105705 0.0103928 0.0115544 0.0111296 0.00909519 0.0116541 0.0111244 0.00909468 0.0129947 0.00861331 0.00787535 0.00785906 0.00772441 0.00749804 0.00729941 0.00722624 0.0148334 0.00717869
threshold=1.0000000180025095e-35 0 36.500000000000007 5.5000000000000009 35.500000000000007 20.500000000000004 11.500000000000002 21.500000000000004 13.500000000000002 1 2.5000000000000004 2.5000000000000004 4.5000000000000009 0.82122636917172498 1403.8000000000002 0.65565112744789122 49.643600976000002 0.35580768414922231 0.55499479269136909 20240.400000000005 0.59943322120283349 0.18149084481207833 32.500000000000007 0.23787971112283371 2000.0000000000002 9.5000000000000018 1.2005433861045398 0.89256147247223883 0.41173755979933852 20.500000000000004
decision_type=2 1 2 2 2 2 2 2 2 1 2 2 2 2 2 2 2 2 2 2 2 2 2 2 2 2 2 2 2 2
left_child=9 12 3 29 5 7 -6 8 -5 10 -1 13 -2 14 15 -11 17 19 -19 20 23 -9 -8 -14 -13 -23 -27 28 -12 -3
right_child=1 2 -4 4 6 -7 22 21 -10 11 27 24 16 -15 -16 -17 -18 18 -20 -21 -22 25 -24 -25 -26 26 -28 -29 -30 -31
leaf_value=7.8188637233099882e-06 -0.00041502434579403295 -0.00019244175032802002 -0.0010544170332426662 -9.2828159703996636e-06 -0.0007279707194309021 -0.0010801485002289116 0.00038757121504479758 -0.00059716525720432401 -0.0011400276113470848 -0.00040316489280268716 0.0012720035499353944 -0.0012609444949175082 -0.0008498618199388521 -1.6493288441027217e-05 0.00016867073238558325 0.00049832824148578832 -0.00047502251531806824 0.0010330498526998685 0.00028798423451490286 -0.00082384765888231671 0.00049734448130579095 -0.00020118791131406197 -0.00034576143397399312 0.00036922334780683743 -0.00044612141064598798 0.00092211031474107594 0.00014766643098796365 0.0011986686485949078 0.0027330810554190067 -0.00082791117223898639
leaf_weight=1157 75 67 65 98 57 117 218 28 55 168 38 31 39 2319 2103 43 42 76 147 28 101 45 44 20 471 64 58 62 32 132
leaf_count=1157 75 67 65 98 57 117 218 28 55 168 38 31 39 2319 2103 43 42 76 147 28 101 45 44 20 471 64 58 62 32 132
internal_value=2.06899e-08 -0.000152249 -0.000296866 -0.000246773 -0.000153572 -0.000318673 8.70931e-05 -6.26598e-05 -0.00041576 3.73769e-05 0.000168713 4.07202e-06 0.000134795 5.83128e-05 0.00013328 -0.000219448 0.000225824 0.000297444 0.000541908 7.46763e-06 0.000152948 0.000214388 0.000264416 -0.000436613 -0.000496439 0.000350457 0.000553932 0.00159176 0.00193992 -0.000613959
internal_weight=8000 1576 1048 983 784 465 319 348 153 6424 1289 5135 528 4633 2314 211 453 411 223 188 160 195 262 59 502 167 122 132 70 199
internal_count=8000 1576 1048 983 784 465 319 348 153 6424 1289 5135 528 4633 2314 211 453 411 223 188 160 195 262 59 502 167 122 132 70 199
cat_boundaries=0 1 2
cat_threshold=2 8
is_linear=0
shrinkage=0.05


Tree=105
num_leaves=31
num_cat=1
split_feature=14 15 5 18 17 17 17 11 17 12 12 17 17 18 18 18 4 11 18 11 13 17 12 8 9 5 11 11 18 3
split_gain=0.0180622 0.0160611 0.0507061 0.0126709 0.011946 0.0116984 0.0115177 0.0212168 0.0195398 0.0120569 0.0113389 0.0172654 0.0103305 0.0100326 0.00961122 0.0137549 0.00739563 0.00726895 0.00722178 0.0071812 0.00717695 0.00691859 0.00678788 0.0067258 0.00669228 0.0126338 0.00661442 0.00658445 0.00626367 0.00623336
threshold=1.0000000180025095e-35 2.5000000000000004 1.0000000180025095e-35 0.025361332481474364 0.015431305624332757 0.087851312719020233 0.76250150875841216 4221.3500000000013 0.69470703227798103 32672.350000000002 29108.300000000007 0.60578063647621516 0.2935501585733416 0.091666885136711743 0.61405014406435732 0.42310511687933455 8.6079914500000019 7358.5000000000009 1.4903138425141875 4221.3500000000013 24.200000000000006 0.91090695282542378 27067.900000000001 20.500000000000004 0 2.5000000000000004 1566.8500000000001 10355.250000000002 0.05789823518886681 103.05000000000001
decision_type=2 2 2 2 2 2 2 2 2 2 2 2 2 2 2 2 2 2 2 2 2 2 2 2 1 2 2 2 2 2
left_child=1 2 28 -3 -5 22 7 8 -6 19 -9 -12 17 29 15 20 -11 -4 24 -8 -15 27 -2 -23 25 -14 -22 -21 -1 -7
right_child=5 3 12 4 6 13 9 10 -10 16 11 -13 18 14 -16 -17 -18 -19 -20 21 26 23 -24 -25 -26 -27 -28 -29 -30 -31
leaf_value=-0.00060205179299893132 -0.00036428156939412781 -0.0011281657709994099 -0.00196599905865024 -0.0010629025291089657 -0.0001764450676344207 -0.0013925224258855451 0.00020482654843867671 0.00030804373444533059 0.00075016481370391653 0.0013290366625535006 -0.00018788533852784895 0.00064843715527912764 -0.0005645308158599274 0.00070874956481230375 -0.00027818322858432474 0.00047673468634032895 0.0003164640607428737 -0.00076636735341578189 -0.0012200220590731241 2.9546888424232566e-05 -0.0010345526547325789 6.0967585079643846e-05 -0.001382632184928904 -0.00012533916844062481 -0.00063427915235506874 0.00057414116017753261 -0.00010376676699289121 -0.00041240220388437978 7.8791931249111026e-05 -0.00041078809232710574
leaf_weight=35 36 22 23 23 587 22 346 1462 63 22 282 79 58 26 436 134 100 28 34 137 20 1385 30 745 155 42 418 219 970 61
leaf_count=35 36 22 23 23 587 22 346 1462 63 22 282 79 58 26 436 134 100 28 34 137 20 1385 30 745 155 42 418 219 970 61
internal_value=1.96554e-08 3.13169e-05 -0.000123484 6.93664e-05 7.42005e-05 -0.00018033 7.90196e-05 0.000158629 -8.66352e-05 1.23729e-05 0.000246079 -4.8674e-06 -0.0006513 -0.00014211 -9.96552e-05 3.0509e-05 0.000499059 -0.00130738 -0.000535521 -8.59313e-06 -9.83579e-05 -3.82968e-05 -0.000827168 -4.19604e-06 -0.000444255 -7.84442e-05 -0.000146268 -0.000242326 5.5081e-05 -0.000671007
internal_weight=8000 6817 1345 5472 5450 1183 5427 2473 650 2954 1823 361 340 1117 1034 598 122 51 289 2832 464 2486 66 2130 255 100 438 356 1005 83
internal_count=8000 6817 1345 5472 5450 1183 5427 2473 650 2954 1823 361 340 1117 1034 598 122 51 289 2832 464 2486 66 2130 255 100 438 356 1005 83
cat_boundaries=0 1
cat_threshold=10
is_linear=0
shrinkage=0.05


Tree=106
num_leaves=31
num_cat=2
split_feature=9 5 5 6 18 18 18 18 6 6 8 17 17 14 3 17 16 13 3 1 17 17 12 0 10 3 13 0 17 17
split_gain=0.0166721 0.116072 0.0792562 0.0141684 0.0118238 0.0183394 0.0119005 0.0250415 0.00844945 0.00744161 0.0132544 0.00739453 0.00691837 0.00781182 0.00723619 0.0067824 0.00687783 0.00663883 0.00656235 0.00652941 0.00651894 0.0160773 0.0064432 0.00612197 0.00611164 0.00567058 0.00555754 0.0066673 0.00546238 0.00522675
threshold=0 2.5000000000000004 2.5000000000000004 1.0000000180025095e-35 1.1791553093382801 0.26862488695674469 0.54143558864827257 0.46684741355135223 1.0000000180025095e-35 1.0000000180025095e-35 2.5000000000000004 0.82122636917172498 0.24877484119836019 1.0000000180025095e-35 178.15000000000001 0.44414493444108144 1 46.125000000000007 256.15000000000003 97.15000000000002 0.89256147247223883 0.41173755979933852 17250.050000000003 15380.6 41701.55000000001 288.65000000000003 57.57500000000001 18139.400000000005 1.4588560923155434 0.027324019293455893
decision_type=1 2 2 2 2 2 2 2 2 2 2 2 2 2 2 2 1 2 2 2 2 2 2 2 2 2 2 2 2 2
left_child=1 29 4 12 5 9 7 24 18 19 -11 23 14 -14 -4 22 -17 -5 -6 -2 21 -3 -12 -9 25 -7 -19 -28 -21 -1
right_child=2 20 3 17 8 6 -8 11 -10 10 15 -13 13 -15 -16 16 -18 26 -20 28 -22 -23 -24 -25 -26 -27 27 -29 -30 -31
leaf_value=-0.0007646421181561891 -0.00051283668477140052 0.0010690142390439694 -0.0014466432402567828 -0.0016193270086286926 -0.00015895379856652056 5.6235148522940873e-05 2.5693401011749926e-05 0.00069521954020030274 -0.00040756941145429651 -0.0011663864142138739 0.00018067137824128506 0.00038985412990768967 -0.00029566345190302497 -0.00089528759235690814 -0.00048016323022440901 -0.00040258122060636412 0.00015378402067931236 -0.00010079897841933418 0.00015072169823159085 5.5035316068827873e-05 0.0010753393935475388 0.0024490017148379524 -0.00078925908249524886 0.0014532271187122474 0.0004167163644524408 0.00072229786522009154 -0.0017921732459217311 -0.00060550552215286662 -0.00018191678200865622 1.1985633210014399e-05
leaf_weight=22 64 46 34 39 524 1009 1385 123 222 37 23 180 359 64 45 84 164 20 254 1116 81 39 67 34 152 33 20 29 311 1420
leaf_count=22 64 46 34 39 524 1009 1385 123 222 37 23 180 359 64 45 84 164 20 254 1116 81 39 67 34 152 33 20 29 311 1420
internal_value=-2.09703e-08 0.000143378 -3.62626e-05 -0.000578373 2.08672e-05 5.3564e-05 0.000131893 0.000227964 -0.000135489 -6.88401e-05 -0.00026794 0.000608592 -0.000466603 -0.000386387 -0.000896117 -0.000169589 -3.46623e-05 -0.0010979 -5.78515e-05 -1.87648e-05 0.00139631 0.00170218 -0.000541388 0.000859374 0.000120534 7.73293e-05 -0.000803175 -0.00108986 3.39404e-06 1.36944e-07
internal_weight=8000 1608 6392 610 5782 4782 2916 1531 1000 1866 375 337 502 423 79 338 248 108 778 1491 166 85 90 157 1194 1042 69 49 1427 1442
internal_count=8000 1608 6392 610 5782 4782 2916 1531 1000 1866 375 337 502 423 79 338 248 108 778 1491 166 85 90 157 1194 1042 69 49 1427 1442
cat_boundaries=0 1 2
cat_threshold=8 1
is_linear=0
shrinkage=0.05


Tree=107
num_leaves=31
num_cat=1
split_feature=15 5 18 18 18 0 18 17 4 6 15 0 17 12 5 3 1 17 17 12 12 11 0 9 12 10 14 11 12 5
split_gain=0.016386 0.0534088 0.0140706 0.0237067 0.0286544 0.0138864 0.0103419 0.00935841 0.00754326 0.00844313 0.00740188 0.00720473 0.00703108 0.0102884 0.00659213 0.00660477 0.00577737 0.00567756 0.012038 0.0252199 0.0145485 0.00907574 0.00706817 0.00610769 0.00744681 0.00612884 0.00592529 0.00729099 0.00538132 0.00532273
threshold=1.5000000000000002 1.0000000180025095e-35 0.12838684786250995 0.58790785575135607 0.45827444641994697 2535.1500000000005 0.52733204361138497 0.076332128674922686 4.3519249410000009 1.0000000180025095e-35 12.500000000000002 1641.1000000000001 0.27434120181264804 25392.200000000004 2.5000000000000004 246.85000000000005 610.80000000000007 0.99791470846124775 0.52783569895436999 24579.450000000008 13712.900000000003 18737.500000000004 10211.850000000002 0 14242.9 38059.400000000009 1.0000000180025095e-35 5747.4500000000016 12832.500000000002 2.5000000000000004
decision_type=2 2 2 2 2 2 2 2 2 2 2 2 2 2 2 2 2 2 2 2 2 2 2 1 2 2 2 2 2 2
left_child=1 -1 5 4 10 -2 -6 16 9 28 -4 -9 13 -3 -14 -16 -5 18 19 23 -20 22 -22 25 -25 -13 -21 -28 -7 -8
right_child=2 12 3 7 6 8 29 11 -10 -11 -12 17 14 -15 15 -17 -18 -19 20 26 21 -23 -24 24 -26 -27 27 -29 -30 -31
leaf_value=1.9805852725950917e-05 -0.0008159274552719132 -0.00061498940028513981 3.5951290564191118e-05 -0.0012274162038341853 0.00061261472334944852 0.00029724899794514802 0.0001221894053711328 0.00073492666832559441 2.7769425709865242e-05 -0.00073753641557338496 0.00025892735982885453 0.00024683568725964822 -0.00092510413128048794 -0.0022187663521617651 -9.454022599584278e-05 -0.0010395654553296762 -0.00032451059282271217 -0.00012985562990344571 -0.00047843886753980765 -0.00035815697534666258 0.0011386215718933576 -0.00029987145721925503 0.00026292791033257222 0.00057437310886864618 -0.00017508431556683391 0.0010420339689396012 -0.0014941265825265354 -0.00034257426892441735 -0.00025621096590655877 0.00079151908404823828
leaf_weight=792 73 20 2249 22 377 55 235 30 498 77 446 126 129 20 64 26 91 1103 80 263 24 71 578 41 173 30 28 27 218 34
leaf_count=792 73 20 2249 22 377 55 235 30 498 77 446 126 129 20 64 26 91 1103 80 263 24 71 578 41 173 30 28 27 218 34
internal_value=-1.99218e-08 -0.000184021 2.78094e-05 5.56198e-05 0.000144543 -0.000154212 0.000443625 -5.49466e-05 -9.72481e-05 -0.00027513 7.2852e-05 -3.53955e-05 -0.000807308 -0.00141688 -0.000695971 -0.000367548 -0.000500298 -4.44795e-05 2.08709e-05 -0.000130317 0.000159008 0.000234782 0.000297839 0.00015033 -3.00906e-05 0.000375677 -0.000456856 -0.000928819 -0.000144708 0.000206789
internal_weight=8000 1051 6949 6028 3341 921 646 2687 848 350 2695 2574 259 40 219 90 113 2544 1441 688 753 673 602 370 214 156 318 55 273 269
internal_count=8000 1051 6949 6028 3341 921 646 2687 848 350 2695 2574 259 40 219 90 113 2544 1441 688 753 673 602 370 214 156 318 55 273 269
cat_boundaries=0 1
cat_threshold=12
is_linear=0
shrinkage=0.05


Tree=108
num_leaves=31
num_cat=2
split_feature=14 9 5 5 6 16 6 17 15 5 8 7 6 17 3 17 5 18 11 8 0 10 18 17 17 11 12 10 17 12
split_gain=0.0153815 0.013416 0.0867005 0.0471462 0.0104718 0.010216 0.0178415 0.00977588 0.00937693 0.0288605 0.0091089 0.0114884 0.00845917 0.00824729 0.00810212 0.00741158 0.006902 0.00861945 0.00664009 0.00645675 0.00626058 0.00618922 0.00609833 0.00604167 0.00744113 0.0117508 0.0099558 0.00762616 0.0068443 0.00669913
threshold=1.0000000180025095e-35 0 2.5000000000000004 2.5000000000000004 1.0000000180025095e-35 1 1.0000000180025095e-35 0.31200574902492467 1.5000000000000002 1.0000000180025095e-35 26.500000000000004 41.500000000000007 1.0000000180025095e-35 0.98333924428047514 292.65000000000003 0.31852632692741195 1.0000000180025095e-35 0.13108907548546417 5012.3000000000011 2.5000000000000004 29541.600000000002 43549.950000000004 0.61405014406435732 0.021982965649191166 0.73621685345579413 4142.7000000000016 32344.5 32475.500000000004 0.69470703227798103 11186.450000000001
decision_type=2 1 2 2 2 1 2 2 2 2 2 2 2 2 2 2 2 2 2 2 2 2 2 2 2 2 2 2 2 2
left_child=1 2 -1 5 14 6 -3 -6 9 21 19 -12 15 22 16 18 -2 -18 -5 -8 -15 -7 -9 -10 25 28 27 -26 -25 -27
right_child=4 3 -4 12 7 8 10 13 23 -11 11 -13 -14 20 -16 -17 17 -19 -20 -21 -22 -23 -24 24 26 29 -28 -29 -30 -31
leaf_value=3.3243577170362298e-05 -4.1393482356082954e-05 2.3564901351738463e-05 0.0013393240454680497 -0.0015091018164125475 -0.0011772672794177199 -1.4526821558435483e-05 -0.00093688099333385545 0.00034521336954703818 -0.00063418765292646228 -0.0010967016235764067 -0.0015899588463071268 -0.00026034986072001192 -0.00091683126773740007 -0.00035884093497063284 0.00063292774142905111 -0.00026528866120682787 -0.0012151373595070956 -0.00024901223667398283 -0.00052255862467449551 -0.00017098885424534925 -0.0011905064228675188 0.00073548284679418434 -0.00050887381737332123 -8.7106638947940918e-05 0.00012497373046974089 0.00092702371935999065 0.00063943453795115902 -0.00010218462321932967 0.00082498387359506039 0.00028747185782895655
leaf_weight=1208 679 1311 142 23 40 331 31 57 26 65 32 33 85 72 37 342 26 206 66 245 33 30 33 316 921 43 71 617 22 857
leaf_count=1208 679 1311 142 23 40 331 31 57 26 65 32 33 85 72 37 342 26 206 66 245 33 30 33 316 921 43 71 617 22 857
internal_value=-1.89256e-08 2.88626e-05 0.000169369 -6.13221e-06 -0.000166448 4.12586e-05 -6.02374e-05 -0.000465232 9.20836e-05 -0.00012683 -0.000382422 -0.000914927 -0.000460964 -0.000319174 -9.23818e-05 -0.00037106 -0.00012184 -0.000357285 -0.000777508 -0.000257013 -0.000620222 4.78009e-05 3.20481e-05 0.000124543 0.000131472 0.000223626 6.05673e-05 3.38445e-05 -2.77398e-05 0.000318028
internal_weight=8000 6817 1350 5467 1183 4951 1652 235 3299 426 341 65 516 195 948 431 911 232 89 276 105 361 90 2873 2847 1238 1609 1538 338 900
internal_count=8000 6817 1350 5467 1183 4951 1652 235 3299 426 341 65 516 195 948 431 911 232 89 276 105 361 90 2873 2847 1238 1609 1538 338 900
cat_boundaries=0 1 2
cat_threshold=8 1
is_linear=0
shrinkage=0.05


Tree=109
num_leaves=31
num_cat=1
split_feature=18 18 18 9 5 5 6 8 8 17 17 12 17 11 15 0 14 10 5 10 7 8 8 7 17 12 1 17 17 12
split_gain=0.0146842 0.0182607 0.031791 0.010983 0.0329088 0.0280254 0.0107822 0.0118686 0.0107449 0.00880239 0.00825113 0.00819158 0.0077591 0.00769949 0.00686251 0.00642909 0.00634061 0.00602403 0.0103616 0.00667778 0.00602082 0.0184734 0.0126452 0.00858857 0.00599616 0.00801594 0.00612671 0.00597471 0.00865348 0.00956877
threshold=0.06140362893741181 0.60817256290573829 0.36313207504659589 0 2.5000000000000004 2.5000000000000004 1.0000000180025095e-35 28.500000000000004 5.5000000000000009 0.8380202149199999 0.20659367344784171 15693.300000000001 0.64976072050391498 1566.8500000000001 3.5000000000000004 12911.700000000003 1.0000000180025095e-35 34100.250000000007 2.5000000000000004 20689.700000000001 34.500000000000007 15.500000000000002 17.500000000000004 29.500000000000004 1.6208431390827271 13262.200000000003 88.200000000000003 1.4500407624422793 0.1990450984553743 13712.900000000003
decision_type=2 2 2 1 2 2 2 2 2 2 2 2 2 2 2 2 2 2 2 2 2 2 2 2 2 2 2 2 2 2
left_child=24 2 3 4 -2 27 13 8 -8 11 -7 12 -4 -3 -9 -11 -15 18 19 -17 22 -22 -10 -24 26 -26 -1 28 29 -5
right_child=1 6 9 5 -6 10 7 14 20 15 -12 -13 -14 16 -16 17 -18 -19 -20 -21 21 -23 23 -25 25 -27 -28 -29 -30 -31
leaf_value=-0.0010674950745305977 4.7727427464063548e-05 -0.00036553138097699008 0.00094299122431020985 0.0007568730157800019 0.0012364930150439392 -0.0013856479395014634 -0.00061592028086360434 -0.0015303377274666792 5.2358542805969981e-05 -0.00051867652655346319 -0.00047215445864093504 0.00030262195830446436 2.721345915536707e-05 2.5850517020261041e-05 -0.00054308096210297664 -0.00065251991562988794 -0.00020477386062986501 -1.9086860398351663e-05 0.0011788171979909142 0.00026346188791370821 -0.00043873740461371517 0.0006410403854745035 -0.0011256470109510701 -7.664243503313628e-05 -0.00033194247961019807 -0.0015145929115217018 -0.00015649265804724459 -0.00016196344686813974 7.9628707047763169e-05 -0.00033525492108390706
leaf_weight=20 558 164 101 22 65 28 108 23 154 36 211 703 30 1885 75 21 354 269 30 379 69 93 50 32 38 23 239 500 1493 227
leaf_count=20 558 164 101 22 65 28 108 23 154 36 211 703 30 1885 75 21 354 269 30 379 69 93 50 32 38 23 239 500 1493 227
internal_value=-1.79794e-08 1.38095e-05 7.56564e-05 -1.7064e-05 0.000169043 -6.42194e-05 -8.23029e-05 -0.000271152 -0.000173611 0.000259088 -0.000579175 0.000370266 0.000733271 -3.48352e-05 -0.000774784 0.000132935 -1.06126e-05 0.000166494 0.00028259 0.000215373 -5.35875e-05 0.000181135 -0.000214711 -0.000716279 -0.000331878 -0.00077786 -0.00022684 -9.61094e-06 3.41183e-05 -0.000238762
internal_weight=8000 7680 4673 3104 623 2481 3007 604 506 1569 239 834 131 2403 98 735 2239 699 430 400 398 162 236 82 320 61 259 2242 1742 249
internal_count=8000 7680 4673 3104 623 2481 3007 604 506 1569 239 834 131 2403 98 735 2239 699 430 400 398 162 236 82 320 61 259 2242 1742 249
cat_boundaries=0 1
cat_threshold=8
is_linear=0
shrinkage=0.05


Tree=110
num_leaves=31
num_cat=0
split_feature=15 5 17 17 11 17 12 14 18 15 11 12 0 17 0 11 11 0 18 18 18 11 17 10 0 6 18 18 17 11
split_gain=0.013925 0.0483757 0.0117304 0.0145696 0.0236785 0.0322402 0.0148919 0.0114767 0.0111365 0.0108767 0.0108142 0.00916962 0.021288 0.00808543 0.00860177 0.00835769 0.00807996 0.00744564 0.00742881 0.00760608 0.00927074 0.00616298 0.0135722 0.00812653 0.00704874 0.0061387 0.00609857 0.00606039 0.0060537 0.00609065
threshold=2.5000000000000004 1.0000000180025095e-35 0.082109413785188295 0.76250150875841216 5747.4500000000016 0.62706911914537888 32672.350000000002 1.0000000180025095e-35 0.13628066856003765 1.0000000180025095e-35 17329.150000000005 29108.300000000007 19643.600000000002 0.69470703227798103 9825.1000000000022 11815.100000000002 4221.3500000000013 9728.1000000000022 1.5291557357987988 0.38401944729004961 0.54143558864827257 20750.300000000003 0.46242758077690699 26622.200000000001 7482.5500000000002 1.0000000180025095e-35 0.46684741355135223 0.63031447048920464 0.92074571512808601 9638.6500000000015
decision_type=2 2 2 2 2 2 2 2 2 2 2 2 2 2 2 2 2 2 2 2 2 2 2 2 2 2 2 2 2 2
left_child=1 18 8 4 5 7 16 17 -2 25 27 13 -13 14 21 -15 -5 -4 19 -1 26 23 -23 24 -6 -3 -21 -10 29 -18
right_child=2 9 3 6 11 -7 -8 -9 10 -11 -12 12 -14 15 -16 -17 28 -19 -20 20 -22 22 -24 -25 -26 -27 -28 -29 -30 -31
leaf_value=-5.6303807231214869e-05 -0.00094687525289191402 -0.00080982548440657314 4.5448545569019258e-05 0.0001696907876518068 0.00035210161222712052 0.00052886396568889427 0.00048497397368635526 -0.00069200371684711602 -5.1956867824167564e-05 -0.00041539770962014077 0.00067224044719801489 -0.00026515490578945763 0.00071984583329459705 0.00048929620565816201 0.00056165083761935909 -0.00033465234848472882 1.7537193474207265e-05 -0.00030437893137033801 -0.0003091037615476661 0.00024304988722015434 7.4734873130890064e-05 0.00078555348161043039 -0.00014525653307580135 0.00010323332570714007 0.0011965956173361489 -0.0016729817227460445 0.00088836331885523982 -0.00056952600026171306 -3.9204627863587008e-05 -0.00038319066413623
leaf_weight=557 50 117 295 405 167 180 141 109 142 254 36 212 74 46 325 93 145 314 146 78 360 136 55 563 29 25 69 94 2509 274
leaf_count=557 50 117 295 405 167 180 141 109 142 254 36 212 74 46 325 93 145 314 146 78 360 136 55 563 29 25 69 94 2509 274
internal_value=-1.708e-08 -0.000131641 3.30434e-05 4.8639e-05 0.000138201 -6.94884e-05 -1.8339e-05 -0.000219493 -0.000261045 -0.000611326 -0.000134973 0.000247909 -1.02946e-05 0.000300135 0.000339612 -6.19787e-05 -3.96313e-05 -0.000134922 2.53464e-05 7.1239e-05 0.00021136 0.000263651 0.000517519 0.000199766 0.000477052 -0.00096179 0.000545952 -0.000258107 -6.85846e-05 -0.000244514
internal_weight=8000 1606 6394 6072 2598 898 3474 718 322 396 272 1700 286 1414 1275 139 3333 609 1210 1064 507 950 191 759 196 142 147 236 2928 419
internal_count=8000 1606 6394 6072 2598 898 3474 718 322 396 272 1700 286 1414 1275 139 3333 609 1210 1064 507 950 191 759 196 142 147 236 2928 419
is_linear=0
shrinkage=0.05


Tree=111
num_leaves=31
num_cat=1
split_feature=18 18 17 11 17 12 17 17 18 11 9 5 6 12 17 11 17 17 0 17 12 7 12 12 11 17 17 13 6 0
split_gain=0.0130296 0.0194464 0.0130823 0.0140511 0.0136212 0.0192858 0.0109601 0.0101357 0.00918077 0.00776464 0.00774782 0.0121082 0.00749238 0.00726908 0.00939911 0.00785424 0.0138626 0.0129744 0.00671559 0.00876497 0.00754658 0.00570345 0.00554016 0.00553071 0.00550539 0.00923212 0.00674806 0.00700983 0.00650331 0.0054271
threshold=1.0143714325205082 0.23090205492527774 0.7942348438680138 2854.7000000000003 0.35239024221467236 15378.850000000004 0.71446914141971474 0.039834760935836162 0.025361332481474364 25925.600000000002 0 2.5000000000000004 1.0000000180025095e-35 12397.800000000001 0.58388251643627609 9490.8500000000022 0.60578063647621516 0.64976072050391498 12911.700000000003 0.63534852012036591 18510.300000000003 34.500000000000007 17547.950000000004 37237.750000000007 12471.400000000003 0.59943322120283349 0.8667059694758843 65.25500000000001 1.0000000180025095e-35 8990.9000000000015
decision_type=2 2 2 2 2 2 2 2 2 2 1 2 2 2 2 2 2 2 2 2 2 2 2 2 2 2 2 2 2 2
left_child=1 7 3 6 5 -5 -3 -1 -9 13 -10 24 21 14 -6 16 22 -17 19 20 -14 -2 -15 -4 25 28 27 -27 -12 -7
right_child=12 2 23 4 9 29 -8 8 10 -11 11 -13 18 15 -16 17 -18 -19 -20 -21 -22 -23 -24 -25 -26 26 -28 -29 -30 -31
leaf_value=-0.00082202510450809759 2.1438698823635576e-05 -0.00017807154547782892 2.2246045561187047e-06 0.00060461227076913154 0.00047700892537250184 1.0761520841877608e-05 0.00076448904583230619 -0.0009260297940683461 6.0794970009250773e-05 -0.00058750983094796544 -9.1307717448216869e-05 -0.00061686114870802269 0.00024068350937644329 0.00082286599616054445 -0.00062866692818273374 0.0008008053215986194 0.00065833160599042359 0.00020594653763171425 -0.00016617991886422244 -0.0015057236679991625 -0.00070515294600496221 -0.00018503137190376809 -5.0739053671238762e-05 0.00075031324487645186 -0.00021336133494617482 4.0287271700175815e-05 1.7736681101406195e-05 0.00078616624377395462 -0.00069201789909193552 -0.00057231251320931625
leaf_weight=46 759 332 2106 149 40 555 34 31 819 20 215 119 30 20 37 277 148 137 224 23 71 598 196 25 496 56 265 72 57 43
leaf_count=46 759 332 2106 149 40 555 34 31 819 20 215 119 30 20 37 277 148 137 224 23 71 598 196 25 496 56 265 72 57 43
internal_value=-1.62254e-08 3.31927e-05 9.7067e-05 0.000189324 0.000252468 9.56498e-05 -9.05113e-05 -8.77163e-05 -7.1858e-05 0.000386346 -5.92428e-05 -0.000135465 -0.000122626 0.000409126 -5.42899e-05 0.000454991 0.000285565 0.000603956 -0.000329601 -0.000624815 -0.000424211 -6.95481e-05 3.01503e-05 1.10009e-05 -8.72895e-05 6.743e-06 0.000161731 0.000459844 -0.000217192 -3.11652e-05
internal_weight=8000 6295 4119 1988 1622 747 366 2176 2130 875 2099 1280 1705 855 77 778 364 414 348 124 101 1357 216 2131 1161 665 393 128 272 598
internal_count=8000 6295 4119 1988 1622 747 366 2176 2130 875 2099 1280 1705 855 77 778 364 414 348 124 101 1357 216 2131 1161 665 393 128 272 598
cat_boundaries=0 1
cat_threshold=9
is_linear=0
shrinkage=0.05


Tree=112
num_leaves=31
num_cat=0
split_feature=14 15 5 0 12 18 17 0 17 12 17 11 11 6 18 1 0 18 12 17 17 12 0 11 1 15 12 17 11 0
split_gain=0.0127275 0.0111853 0.0354204 0.00925492 0.0122763 0.00920338 0.00866295 0.00852538 0.00778361 0.0162591 0.020121 0.0117187 0.00894949 0.00834708 0.00734497 0.00703089 0.00702939 0.0132793 0.00723972 0.006844 0.012038 0.0179347 0.0122405 0.007453 0.00658192 0.00681822 0.00650321 0.0060555 0.00668529 0.00595566
threshold=1.0000000180025095e-35 2.5000000000000004 1.0000000180025095e-35 2535.1500000000005 15211.400000000001 0.025361332481474364 0.015431305624332757 8634.5000000000018 0.7562164913974293 30391.600000000002 0.62231073412959803 2135.3500000000004 4221.3500000000013 1.0000000180025095e-35 0.091666885136711743 687.40000000000009 13894.600000000002 0.47121019812279347 23942.500000000004 0.84632518647917843 0.5332849947055599 21913.350000000002 10380.050000000001 1802.6500000000003 635.85000000000002 10.500000000000002 21913.350000000002 0.66328571565151218 11471.300000000001 17119.350000000002
decision_type=2 2 2 2 2 2 2 2 2 2 2 2 2 2 2 2 2 2 2 2 2 2 2 2 2 2 2 2 2 2
left_child=1 2 -1 4 -2 -3 -7 26 9 11 13 -8 15 -11 -5 -10 18 -18 27 20 21 -16 -22 -23 25 -12 -4 -13 -29 -14
right_child=3 5 7 14 -6 6 8 -9 12 10 24 16 29 -15 19 -17 17 -19 -20 -21 22 23 -24 -25 -26 -27 -28 28 -30 -31
leaf_value=4.6318409096775261e-05 0.00045834049582481383 -0.00096259100868006833 -0.00061627246270125563 -0.0005661319829835897 -0.00094408402791243493 -0.00090619046589025592 -0.00020219061242414684 -0.00040973114920565097 0.00041927372850738252 -0.00013872136356715353 0.00046911918508288049 0.0003056297896085261 -0.00017908654992505738 -0.00068133402872813035 0.00038300462522616305 7.2288582102664437e-06 0.000125101443399876 0.00091107980475361788 9.203954131621801e-06 -0.00019263962595898089 -0.00057716940683738885 -0.0012680622736903995 0.0005593225505057868 -0.00031863878078507428 0.00014934438963378358 0.0016263976972550156 -0.0015530559030594304 0.00048704852752337049 -0.00039358697432555456 1.4270629047875964e-05
leaf_weight=1005 20 22 44 82 71 23 160 264 222 403 35 1010 493 86 103 194 109 106 353 552 28 24 154 149 66 20 32 32 66 2072
leaf_count=1005 20 22 44 82 71 23 160 264 222 403 35 1010 493 86 103 194 109 106 353 552 28 24 154 149 66 20 32 32 66 2072
internal_value=-1.16159e-08 2.62603e-05 -0.000102924 -0.000151403 -0.000635859 5.80134e-05 6.21332e-05 -0.000544067 6.62371e-05 0.000132342 -9.13042e-05 0.000206647 1.19961e-05 -0.00023415 -0.000111031 0.000227118 0.000245677 0.000512607 0.000206396 -7.40825e-05 6.88073e-05 -0.000139352 0.000384478 -0.000450351 0.000485982 0.000889948 -0.00101071 0.000269219 -0.000106033 -2.28931e-05
internal_weight=8000 6817 1345 1183 91 5472 5450 340 5427 2446 610 1836 2981 489 1092 416 1676 215 1461 1010 458 276 182 173 121 55 76 1108 98 2565
internal_count=8000 6817 1345 1183 91 5472 5450 340 5427 2446 610 1836 2981 489 1092 416 1676 215 1461 1010 458 276 182 173 121 55 76 1108 98 2565
is_linear=0
shrinkage=0.05


Tree=113
num_leaves=31
num_cat=1
split_feature=9 5 5 6 1 18 18 18 18 6 4 6 8 17 17 14 17 3 18 13 11 17 11 17 12 10 17 17 0 11
split_gain=0.0125246 0.0924138 0.0588037 0.0108096 0.00870885 0.00940898 0.0105774 0.00875514 0.0192648 0.00602716 0.00575714 0.00573175 0.00952078 0.00601897 0.00615242 0.00571034 0.00644667 0.00569051 0.00561797 0.00556701 0.00551331 0.00780613 0.00550158 0.00541485 0.00540651 0.0053735 0.0053724 0.0133009 0.00521425 0.0064163
threshold=0 2.5000000000000004 2.5000000000000004 1.0000000180025095e-35 97.15000000000002 1.1791553093382801 0.26862488695674469 0.54143558864827257 0.46684741355135223 1.0000000180025095e-35 42.217481640000003 1.0000000180025095e-35 2.5000000000000004 0.44414493444108144 0.72113485673366695 1.0000000180025095e-35 0.31852632692741195 256.15000000000003 0.068450202817374947 46.125000000000007 8301.7000000000025 0.99791470846124775 5012.3000000000011 0.82122636917172498 17250.050000000003 41701.55000000001 0.89256147247223883 0.41173755979933852 15380.6 15157.600000000002
decision_type=1 2 2 2 2 2 2 2 2 2 2 2 2 2 2 2 2 2 2 2 2 2 2 2 2 2 2 2 2 2
left_child=1 -1 4 15 18 6 11 8 25 17 23 -6 -13 24 -15 16 22 -7 -2 -5 -16 -22 -4 28 -14 -8 27 -3 29 -10
right_child=2 26 3 19 5 9 7 -9 10 -11 -12 12 13 14 20 -17 -18 -19 -20 -21 21 -23 -24 -25 -26 -27 -28 -29 -30 -31
leaf_value=-3.5566007339269098e-06 -0.000839740801742058 0.00094399675802813604 -0.0013773001578595975 -0.001429647232931203 4.0658993230807964e-06 -0.00014232127051470389 6.1309344110294491e-05 2.2963013303025277e-05 0.00041487860326014928 -0.00034353978468667872 -0.00019979329651687293 -0.001003262905453864 0.00020056602079421282 0.00050036078755510971 0.00032855146388707606 -0.00081623802248480346 -0.00023365895156168644 0.00014605047751938685 -4.790388629771769e-05 -0.0006822766474637109 -0.00086273044802337179 -4.7999287020576623e-05 -0.00047930765254987465 0.00039593162243926644 -0.00072400108047077083 0.00038057766817515908 0.00095084801986008701 0.0021991831647494857 0.0014002776819203671 0.0012348154624787105
leaf_weight=1442 48 46 23 39 1427 524 1036 1385 80 222 25 35 21 48 48 71 342 254 42 69 42 98 66 168 64 151 81 39 30 34
leaf_count=1442 48 46 23 39 1427 524 1036 1385 80 222 25 35 21 48 48 71 342 254 42 69 42 98 66 168 64 151 81 39 30 34
internal_value=-1.10342e-08 0.000124278 -3.1423e-05 -0.000498377 1.77861e-05 2.55023e-05 5.518e-05 0.000113954 0.000196645 -0.000113745 0.000530279 -4.07107e-05 -0.000220194 -0.000134813 -4.87636e-06 -0.00040075 -0.000332305 -4.81742e-05 -0.000470217 -0.00095216 -0.000133873 -0.000292419 -0.000711373 0.000588778 -0.000495579 0.000101924 0.00124223 0.00151991 0.000813766 0.000659421
internal_weight=8000 1608 6392 610 5782 5692 4692 2909 1524 1000 337 1783 356 321 236 502 431 778 90 108 188 140 89 312 85 1187 166 85 144 114
internal_count=8000 1608 6392 610 5782 5692 4692 2909 1524 1000 337 1783 356 321 236 502 431 778 90 108 188 140 89 312 85 1187 166 85 144 114
cat_boundaries=0 1
cat_threshold=8
is_linear=0
shrinkage=0.05


Tree=114
num_leaves=31
num_cat=2
split_feature=15 5 18 18 18 18 17 14 11 18 5 9 6 5 8 16 6 8 18 13 7 4 17 4 11 6 8 0 11 15
split_gain=0.0116499 0.0375964 0.00993198 0.0118087 0.0266578 0.00860868 0.00674226 0.00635676 0.00639558 0.00687993 0.00590304 0.0223164 0.00565684 0.00533892 0.00509734 0.00505818 0.00568448 0.00791869 0.00651534 0.00495969 0.00485166 0.00559556 0.00516818 0.00482894 0.00482705 0.00494062 0.00964088 0.00475381 0.00712681 0.00467143
threshold=1.5000000000000002 1.0000000180025095e-35 0.049374868662696712 0.58790785575135607 0.45827444641994697 0.52733204361138497 0.027324019293455893 1.0000000180025095e-35 1802.6500000000003 0.091666885136711743 2.5000000000000004 0 1.0000000180025095e-35 2.5000000000000004 21.500000000000004 1 1.0000000180025095e-35 32.500000000000007 0.13628066856003765 27.100000000000005 37.500000000000007 38.064330255000009 0.84632518647917843 22.172166228000005 25632.300000000003 1.0000000180025095e-35 22.500000000000004 26181.350000000002 6653.8500000000013 2.5000000000000004
decision_type=2 2 2 2 2 2 2 2 2 2 2 1 2 2 2 1 2 2 2 2 2 2 2 2 2 2 2 2 2 2
left_child=1 24 -2 4 7 29 -5 15 -9 -10 -8 20 13 -3 -15 16 23 18 -18 -11 21 -12 -22 -4 25 -1 -27 -21 -29 -6
right_child=2 12 3 6 5 -7 10 8 9 19 11 -13 -14 14 -16 -17 17 -19 -20 27 22 -23 -24 -25 -26 26 -28 28 -30 -31
leaf_value=5.2862933555359952e-05 -0.00032834045734489339 -0.00079019624162870268 -2.9761810765298863e-05 -0.00081955174859607333 0.0011698006755775877 0.00016585079988832137 -1.5230408569215015e-05 -0.00084052315520239068 -0.0006905915108079573 0.00055226634225725914 -0.00031550106244762188 -0.00061937306872786432 -0.0011500053215593867 -0.00050515159269065514 0.00032979519641958179 0.00010656530437241732 -0.00071639774832874545 -0.0012199873151257637 7.8462960573233431e-06 1.985576319230463e-05 0.0013339698369964027 0.000672599339209821 0.00019728776125703005 0.00030082175366451816 0.00071412467605872128 -6.4996336489760628e-05 -0.0011061310204760438 0.00037745461968765801 -0.00063526286003893096 0.00048722701344273192
leaf_weight=632 195 115 652 28 27 269 2402 30 43 34 38 156 51 68 25 1945 41 20 128 301 20 23 20 133 24 108 28 23 71 350
leaf_count=632 195 115 652 28 27 269 2402 30 43 34 38 156 51 68 25 1945 41 20 128 301 20 23 20 133 24 108 28 23 71 350
internal_value=-1.04829e-08 -0.000155158 2.34548e-05 3.36117e-05 8.73505e-05 0.000381932 -4.77264e-05 3.17237e-05 -0.000132629 -8.76356e-05 -3.95989e-05 -0.000267354 -0.000678101 -0.000562394 -0.000280704 5.99885e-05 -3.30217e-05 -0.000279194 -0.000167858 -2.71995e-05 0.00030726 5.70614e-05 0.000765629 2.62479e-05 1.58549e-05 -5.96601e-06 -0.000279348 -7.70775e-05 -0.00038747 0.000536112
internal_weight=8000 1051 6949 6754 4067 646 2687 3421 502 472 2659 257 259 208 93 2919 974 189 169 429 101 61 40 785 792 768 136 395 94 377
internal_count=8000 1051 6949 6754 4067 646 2687 3421 502 472 2659 257 259 208 93 2919 974 189 169 429 101 61 40 785 792 768 136 395 94 377
cat_boundaries=0 1 2
cat_threshold=12 1
is_linear=0
shrinkage=0.05


Tree=115
num_leaves=31
num_cat=1
split_feature=9 5 5 6 17 0 11 17 12 11 0 12 11 17 11 10 12 11 12 17 17 13 2 18 18 18 12 8 17 18
split_gain=0.0111068 0.0818734 0.0509193 0.00954844 0.0078267 0.00660737 0.0169586 0.0140522 0.0190793 0.00976063 0.00646843 0.0118766 0.0105359 0.00897898 0.00747185 0.00716589 0.00612002 0.0058902 0.00761211 0.00582411 0.00858905 0.00849679 0.00571498 0.00567922 0.00837427 0.0061495 0.00579484 0.00548212 0.00533485 0.00529487
threshold=0 2.5000000000000004 2.5000000000000004 1.0000000180025095e-35 1.2005433861045398 17428.450000000004 2561.5000000000005 0.66977587833452101 25506.050000000007 4738.2500000000009 9599.7000000000025 15633.200000000001 5642.3000000000002 0.46999166046812174 14059.200000000003 43714.600000000006 20754.350000000002 22291.600000000002 11064.050000000001 0.55481837411730295 0.82122636917172498 7.2800000000000002 89.15000000000002 0.11569149902200376 0.57544936865584873 0.36587586760759921 28186.100000000002 12.500000000000002 0.93318927726747369 0.11174711980731999
decision_type=1 2 2 2 2 2 2 2 2 2 2 2 2 2 2 2 2 2 2 2 2 2 2 2 2 2 2 2 2 2
left_child=1 -1 4 23 5 6 29 8 10 -9 11 13 -12 17 -15 -13 28 18 -8 -7 27 -22 -23 -4 25 -25 -26 -21 -11 -2
right_child=2 -3 3 -5 -6 19 7 9 -10 16 12 15 -14 14 -16 -17 -18 -19 -20 20 21 22 -24 24 26 -27 -28 -29 -30 -31
leaf_value=-3.3292423262317853e-06 -0.00086772473784945672 0.0011692648322039817 -0.00087250737981544354 -0.00089064494494340153 -7.0187819467031447e-05 -0.00038954119906217481 0.00091607562177159713 0.00069124472320254433 -0.00010002176981857162 -0.00039120809813654971 -0.00013150776711492136 3.8368539406465028e-06 0.00064886656495601578 0.00061528103122125482 -0.00026492544737714662 0.00079709772355272444 0.00035086793918809339 0.001025936808490025 0.00024575774786070624 0.00013440762178695023 -0.00069920144567945774 0.00076273588518915858 7.9732759634474059e-05 -0.00028949835447615759 -0.00040455050004017403 0.00025252533649062315 -0.0010330287856049837 0.00050183845661873458 -5.6085719279046666e-05 -0.00024830083242230341
leaf_weight=1442 39 166 51 108 1805 48 60 32 614 299 56 558 190 36 73 30 45 55 144 170 34 32 714 159 167 78 47 252 197 299
leaf_count=1442 39 166 51 108 1805 48 60 32 614 299 56 558 190 36 73 30 45 55 144 170 34 32 714 159 167 78 47 252 197 299
internal_value=-4.86693e-08 0.000116995 -2.96293e-05 -0.000464153 1.61616e-05 5.53522e-05 1.17188e-05 5.86188e-05 0.000126735 -0.000157262 0.000242566 0.000183729 0.00047122 0.000406497 2.57849e-05 4.43093e-05 -0.000207451 0.000566719 0.00044291 0.000150543 0.00017211 7.37999e-05 0.00010903 -0.000372397 -0.000315844 -0.000111111 -0.000542581 0.000353821 -0.000258105 -0.000319773
internal_weight=8000 1608 6392 610 5782 3977 2727 2389 1816 573 1202 956 246 368 109 588 541 259 204 1250 1202 780 746 502 451 237 214 422 496 338
internal_count=8000 1608 6392 610 5782 3977 2727 2389 1816 573 1202 956 246 368 109 588 541 259 204 1250 1202 780 746 502 451 237 214 422 496 338
cat_boundaries=0 1
cat_threshold=8
is_linear=0
shrinkage=0.05


Tree=116
num_leaves=31
num_cat=1
split_feature=15 5 18 18 18 17 17 18 18 18 2 18 11 12 5 9 5 17 8 6 12 11 4 18 17 0 3 2 5 17
split_gain=0.0105533 0.0335132 0.0089055 0.0094884 0.0105476 0.00921005 0.007475 0.00745902 0.00840496 0.00811081 0.00739663 0.00698397 0.0069358 0.00651187 0.00605057 0.00565947 0.00633586 0.00559974 0.00554777 0.00691604 0.00658409 0.00725301 0.00645009 0.00590929 0.00528363 0.00524758 0.00510478 0.00503378 0.00493544 0.00658649
threshold=1.5000000000000002 1.0000000180025095e-35 0.025361332481474364 1.0143714325205082 0.26862488695674469 0.82122636917172498 0.087851312719020233 0.58790785575135607 0.46684741355135223 0.9145195159659002 99.850000000000009 0.51550355267716219 15633.300000000001 27067.900000000001 1.5000000000000002 0 2.5000000000000004 0.19368844557382645 24.500000000000004 1.0000000180025095e-35 18423.450000000001 17329.150000000005 8.9588549830000019 0.32968402015928616 0.076332128674922686 2235.7000000000003 250.65000000000001 100.75000000000001 2.5000000000000004 0.5624342116991824
decision_type=2 2 2 2 2 2 2 2 2 2 2 2 2 2 2 1 2 2 2 2 2 2 2 2 2 2 2 2 2 2
left_child=1 -1 -2 4 6 7 13 8 10 24 -6 26 -12 -4 -14 -8 -17 -3 -7 22 21 -21 -20 -24 -9 -26 -10 -5 29 -27
right_child=2 17 3 27 5 18 15 9 11 -11 12 -13 14 -15 -16 16 -18 -19 19 20 -22 -23 23 -25 25 28 -28 -29 -30 -31
leaf_value=1.3747900318160858e-05 -0.00085207621475625467 -0.0013861664545560337 -0.00012269841279030766 0.00047421602214923884 -0.0003517692219686759 8.2908088149603651e-05 9.5879781786353097e-05 -0.00051407699697363649 0.00093716118033346273 0.00056105234625775525 0.0001545598202195256 0.00028848080721757097 0.00039307140541495756 -0.0008874070986853946 0.0012397371006395239 -3.6295019502885157e-05 -0.00042224125158037742 -0.00056886201995038689 -0.00087570838860258284 0.00035730291640868894 -0.0011195672991415185 -0.00088165973540439843 -0.00058927142213446241 0.00011121302283370776 0.00073218488609060072 -0.00010383864114734776 0.00015386358785550469 -0.00010146731009013652 -0.00049529350731366628 0.00030480010239606611
leaf_weight=792 29 23 73 39 58 1193 828 47 104 71 529 162 112 45 26 1167 117 236 21 27 31 21 34 263 26 252 26 1441 45 162
leaf_count=792 29 23 73 39 58 1193 828 47 104 71 529 162 112 45 26 1167 117 236 21 27 31 21 34 263 26 252 26 1441 45 162
internal_value=-4.62357e-08 -0.000147712 2.22874e-05 2.59516e-05 5.64899e-05 0.000114519 -2.70411e-05 0.000198425 0.000281038 5.90912e-05 0.000189816 0.000507531 0.000236911 -0.000414325 0.000552588 -5.40306e-06 -7.09108e-05 -0.000641441 2.90308e-05 -0.000132872 -0.000551573 -0.000184743 -2.88556e-05 3.10229e-05 -7.89989e-06 4.11523e-05 0.000780502 -8.62973e-05 2.00887e-06 5.60635e-05
internal_weight=8000 1051 6949 6920 5440 3210 2230 1620 1017 603 725 292 667 118 138 2112 1284 259 1590 397 79 48 318 297 532 485 130 1480 459 414
internal_count=8000 1051 6949 6920 5440 3210 2230 1620 1017 603 725 292 667 118 138 2112 1284 259 1590 397 79 48 318 297 532 485 130 1480 459 414
cat_boundaries=0 1
cat_threshold=9
is_linear=0
shrinkage=0.05


Tree=117
num_leaves=31
num_cat=2
split_feature=14 9 5 5 16 6 6 17 8 7 8 8 15 5 3 17 15 7 11 17 0 2 10 2 1 18 3 6 8 8
split_gain=0.0102972 0.00875126 0.0603639 0.027706 0.00819254 0.0134931 0.00815931 0.0076834 0.00719874 0.0100086 0.00670027 0.00732787 0.00655197 0.0192871 0.0063026 0.00616357 0.00605227 0.00722577 0.00549715 0.00552204 0.00635577 0.00587262 0.00533647 0.00503605 0.00559597 0.00509702 0.0050333 0.0049699 0.00524379 0.00495118
threshold=1.0000000180025095e-35 0 2.5000000000000004 2.5000000000000004 1 1.0000000180025095e-35 1.0000000180025095e-35 0.31200574902492467 26.500000000000004 41.500000000000007 24.500000000000004 18.500000000000004 1.5000000000000002 1.0000000180025095e-35 292.65000000000003 0.24877484119836019 6.5000000000000009 27.500000000000004 20750.300000000003 0.5624342116991824 16979.750000000004 213.55000000000004 43549.950000000004 238.65000000000001 730.75000000000011 0.66931036568594615 248.75000000000003 1.0000000180025095e-35 26.500000000000004 34.500000000000007
decision_type=2 1 2 2 1 2 2 2 2 2 2 2 2 2 2 2 2 2 2 2 2 2 2 2 2 2 2 2 2 2
left_child=1 2 18 4 5 26 14 -8 -7 -10 11 16 13 22 -2 -5 -9 -18 -1 -20 -21 -22 -6 24 -4 -26 -3 -17 -29 -14
right_child=6 3 23 15 12 8 7 10 9 -11 -12 -13 29 -15 -16 27 17 -19 19 20 21 -23 -24 -25 25 -27 -28 28 -30 -31
leaf_value=-1.6090040665415639e-05 -9.681346548993716e-05 -3.9261028135814265e-05 0.00095885312223994599 -0.00074246820147998421 -2.0934649147720217e-05 -0.00022793126150592825 -0.0010311973795978703 9.8211479881087909e-05 -0.0014428665475861636 -0.00020184209623204716 -0.00083848734758226436 0.00062879381183409821 0.00012509761064403489 -0.00089867660972791231 0.00056887978484450579 -0.00020056314447073037 -4.453242981981021e-05 -0.0010705642659878641 0.00089151617021343554 -0.00043669885913418102 4.2454930252813722e-05 0.00091332938027335333 0.00067549305211287 0.0006293590777950624 0.002146909666609847 0.0010937835095683112 0.00019506402006447536 -0.00039109785026924398 -0.0013437674625311046 -0.00010290412130749621
leaf_weight=1062 911 1015 56 85 331 276 40 58 32 33 41 27 2611 65 37 359 32 37 32 33 49 32 30 39 27 20 296 52 20 262
leaf_count=1062 911 1015 56 85 331 276 40 58 32 33 41 27 2611 65 37 359 32 37 32 33 49 32 30 39 27 20 296 52 20 262
internal_value=-3.79317e-08 2.3593e-05 0.000137073 -4.67163e-06 3.16578e-05 -5.92328e-05 -0.00013621 -0.000399949 -0.000339418 -0.000812808 -0.000270463 -0.000119235 7.7172e-05 -0.000105818 -7.08318e-05 -0.000353342 -0.000278265 -0.000594723 2.34575e-05 0.000311125 0.000148209 0.000386504 3.69402e-05 0.00111326 0.00129649 0.00169877 1.36453e-05 -0.0002766 -0.000655728 0.000104305
internal_weight=8000 6817 1350 5467 4951 1652 1183 235 341 65 195 154 3299 426 948 516 127 69 1208 146 114 81 361 142 103 47 1311 431 72 2873
internal_count=8000 6817 1350 5467 4951 1652 1183 235 341 65 195 154 3299 426 948 516 127 69 1208 146 114 81 361 142 103 47 1311 431 72 2873
cat_boundaries=0 1 2
cat_threshold=8 1
is_linear=0
shrinkage=0.05


Tree=118
num_leaves=31
num_cat=3
split_feature=18 18 18 18 11 15 6 16 8 8 18 3 17 12 9 5 5 6 17 7 9 17 12 4 0 15 13 4 1 12
split_gain=0.00957753 0.0125045 0.0242085 0.0120917 0.00840278 0.00675291 0.00647937 0.0105113 0.00795192 0.00739498 0.00611863 0.00847075 0.00752161 0.00932895 0.00692453 0.0213301 0.00869612 0.00673044 0.00533267 0.00541866 0.00517966 0.00501673 0.00656242 0.00500642 0.00498918 0.00493584 0.00475892 0.0072178 0.00475354 0.00462188
threshold=0.06140362893741181 0.58790785575135607 0.46684741355135223 0.51550355267716219 1566.8500000000001 12.500000000000002 1.0000000180025095e-35 0 30.500000000000004 5.5000000000000009 0.36313207504659589 288.65000000000003 0.1393005829119657 16620.450000000004 1 2.5000000000000004 2.5000000000000004 1.0000000180025095e-35 0.13250407633547581 21.500000000000004 2 1.6208431390827271 13262.200000000003 49.643600976000002 4938.2000000000007 7.5000000000000009 57.57500000000001 11.975003709000001 88.200000000000003 29980.549999999999
decision_type=2 2 2 2 2 2 2 1 2 2 2 2 2 2 1 2 2 2 2 2 1 2 2 2 2 2 2 2 2 2
left_child=21 2 5 -4 18 10 29 23 9 -9 12 24 13 -2 15 -14 -16 -15 -3 -20 -11 28 -23 -8 -12 -17 -7 -28 -1 -6
right_child=1 4 3 -5 6 26 7 8 -10 20 11 -13 14 17 16 25 -18 -19 19 -21 -22 22 -24 -25 -26 -27 27 -29 -30 -31
leaf_value=-0.00091245173418428758 0.00034800100266005671 -0.0010255823097260739 0.00056906918618610251 0.00014625130812756623 2.1091209361010731e-05 0.00034693798258127054 0.00024808759239900601 -0.00070684351165774782 -0.00089673560557587597 6.5849008360937999e-05 0.00040052839660948444 0.0011354396835668013 3.3983707220087177e-05 -0.00029758076017606075 -2.7592510758244471e-05 0.00072267646028194581 -0.00037939424758988958 -0.00099410990139100846 -0.00084483313720043322 -0.000147000219289813 -0.00038024187870983007 -0.00027251631118384751 -0.0013425836896361865 -0.00035985867153530394 3.0685673782271901e-05 0.0017239722493104636 -0.0002797515931554724 0.00021933285074906221 -0.00011000792972892563 -0.00018608514247333714
leaf_weight=20 41 27 310 372 2003 236 147 70 56 152 109 20 418 125 1771 32 195 48 34 153 103 38 23 44 558 20 109 216 239 311
leaf_count=20 41 27 310 372 2003 236 147 70 56 152 109 20 418 125 1771 32 195 48 34 153 103 38 23 44 558 20 109 216 239 311
internal_value=-3.6035e-08 1.11312e-05 6.36204e-05 0.000338441 -6.64174e-05 1.55373e-05 -4.40013e-05 -0.000194687 -0.000346446 -0.000251627 -1.14461e-05 0.000121527 -4.59188e-05 -0.000330125 -2.09515e-05 0.000149605 -6.21701e-05 -0.000490837 -0.00036872 -0.000273879 -0.000126666 -0.00026805 -0.000675984 0.000108037 9.11247e-05 0.00110779 0.000176043 5.19476e-05 -0.000171973 -6.75315e-06
internal_weight=8000 7680 4580 682 3100 3898 2886 572 381 325 3337 687 2650 214 2436 470 1966 173 214 187 255 320 61 191 667 52 561 325 259 2314
internal_count=8000 7680 4580 682 3100 3898 2886 572 381 325 3337 687 2650 214 2436 470 1966 173 214 187 255 320 61 191 667 52 561 325 259 2314
cat_boundaries=0 1 2 3
cat_threshold=2 8 28
is_linear=0
shrinkage=0.05


Tree=119
num_leaves=31
num_cat=1
split_feature=15 5 18 18 17 11 17 17 9 5 5 6 12 17 14 11 14 17 17 0 11 12 13 17 11 11 17 1 10 0
split_gain=0.00925718 0.0274355 0.00859603 0.0122912 0.0100429 0.0107271 0.0155763 0.00766939 0.00688564 0.0262119 0.00678699 0.00676809 0.00551059 0.00720772 0.00867131 0.00586998 0.0051257 0.00826557 0.00504305 0.00609724 0.0080984 0.00550317 0.00771737 0.00643281 0.00904737 0.00855751 0.00533365 0.00569979 0.00539672 0.00563728
threshold=1.0000000180025095e-35 1.0000000180025095e-35 1.0143714325205082 0.23090205492527774 0.7942348438680138 8791.6500000000033 0.64976072050391498 0.087851312719020233 0 2.5000000000000004 2.5000000000000004 1.0000000180025095e-35 18670.100000000002 0.43949101298901211 1.0000000180025095e-35 1746.7000000000003 1.0000000180025095e-35 0.3007277068453148 1.5937030373051295 19349.200000000001 3018.5500000000006 23296.000000000004 59.995000000000012 0.71446914141971474 5747.4500000000016 5937.6000000000013 1.243769622619826 291.45000000000005 30426.650000000005 14538.300000000001
decision_type=2 2 2 2 2 2 2 2 1 2 2 2 2 2 2 2 2 2 2 2 2 2 2 2 2 2 2 2 2 2
left_child=1 -1 3 7 5 6 12 11 9 -7 -10 -2 -5 14 -14 -15 -4 -18 19 21 -21 23 -23 24 -9 -25 27 -27 -29 -30
right_child=2 -3 16 4 -6 8 -8 18 10 -11 -12 -13 13 15 -16 -17 17 -19 -20 20 -22 22 -24 25 -26 26 -28 28 29 -31
leaf_value=1.7664824601257386e-05 -0.00027267627272195067 -0.00079660992203468893 -5.1738456848972455e-05 0.00038908413570016572 1.6841930909546348e-05 0.00037617269301762585 0.00051025134265855862 -0.00037854202382732184 0.00027436411533531533 0.0021799544958175042 -0.00021836379351160038 -0.0012705937715335972 0.00012704812765343274 -0.00069890441707467468 -0.00050123474488827924 -0.00014677427301308611 -0.00098024781493079088 -0.00017383419654862272 -0.00020100192101453319 0.00049257660513295643 3.6215675697652234e-05 6.8357742651414807e-05 -0.00042692546941693499 0.0005572352944606489 0.00026748555777369207 -0.00062374098516321046 0.00023983817064977621 0.00031450758167672827 -0.0010491106053285132 -2.1926748912151467e-05
leaf_weight=381 89 142 1367 69 1990 162 157 66 672 23 78 21 387 67 64 171 38 194 366 124 450 128 204 36 303 108 43 44 22 34
leaf_count=381 89 142 1367 69 1990 162 157 66 672 23 78 21 387 67 64 171 38 194 366 124 450 128 204 36 303 108 43 44 22 34
internal_value=-5.38831e-08 -0.000203419 1.41711e-05 4.21329e-05 9.48059e-05 0.00017867 5.69616e-05 -5.71136e-05 0.000297775 0.000569636 0.000220185 -0.000463188 -3.69256e-05 -7.95884e-05 3.78905e-05 -0.000302206 -8.86177e-05 -0.000305919 -3.39455e-05 5.19832e-06 0.000134802 -7.0098e-05 -0.000235973 1.3851e-05 0.000151936 -0.000163687 -0.000267086 -0.000371883 -9.98761e-05 -0.000425463
internal_weight=8000 523 7477 5878 3840 1850 915 2038 935 185 750 110 758 689 451 238 1599 232 1928 1562 574 988 332 656 369 287 251 208 100 56
internal_count=8000 523 7477 5878 3840 1850 915 2038 935 185 750 110 758 689 451 238 1599 232 1928 1562 574 988 332 656 369 287 251 208 100 56
cat_boundaries=0 1
cat_threshold=8
is_linear=0
shrinkage=0.05


Tree=120
num_leaves=31
num_cat=2
split_feature=14 18 9 5 5 0 12 16 6 8 7 17 17 11 11 12 12 17 15 5 11 13 15 17 11 2 18 11 0 6
split_gain=0.00871698 0.00773474 0.00744637 0.0507906 0.0212283 0.007373 0.0095103 0.00708067 0.010281 0.00649076 0.00937036 0.00621567 0.00992913 0.0171175 0.00981036 0.00598741 0.00587996 0.00660526 0.00543709 0.0167212 0.00514352 0.00543301 0.00507361 0.00487115 0.00555156 0.00473633 0.00473571 0.00470469 0.00669439 0.00548432
threshold=1.0000000180025095e-35 0.036328902848516524 0 2.5000000000000004 2.5000000000000004 2535.1500000000005 15211.400000000001 1 1.0000000180025095e-35 26.500000000000004 44.500000000000007 0.84632518647917843 0.59943322120283349 5556.7000000000007 15249.150000000003 23116.600000000002 30391.600000000002 0.61571076791281332 1.5000000000000002 1.0000000180025095e-35 21772.650000000005 24.200000000000006 6.5000000000000009 0.68758044166123644 5642.3000000000002 108.85000000000001 1.5291557357987988 5937.6000000000013 25506.550000000007 1.0000000180025095e-35
decision_type=2 2 1 2 2 2 2 1 2 2 2 2 2 2 2 2 2 2 2 2 2 2 2 2 2 2 2 2 2 2
left_child=1 -1 3 20 7 6 -2 8 -4 23 -11 12 13 -7 25 -15 -6 22 19 -9 -3 -22 -18 24 -10 -14 -25 -13 -29 -30
right_child=5 2 4 -5 16 11 -8 18 9 10 -12 27 14 15 -16 -17 17 -19 -20 -21 21 -23 -24 26 -26 -27 -28 28 29 -31
leaf_value=-0.00045513593235054514 0.00040533127554226672 -7.2140197493178943e-06 1.2095488216617292e-05 0.0010278651239223366 -0.00023265877982603088 -0.00060463471609495932 -0.00082903356188055604 4.323095081752647e-05 -0.00046531479712222899 -0.0012200870449305514 2.9603350776596928e-05 0.00010539459578770524 -9.9159075623555571e-05 0.00038634280234789518 -0.00033596412601917492 -0.00013570736673812586 -0.0016788575658574702 -0.00014322771494335029 0.000100651792791293 -0.00082943373100044071 -0.00022552459249122731 0.00054653884286634882 -0.00063616814763268591 -0.00023782403056683881 0.00031615508506385525 0.00072611948228719077 -0.00094160291542909271 -9.3121710793501794e-05 -0.00033543047482730882 -0.00093801169856912257
leaf_weight=84 20 1069 1299 142 428 116 71 353 33 40 24 105 21 119 38 102 20 32 2845 65 31 86 28 136 73 101 29 265 177 48
leaf_count=84 20 1069 1299 142 428 116 71 353 33 40 24 105 21 119 38 102 20 32 2845 65 31 86 28 136 73 101 29 265 177 48
internal_value=-5.11888e-08 2.1691e-05 2.76399e-05 0.000133226 1.44838e-06 -0.00012534 -0.000557745 3.33662e-05 -5.15958e-05 -0.000298566 -0.000751453 -8.93063e-05 4.12155e-05 -0.000112774 0.000365557 0.000145397 -0.000306203 -0.000699664 7.59123e-05 -9.24705e-05 2.72338e-05 0.000341975 -0.00107062 -0.000191611 7.28673e-05 0.000584063 -0.000361519 -0.00019833 -0.000263414 -0.000463981
internal_weight=8000 6817 6733 1328 5405 1183 91 4897 1634 335 64 1092 497 337 160 221 508 80 3263 418 1186 117 48 271 106 122 165 595 490 225
internal_count=8000 6817 6733 1328 5405 1183 91 4897 1634 335 64 1092 497 337 160 221 508 80 3263 418 1186 117 48 271 106 122 165 595 490 225
cat_boundaries=0 1 2
cat_threshold=8 1
is_linear=0
shrinkage=0.05


Tree=121
num_leaves=31
num_cat=2
split_feature=15 5 17 18 14 18 9 10 1 4 16 6 7 8 17 12 17 11 0 12 18 4 11 17 15 13 0 11 18 13
split_gain=0.0082463 0.0277651 0.00776451 0.00759477 0.00653062 0.00715401 0.00609296 0.0061059 0.00757445 0.00595983 0.00590999 0.00786516 0.00639534 0.0144986 0.00565256 0.0102434 0.0163748 0.00668031 0.00654227 0.00568441 0.00560244 0.00568655 0.00696952 0.00585521 0.00558663 0.00541414 0.00537703 0.00531697 0.00542136 0.00481126
threshold=2.5000000000000004 1.0000000180025095e-35 0.015431305624332757 1.8560464817636591 1.0000000180025095e-35 0.13108907548546417 0 27216.000000000004 440.25000000000006 5.7598539870000005 1 1.0000000180025095e-35 41.500000000000007 25.500000000000004 0.7562164913974293 31484.000000000004 0.64976072050391498 1403.8000000000002 19507.500000000004 11411.550000000001 1.5291557357987988 13.244279875000002 25632.300000000003 0.97734727078117356 1.0000000180025095e-35 43.905000000000008 13330.750000000002 13697.450000000003 0.06140362893741181 14.725000000000003
decision_type=2 2 2 2 2 2 1 2 2 2 1 2 2 2 2 2 2 2 2 2 2 2 2 2 2 2 2 2 2 2
left_child=1 20 -2 6 10 25 7 8 -3 -7 11 -4 13 -13 15 18 -17 -16 19 -12 21 23 -23 26 -8 -6 -1 28 -27 -11
right_child=2 3 4 -5 5 9 24 -9 -10 29 14 12 -14 -15 17 16 -18 -19 -20 -21 -22 22 -24 -25 -26 27 -28 -29 -30 -31
leaf_value=-0.00011437586625058449 -0.0008207160108011321 -0.00035807025110857056 2.9318803315509337e-05 -0.0012437022469761173 -0.0012020115688210354 0.00067705155394963065 -0.00092890259300286025 -0.00035656289489524124 0.00089175792678293812 -0.0003928204609778453 0.00069269951399244178 -0.00018587346767239422 0.00013470490643078886 -0.0011471946775774532 0.00051011143114010338 -0.00023882686703807573 0.00066834539495175705 1.2905839801096027e-05 0.0010061484425722693 0.00018165296689769096 -0.00027284886045018627 0.00012148197768227442 0.0010273266292642803 -0.00029913162315654758 -0.00040255136473330813 -0.0012252520359609101 0.00035832851447048595 0.00020873903004565579 -0.00026204740449126498 -1.7735637764471634e-05
leaf_weight=151 27 22 1434 29 20 28 77 95 27 98 57 237 92 47 70 291 60 1935 26 1199 146 610 22 181 146 21 100 34 48 670
leaf_count=151 27 22 1434 29 20 28 77 95 27 98 57 237 92 47 70 291 60 1935 26 1199 146 610 22 181 146 21 100 34 48 670
internal_value=-4.86294e-08 -0.000101339 2.53928e-05 -0.000464745 2.89808e-05 -9.43129e-05 -0.000403192 -0.000114763 0.000330611 -3.94747e-05 4.97787e-05 -2.4052e-05 -0.000227599 -0.000344965 8.65114e-05 0.000155571 -8.37547e-05 3.02646e-05 0.000221096 0.000204845 1.75938e-05 5.74478e-05 0.000153015 -8.23628e-05 -0.000559219 -0.000449201 7.39526e-05 -0.000303024 -0.000555197 -6.5598e-05
internal_weight=8000 1606 6394 396 6367 919 367 144 49 796 5448 1810 376 284 3638 1633 351 2005 1282 1256 1210 1064 632 432 223 123 251 103 69 768
internal_count=8000 1606 6394 396 6367 919 367 144 49 796 5448 1810 376 284 3638 1633 351 2005 1282 1256 1210 1064 632 432 223 123 251 103 69 768
cat_boundaries=0 1 2
cat_threshold=12 1
is_linear=0
shrinkage=0.05


Tree=122
num_leaves=31
num_cat=1
split_feature=18 18 18 11 18 15 13 18 3 17 12 9 17 15 12 17 17 12 12 0 12 11 17 11 10 15 5 3 0 8
split_gain=0.00765053 0.0105263 0.025449 0.00741284 0.00734837 0.00565606 0.00541509 0.00549302 0.00750537 0.00641561 0.010326 0.00597367 0.0057229 0.00563704 0.00521801 0.00563572 0.0131009 0.0157693 0.0130761 0.00813717 0.00712637 0.00546462 0.00518162 0.0119236 0.00495521 0.00490311 0.00466686 0.00458055 0.00446015 0.00441061
threshold=0.06140362893741181 0.5686526807578941 0.46684741355135223 1566.8500000000001 0.51550355267716219 12.500000000000002 89.435000000000016 0.36313207504659589 288.65000000000003 0.2935501585733416 12832.500000000002 0 0.33377585407568783 1.0000000180025095e-35 38336.600000000013 0.7562164913974293 0.50047338582419543 13966.700000000003 17650.800000000007 17119.350000000002 30958.450000000004 20504.750000000004 0.59943322120283349 8791.6500000000033 32059.700000000004 1.0000000180025095e-35 3.5000000000000004 108.85000000000001 3012.8000000000006 28.500000000000004
decision_type=2 2 2 2 2 2 2 2 2 2 2 1 2 2 2 2 2 2 2 2 2 2 2 2 2 2 2 2 2 2
left_child=-1 2 5 25 -4 6 7 9 -9 10 -2 12 -11 -12 15 16 18 -18 -5 24 -20 22 23 -19 -17 -3 -14 -15 -29 -13
right_child=1 3 4 14 -6 -7 -8 8 -10 11 13 29 26 27 -16 19 17 21 20 -21 -22 -23 -24 -25 -26 -27 -28 28 -30 -31
leaf_value=-0.00023958527081504146 0.00062747367774136371 -0.0010869887567241676 0.00053318899629483632 0.00025083295009663384 0.00017948478271136994 0.0001599204507006358 0.00059824276743004 7.9318514609480072e-05 0.0010624549718340861 0.00083411324373446408 -0.00099006532637523135 -4.2498256363770983e-05 3.9419776170244325e-05 -0.00059080241515307302 -0.00050038835669208011 -0.00020332296852851664 -0.00050629160988527094 -0.00022540545591304232 -9.6494176360469808e-05 -3.8548389746641154e-05 -0.0005108310227810494 -0.00030516757352205999 0.00061250065792505231 0.00067838426351348369 -0.0006672676843364467 -0.00026552872284975657 0.0005998971008244927 -0.00036170435746498699 1.803504287500163e-05 -0.00029172170993639433
leaf_weight=320 33 20 310 231 279 561 36 661 20 25 27 1119 779 76 60 212 56 74 438 1392 136 26 199 72 79 198 39 144 167 211
leaf_count=320 33 20 310 231 279 561 36 661 20 25 27 1119 779 76 60 212 56 74 438 1392 136 26 199 72 79 198 39 144 167 211
internal_value=-4.61974e-08 9.9346e-06 5.93144e-05 -5.9457e-05 0.000365645 1.3027e-05 -1.16681e-05 -1.83196e-05 0.000108192 -5.12029e-05 -0.000223713 -1.57165e-05 8.78744e-05 -0.000291561 -3.88342e-05 -2.93339e-05 5.19233e-05 0.000275795 -6.68262e-05 -8.88164e-05 -0.000194665 0.000393846 0.000446525 0.000220299 -0.000329274 -0.000340892 6.61418e-05 -0.000242828 -0.000157793 -8.14245e-05
internal_weight=8000 7680 4487 3193 589 3898 3337 3301 681 2620 447 2173 843 414 2975 2915 1232 427 805 1683 574 371 345 146 291 218 818 387 311 1330
internal_count=8000 7680 4487 3193 589 3898 3337 3301 681 2620 447 2173 843 414 2975 2915 1232 427 805 1683 574 371 345 146 291 218 818 387 311 1330
cat_boundaries=0 1
cat_threshold=9
is_linear=0
shrinkage=0.05


Tree=123
num_leaves=31
num_cat=0
split_feature=15 5 17 18 14 18 10 18 4 17 18 12 17 0 17 11 17 12 17 11 12 11 12 4 2 0 13 10 12 11
split_gain=0.00723092 0.024926 0.00681399 0.00670665 0.00579646 0.00628253 0.00565055 0.0053895 0.00538576 0.0052273 0.00520308 0.00507944 0.00563089 0.0051062 0.00505055 0.0115758 0.0103797 0.0075681 0.00733589 0.0156769 0.00969051 0.00826505 0.00684763 0.00566363 0.00535777 0.00494771 0.00486563 0.00479998 0.00479014 0.00478279
threshold=2.5000000000000004 1.0000000180025095e-35 0.015431305624332757 1.8560464817636591 1.0000000180025095e-35 0.13108907548546417 24468.850000000002 0.025361332481474364 5.7598539870000005 1.4010943195397776 1.8005280342691674 15633.200000000001 0.31852632692741195 14024.300000000001 0.7562164913974293 2854.7000000000003 0.69470703227798103 32672.350000000002 0.48256499697779121 19120.350000000002 10820.750000000004 23231.300000000003 12040.200000000001 8.6079914500000019 98.15000000000002 13054.850000000002 43.905000000000008 31654.350000000002 23942.500000000004 13697.450000000003
decision_type=2 2 2 2 2 2 2 2 2 2 2 2 2 2 2 2 2 2 2 2 2 2 2 2 2 2 2 2 2 2
left_child=1 9 -2 6 7 26 -3 -4 -7 10 28 -8 -13 -14 15 16 -9 25 19 20 -17 22 -20 -19 -22 -16 -6 -15 -1 -28
right_child=2 3 4 -5 5 8 11 14 -10 -11 -12 12 13 27 17 18 -18 23 21 -21 24 -23 -24 -25 -26 -27 29 -29 -30 -31
leaf_value=0.00021662648325314207 -0.00076884933841938621 2.2744427936101734e-05 -0.0007527236963228677 -0.0011712153897578588 -0.0011352453007930309 0.00064351698395382435 -0.00082922947572832957 -0.00021520935978678143 -6.2459502223447907e-05 -0.00017751154047480615 -0.00029299500723606222 -0.00084097643134845533 0.00035754793756378577 0.00013122398915440595 -0.00025363846419611204 0.000785356289774287 0.00056398634128906151 0.0010957036688721375 -0.00024841724305736776 0.00050621758344929343 0.00044193406312842854 -0.00046691193860689444 0.00036517789328407454 0.00022712627226913662 -4.4421355500742302e-05 7.2840850354824372e-06 -0.00052218188044945773 -0.0005245758765977371 -2.1544367453220492e-05 0.00020236309753861003
leaf_weight=475 27 70 21 29 20 28 76 390 768 267 88 47 31 38 195 39 48 23 49 187 60 35 631 102 1007 2661 69 105 380 34
leaf_count=475 27 70 21 29 20 28 76 390 768 267 88 47 31 38 195 39 48 23 49 187 60 35 631 102 1007 2661 69 105 380 34
internal_value=-4.38881e-08 -9.48934e-05 2.37798e-05 -0.000439218 2.7141e-05 -8.90158e-05 -0.000381377 4.6735e-05 -3.76262e-05 1.77947e-05 7.30935e-05 -0.000476624 -0.000355366 -0.000224195 4.98285e-05 0.000103078 -0.000129818 6.13603e-06 0.000153879 8.28115e-05 1.1223e-05 0.000282396 0.000320963 0.000386945 -1.70724e-05 -1.0531e-05 -0.000421586 -0.000350307 0.000110773 -0.000283012
internal_weight=8000 1606 6394 396 6367 919 367 5448 796 1210 943 297 221 174 5427 2446 438 2981 2008 1293 1106 715 680 125 1067 2856 123 143 855 103
internal_count=8000 1606 6394 396 6367 919 367 5448 796 1210 943 297 221 174 5427 2446 438 2981 2008 1293 1106 715 680 125 1067 2856 123 143 855 103
is_linear=0
shrinkage=0.05


Tree=124
num_leaves=31
num_cat=1
split_feature=9 5 5 14 1 18 17 0 12 17 11 1 17 12 10 10 15 17 0 17 3 0 18 18 7 1 17 11 2 15
split_gain=0.0071871 0.058724 0.0340367 0.00811175 0.00580395 0.00601913 0.00529589 0.00586285 0.00768068 0.00917679 0.00711072 0.00682229 0.00522995 0.00502449 0.00485002 0.00609173 0.00513405 0.0054979 0.00629746 0.00474047 0.00467431 0.00511061 0.00465298 0.00449753 0.00444331 0.00440259 0.00507445 0.00844116 0.00439602 0.00436442
threshold=0 2.5000000000000004 2.5000000000000004 1.0000000180025095e-35 97.15000000000002 1.961177523780179 1.2005433861045398 19507.500000000004 26686.650000000005 0.76250150875841216 1566.8500000000001 115.30000000000003 0.24877484119836019 14242.9 38628.600000000006 37705.750000000007 2.5000000000000004 0.98333924428047514 14421.1 1.1016194483150548 99.250000000000014 981.00000000000011 0.23090205492527774 0.074785854985898695 36.500000000000007 238.95000000000002 0.97734727078117356 12471.400000000003 272.45000000000005 1.0000000180025095e-35
decision_type=1 2 2 2 2 2 2 2 2 2 2 2 2 2 2 2 2 2 2 2 2 2 2 2 2 2 2 2 2 2
left_child=1 -1 4 12 -2 6 7 8 9 10 -6 -9 -4 29 15 16 -7 18 28 -19 22 -22 -10 -14 -5 -11 27 -27 -18 -8
right_child=2 -3 3 24 5 14 13 11 20 25 -12 -13 23 -15 -16 -17 17 19 -20 -21 21 -23 -24 -25 -26 26 -28 -29 -30 -31
leaf_value=-7.8240036556468403e-06 -0.00038478435183707108 0.00098525567136018358 -0.00065971955369390986 -0.0010650635628553574 -0.00031808333654995439 -0.00054100872458595975 -0.00043096139886264885 0.0010948424658272415 -8.2689010290276451e-05 -0.00047793010288394236 0.00017243221589108415 0.0001607019445601657 -0.00088147830776870255 -0.00011896489003119242 0.00013914459195170226 -0.00095511294677163715 0.00010465315563950835 -0.00098100133446595559 0.00069700713836543925 -0.00017819136819525739 -0.00078543150013956622 -4.190613670096774e-05 -0.00097087126642387991 -0.00019050301721455776 -0.0003496252962470274 0.00014055171073955252 0.00016286685754034246 -0.0004350279109854604 -0.0006716942548772078 8.8206463032083692e-05
leaf_weight=1442 90 166 85 60 78 76 43 20 29 67 1400 860 25 889 115 27 88 22 37 112 24 624 30 406 34 113 178 146 23 691
leaf_count=1442 90 166 85 60 78 76 43 20 29 67 1400 860 25 889 115 27 88 22 37 112 24 624 30 406 34 113 178 146 23 691
internal_value=-4.16932e-08 9.41102e-05 -2.38369e-05 -0.000379096 1.36016e-05 1.99008e-05 3.58567e-05 6.99099e-05 3.32495e-05 8.37194e-05 0.000146546 0.000181932 -0.000301274 -3.90268e-05 -0.000145786 -0.000230895 -0.000176275 -7.79776e-05 0.000132093 -0.000309996 -0.000108237 -6.94441e-05 -0.000534307 -0.000230583 -0.000806288 -0.000100521 -4.26577e-05 -0.000183906 -5.62116e-05 5.7792e-05
internal_weight=8000 1608 6392 610 5782 5692 5192 3569 2689 1982 1478 880 516 1623 500 385 358 282 148 134 707 648 59 431 94 504 437 259 111 734
internal_count=8000 1608 6392 610 5782 5692 5192 3569 2689 1982 1478 880 516 1623 500 385 358 282 148 134 707 648 59 431 94 504 437 259 111 734
cat_boundaries=0 1
cat_threshold=8
is_linear=0
shrinkage=0.05


Tree=125
num_leaves=31
num_cat=1
split_feature=6 16 8 8 7 8 8 8 7 3 8 7 8 8 7 8 8 4 2 7 10 7 18 8 8 10 7 2 12 17
split_gain=0.00684067 0.0189594 0.0102934 0.0102094 0.013762 0.0291998 0.0106734 0.0105207 0.0175287 0.00893614 0.00807606 0.00794119 0.0077971 0.00750078 0.0100462 0.0215547 0.0118212 0.00705464 0.00664997 0.00603027 0.00580657 0.0057478 0.00537344 0.00525513 0.00522589 0.00485723 0.00483805 0.00474266 0.00447739 0.0044525
threshold=1.0000000180025095e-35 0 36.500000000000007 7.5000000000000009 35.500000000000007 14.500000000000002 15.500000000000002 23.500000000000004 22.500000000000004 140.95000000000002 4.5000000000000009 26.500000000000004 32.500000000000007 28.500000000000004 27.500000000000004 16.500000000000004 10.500000000000002 6.5910137080000011 246.85000000000005 29.500000000000004 35454.55000000001 16.500000000000004 0.15572584682341378 18.500000000000004 3.5000000000000004 36573.600000000006 41.500000000000007 163.95000000000002 18510.300000000003 0.7942348438680138
decision_type=2 1 2 2 2 2 2 2 2 2 2 2 2 2 2 2 2 2 2 2 2 2 2 2 2 2 2 2 2 2
left_child=29 10 3 11 5 9 -6 8 -7 -5 -2 24 -8 14 15 17 -16 -12 22 23 -4 -11 -18 -10 -3 -13 -15 -9 -14 -1
right_child=1 2 20 4 6 7 12 27 19 21 13 25 28 26 16 -17 18 -19 -20 -21 -22 -23 -24 -25 -26 -27 -28 -29 -30 -31
leaf_value=6.6383943396715624e-05 -0.00032964731950778516 -0.00052105517411324615 -0.0012242107880363045 -0.00043320859773442731 -0.00029136486710888487 -0.0010954559843022642 0.00051921482066190523 -0.00063301191584094231 0.00022454084949761943 -0.00030953749380635353 -0.00038385254116292346 -0.00050260661144940451 0.00027770589235429229 -0.00072898580547189342 -0.00023345730915912653 -0.00079355525053364953 0.00025247876334038601 0.00067012871433406247 0.00019941680075135084 0.00044745111947783948 -0.00026522363079021924 0.00057578220059936443 0.0010403779061040591 -0.00075421709989313972 6.464636876792023e-05 -0.0011660067189950497 8.8971956665773183e-05 -0.0014150357582888747 -0.00073104966987474736 -1.6951537802405448e-05
leaf_weight=3069 75 69 38 39 86 56 172 33 24 22 20 77 22 29 41 54 27 77 48 44 27 110 109 32 85 43 48 47 22 3355
leaf_count=3069 75 69 38 39 86 56 172 33 24 22 20 77 22 29 41 54 27 77 48 44 27 110 109 32 85 43 48 47 22 3355
internal_value=-3.96084e-08 -9.33863e-05 -0.000216481 -0.000176187 -7.6015e-05 -0.000265771 0.000179715 -0.00062627 -0.000387203 0.000231761 0.000150939 -0.00043539 0.000367275 0.000230506 0.000322578 7.0919e-06 0.000534304 0.000452813 0.000705381 9.41882e-06 -0.000825862 0.000428229 0.000883957 -0.000334749 -0.000197778 -0.000740325 -0.00021909 -0.00109245 -0.000226672 2.28611e-05
internal_weight=8000 1576 1048 983 709 407 302 236 156 171 528 274 216 453 376 151 225 97 184 100 65 132 136 56 154 120 77 80 44 6424
internal_count=8000 1576 1048 983 709 407 302 236 156 171 528 274 216 453 376 151 225 97 184 100 65 132 136 56 154 120 77 80 44 6424
cat_boundaries=0 1
cat_threshold=2
is_linear=0
shrinkage=0.05


Tree=126
num_leaves=31
num_cat=1
split_feature=18 18 18 18 11 15 6 8 8 10 7 13 15 5 13 1 1 17 10 3 2 7 16 17 11 11 17 17 12 0
split_gain=0.00661775 0.0216291 0.00750899 0.00619512 0.00618311 0.00542517 0.00493846 0.00845218 0.00978017 0.0051546 0.00540478 0.00487996 0.00460503 0.00438895 0.00437386 0.00625116 0.0042529 0.00486471 0.00506543 0.00665783 0.0042471 0.00503931 0.00416552 0.00408353 0.00600916 0.00592426 0.00449298 0.00405278 0.0055924 0.00404355
threshold=0.58790785575135607 0.45827444641994697 0.51550355267716219 0.06140362893741181 1566.8500000000001 12.500000000000002 1.0000000180025095e-35 28.500000000000004 7.5000000000000009 37135.80000000001 24.500000000000004 89.435000000000016 3.5000000000000004 1.0000000180025095e-35 57.57500000000001 918.75000000000011 1112.3500000000001 0.76250150875841216 40464.950000000004 168.25000000000003 227.95000000000002 22.500000000000004 0 0.46242758077690699 16782.450000000001 23231.300000000003 0.36739144915758343 1.6208431390827271 13262.200000000003 20232.700000000004
decision_type=2 2 2 2 2 2 2 2 2 2 2 2 2 2 2 2 2 2 2 2 2 2 1 2 2 2 2 2 2 2
left_child=1 3 16 27 13 11 -6 8 9 -8 -11 -5 -9 -2 -7 20 17 18 19 -3 -16 -22 -10 24 26 -25 -4 29 -29 -1
right_child=4 2 23 5 6 14 7 12 22 10 -12 -13 -14 -15 15 -17 -18 -19 -20 -21 21 -23 -24 25 -26 -27 -28 28 -30 -31
leaf_value=-0.00026182008790143939 -0.00019476876817182541 0.00091229117936157493 -1.1918585657859074e-05 -2.1532211379510747e-05 -5.4639492994573568e-06 0.00032079246030701578 -0.00023495512034762468 -0.0012039989041416751 0.0002970337608688673 -0.00036588973984496832 -0.0014897549943998457 0.00056382597187823404 -0.00039839783464284506 -0.00073762232638425009 7.1604634272777747e-05 0.00056231442096835356 0.0010039685128797446 0.00021680718087597594 0.0011262535386569134 0.00015522610316877133 0.00025173790806244748 -0.00060973754855161858 -6.970969738092187e-05 9.6992550595492751e-05 0.001168646271689795 -0.00071163632348179818 0.00080457434677278492 -0.00021386939120259885 -0.0012016903001653113 0.00017041501923341021
leaf_weight=182 166 47 63 3246 2314 230 101 24 121 23 20 36 68 48 194 48 31 183 35 76 24 58 215 241 20 25 23 38 23 77
leaf_count=182 166 47 63 3246 2314 230 101 24 121 23 20 36 68 48 194 48 31 183 35 76 24 58 215 241 20 25 23 38 23 77
internal_value=-3.76285e-08 3.61336e-05 0.000284414 -8.31315e-06 -5.72115e-05 9.3185e-06 -3.79827e-05 -0.000169536 -8.53907e-05 -0.000430146 -0.000888618 -1.51115e-05 -0.000608555 -0.00031653 0.000154046 3.56769e-05 0.000443259 0.000392286 0.00059553 0.000444511 -5.59122e-05 -0.000357598 6.23616e-05 0.000125569 0.000387993 2.09936e-05 0.000206446 -0.000219673 -0.000586326 -0.000133318
internal_weight=8000 4900 744 4156 3100 3836 2886 572 480 144 43 3282 92 214 554 324 372 341 158 123 276 82 336 372 106 266 86 320 61 259
internal_count=8000 4900 744 4156 3100 3836 2886 572 480 144 43 3282 92 214 554 324 372 341 158 123 276 82 336 372 106 266 86 320 61 259
cat_boundaries=0 1
cat_threshold=2
is_linear=0
shrinkage=0.05


Tree=127
num_leaves=31
num_cat=1
split_feature=17 17 11 17 12 9 5 5 17 11 12 0 17 12 0 17 3 11 4 14 0 7 10 6 18 8 0 6 7 8
split_gain=0.00646009 0.00806408 0.0137005 0.0264426 0.00962242 0.00850489 0.0314137 0.0156545 0.00797602 0.00913663 0.00681888 0.00671444 0.015327 0.0128524 0.00696745 0.00645619 0.00628451 0.00590401 0.00588483 0.00585067 0.00559656 0.00494598 0.00491124 0.00488345 0.00475569 0.0047369 0.00737055 0.00556051 0.0114808 0.00727634
threshold=0.052026372957078439 0.7942348438680138 5177.4500000000007 0.66977587833452101 37237.750000000007 0 2.5000000000000004 2.5000000000000004 0.46999166046812174 23694.250000000004 32115.300000000007 14421.1 0.66977587833452101 23399.750000000004 9599.7000000000025 0.41173755979933852 108.85000000000001 4221.3500000000013 45.913037289999998 1.0000000180025095e-35 25506.550000000007 22.500000000000004 43802.30000000001 1.0000000180025095e-35 0.41261938667268638 22.500000000000004 17119.350000000002 1.0000000180025095e-35 41.500000000000007 37.500000000000007
decision_type=2 2 2 2 2 1 2 2 2 2 2 2 2 2 2 2 2 2 2 2 2 2 2 2 2 2 2 2 2 2
left_child=10 2 3 16 17 6 8 11 9 -4 -1 12 13 14 18 -8 -2 -3 22 25 -21 -18 -7 -22 -25 -19 -27 -28 -29 -30
right_child=1 4 5 -5 -6 7 15 -9 -10 -11 -12 -13 -14 -15 -16 -17 21 19 -20 20 23 -23 -24 24 -26 26 27 28 29 -31
leaf_value=-0.00011497926859607695 -0.00051411899762080372 0.0001087311526808681 -8.6862861454703303e-05 0.00043645840109913446 0.00069602964648848604 0.0002011222517541465 0.00095917089597787714 -0.00035198931086694198 0.00043066728741896013 0.0010271213052328676 -0.00077285257350155796 0.00033718912923740436 -0.00042483309805902542 -8.6084637227546606e-05 0.00056778063893595594 0.0021072729374282061 -0.00036157747392072306 -3.5025250832859248e-06 -0.00026645219508226905 -7.4994916624314341e-05 -0.00028090016391812695 -7.1266948002762274e-05 0.00090222154506661286 -0.0014071164356123302 -0.00043877196367247961 -0.00045732691503955821 -8.8473429021669866e-06 -0.00072571729044605443 0.0006245109094177477 -0.00052968062756752424
leaf_weight=173 130 529 231 204 44 636 25 188 191 20 51 315 135 438 141 24 192 2177 66 297 194 622 26 21 32 152 603 85 36 22
leaf_count=173 130 529 231 204 44 636 25 188 191 20 51 315 135 438 141 24 192 2177 66 297 194 622 26 21 32 152 603 85 36 22
internal_value=-3.57471e-08 7.59014e-06 6.26577e-05 -7.97464e-05 -3.94905e-05 0.000129768 0.000313949 8.12408e-05 0.000187182 1.90082e-06 -0.000264763 0.000128059 8.23753e-05 0.000134765 0.000246079 0.00152151 -0.000191299 -4.72926e-05 0.000183772 -7.0099e-05 -0.000221247 -0.000139743 0.000228658 -0.000397104 -0.000822456 -4.33594e-05 -0.000139984 -7.53237e-05 -0.00035564 0.000186714
internal_weight=8000 7776 3584 1148 4192 2436 491 1945 442 251 224 1757 1442 1307 869 49 944 4148 728 3619 544 814 662 247 53 3075 898 746 143 58
internal_count=8000 7776 3584 1148 4192 2436 491 1945 442 251 224 1757 1442 1307 869 49 944 4148 728 3619 544 814 662 247 53 3075 898 746 143 58
cat_boundaries=0 1
cat_threshold=8
is_linear=0
shrinkage=0.05


Tree=128
num_leaves=31
num_cat=0
split_feature=15 5 18 18 17 17 18 18 11 18 17 0 5 0 8 18 1 4 17 1 2 17 8 10 7 6 8 0 12 17
split_gain=0.00636629 0.0194282 0.00603262 0.00898586 0.00658074 0.00586885 0.00505379 0.00806728 0.00656216 0.00650303 0.00567034 0.0112398 0.00503587 0.00540653 0.00538596 0.00492735 0.00484525 0.00479161 0.00471367 0.00450461 0.00857637 0.00453541 0.00608654 0.00439251 0.00430457 0.00498472 0.00860482 0.00458464 0.0063244 0.0083697
threshold=1.0000000180025095e-35 1.0000000180025095e-35 0.99658510511450216 0.23090205492527774 0.851933885426854 0.045281897694256314 0.58790785575135607 0.46684741355135223 14554.800000000001 0.51550355267716219 0.64976072050391498 9948.3000000000011 2.5000000000000004 7723.6000000000013 10.500000000000002 0.9145195159659002 1022.9500000000002 9.0553200250000021 0.68758044166123644 845.6500000000002 98.15000000000002 1.2976743770122383 9.5000000000000018 41584.450000000004 34.500000000000007 1.0000000180025095e-35 19.500000000000004 17217.000000000004 25392.200000000004 0.70000079233807921
decision_type=2 2 2 2 2 2 2 2 2 2 2 2 2 2 2 2 2 2 2 2 2 2 2 2 2 2 2 2 2 2
left_child=1 -1 3 5 6 17 7 8 18 -9 11 -10 13 -11 -15 23 19 -2 -5 -6 -21 -22 -23 -8 25 -4 -27 28 29 -26
right_child=2 -3 24 4 16 -7 15 9 10 12 -12 -13 -14 14 -16 -17 -18 -19 -20 20 21 22 -24 -25 27 26 -28 -29 -30 -31
leaf_value=1.73627229727801e-05 -0.000969053226834794 -0.00066785788279650647 5.8758127659297076e-05 -6.6470807463747042e-06 1.8910922878097785e-05 -3.5426005474722254e-05 4.7101851575196476e-05 0.00065718220136962678 0.00029767556535751705 0.00044587181885296615 -0.00011390769318238182 0.001282109898914184 0.00090238676133120189 0.0003857589958633687 -0.00043063852568468123 0.00043025182765078448 0.00018764127948561621 -4.210618209816114e-06 0.0003153012912038581 0.00065818549806459081 -0.00048948145623867417 -0.0005393877066215318 0.00012640292650758055 -0.00030951955012694401 3.8806490929714186e-05 -6.0877823639852332e-05 -0.00092760418249074263 -4.1492350101662405e-05 -0.00062425544221660664 -0.00057448231165791385
leaf_weight=381 31 142 718 605 1181 1985 486 150 169 68 53 35 23 31 58 69 323 22 140 27 132 51 105 105 173 140 36 377 102 82
leaf_count=381 31 142 718 605 1181 1985 486 150 169 68 53 35 23 31 58 69 323 22 140 27 132 51 105 105 173 140 36 377 102 82
internal_value=-3.39597e-08 -0.000168682 1.17626e-05 3.5457e-05 8.07772e-05 -4.92904e-05 0.000143563 0.000199623 0.000129007 0.000414039 0.000346863 0.000466574 0.00021142 0.000110196 -0.000146275 3.04232e-05 1.20203e-05 -0.000568553 5.38533e-05 -2.58979e-05 -0.000193895 -0.000273778 -9.12594e-05 -1.62573e-05 -7.33655e-05 3.03904e-07 -0.000238163 -0.000163094 -0.000291507 -0.000158408
internal_weight=8000 523 7477 5849 3811 2038 1992 1332 1002 330 257 204 180 157 89 660 1819 53 745 1496 315 288 156 591 1628 894 176 734 357 255
internal_count=8000 523 7477 5849 3811 2038 1992 1332 1002 330 257 204 180 157 89 660 1819 53 745 1496 315 288 156 591 1628 894 176 734 357 255
is_linear=0
shrinkage=0.05


Tree=129
num_leaves=31
num_cat=1
split_feature=9 5 5 14 1 18 17 18 18 18 4 10 10 5 3 13 6 8 12 17 17 17 0 10 18 2 17 17 15 18
split_gain=0.00600114 0.0504124 0.0291351 0.00703348 0.00487274 0.00487961 0.00461267 0.00435605 0.00573266 0.0106587 0.00443562 0.00418513 0.00531075 0.00460661 0.00416659 0.00414187 0.00409157 0.00411656 0.00403677 0.00939724 0.00832868 0.0068426 0.00508055 0.00484355 0.00403581 0.00403399 0.00403214 0.00757357 0.00403609 0.00401406
threshold=0 2.5000000000000004 2.5000000000000004 1.0000000180025095e-35 97.15000000000002 1.961177523780179 0.24877484119836019 0.26862488695674469 0.54143558864827257 0.46684741355135223 40.201092582000008 38628.600000000006 37705.750000000007 1.0000000180025095e-35 275.50000000000006 5.8800000000000017 1.0000000180025095e-35 26.500000000000004 26686.650000000005 0.62706911914537888 0.851933885426854 0.78341715579503135 12267.300000000001 42093.100000000013 0.068450202817374947 85.350000000000009 0.1990450984553743 0.851933885426854 3.5000000000000004 0.42733878949295007
decision_type=1 2 2 2 2 2 2 2 2 2 2 2 2 2 2 2 2 2 2 2 2 2 2 2 2 2 2 2 2 2
left_child=1 18 4 6 24 7 -4 -6 9 14 -11 12 13 15 -9 -7 -8 -18 21 -20 29 23 -23 -1 -2 -10 -3 -28 -29 -21
right_child=2 26 3 -5 5 11 16 8 25 10 -12 -13 -14 -15 -16 -17 17 -19 19 20 -22 22 -24 -25 -26 -27 27 28 -30 -31
leaf_value=0.00014414832507337648 -0.00066536481414611152 0.00028121554661827926 -0.00061462319218074258 -0.00074824780953968784 -3.0325855615209724e-05 -0.00061831481743865888 -0.00014261536507496466 4.0146206693752105e-05 0.00066594597532378466 0.00045390960570059819 -0.00010100290177123076 0.00013413371749186847 -0.00088580957553521908 -0.00057076691239336995 0.00038537943694743601 -1.6586643505434042e-05 -0.00032113732869709991 -0.0011652235154178926 -0.00038975959191078324 0.00087029074023982844 -0.00022400249854399591 -0.00059888136726463353 -2.460608085187225e-05 0.00073626639036535242 5.7724318356208865e-06 -3.0725954276089498e-07 0.0014250032393442046 0.0012223634575493636 0.00046037232504316135 0.00014354044366260305
leaf_weight=379 48 22 85 94 1783 32 359 1092 23 296 41 115 27 57 95 269 52 20 193 38 80 41 635 38 42 1862 62 25 57 38
leaf_count=379 48 22 85 94 1783 32 359 1092 23 296 41 115 27 57 95 269 52 20 193 38 80 41 635 38 42 1862 62 25 57 38
internal_value=-3.22617e-08 8.60015e-05 -2.17758e-05 -0.00035046 1.28627e-05 1.86345e-05 -0.000277995 3.30009e-05 6.61225e-05 0.000138233 0.000386398 -0.000130546 -0.000209606 -0.000158608 6.77765e-05 -8.05577e-05 -0.000211607 -0.000555606 -8.45137e-06 -0.000156499 0.000132086 3.8821e-05 -5.94364e-05 0.000198106 -0.000352167 7.82209e-06 0.00091167 0.00100799 0.000692687 0.000506916
internal_weight=8000 1608 6392 610 5782 5692 516 5192 3409 1524 337 500 385 358 1187 301 431 72 1442 349 156 1093 676 417 90 1885 166 144 82 76
internal_count=8000 1608 6392 610 5782 5692 516 5192 3409 1524 337 500 385 358 1187 301 431 72 1442 349 156 1093 676 417 90 1885 166 144 82 76
cat_boundaries=0 1
cat_threshold=8
is_linear=0
shrinkage=0.05


Tree=130
num_leaves=31
num_cat=2
split_feature=15 5 17 18 10 4 14 17 11 18 17 7 16 6 9 2 13 7 18 5 17 12 11 8 8 12 12 17 6 15
split_gain=0.00577289 0.0202378 0.00547439 0.00524231 0.00479002 0.00522491 0.00429865 0.00571897 0.0110798 0.00489487 0.00505467 0.0049798 0.00477945 0.00595769 0.00573219 0.00572352 0.00538349 0.00531716 0.00464562 0.00441393 0.00539117 0.00789789 0.00469472 0.00424735 0.00418886 0.00416429 0.00553997 0.00414566 0.00478064 0.00405539
threshold=2.5000000000000004 1.0000000180025095e-35 0.015431305624332757 1.8560464817636591 22277.400000000005 5.1104949500000014 1.0000000180025095e-35 0.30615432985855318 1802.6500000000003 0.095087825679831664 0.82562733323852233 26.500000000000004 0 1.0000000180025095e-35 1 149.15000000000001 39.600000000000009 44.500000000000007 0.27809402061610927 2.5000000000000004 0.60578063647621516 22915.200000000004 12140.000000000002 9.5000000000000018 25.500000000000004 35999.600000000013 28810.350000000002 0.89256147247223883 1.0000000180025095e-35 1.0000000180025095e-35
decision_type=2 2 2 2 2 2 2 2 2 2 2 2 1 2 1 2 2 2 2 2 2 2 2 2 2 2 2 2 2 2
left_child=1 27 -2 4 -3 -6 12 8 -8 11 19 -9 13 25 16 18 -15 -17 23 20 21 -11 -22 -16 -18 26 -4 -1 -29 -7
right_child=2 3 6 -5 5 29 7 9 -10 10 -12 -13 -14 14 15 17 24 -19 -20 -21 22 -23 -24 -25 -26 -27 -28 28 -30 -31
leaf_value=0.00010309221439699639 -0.00068919982974572735 0.00031027900986373429 3.9989583643857256e-05 -0.0010422072574046667 -0.0010239396884571762 -0.00057535002621358499 -0.0014127847123225885 0.00016446415961365261 -0.00018603165620718592 0.0004808666134522355 -8.1931343493020525e-05 -0.0007949375132930551 7.4175412525457832e-05 -0.00084880973159319213 -0.0005493030999787152 7.9326042410684755e-06 -6.478077628970391e-06 0.00079381344711202057 -0.00076185697897017239 -0.00038153060174001192 0.00084163327224689121 -0.00028250978683798974 7.1188763092019759e-05 0.00041525526787154375 -0.00082522651424542779 0.00034852645723611327 -0.00025268952761101164 -1.4330699111990006e-05 -0.00039406999168914084 -0.00019848141238617244
leaf_weight=647 27 26 1155 29 30 111 21 21 149 64 437 38 3638 57 21 125 61 26 40 29 58 72 30 25 21 91 188 462 101 200
leaf_count=647 27 26 1155 29 30 111 21 21 149 64 437 38 3638 57 21 125 61 26 40 29 58 72 30 25 21 91 188 462 101 200
internal_value=-3.06487e-08 -8.47797e-05 2.1256e-05 -0.000395038 -0.000343899 -0.000393778 2.42688e-05 -7.57609e-05 -0.000337572 -1.63379e-05 2.10388e-05 -0.000453456 4.11424e-05 -2.52521e-05 -0.000202406 -4.04759e-05 -0.000443672 0.00014325 -0.00036777 0.000198896 0.000274041 7.67262e-05 0.000578982 -2.50866e-05 -0.000216158 2.11982e-05 -9.81133e-07 1.67593e-05 -8.24544e-05 -0.000332991
internal_weight=8000 1606 6394 396 367 341 6367 919 170 749 690 59 5448 1810 376 237 139 151 86 253 224 136 88 46 82 1434 1343 1210 563 311
internal_count=8000 1606 6394 396 367 341 6367 919 170 749 690 59 5448 1810 376 237 139 151 86 253 224 136 88 46 82 1434 1343 1210 563 311
cat_boundaries=0 1 2
cat_threshold=1 3
is_linear=0
shrinkage=0.05


Tree=131
num_leaves=31
num_cat=1
split_feature=9 5 5 6 1 18 13 12 13 0 17 0 12 17 11 11 17 17 4 1 10 4 2 2 10 0 17 11 12 2
split_gain=0.00536195 0.0458174 0.025538 0.00625369 0.00427469 0.00426024 0.00425504 0.0041774 0.00393878 0.0043156 0.00388942 0.00514874 0.00683073 0.00996749 0.00807571 0.00711317 0.00707159 0.00608035 0.00554843 0.00551097 0.00462042 0.00438113 0.00721894 0.00446392 0.00435733 0.0051549 0.00540324 0.00887831 0.00414608 0.00434964
threshold=0 2.5000000000000004 2.5000000000000004 1.0000000180025095e-35 97.15000000000002 1.961177523780179 46.125000000000007 30205.400000000005 57.57500000000001 18139.400000000005 1.2005433861045398 17428.450000000004 25653.600000000002 0.66977587833452101 7204.0500000000002 12471.400000000003 0.59943322120283349 0.95792835045874214 11.414933838000001 238.95000000000002 28736.750000000004 23.585249975000004 148.05000000000004 221.85000000000005 22578.250000000004 8990.9000000000015 0.58388251643627609 22291.600000000002 17006.600000000002 272.45000000000005
decision_type=1 2 2 2 2 2 2 2 2 2 2 2 2 2 2 2 2 2 2 2 2 2 2 2 2 2 2 2 2 2
left_child=1 -1 4 7 -2 10 -5 -4 -8 -10 11 12 13 14 16 19 18 -17 -6 -15 -12 22 -21 -24 -16 26 27 28 29 -26
right_child=2 -3 3 6 5 -7 8 -9 9 -11 20 -13 -14 15 24 17 -18 -19 -20 21 -22 -23 23 -25 25 -27 -28 -29 -30 -31
leaf_value=-8.7558252376809078e-06 -0.00033004882945937829 0.00086842993600784913 -0.00018985658902681167 -0.0010909101020586559 -0.00046148200929932735 -0.00012213839214005021 0.00015378850046545269 -0.00057812228859177833 -0.0012438983278116212 -0.00028918116947571781 4.6261241565452506e-05 0.00014901195016208473 -0.00010930256983095307 -0.00054126243722512973 0.00068525122292339806 -0.00040821768093020333 0.00054152757352418375 5.7468850015468954e-05 5.3972845275408876e-06 -4.9914446547270268e-05 -0.00012273039551271786 -7.5690877370939683e-05 0.0012096189398078188 0.00033866666277130469 0.00032556626295935043 0.00043382525002410937 -0.00056948554030476284 0.00058971822056211526 -4.6169504824153506e-05 -0.00034086082149380154
leaf_weight=1442 90 166 419 39 94 500 20 83 20 29 857 1114 726 27 50 215 43 104 197 44 766 71 31 28 195 189 26 103 284 28
leaf_count=1442 90 166 419 39 94 500 20 83 20 29 857 1114 726 27 50 215 43 104 197 44 766 71 31 28 195 189 26 103 284 28
internal_value=-2.91166e-08 8.12939e-05 -2.05821e-05 -0.000328308 1.18474e-05 1.72533e-05 -0.000673462 -0.000254052 -0.000437514 -0.000678862 3.0677e-05 5.98601e-05 1.94059e-05 7.34501e-05 0.000152183 -0.000109603 -5.69771e-05 -0.000256395 -0.000145416 0.000123366 -3.3497e-05 0.000226498 0.000434802 0.000796286 0.000232022 0.000204553 0.000136421 0.000166508 8.05309e-05 0.000241889
internal_weight=8000 1608 6392 610 5782 5692 108 502 69 49 5192 3569 2455 1729 1209 520 334 319 291 201 1623 174 103 59 875 825 636 610 507 223
internal_count=8000 1608 6392 610 5782 5692 108 502 69 49 5192 3569 2455 1729 1209 520 334 319 291 201 1623 174 103 59 875 825 636 610 507 223
cat_boundaries=0 1
cat_threshold=8
is_linear=0
shrinkage=0.05


Tree=132
num_leaves=31
num_cat=0
split_feature=15 5 5 13 17 6 1 17 11 17 12 17 11 12 11 12 0 0 18 5 8 1 11 3 17 3 18 4 13 11
split_gain=0.00521977 0.0179651 0.00512523 0.00504716 0.00496056 0.00634285 0.00971989 0.00526352 0.0114897 0.0131281 0.00919035 0.00541237 0.0131966 0.0103232 0.00969857 0.00965493 0.00493331 0.0048894 0.00468223 0.00464864 0.0047579 0.00442849 0.00439989 0.00541392 0.00523011 0.00475661 0.00439703 0.00431684 0.0042671 0.00411358
threshold=2.5000000000000004 1.0000000180025095e-35 1.5000000000000002 25.365000000000006 0.082109413785188295 1.0000000180025095e-35 659.10000000000014 0.76250150875841216 4221.3500000000013 0.63534852012036591 32672.350000000002 0.48855832810218125 19120.350000000002 12040.200000000001 20373.200000000001 12993.750000000002 12911.700000000003 11050.300000000001 0.24556940183346032 1.0000000180025095e-35 18.500000000000004 635.85000000000002 4221.3500000000013 236.15000000000001 0.92074571512808601 132.85000000000005 0.1426763543992122 8.6079914500000019 45.50500000000001 10355.250000000002
decision_type=2 2 2 2 2 2 2 2 2 2 2 2 2 2 2 2 2 2 2 2 2 2 2 2 2 2 2 2 2 2
left_child=1 -1 3 -3 5 -2 -7 8 9 17 22 12 15 -13 -15 -10 -16 26 -5 -19 -21 -11 23 25 29 28 -6 -12 -9 -24
right_child=4 2 -4 18 7 6 -8 10 11 21 27 13 -14 14 16 -17 -18 19 -20 20 -22 -23 24 -25 -26 -27 -28 -29 -30 -31
leaf_value=1.5053605430761654e-05 -5.5139393938828873e-05 -0.0012490140972658992 -0.00024356612210798477 -0.00090413586898648642 -0.00053185022287917415 -0.0012529955313150441 -5.9961951889195725e-05 0.00069934972096234564 0.00050298003592284986 0.00072319179396055343 0.00099633561888670869 -0.00038432826091223634 0.00045753391910163073 0.00037229407164531404 1.3782904340675282e-05 -4.6364023451744275e-05 -0.0008893159934086726 -0.00050216255232018222 -0.00022422047684127734 -0.00030544518676199302 0.00061272649050113706 0.00012550856053040443 -1.9070576735304962e-05 0.00042351709631215529 -2.0686190997324112e-05 -0.00012364781544708044 7.3121936222993635e-06 0.00026018945596023644 1.7994809631663549e-05 -0.00033905482695434418
leaf_weight=1210 253 26 261 40 44 31 38 40 88 51 24 59 192 617 62 878 20 175 69 43 21 79 167 112 2509 199 269 117 54 252
leaf_count=1210 253 26 261 40 44 31 38 40 88 51 24 59 192 617 62 878 20 175 69 43 21 79 167 112 2509 199 269 117 54 252
internal_value=-2.76607e-08 -8.06145e-05 -0.000372934 -0.000623045 2.02136e-05 -0.00017103 -0.000595963 3.03553e-05 8.41869e-05 -9.20554e-05 -9.90222e-06 0.00014692 7.89302e-05 0.000250789 0.000304397 3.67974e-06 -0.000206485 -0.000198514 -0.000473731 -0.000368809 -4.17011e-06 0.000359984 -2.6629e-05 0.000127836 -4.79946e-05 1.48116e-05 -6.84806e-05 0.000385491 0.000307933 -0.000211519
internal_weight=8000 1606 396 135 6394 322 69 6072 2598 682 3474 1916 1158 758 699 966 82 552 109 239 64 130 3333 405 2928 293 313 141 94 419
internal_count=8000 1606 396 135 6394 322 69 6072 2598 682 3474 1916 1158 758 699 966 82 552 109 239 64 130 3333 405 2928 293 313 141 94 419
is_linear=0
shrinkage=0.05


Tree=133
num_leaves=31
num_cat=3
split_feature=18 18 11 18 18 12 15 13 18 3 17 12 15 9 17 15 0 6 9 2 7 14 17 0 12 9 17 4 17 3
split_gain=0.00512695 0.0200184 0.00535554 0.00527021 0.00478259 0.00425378 0.0040983 0.0042826 0.00413998 0.00614024 0.00498269 0.00774865 0.00492293 0.00451049 0.0048942 0.00379068 0.00378518 0.00373708 0.00514966 0.00384636 0.00374253 0.00370729 0.00415418 0.00388888 0.00464941 0.00426888 0.0058964 0.00561855 0.00414526 0.00370187
threshold=0.5686526807578941 0.46684741355135223 1566.8500000000001 0.51550355267716219 0.06140362893741181 38336.600000000013 12.500000000000002 89.435000000000016 0.36313207504659589 288.65000000000003 0.2935501585733416 12832.500000000002 1.0000000180025095e-35 0 0.33377585407568783 1.0000000180025095e-35 4938.2000000000007 1.0000000180025095e-35 1 154.75000000000003 25.500000000000004 1.0000000180025095e-35 0.14404513416368495 6105.3500000000013 13410.1 2 0.5332849947055599 53.568709920000011 0.22007010299678317 108.85000000000001
decision_type=2 2 2 2 2 2 2 2 2 2 2 2 2 1 2 2 2 2 1 2 2 2 2 2 2 1 2 2 2 2
left_child=1 4 15 -3 17 21 7 8 10 16 11 -6 -13 14 -12 -2 -10 18 19 -1 -20 -4 -23 28 -25 26 -26 -28 -24 -14
right_child=2 3 5 -5 6 -7 -8 -9 9 -11 13 12 29 -15 -16 -17 -18 -19 20 -21 -22 22 23 24 25 -27 27 -29 -30 -31
leaf_value=-0.00017417745981647921 -0.00094437492567521996 0.00044753550068273924 1.1550152388949176e-06 0.00014799288500428028 0.00053955694223105008 -0.00044834273149414608 0.00013476183981836977 0.00053109784302149724 0.00033724748170277092 0.00095574374226998777 0.000765565752517432 -0.00090932759684855466 -0.00052384656702136119 -7.1578457904177329e-05 5.5370198699292243e-05 -0.0002220884778782622 1.3624268932153347e-05 -0.00055451289567984004 0.00041776360734797056 -0.0008076594589117638 -9.6146202037558515e-05 -0.0007230423364671879 -0.00015404332312755287 -0.0005252193290289142 -0.00095706825528328338 8.8825054878655538e-05 4.1174167369414744e-05 -0.00085019695794802505 0.00086395181395346296 -0.00013457813540497819
leaf_weight=68 20 310 2462 279 33 60 561 36 108 20 25 27 76 1330 818 198 553 58 54 37 103 30 20 72 27 172 90 22 20 311
leaf_count=68 20 310 2462 279 33 60 561 36 108 20 25 27 76 1330 818 198 553 58 54 37 103 30 20 72 27 172 90 22 20 311
internal_value=-2.62775e-08 3.25962e-05 -4.91388e-05 0.000305647 -5.5325e-06 -3.16098e-05 9.72216e-06 -1.12989e-05 -1.72142e-05 9.26165e-05 -4.57617e-05 -0.000197791 -0.000256565 -1.44883e-05 7.55357e-05 -0.000288353 6.65007e-05 -0.000191353 -0.000110959 -0.000362848 7.57855e-05 -2.30321e-05 -0.000154486 -0.000114163 -0.000163157 -7.93355e-05 -0.000274091 -0.000133917 0.000354954 -0.000211024
internal_weight=8000 4807 3193 589 4218 2975 3898 3337 3301 681 2620 447 414 2173 843 218 661 320 262 105 157 2915 453 423 383 311 139 112 40 387
internal_count=8000 4807 3193 589 4218 2975 3898 3337 3301 681 2620 447 414 2173 843 218 661 320 262 105 157 2915 453 423 383 311 139 112 40 387
cat_boundaries=0 1 2 3
cat_threshold=9 18 17
is_linear=0
shrinkage=0.05


Tree=134
num_leaves=31
num_cat=1
split_feature=16 6 8 8 7 8 7 8 8 7 8 8 7 5 3 4 4 7 8 2 2 18 18 6 10 11 18 0 11 8
split_gain=0.00497395 0.0136358 0.00895474 0.00791971 0.00871022 0.0249788 0.0124824 0.0152316 0.0102518 0.00850874 0.00781203 0.00728212 0.0070263 0.00610731 0.00527712 0.00472932 0.00572601 0.00466745 0.00446141 0.00437518 0.00435483 0.00607937 0.00640794 0.00539369 0.00614432 0.0054886 0.00503411 0.00482895 0.0111444 0.00593237
threshold=0 1.0000000180025095e-35 41.500000000000007 7.5000000000000009 41.500000000000007 23.500000000000004 21.500000000000004 13.500000000000002 15.500000000000002 31.500000000000004 27.500000000000004 32.500000000000007 26.500000000000004 1.5000000000000002 292.65000000000003 1.8116204430000005 2.265512583 16.500000000000004 3.5000000000000004 171.25000000000003 269.45000000000005 0.24974509113444512 0.63031447048920464 1.0000000180025095e-35 37985.000000000007 25632.300000000003 0.46684741355135223 16728.450000000001 12390.650000000001 15.500000000000002
decision_type=1 2 2 2 2 2 2 2 2 2 2 2 2 2 2 2 2 2 2 2 2 2 2 2 2 2 2 2 2 2
left_child=20 14 3 12 5 6 7 17 -6 -7 -11 -10 18 -8 15 -2 -17 -5 -3 -15 21 27 23 25 26 -23 -25 -1 29 -29
right_child=1 2 -4 4 8 9 13 -9 11 10 -12 -13 -14 19 -16 16 -18 -19 -20 -21 -22 22 -24 24 -26 -27 -28 28 -30 -31
leaf_value=-0.00017457179586067247 -0.00056914118641644663 -0.00047150474911440926 -0.0011059893729487577 -0.00043589920560771137 -0.00041746883688741651 -0.0013218308681892021 0.00031117309653549958 -0.00097872514488082777 0.00066731095383935077 0.00012941116001456978 -0.00079439349760962496 -9.099673897776e-05 -0.00068314562117545094 -0.00082918192228217686 0.00031466157037956036 0.00064324858960130129 9.6276206842933661e-07 0.00041618490798605814 6.9663752305239223e-05 0.00015709547265230315 -0.00011098549163998065 0.0001446088113512023 3.0786160559373813e-05 0.00046565577546061839 -6.702505569491121e-05 0.00093040279610684829 0.0011919279958580292 7.498706214628476e-05 -0.00022534987953857878 0.00058799947070768287
leaf_weight=347 36 69 26 25 49 44 233 59 97 34 70 47 120 22 139 35 4055 45 85 23 343 657 770 80 36 23 34 123 170 104
leaf_count=347 36 69 26 25 49 44 233 59 97 34 70 47 120 22 139 35 4055 45 85 23 343 657 770 80 36 23 34 123 170 104
internal_value=-2.38854e-08 -2.80614e-05 -0.000189653 -0.000166342 -8.21005e-05 -0.000182716 1.95592e-05 -0.00038693 0.000207235 -0.000738974 -0.00049238 0.000419808 -0.000396313 0.000208182 1.16452e-05 1.43689e-06 6.4591e-06 0.000111869 -0.000172808 -0.000325085 5.54146e-05 7.97642e-05 0.000134674 0.000231051 0.000502434 0.000171187 0.000682263 -3.83206e-05 8.07705e-05 0.000310024
internal_weight=8000 5313 1048 1022 748 555 407 129 193 148 104 144 274 278 4265 4126 4090 70 154 45 2687 2344 1600 830 150 680 114 744 397 227
internal_count=8000 5313 1048 1022 748 555 407 129 193 148 104 144 274 278 4265 4126 4090 70 154 45 2687 2344 1600 830 150 680 114 744 397 227
cat_boundaries=0 1
cat_threshold=2
is_linear=0
shrinkage=0.05


Tree=135
num_leaves=31
num_cat=1
split_feature=17 17 11 17 12 17 6 12 0 17 9 5 12 5 17 17 10 11 11 17 1 3 0 0 11 14 0 6 0 11
split_gain=0.00480625 0.00506759 0.0131565 0.0160335 0.00810052 0.01039 0.00911672 0.00780415 0.00750041 0.00683808 0.00611684 0.00819196 0.0084338 0.00708883 0.0065578 0.00778624 0.00538596 0.00485777 0.00485456 0.00822543 0.00462552 0.00456161 0.00451103 0.00520608 0.00447741 0.00452555 0.00507454 0.00503583 0.00483395 0.0061856
threshold=0.021982965649191166 0.7942348438680138 2561.5000000000005 0.69470703227798103 32344.5 0.58388251643627609 1.0000000180025095e-35 37237.750000000007 18252.550000000007 0.72113485673366695 0 3.5000000000000004 25392.200000000004 2.5000000000000004 0.66977587833452101 0.48256499697779121 38368.350000000013 7204.0500000000002 8480.6000000000004 0.57708328618108984 529.65000000000009 108.85000000000001 8634.5000000000018 10380.050000000001 4221.3500000000013 1.0000000180025095e-35 22507.850000000002 1.0000000180025095e-35 20377.200000000004 13776.650000000003
decision_type=2 2 2 2 2 2 2 2 2 2 1 2 2 2 2 2 2 2 2 2 2 2 2 2 2 2 2 2 2 2
left_child=-1 2 3 21 8 6 -6 24 10 -10 11 12 14 -12 15 -4 -13 -16 19 -17 -5 -2 -20 -24 -3 -26 28 -28 -27 -30
right_child=1 7 4 20 5 -7 -8 -9 9 -11 13 16 -14 -15 17 18 -18 -19 22 -21 -22 -23 23 -25 25 26 27 -29 29 -31
leaf_value=-0.00043158070649269576 -0.00062559671400537671 9.4543809435269929e-05 0.00020185802774094457 0.00087985900530396536 -0.00012894217208292246 0.00030577662963488758 -0.00081480241462517284 0.00062809032308657397 0.00078867189974213638 0.0001053520690497269 7.1869376737705051e-05 0.0003501860689341455 -9.5521782952947385e-05 -0.00029032905583456644 0.00055245388225144286 -0.00060942206648178403 0.0014720928724273109 -0.00028015283854518542 0.00027940776995628288 0.0007916081733128522 0.00015681963598498526 -0.00020764483103976998 0.0014691695071329983 0.00067478899648201404 -3.7671785195725983e-05 -0.00013744394945344098 -0.00021971680551304356 -0.00070839134039653643 -0.00012044474762940528 0.00098106711357831967
leaf_weight=64 76 529 455 37 271 112 59 44 78 69 1359 23 233 150 22 20 20 86 38 22 55 463 30 66 3075 165 262 66 26 25
leaf_count=64 76 529 455 37 271 112 59 44 78 69 1359 23 233 150 22 20 20 86 38 22 55 463 30 66 3075 165 262 66 26 25
internal_value=-2.26916e-08 3.45761e-06 4.57354e-05 -0.000162449 8.7934e-05 -0.000110339 -0.000251566 -3.4302e-05 0.000120744 0.00046793 0.000100524 0.000194733 0.000166775 3.56294e-05 0.000249475 0.000311095 0.000872003 -0.000110548 0.000593498 0.000124451 0.000447607 -0.000266577 0.000740512 0.000923033 -4.13283e-05 -6.11891e-05 -0.000194123 -0.000318048 -5.94045e-06 0.000419512
internal_weight=8000 7936 3744 631 3113 442 330 4192 2671 147 2524 1015 972 1509 739 631 43 108 176 42 92 539 134 96 4148 3619 544 328 216 51
internal_count=8000 7936 3744 631 3113 442 330 4192 2671 147 2524 1015 972 1509 739 631 43 108 176 42 92 539 134 96 4148 3619 544 328 216 51
cat_boundaries=0 1
cat_threshold=12
is_linear=0
shrinkage=0.05


Tree=136
num_leaves=31
num_cat=2
split_feature=15 5 16 6 8 8 8 7 10 7 8 7 13 13 13 8 2 18 18 6 18 15 0 11 8 13 3 16 12 4
split_gain=0.00466494 0.0145028 0.00483288 0.0103858 0.00875239 0.00734365 0.0072934 0.0233526 0.00638785 0.00559145 0.00573032 0.0052268 0.00510466 0.00569564 0.00552273 0.00476616 0.00467749 0.00443533 0.00582106 0.00588192 0.00678228 0.00627061 0.00472409 0.0100412 0.00728079 0.00634101 0.00439048 0.0043737 0.00435623 0.00430883
threshold=1.0000000180025095e-35 1.0000000180025095e-35 0 1.0000000180025095e-35 41.500000000000007 6.5000000000000009 24.500000000000004 41.500000000000007 34444.750000000007 21.500000000000004 10.500000000000002 32.500000000000007 76.870000000000019 28.815000000000001 33.955000000000005 35.500000000000007 269.45000000000005 0.24974509113444512 0.63031447048920464 1.0000000180025095e-35 0.35580768414922231 10.500000000000002 19098.250000000004 12390.650000000001 15.500000000000002 31.405000000000005 293.35000000000008 1 14061.150000000001 34.587485508000007
decision_type=2 2 1 2 2 2 2 2 2 2 2 2 2 2 2 2 2 2 2 2 2 2 2 2 2 2 2 1 2 2
left_child=1 -1 16 26 5 -5 8 11 12 -10 -11 -8 13 -7 -15 -9 17 22 19 -19 -21 -22 25 24 -24 -2 -4 -13 -25 -18
right_child=2 -3 3 4 -6 6 7 15 9 10 -12 27 -14 14 -16 -17 29 18 -20 20 21 -23 23 28 -26 -27 -28 -29 -30 -31
leaf_value=1.6354775101922973e-05 0.00058239055401043455 -0.00057566985657219231 8.3919152326483557e-06 -0.0003868030301295793 -0.001087214000930544 -0.00036154542776560528 -0.0012250918972616395 0.00053249569175442535 -0.00021810962274078827 -0.0001898235869399893 0.00054971477974483042 -0.00092779581512634959 -0.00057775975510594442 0.0009065270235407212 4.1482750183556504e-05 -0.00022095050587649307 5.3321708151967729e-05 0.00017209438489269429 3.8292985371928792e-05 0.00011207515180055787 0.0011542836392086778 0.0002465271598581846 8.4884187641443503e-05 0.00013659628940809328 0.00073709008634978098 -0.00018656603237232817 0.00031928465385788469 -0.00022136095934547487 -0.000434387343136825 -0.00031177489728515743
leaf_weight=381 29 142 3864 229 25 81 39 65 48 33 127 39 48 21 152 31 181 639 711 57 52 30 92 59 80 355 117 50 77 146
leaf_count=381 29 142 3864 229 25 81 39 65 48 33 127 39 48 21 152 31 181 639 711 57 52 30 92 59 80 355 117 50 77 146
internal_value=-2.15563e-08 -0.000144386 1.00764e-05 -1.84823e-05 -0.000163584 -0.000139606 -6.24834e-05 -0.000300303 4.19709e-05 0.000255194 0.000397185 -0.000742427 -0.000104885 -1.55226e-05 0.000146488 0.000289195 6.66586e-05 9.30985e-05 0.000141707 0.000236215 0.000530985 0.000822178 -1.14938e-05 0.000134376 0.000388236 -0.000128494 1.75289e-05 -0.000530922 -0.000186681 -0.000109688
internal_weight=8000 523 7477 4969 988 963 734 224 510 208 160 128 302 254 173 96 2508 2181 1489 778 139 82 692 308 172 384 3981 89 136 327
internal_count=8000 523 7477 4969 988 963 734 224 510 208 160 128 302 254 173 96 2508 2181 1489 778 139 82 692 308 172 384 3981 89 136 327
cat_boundaries=0 1 2
cat_threshold=2 1
is_linear=0
shrinkage=0.05


Tree=137
num_leaves=31
num_cat=1
split_feature=14 17 11 17 5 18 17 11 18 17 16 6 8 7 8 7 7 8 8 13 8 18 18 0 11 6 7 0 11 15
split_gain=0.00439509 0.00530563 0.0123136 0.0067719 0.00525635 0.0044313 0.00417083 0.0109304 0.00406779 0.00401261 0.00415699 0.0055408 0.00441123 0.00617696 0.00421826 0.00547965 0.00506917 0.0147696 0.00607415 0.00510818 0.00484857 0.00400892 0.00556632 0.00352482 0.00428342 0.00426484 0.00461742 0.00362294 0.00510278 0.00346288
threshold=1.0000000180025095e-35 0.30615432985855318 3635.2500000000005 0.84632518647917843 1.0000000180025095e-35 0.036328902848516524 0.72875291720038626 7640.8000000000011 0.97702354878043673 0.021982965649191166 0 1.0000000180025095e-35 30.500000000000004 43.500000000000007 6.5000000000000009 21.500000000000004 33.500000000000007 20.500000000000004 11.500000000000002 42.465000000000011 13.500000000000002 0.24556940183346032 0.63616077864417786 22507.850000000002 5937.6000000000013 1.0000000180025095e-35 27.500000000000004 19913.650000000005 13776.650000000003 9.5000000000000018
decision_type=2 2 2 2 2 2 2 2 2 2 1 2 2 2 2 2 2 2 2 2 2 2 2 2 2 2 2 2 2 2
left_child=5 2 29 4 6 -1 -3 -8 -4 -7 11 -11 14 -14 15 -13 17 19 -18 -16 -21 -6 -23 27 -25 -26 -27 -5 -29 -2
right_child=1 3 8 23 21 9 7 -9 -10 10 -12 12 13 -15 16 -17 18 -19 -20 20 -22 22 -24 24 25 26 -28 28 -30 -31
leaf_value=-0.00034549573981729783 -0.00063228926951220885 0.00014487588543307491 5.1789906062587202e-06 -0.00010513752881231758 -0.00077953853205227385 -0.00040935642674513575 0.0014368884872965283 2.5320413897134131e-05 -0.00062583740316386543 7.7850872682493091e-06 5.1403121782711041e-05 5.9483019564747032e-05 -0.0010944427703119192 -8.8018837812987548e-05 -0.00031720250721109359 -0.00064019434810049739 -0.00045942967623920631 -0.0010551707957907079 0.00038309732880963251 0.00073927620243331466 -0.00015168644940086569 0.000429460670986575 -0.00045605822532836883 7.8368359324733981e-05 -0.00022468923219303591 -0.00021049163338762744 -0.0010921627145955538 -0.00010700607933264611 0.00083096453902193202 -0.0014581714947284625
leaf_weight=84 30 211 145 146 22 54 24 32 31 1780 4440 45 30 31 47 74 27 39 103 37 26 36 35 88 243 27 33 29 29 22
leaf_count=84 30 211 145 146 22 54 24 32 31 1780 4440 45 30 31 47 74 27 39 103 37 26 36 35 88 243 27 33 29 29 22
internal_value=-2.04793e-08 -8.89842e-05 -0.000305695 -3.7246e-05 0.000133925 1.5418e-05 0.000246683 0.000630278 -0.000105966 1.99207e-05 2.33914e-05 -3.21565e-05 -0.00018705 -0.000582981 -0.000126367 -0.00037561 -2.00587e-05 -0.000219133 0.000208111 7.72805e-05 0.000371577 -0.000189799 -7.06273e-06 -0.000140812 -0.000228715 -0.000317901 -0.000695411 2.76702e-05 0.000361979 -0.000981701
internal_weight=8000 1183 228 955 360 6817 267 56 176 6733 6679 2239 459 61 398 119 279 149 130 110 63 93 71 595 391 303 60 204 58 52
internal_count=8000 1183 228 955 360 6817 267 56 176 6733 6679 2239 459 61 398 119 279 149 130 110 63 93 71 595 391 303 60 204 58 52
cat_boundaries=0 1
cat_threshold=1
is_linear=0
shrinkage=0.05


Tree=138
num_leaves=31
num_cat=1
split_feature=9 5 5 18 18 18 1 18 10 2 2 10 12 4 2 13 15 5 5 10 8 6 3 12 12 18 17 17 17 3
split_gain=0.00437496 0.0407391 0.0218325 0.00563866 0.00765452 0.00630822 0.00607707 0.00418408 0.00539481 0.00417334 0.00559535 0.00394371 0.00370802 0.00362411 0.00343459 0.00634411 0.00412223 0.0153887 0.0053098 0.00435743 0.00418025 0.00419798 0.00411003 0.00412169 0.00410873 0.00396306 0.00520922 0.00396158 0.00918156 0.00368296
threshold=0 2.5000000000000004 2.5000000000000004 0.11174711980731999 0.57544936865584873 0.36587586760759921 481.7000000000001 2.3871902695659606 31119.050000000003 174.65000000000001 201.35000000000005 34100.250000000007 28186.100000000002 20.737155996000002 90.050000000000011 75.085000000000022 1.5000000000000002 1.0000000180025095e-35 1.5000000000000002 23430.250000000004 41.500000000000007 1.0000000180025095e-35 190.35000000000005 27329.050000000007 28186.100000000002 0.19443243569079957 0.045281897694256314 0.99791470846124775 1.0119623549560466 88.450000000000017
decision_type=1 2 2 2 2 2 2 2 2 2 2 2 2 2 2 2 2 2 2 2 2 2 2 2 2 2 2 2 2 2
left_child=1 -1 14 -4 5 13 -6 9 -9 -8 -11 -7 -12 -5 15 22 17 -16 20 -20 25 -22 24 -24 -2 26 -18 -27 -29 -30
right_child=2 -3 3 4 6 11 7 8 -10 10 12 -13 -14 -15 16 -17 18 -19 19 -21 21 -23 23 -25 -26 27 -28 28 29 -31
leaf_value=-1.1494245809750591e-05 1.4909823743544299e-05 0.00081565125539881085 -0.00074329498969466219 -0.00015202071633784779 -0.0010557517079481235 0.0006112653201684183 -9.4625051407899079e-05 0.00063408734223974704 -0.00050054861712851568 -0.001368713251680934 -0.00030603194616943307 -3.5949174511747864e-05 -0.0010566349778812201 -0.00076517068456658833 -7.6621951516512243e-06 0.00079420378330994311 -0.00076523641549068057 -0.00064179969260549756 -0.00019386248720271897 0.00027893434678099156 -0.00013886049945512307 -0.00087743003192978597 0.00015779308299757901 0.00094155989179853347 -0.00076610244910365775 8.1007171359945946e-05 -5.9964414139425644e-05 -0.00097806874541856814 0.00051897438397645605 -2.38943403231436e-05
leaf_weight=1442 85 166 65 173 36 43 53 22 20 21 76 52 21 28 595 37 27 114 58 305 97 24 104 20 21 2054 864 25 32 1320
leaf_count=1442 85 166 65 173 36 43 53 22 20 21 76 52 21 28 595 37 27 114 58 305 97 24 104 20 21 2054 864 25 32 1320
internal_value=-1.94552e-08 7.34384e-05 -1.85847e-05 -0.000303111 -0.000250612 -7.87477e-05 -0.000454916 -0.000353366 9.37845e-05 -0.000463192 -0.000628735 0.000257001 -0.000468534 -0.000237435 1.14006e-05 0.000186541 2.92149e-06 -0.000109625 1.95248e-05 0.000203391 4.50264e-06 -0.000285354 8.87864e-05 0.000284207 -0.000139819 1.26175e-05 -8.13363e-05 3.70165e-05 -2.86021e-05 -1.10454e-05
internal_weight=8000 1608 6392 610 545 296 249 213 42 171 118 95 97 201 5782 267 5515 709 4806 363 4443 121 230 124 106 4322 891 3431 1377 1352
internal_count=8000 1608 6392 610 545 296 249 213 42 171 118 95 97 201 5782 267 5515 709 4806 363 4443 121 230 124 106 4322 891 3431 1377 1352
cat_boundaries=0 1
cat_threshold=8
is_linear=0
shrinkage=0.05


Tree=139
num_leaves=31
num_cat=1
split_feature=11 17 17 12 17 9 0 12 1 8 17 11 5 7 17 17 11 11 11 5 7 4 17 8 4 10 14 4 18 18
split_gain=0.00427489 0.0125923 0.00768252 0.008813 0.0207157 0.00672265 0.00673775 0.00592936 0.00590184 0.00728827 0.00546588 0.00552948 0.0048984 0.00504766 0.00483357 0.00780361 0.00873672 0.00546263 0.00470539 0.00512976 0.00463604 0.00537481 0.00455363 0.00436965 0.00656295 0.00434705 0.00393095 0.00389005 0.00388123 0.00488247
threshold=1403.8000000000002 0.59943322120283349 0.78905806679610013 25506.050000000007 0.63534852012036591 0 16229.750000000002 37237.750000000007 687.40000000000009 9.5000000000000018 0.71446914141971474 10355.250000000002 2.5000000000000004 37.500000000000007 0.66977587833452101 0.48256499697779121 4929.9500000000016 7204.0500000000002 23694.250000000004 1.5000000000000002 21.500000000000004 15.242243172500002 0.039834760935836162 17.500000000000004 18.445827204500002 20962.300000000003 1.0000000180025095e-35 56.051572480000011 1.0143714325205082 0.33279688034907862
decision_type=2 2 2 2 2 1 2 2 2 2 2 2 2 2 2 2 2 2 2 2 2 2 2 2 2 2 2 2 2 2
left_child=1 20 3 5 22 14 10 -4 9 -3 12 -12 25 -14 15 18 -17 -16 19 27 21 -1 -5 -18 -25 -7 -22 -2 29 -24
right_child=2 8 7 4 -6 6 -8 -9 -10 -11 11 -13 13 -15 17 16 23 -19 -20 -21 26 -23 28 24 -26 -27 -28 -29 -30 -31
leaf_value=-0.0014298538942100658 0.00011281239925987957 -0.00022686139580820543 -4.2601736855690181e-05 -0.00056772515521775601 0.00037252843116521682 0.00062320106831305713 0.00063606078983866618 0.00060194277086540954 -0.00013616877329768615 0.00059009883036276656 0.00022248486740863882 -0.00060226598362778398 -0.00050196815205304625 0.00018267408356836693 0.00057999053323227502 -0.00042414102059410656 0.00046098364412556505 -0.00022595768886324213 0.00067288969117014312 0.00054010949460317156 -0.00020876841435990654 -0.00036330533901626181 -0.00017836761279619142 0.00039974073452564581 0.0013588067515890791 7.7851717621644587e-05 -0.00090166975025330557 -0.0005441810631358142 -0.00028829298073459884 6.6123782157061995e-05
leaf_weight=21 368 39 4032 56 254 38 48 36 125 91 30 63 72 43 27 20 98 95 46 69 186 27 402 30 44 952 23 24 226 415
leaf_count=21 368 39 4032 56 254 38 48 36 125 91 30 63 72 43 27 20 98 95 46 69 186 27 402 30 44 952 23 24 226 415
internal_value=-1.84823e-08 -0.000139795 9.53891e-06 6.47742e-05 -3.44324e-05 0.000129712 5.47551e-05 -3.68978e-05 0.000109138 0.000345011 3.19212e-05 -0.000336217 6.29048e-05 -0.000245971 0.000239882 0.000293488 0.000564965 -4.75921e-05 0.000190681 0.000142564 -0.000386792 -0.00082992 -0.000128489 0.000679977 0.000969996 9.87843e-05 -0.000285021 7.25883e-05 -0.000104906 -5.41768e-05
internal_weight=8000 512 7488 3420 1353 2067 1246 4068 255 130 1198 93 1105 115 821 699 192 122 507 461 257 48 1099 172 74 990 209 392 1043 817
internal_count=8000 512 7488 3420 1353 2067 1246 4068 255 130 1198 93 1105 115 821 699 192 122 507 461 257 48 1099 172 74 990 209 392 1043 817
cat_boundaries=0 1
cat_threshold=12
is_linear=0
shrinkage=0.05


Tree=140
num_leaves=31
num_cat=1
split_feature=18 18 11 15 18 15 12 7 18 3 6 17 8 4 18 9 2 12 7 8 3 7 15 12 8 7 8 0 2 18
split_gain=0.00411869 0.0190447 0.00432716 0.00398643 0.00395175 0.00379798 0.00373569 0.00376151 0.00328251 0.00513869 0.00414345 0.00632896 0.0063248 0.0051979 0.00461671 0.00537051 0.00435066 0.00418522 0.00410233 0.00892582 0.00401366 0.0037642 0.00350678 0.00577753 0.00376173 0.00357107 0.0033845 0.00326073 0.00316578 0.00306013
threshold=0.55499479269136909 0.46684741355135223 1566.8500000000001 1.0000000180025095e-35 0.025361332481474364 12.500000000000002 38336.600000000013 15.500000000000002 0.36313207504659589 288.65000000000003 1.0000000180025095e-35 0.087851312719020233 32.500000000000007 7.9525665760000015 0.32086686961268079 0 125.55000000000001 11411.550000000001 34.500000000000007 14.500000000000002 208.85000000000005 43.500000000000007 6.5000000000000009 15879.000000000002 13.500000000000002 23.500000000000004 9.5000000000000018 4938.2000000000007 203.45000000000002 0.51550355267716219
decision_type=2 2 2 2 2 2 2 2 2 2 2 2 2 2 2 1 2 2 2 2 2 2 2 2 2 2 2 2 2 2
left_child=1 4 3 -2 -1 8 7 -4 10 27 -6 -12 13 20 15 16 -15 -17 19 26 22 -14 23 -13 25 -24 -19 28 -10 -3
right_child=2 29 6 -5 5 -7 -8 -9 9 -11 11 12 21 14 -16 17 -18 18 -20 -21 -22 -23 24 -25 -26 -27 -28 -29 -30 -31
leaf_value=-0.00055923436918874363 -0.00091156186137509177 0.00041389354996593486 0.00029668976516964346 -0.00018774435256730586 -1.4031685171953071e-05 0.00011495385379172755 -0.00041830571092608206 -2.9810363262877357e-05 0.00057570534861750078 0.00086701424268539992 -0.00083529322944355744 -0.0012259563126672921 -0.0010745649340186412 0.00092478300568707775 -0.00044754078538971953 0.00062609799129859317 0.0002177787432766022 -0.00020798622101713765 0.00025807590980548412 -0.00091474795511040173 0.00019831809331662955 -0.00021528513391967866 5.6470974595868031e-05 -0.00032654938006185393 0.00032110701556250989 -0.00086666849970656174 0.00054343189218674195 4.7676582417639489e-06 3.6759395258162515e-05 0.00016908040083113261
leaf_weight=32 21 310 91 202 2309 600 60 2881 54 20 33 26 26 31 40 20 73 47 45 39 36 25 20 57 28 22 22 558 55 217
leaf_count=32 21 310 91 202 2309 600 60 2881 54 20 33 26 26 31 40 20 73 47 45 39 36 25 20 57 28 22 22 558 55 217
internal_value=-1.75579e-08 2.96965e-05 -4.33335e-05 -0.000255907 -5.71065e-06 -1.47922e-06 -2.7699e-05 -1.98132e-05 -2.09605e-05 7.73079e-05 -4.4248e-05 -0.000162501 -0.000122641 -6.91505e-05 5.45894e-05 0.000127099 0.000390931 -5.11456e-05 -0.000143017 -0.000310139 -0.000276693 -0.000653349 -0.000388461 -0.000608291 -0.000127804 -0.000427078 3.15964e-05 5.36285e-05 0.00030376 0.000313088
internal_weight=8000 4745 3255 223 4218 4186 3032 2972 3586 687 2899 590 557 506 317 277 104 173 153 108 189 51 153 83 70 42 69 667 109 527
internal_count=8000 4745 3255 223 4218 4186 3032 2972 3586 687 2899 590 557 506 317 277 104 173 153 108 189 51 153 83 70 42 69 667 109 527
cat_boundaries=0 1
cat_threshold=9
is_linear=0
shrinkage=0.05


Tree=141
num_leaves=31
num_cat=1
split_feature=15 5 16 6 8 8 7 8 8 7 3 8 8 7 11 7 17 2 2 12 8 1 17 6 8 8 7 8 7 8
split_gain=0.00382753 0.0119455 0.00407792 0.00852989 0.00733802 0.00624042 0.0067823 0.0209327 0.00787744 0.0134446 0.00735254 0.00656301 0.00919191 0.00581982 0.00530878 0.00459031 0.00420306 0.00433837 0.00415656 0.00386425 0.00452492 0.00413927 0.00394813 0.00392459 0.00542415 0.00797199 0.00486915 0.0122153 0.00454405 0.00452436
threshold=1.0000000180025095e-35 1.0000000180025095e-35 0 1.0000000180025095e-35 41.500000000000007 7.5000000000000009 35.500000000000007 14.500000000000002 24.500000000000004 28.500000000000004 149.25000000000003 11.500000000000002 33.500000000000007 34.500000000000007 10274.750000000002 44.500000000000007 0.24323589358183259 137.05000000000004 269.45000000000005 10041.050000000003 28.500000000000004 154.80000000000004 1.1649203019140837 1.0000000180025095e-35 28.500000000000004 6.5000000000000009 28.500000000000004 16.500000000000004 23.500000000000004 12.500000000000002
decision_type=2 2 1 2 2 2 2 2 2 2 2 2 2 2 2 2 2 2 2 2 2 2 2 2 2 2 2 2 2 2
left_child=1 -1 18 -4 5 13 7 10 9 -9 -7 -8 -13 -5 -10 -14 -12 -18 19 20 -2 22 -21 -23 25 28 27 -27 -25 -28
right_child=2 -3 3 4 -6 6 11 8 14 -11 16 12 15 -15 -16 -17 17 -19 -20 21 -22 23 -24 24 -26 26 29 -29 -30 -31
leaf_value=1.5098990831940296e-05 0.00046735237056450192 -0.00052219989656677307 1.5532194879248829e-05 -0.00020483127865307513 -0.00099431811436079438 -0.00031696329745252368 -0.00050962964242726974 -0.0006535852877491647 -0.00060333127422429814 0.00033429168365553498 -0.00016759626276958127 0.00036006056983131179 -0.00061038323315601298 -0.00076441154675701347 -0.0015305430941785186 0.00020855666880379431 8.6388372637884471e-05 0.00081155274193875056 -0.00010513145047248105 -1.577429836718263e-05 -0.00033080077666367984 5.2596737773370502e-05 -0.00060183998499442604 0.00030002165419448703 -0.00020979102630698092 0.00071547119349611894 0.00016169818179950006 -0.00047038948724571712 -0.00041212211820796556 0.00083687499442021375
leaf_weight=381 115 142 3981 195 25 44 37 102 38 52 23 217 44 61 26 28 30 66 327 91 21 1543 42 42 58 49 33 39 48 100
leaf_count=381 115 142 3981 195 25 44 37 102 38 52 23 217 44 61 26 28 30 66 327 91 21 1543 42 42 58 49 33 39 48 100
internal_value=-1.66801e-08 -0.000130783 9.13016e-06 -1.71033e-05 -0.000148603 -0.000126648 -5.00575e-05 -0.000193308 -0.000513776 -0.000320016 0.000235295 0.000117361 0.000197633 -0.000338169 -0.000980011 -0.000291907 0.000439491 0.000584939 6.11054e-05 8.60295e-05 0.000344108 6.88663e-05 -0.000200848 8.76278e-05 0.000234113 0.000316899 0.000478445 0.000189919 -7.97884e-05 0.00066935
internal_weight=8000 523 7477 4969 988 963 707 381 218 154 163 326 289 256 64 72 119 96 2508 2181 136 2045 133 1912 369 311 221 88 90 133
internal_count=8000 523 7477 4969 988 963 707 381 218 154 163 326 289 256 64 72 119 96 2508 2181 136 2045 133 1912 369 311 221 88 90 133
cat_boundaries=0 1
cat_threshold=2
is_linear=0
shrinkage=0.05


Tree=142
num_leaves=31
num_cat=2
split_feature=9 5 5 9 2 8 8 3 17 18 3 1 0 4 18 12 17 0 3 10 12 2 17 0 13 2 3 15 4 17
split_gain=0.00384787 0.0163832 0.00882025 0.0284108 0.00618599 0.00885154 0.00893387 0.00561884 0.00540477 0.00479544 0.00462729 0.00518462 0.00397976 0.00396863 0.0067674 0.00472731 0.00612344 0.0067751 0.00457761 0.00454231 0.00650268 0.00704284 0.00570166 0.0104827 0.00706805 0.0070366 0.00436744 0.00426477 0.00425192 0.00388562
threshold=0 2.5000000000000004 2.5000000000000004 1 89.15000000000002 19.500000000000004 16.500000000000004 102.05000000000001 0.076332128674922686 0.074785854985898695 246.05000000000004 562.85000000000002 7723.6000000000013 12.792841215000001 0.55499479269136909 26352.300000000003 0.64976072050391498 32751.550000000003 259.65000000000003 33893.500000000007 27329.050000000007 143.05000000000004 0.70000079233807921 16979.750000000004 31.405000000000005 213.55000000000004 274.35000000000008 12.500000000000002 10.988259411 0.52783569895436999
decision_type=1 2 2 1 2 2 2 2 2 2 2 2 2 2 2 2 2 2 2 2 2 2 2 2 2 2 2 2 2 2
left_child=2 4 13 -4 5 6 -2 -5 -3 -10 12 -12 -11 28 15 16 26 -18 -17 -16 22 -22 24 -24 25 -21 -15 -25 -1 -23
right_child=1 8 3 7 -6 -7 -8 -9 9 10 11 -13 -14 14 19 18 17 -19 -20 20 21 29 23 27 -26 -27 -28 -29 -30 -31
leaf_value=-2.1965671000015083e-05 0.00030384476464220188 -0.001032422905554995 0.00072497843224048422 -0.00088288202160038064 -1.1804956551360992e-05 -0.00021837660026522506 0.0013362341897915871 -7.0407447522999471e-05 -0.0010118336122970852 0.00026781565575933488 -0.00092632370670293722 -0.00021885029129974058 -0.00021871850812961053 0.00055069536116375247 -0.00012550957462856768 -0.0001300937791345803 6.7040544910180436e-05 0.00081323533703460166 0.00047003012709625949 0.0015015989035385214 -0.0009778530250927858 -0.00025387949889816186 -0.0008433145807228156 0.00033849835792410427 0.00012346016118061488 0.00034915189272186791 -0.00016906528571780655 -0.00043113121078238782 -0.00030601097405221335 0.00021238907587504339
leaf_weight=793 108 25 166 25 4180 62 26 143 21 51 45 61 239 173 564 194 389 33 38 27 22 93 27 126 54 26 24 21 158 86
leaf_count=793 108 25 166 25 4180 62 26 143 21 51 45 61 239 173 564 194 389 33 38 27 22 93 27 126 54 26 24 21 158 86
internal_value=-1.58464e-08 -2.81763e-05 4.25779e-05 0.000285796 1.06793e-06 0.000275602 0.000504159 -0.000180564 -0.000318345 -0.000275535 -0.000236489 -0.000519193 -0.000133156 1.42039e-05 5.59943e-05 0.000160695 0.00023284 0.000125392 -3.17976e-05 -2.91874e-05 8.35216e-05 -0.000133622 0.000238845 6.22273e-05 0.000526056 0.000936248 0.000463009 0.000228551 -6.91572e-05 -2.98622e-05
internal_weight=8000 4818 3182 334 4376 196 134 168 442 417 396 106 290 2848 1897 851 619 422 232 1046 482 201 281 174 107 53 197 147 951 179
internal_count=8000 4818 3182 334 4376 196 134 168 442 417 396 106 290 2848 1897 851 619 422 232 1046 482 201 281 174 107 53 197 147 951 179
cat_boundaries=0 1 2
cat_threshold=12 8
is_linear=0
shrinkage=0.05


Tree=143
num_leaves=31
num_cat=2
split_feature=14 0 12 16 6 18 8 7 8 3 13 11 7 17 17 9 1 10 10 12 17 10 15 18 17 12 8 3 18 13
split_gain=0.00380113 0.00463627 0.00587053 0.00354225 0.00557248 0.0043565 0.00375307 0.0106154 0.00391983 0.00469743 0.00428833 0.00363601 0.00351334 0.00344043 0.00334043 0.0041252 0.00477372 0.00424332 0.00430083 0.00421801 0.010806 0.005275 0.00434595 0.0039023 0.00355555 0.00332712 0.00315991 0.00307776 0.00407228 0.00518307
threshold=1.0000000180025095e-35 2535.1500000000005 15211.400000000001 0 1.0000000180025095e-35 0.13628066856003765 22.500000000000004 43.500000000000007 6.5000000000000009 178.15000000000001 41.740000000000002 11905.800000000001 36.500000000000007 0.033413420829973291 1.1917029111941428 1 1126.7500000000002 33720.900000000009 24775.650000000005 23116.600000000002 0.59943322120283349 35655.80000000001 4.5000000000000009 0.53127385025971419 0.82562733323852233 21024.600000000002 31.500000000000004 256.15000000000003 2.4809431034810037 9.3150000000000031
decision_type=2 2 2 1 2 2 2 2 2 2 2 2 2 2 2 1 2 2 2 2 2 2 2 2 2 2 2 2 2 2
left_child=3 2 -2 4 27 -6 8 -8 9 -7 -10 -11 -4 25 15 19 17 18 23 21 -21 22 -3 -17 -22 -5 -9 28 29 -1
right_child=1 14 12 13 5 6 7 26 10 11 -12 -13 -14 -15 -16 16 -18 -19 -20 20 24 -23 -24 -25 -26 -27 -28 -29 -30 -31
leaf_value=0.00049889547602409337 0.00033106977585703137 0.00061524778590721428 -0.00093960024980067219 0.00017613157878468673 -0.00056620518607263827 0.00012897744520337366 -0.00075630827205064375 0.00069396720617078246 -0.00013209582851535137 -0.00023643660309192327 0.00034430019079609926 -0.0010259404401294888 -0.00022755638642896279 4.5724383416383371e-05 -0.00016915263273813253 -0.00029939680243842306 -0.00065619211024621862 0.00010602612404510769 -0.00038054817941585617 -0.00050555509842524775 0.00078020917499088682 0.00091087360280763484 -5.2356107656070146e-05 0.00066560631122146419 7.3103165632346646e-05 -0.00051441523018578639 -0.00014199139281677512 0.00013121782542542675 -0.0004165299145880944 -3.0035537210558305e-05
leaf_weight=48 20 38 41 26 66 41 70 20 96 35 93 25 30 4459 400 20 34 219 122 64 32 33 68 22 40 53 26 374 65 1320
leaf_count=48 20 38 41 26 66 41 70 20 96 35 93 25 30 4459 400 20 34 219 122 64 32 33 68 22 40 53 26 374 65 1320
internal_value=3.02577e-08 -8.27041e-05 -0.000425592 1.43877e-05 -3.64719e-05 -0.00018945 -0.000128204 -0.000368569 -3.20586e-05 -0.000283522 0.000102321 -0.000565397 -0.000638737 3.99296e-05 -5.41301e-05 1.2357e-05 -8.63285e-05 -3.79941e-05 -0.000230314 0.000159345 -3.28287e-05 0.000358835 0.000186974 0.000206081 0.000387373 -0.000287147 0.000221469 3.48705e-06 -2.98495e-05 -1.14766e-05
internal_weight=8000 1183 91 6817 2279 472 406 116 290 101 189 60 71 4538 1092 692 417 383 164 275 136 139 106 42 72 79 46 1807 1433 1368
internal_count=8000 1183 91 6817 2279 472 406 116 290 101 189 60 71 4538 1092 692 417 383 164 275 136 139 106 42 72 79 46 1807 1433 1368
cat_boundaries=0 1 2
cat_threshold=1 12
is_linear=0
shrinkage=0.05


Tree=144
num_leaves=31
num_cat=0
split_feature=18 18 18 11 17 12 10 1 18 7 0 15 12 0 17 0 0 12 17 2 1 0 4 10 12 4 2 12 12 18
split_gain=0.00358622 0.0149055 0.00423522 0.00373706 0.00371626 0.00428477 0.00424722 0.00353056 0.00346527 0.00345845 0.00377754 0.00339704 0.00337962 0.00767283 0.00539544 0.0121306 0.00530894 0.00527242 0.00470231 0.00413613 0.00411572 0.00380877 0.00393445 0.00359917 0.00337606 0.00465246 0.00341594 0.00336996 0.00550781 0.00370683
threshold=0.5686526807578941 0.46684741355135223 0.51550355267716219 1566.8500000000001 0.46242758077690699 19473.850000000002 31654.350000000002 646.95000000000016 0.025361332481474364 21.500000000000004 4135.6500000000005 12.500000000000002 33137.650000000001 21591.050000000003 0.7562164913974293 14685.100000000002 17119.350000000002 23116.600000000002 0.69470703227798103 208.55000000000004 378.35000000000008 7962.5500000000002 12.271151305000002 32059.700000000004 13332.200000000003 35.13051157200001 185.70000000000002 14670.750000000002 11735.050000000005 0.49143065502091576
decision_type=2 2 2 2 2 2 2 2 2 2 2 2 2 2 2 2 2 2 2 2 2 2 2 2 2 2 2 2 2 2
left_child=1 8 27 9 5 -4 7 -6 -1 -2 -11 -10 14 -14 15 17 23 18 20 -15 -5 22 -22 -16 25 -24 -26 28 -3 -29
right_child=3 2 4 12 6 -7 -8 -9 11 10 -12 -13 13 19 16 -17 -18 -19 -20 -21 21 -23 24 -25 26 -27 -28 29 -30 -31
leaf_value=-0.00052392281663742328 -0.00065465948951985015 0.00027762534197844457 0.00098866946038628093 -0.00032554469690559078 0.00060967870384430218 0.00017374363517403793 -0.00023927560904794324 1.2527728331790546e-05 -2.0050450670221332e-05 -0.0006894654291466362 -4.7023520533305905e-05 0.00010848983481476656 -0.00045397947027123778 -0.00022848588834878888 -0.00015490791795529286 0.00048298929410894067 -2.6651176025217517e-05 -0.00016001197726302687 -0.00045708368500502709 0.00042056910196724523 0.00076191530773940031 0.00036842518893764989 -3.7455691751717871e-05 -0.00055030740328174371 0.00022352151232553298 0.00063188343495767195 -0.0001656561193834437 0.00010223604735867226 0.0012071254559608254 0.00049087926043059219
leaf_weight=32 41 34 23 47 38 54 93 71 3586 27 150 600 135 45 212 156 1341 315 37 54 20 159 54 79 80 50 191 117 30 129
leaf_count=32 41 34 23 47 38 54 93 71 3586 27 150 600 135 45 212 156 1341 315 37 54 20 159 54 79 80 50 191 117 30 129
internal_value=2.87444e-08 2.73126e-05 0.000262927 -4.10466e-05 0.000121599 0.000417163 8.9338e-06 0.000220709 -5.58856e-06 -0.000240872 -0.000145023 -1.62614e-06 -2.64039e-05 -0.000208796 -1.0833e-05 7.42658e-05 -6.86605e-05 7.36034e-06 8.99971e-05 0.000125544 0.000123678 0.000161789 7.86108e-05 -0.00026225 4.21679e-05 0.000284342 -5.07697e-05 0.000390123 0.000713329 0.000306037
internal_weight=8000 4807 589 3193 279 77 202 109 4218 218 177 4186 2975 234 2741 1109 1632 953 638 99 601 554 395 291 375 104 271 310 64 246
internal_count=8000 4807 589 3193 279 77 202 109 4218 218 177 4186 2975 234 2741 1109 1632 953 638 99 601 554 395 291 375 104 271 310 64 246
is_linear=0
shrinkage=0.05


Tree=145
num_leaves=31
num_cat=1
split_feature=15 5 5 13 18 7 10 3 2 8 17 17 6 13 11 0 12 17 2 0 10 12 2 18 14 17 11 5 9 5
split_gain=0.00352159 0.0125662 0.00445042 0.0039387 0.00392693 0.00365273 0.00371109 0.00544979 0.00417963 0.00356395 0.00327855 0.00322467 0.00358328 0.00329633 0.00458159 0.00306134 0.005268 0.00748343 0.00446731 0.00328642 0.00298845 0.00295225 0.00451232 0.00270121 0.0026133 0.00412977 0.00773835 0.00353061 0.0106265 0.00819432
threshold=2.5000000000000004 1.0000000180025095e-35 1.5000000000000002 25.365000000000006 0.24556940183346032 43.500000000000007 27002.250000000004 145.95000000000002 201.35000000000005 16.500000000000004 0.015431305624332757 0.89256147247223883 1.0000000180025095e-35 19.805000000000003 23477.750000000004 11050.300000000001 19007.750000000004 0.66977587833452101 172.95000000000002 6441.1000000000013 23636.100000000002 11634.1 132.75000000000003 0.025361332481474364 1.0000000180025095e-35 0.30615432985855318 1802.6500000000003 1.0000000180025095e-35 0 2.5000000000000004
decision_type=2 2 2 2 2 2 2 2 2 2 2 2 2 2 2 2 2 2 2 2 2 2 2 2 2 2 2 2 1 2
left_child=1 11 3 -3 -5 6 9 -8 -9 -4 -2 15 13 -13 -15 16 17 18 -1 -20 -17 -14 -23 -12 27 26 -26 -25 -29 -30
right_child=10 2 5 4 -6 -7 7 8 -10 -11 23 12 21 14 -16 20 -18 -19 19 -21 -22 22 -24 24 25 -27 -28 28 29 -31
leaf_value=0.00067709173683890532 -0.00053315363779633861 -0.0010966861665320513 0.00035694377076799503 -0.0008059725964267273 -0.00018330665020387286 0.00019897555279645271 3.6437278986736406e-05 -0.00035384235374980657 -0.0010019812873603466 -0.00040692461502308457 -0.00049972615018486978 -0.00030652045285023633 -0.00085569636483507402 4.6786942495545241e-06 0.00076438605181118916 0.0007878560977544459 -0.0001734182069723341 -0.00062625287303134155 -0.00011097220857746752 0.00059025355270326445 0.00016777331074431111 0.00035458521835971625 -0.00045790168180785798 1.1631134967355854e-05 -0.0011780799519675342 -6.395167778671919e-06 -0.00015286267557315804 0.00038674005413057204 0.00014320407383007556 -0.00014608971937607319
leaf_weight=59 27 26 37 40 69 49 46 61 42 26 25 80 22 361 21 21 205 23 55 24 260 25 54 4132 21 745 149 258 641 396
leaf_count=59 27 26 37 40 69 49 46 61 42 26 25 80 22 361 21 21 205 23 55 24 260 25 54 4132 21 745 149 258 641 396
internal_value=2.73073e-08 -6.61651e-05 -0.000310646 -0.00054371 -0.000411808 -0.000190095 -0.000280022 -0.00041605 -0.000618132 4.16965e-05 1.6653e-05 1.38468e-05 -7.36552e-05 -1.46765e-05 4.64427e-05 8.99884e-05 -5.31017e-06 0.00020874 0.000347906 0.000102058 0.000214114 -0.000343439 -0.000200786 1.89846e-05 2.10293e-05 -5.71373e-05 -0.000279507 3.42083e-05 0.000106246 3.24186e-05
internal_weight=8000 1606 396 135 109 261 212 149 103 63 6394 1210 563 462 382 647 366 161 138 79 281 101 79 6367 6342 915 170 5427 1295 1037
internal_count=8000 1606 396 135 109 261 212 149 103 63 6394 1210 563 462 382 647 366 161 138 79 281 101 79 6367 6342 915 170 5427 1295 1037
cat_boundaries=0 1
cat_threshold=8
is_linear=0
shrinkage=0.05


Tree=146
num_leaves=31
num_cat=2
split_feature=15 5 3 16 16 6 8 8 17 8 7 13 12 12 7 3 12 3 17 4 4 1 11 11 8 13 2 4 12 7
split_gain=0.00328503 0.00973528 0.00354714 0.00364266 0.00344849 0.00712512 0.00658537 0.00550514 0.00411244 0.00395578 0.0167953 0.0063921 0.00534393 0.00430603 0.00412362 0.00385197 0.00380689 0.00370505 0.00353328 0.00320705 0.00424378 0.00318423 0.00316677 0.00315244 0.00306181 0.00305577 0.00305147 0.00434722 0.00447636 0.00433321
threshold=1.0000000180025095e-35 1.0000000180025095e-35 122.65000000000002 0 1 1.0000000180025095e-35 41.500000000000007 3.5000000000000004 0.052026372957078439 24.500000000000004 41.500000000000007 76.870000000000019 28672.100000000002 14971.100000000002 31.500000000000004 279.35000000000008 9921.1000000000022 293.35000000000008 1.252805844627795 1.8116204430000005 2.265512583 618.6500000000002 13230.850000000002 14395.800000000001 35.500000000000007 72.285000000000011 269.45000000000005 36.670986727000006 15460.950000000003 26.500000000000004
decision_type=2 2 2 1 1 2 2 2 2 2 2 2 2 2 2 2 2 2 2 2 2 2 2 2 2 2 2 2 2 2
left_child=1 -1 -3 -4 16 17 7 -7 -9 11 14 15 13 -13 -11 18 22 19 -10 -6 -21 -17 -2 -15 -12 -19 -18 -28 -29 -30
right_child=4 2 3 -5 5 6 -8 8 9 10 24 12 -14 23 -16 21 26 25 -20 20 -22 -23 -24 -25 -26 -27 27 28 29 -31
leaf_value=1.0601311388865982e-05 0.00084718462464440127 8.4000664840762815e-06 -0.0010180961175744112 -0.00040753379607370963 -0.00047763052365660456 -0.0004531178772221015 -0.00093695503805065524 -0.00071798581921029842 0.00022253878667230173 -0.0011098029108325136 0.0004619463638846355 -6.2580580124631534e-05 0.00032569056467922488 -0.0011332572697410211 -0.00044992081349726627 0.00015366757553155451 6.366788613155851e-05 0.00016162122410996843 -7.966261243166255e-05 0.00058351483776277748 5.2944626717412365e-06 -0.00062291097516814877 0.00020448963925287977 -0.00032809678348712625 -0.00015736845129265869 0.00079443580472495032 5.1233238949647275e-05 -0.00091272777331491504 -0.00064051399788107074 4.9137547271591076e-05
leaf_weight=381 23 30 36 76 34 107 25 24 318 32 64 30 23 31 91 22 2055 93 139 32 3798 33 115 20 29 24 186 26 34 69
leaf_count=381 23 30 36 76 34 107 25 24 318 32 64 30 23 31 91 22 2055 93 139 32 3798 33 115 20 29 24 186 26 34 69
internal_value=5.01131e-08 -0.000121095 -0.000474451 -0.000603786 8.52398e-06 -1.56001e-05 -0.000135785 -0.000114986 -7.27195e-05 -5.4106e-05 -0.00023822 1.04536e-05 -0.000346918 -0.000537905 -0.000621597 8.30446e-05 5.632e-05 1.42272e-05 0.000130622 5.8337e-06 1.01255e-05 -0.00031228 0.000311605 -0.000817508 0.000268827 0.000291429 4.14553e-05 -0.000103456 -0.000326495 -0.000178514
internal_weight=8000 523 142 112 7477 4969 988 963 856 832 216 616 104 81 123 512 2508 3981 457 3864 3830 55 138 51 93 117 2370 315 129 103
internal_count=8000 523 142 112 7477 4969 988 963 856 832 216 616 104 81 123 512 2508 3981 457 3864 3830 55 138 51 93 117 2370 315 129 103
cat_boundaries=0 1 2
cat_threshold=1 2
is_linear=0
shrinkage=0.05


Tree=147
num_leaves=31
num_cat=4
split_feature=9 5 5 9 2 8 8 3 0 1 18 18 18 18 6 16 13 13 15 5 7 16 11 12 7 13 17 17 15 11
split_gain=0.00324461 0.013779 0.00795191 0.0245644 0.00563504 0.00792697 0.00815861 0.00506732 0.00466975 0.00389448 0.0035372 0.00411669 0.00530472 0.00489631 0.00478013 0.00418057 0.00396883 0.00512604 0.00351122 0.00776796 0.0034853 0.00348303 0.00481813 0.00405906 0.00344235 0.00339414 0.00335086 0.00606139 0.00407109 0.00332127
threshold=0 2.5000000000000004 2.5000000000000004 1 89.15000000000002 19.500000000000004 16.500000000000004 102.05000000000001 2000.0000000000002 1183.6500000000003 0.074785854985898695 0.57544936865584873 2.3039733850440878 0.40384732624045544 1.0000000180025095e-35 2 59.995000000000012 72.575000000000003 1.0000000180025095e-35 1.0000000180025095e-35 30.500000000000004 3 700.1500000000002 36564.900000000001 40.500000000000007 37.555000000000007 0.1990450984553743 0.89256147247223883 3.5000000000000004 21215.250000000004
decision_type=1 2 2 1 2 2 2 2 2 2 2 2 2 2 2 1 2 2 2 2 2 1 2 2 2 2 2 2 2 2
left_child=2 4 9 26 5 6 -2 -5 -3 29 -10 13 14 16 -13 -15 -12 -18 19 -6 -19 22 -20 -24 -7 -25 -4 -28 -29 -1
right_child=1 8 3 7 18 24 -8 -9 10 -11 11 12 -14 15 -16 -17 17 20 21 -21 -22 -23 23 25 -26 -27 27 28 -30 -31
leaf_value=-1.4505124983801084e-05 0.00028789671247337809 -0.0008736520575894247 0.00014450288726948203 -0.00083045597909949724 -5.8666903347614943e-05 -0.00053166408748698559 0.0012744759039308589 -5.8885019474460946e-05 -0.00089504019430023622 0.0005020992068966735 6.3712754717926151e-05 -0.00041123475947482376 0.00017374134481404769 -0.00016488535649841654 -0.0012466624160879292 0.00078887651648579379 -0.00083346286953267902 0.00041133193243738449 -0.0006005241510049418 -0.00075567267474015154 -0.00043446620165296136 3.3395902379585098e-05 -7.1503413859684244e-05 -0.00018486362221830694 0.00021974636641701822 0.00057022660583480383 0.0011748687648269838 0.0010672282543964684 0.00029093673699862212 0.00015501971189913467
leaf_weight=2481 108 32 22 25 217 35 26 143 20 40 80 119 33 20 20 27 41 21 41 49 29 2642 1163 22 27 46 63 24 57 327
leaf_count=2481 108 32 22 25 217 35 26 143 20 40 80 119 33 20 20 27 41 21 41 49 29 2642 1163 22 27 46 63 24 57 327
internal_value=4.76072e-08 -2.58115e-05 3.91601e-05 0.000270092 1.00797e-06 0.000263031 0.000479323 -0.000163944 -0.000291921 1.2215e-05 -0.000246517 -0.00021326 -0.000396144 -6.89658e-05 -0.00053144 0.00038302 -0.000193196 -0.00041905 -1.12783e-05 -0.000187063 -7.9231e-05 6.68226e-07 -6.73086e-05 -4.95492e-05 -0.000204437 0.000325933 0.000678367 0.000807039 0.000520949 5.23655e-06
internal_weight=8000 4818 3182 334 4376 196 134 168 442 2848 410 390 172 218 139 47 171 91 4180 266 50 3914 1272 1231 62 68 166 144 81 2808
internal_count=8000 4818 3182 334 4376 196 134 168 442 2848 410 390 172 218 139 47 171 91 4180 266 50 3914 1272 1231 62 68 166 144 81 2808
cat_boundaries=0 1 2 3 4
cat_threshold=12 8 4 1
is_linear=0
shrinkage=0.05


Tree=148
num_leaves=31
num_cat=2
split_feature=17 0 12 17 11 17 11 7 9 5 0 7 17 6 10 0 7 12 17 17 11 11 17 11 3 3 10 17 16 11
split_gain=0.0031224 0.00714623 0.0116441 0.00828242 0.00923516 0.00575645 0.00524875 0.00599793 0.00492186 0.00564939 0.00525561 0.00546713 0.00474874 0.00428394 0.00418375 0.0041137 0.00406751 0.00368405 0.00413083 0.00566325 0.00495195 0.00382321 0.00672013 0.00382533 0.00366017 0.00409658 0.00351798 0.00364091 0.00337423 0.00336753
threshold=1.0280375303172049 19507.500000000004 30391.600000000002 0.78341715579503135 2474.0000000000005 0.5624342116991824 12471.400000000003 23.500000000000004 0 3.5000000000000004 14685.100000000002 43.500000000000007 0.59943322120283349 1.0000000180025095e-35 37985.000000000007 15474.000000000002 37.500000000000007 25392.200000000004 0.66977587833452101 0.48256499697779121 7204.0500000000002 8480.6000000000004 0.57708328618108984 20373.200000000001 90.450000000000017 86.250000000000014 20962.300000000003 0.71446914141971474 1 18526.550000000007
decision_type=2 2 2 2 2 2 2 2 1 2 2 2 2 2 2 2 2 2 2 2 2 2 2 2 2 2 2 2 1 2
left_child=1 2 3 4 12 -3 7 -5 9 17 26 16 -1 -4 -11 -8 -12 18 19 -6 -20 22 -21 28 25 -7 -10 -28 -23 -26
right_child=-2 5 13 6 8 24 15 -9 10 14 11 -13 -14 -15 -16 -17 -18 -19 20 21 -22 23 -24 -25 29 -27 27 -29 -30 -31
leaf_value=-0.00033061097226099004 -3.8908387252751141e-05 -0.00052163953047467315 -0.00013683337230261113 0.00045403766671966642 0.00016968429342806017 0.00023155833112208972 -0.00044014041637903699 -0.00012865820771366999 0.00045312002286325794 0.00026806328373606364 0.0003173881114131897 0.00091073280876322136 0.00014983406602539986 -0.00047208164767020524 0.0012785253638867289 -5.0105206340491564e-05 -0.00038761669725667722 -2.5108063644895463e-05 0.00063027435622643692 -0.0005771875340724364 -0.00024416248522945403 0.00038900600488272477 0.00068917195339136849 0.00012452970941326228 0.00013033215039657826 0.0011149052323682035 1.2678357647569341e-05 -0.00037424362390083845 0.00098233650302223833 0.00078681909100851053
leaf_weight=202 3131 31 556 61 468 35 178 160 43 21 96 31 69 115 20 109 26 207 20 20 85 37 22 29 839 21 1216 64 68 20
leaf_count=202 3131 31 556 61 468 35 178 160 43 21 96 31 69 115 20 109 26 207 20 20 85 37 22 29 839 21 1216 64 68 20
internal_value=4.52273e-08 2.50943e-05 -4.65149e-06 3.44775e-05 6.88106e-05 0.000148448 -0.000150975 3.21764e-05 9.91756e-05 0.000184397 4.00898e-05 0.000317804 -0.000208284 -0.00019429 0.000760972 -0.000292009 0.000167141 0.000161598 0.000213198 0.000260611 -7.76031e-05 0.000502395 8.61436e-05 0.000632862 0.00017115 0.000562813 8.27623e-06 -6.66774e-06 0.000773258 0.000145617
internal_weight=8000 4869 3923 3252 2744 946 508 221 2473 997 1476 153 271 671 41 287 122 956 749 644 105 176 42 134 915 56 1323 1280 105 859
internal_count=8000 4869 3923 3252 2744 946 508 221 2473 997 1476 153 271 671 41 287 122 956 749 644 105 176 42 134 915 56 1323 1280 105 859
cat_boundaries=0 1 2
cat_threshold=12 2
is_linear=0
shrinkage=0.05


Tree=149
num_leaves=31
num_cat=0
split_feature=14 0 12 18 10 17 17 11 11 11 0 13 11 2 17 7 18 18 18 18 11 5 17 10 0 15 2 1 8 1
split_gain=0.00308944 0.00383513 0.00496517 0.00324424 0.00465066 0.00314843 0.00567227 0.00903715 0.00655283 0.0036299 0.00364516 0.00364244 0.00321444 0.00317399 0.00306148 0.00303282 0.00291806 0.00287631 0.00986517 0.00386877 0.00370863 0.0036571 0.00339377 0.00460764 0.00380792 0.00308449 0.00328902 0.00423539 0.0042137 0.00322125
threshold=1.0000000180025095e-35 2535.1500000000005 15211.400000000001 0.06140362893741181 32989.100000000006 0.84632518647917843 0.60578063647621516 5556.7000000000007 15249.150000000003 5937.6000000000013 25784.500000000004 46.125000000000007 10445.150000000001 261.35000000000008 0.9674764406648716 36.500000000000007 0.036328902848516524 0.55499479269136909 0.47121019812279347 0.51550355267716219 2561.5000000000005 1.0000000180025095e-35 0.46242758077690699 31654.350000000002 26801.150000000005 1.0000000180025095e-35 261.35000000000008 796.50000000000011 11.500000000000002 1031.9500000000003
decision_type=2 2 2 2 2 2 2 2 2 2 2 2 2 2 2 2 2 2 2 2 2 2 2 2 2 2 2 2 2 2
left_child=16 2 -2 4 -3 6 7 13 -8 -7 11 -11 -12 -5 -13 -4 -1 18 -18 21 25 -20 -21 -24 -25 -19 28 -28 29 -27
right_child=1 3 15 5 -6 9 8 -9 -10 10 12 14 -14 -15 -16 -17 17 20 19 22 -22 -23 23 24 -26 26 27 -29 -30 -31
leaf_value=-0.00027989018209544677 0.0003094696969492361 -0.0010056068716082899 -0.00086195728888525068 -0.00028129816367591763 4.6675948847440027e-05 0.00016132857865771503 0.00051115884055983414 0.00013470952020132624 -0.00027347196425710408 -0.00024016570656967817 -0.000665787216964348 -0.00043859466502908621 -0.00021185574630344027 -0.00094020339817254119 0.00023080891638901682 -0.00020039662228858409 1.6253139594008209e-05 -0.00071563991904258738 0.00029241397049151592 0.00048528157900694754 -1.5380931066359705e-06 0.00074715342780109497 0.00025164039794948291 -0.00055852056599784805 0.00023586442680838943 -0.00056600605181016616 -0.00083539108043837861 -8.861803298079691e-05 0.00011345574424971397 0.000182700294208189
leaf_weight=84 20 21 41 89 21 101 111 221 35 125 52 20 156 23 117 30 3537 25 186 44 2440 58 77 48 22 51 34 43 148 20
leaf_count=84 20 21 41 89 21 101 111 221 35 125 52 20 156 23 117 30 3537 25 186 44 2440 58 77 48 22 51 34 43 148 20
internal_value=4.29659e-08 -7.45451e-05 -0.000386404 -4.85568e-05 -0.000479465 -3.13205e-05 6.32102e-05 -5.0719e-05 0.000323062 -0.00011062 -0.00016906 -4.49922e-05 -0.000325339 -0.000416609 0.000133086 -0.000582425 1.29867e-05 1.66406e-05 4.38872e-05 0.000268581 -2.25566e-05 0.000400508 0.000100046 -1.5263e-05 -0.000308857 -0.000182323 -0.000137279 -0.000418362 -3.84514e-05 -0.000355103
internal_weight=8000 1183 91 1092 42 1050 479 333 146 571 470 262 208 112 137 71 6817 6733 3972 435 2761 244 191 147 70 321 296 77 219 71
internal_count=8000 1183 91 1092 42 1050 479 333 146 571 470 262 208 112 137 71 6817 6733 3972 435 2761 244 191 147 70 321 296 77 219 71
is_linear=0
shrinkage=0.05


end of trees

feature_importances:
volume_fit_ratio=981
weight_fit_ratio=751
hazmat_class=542
car_current_load_kg=341
adjacent_car_hazmat=327
fragile_flag=272
car_remaining_load_kg=227
car_index=208
distance_from_hazmat_car=190
cargo_weight_kg=129
car_type=89
train_total_cars=86
car_max_load_kg=58
cargo_height_cm=56
cargo_volume_m3=52
position_in_car=52
cargo_width_cm=48
car_remaining_capacity_m3=48
cargo_length_cm=43

parameters:
[boosting: gbdt]
[objective: regression]
[metric: l2]
[tree_learner: serial]
[device_type: cpu]
[data_sample_strategy: bagging]
[data: ]
[valid: ]
[num_iterations: 150]
[learning_rate: 0.05]
[num_leaves: 31]
[num_threads: 4]
[seed: 42]
[deterministic: 0]
[force_col_wise: 0]
[force_row_wise: 0]
[histogram_pool_size: -1]
[max_depth: -1]
[min_data_in_leaf: 20]
[min_sum_hessian_in_leaf: 0.001]
[bagging_fraction: 1]
[pos_bagging_fraction: 1]
[neg_bagging_fraction: 1]
[bagging_freq: 0]
[bagging_seed: 400]
[bagging_by_query: 0]
[feature_fraction: 1]
[feature_fraction_bynode: 1]
[feature_fraction_seed: 30056]
[extra_trees: 0]
[extra_seed: 12879]
[early_stopping_round: 0]
[early_stopping_min_delta: 0]
[first_metric_only: 0]
[max_delta_step: 0]
[lambda_l1: 0]
[lambda_l2: 0]
[linear_lambda: 0]
[min_gain_to_split: 0]
[drop_rate: 0.1]
[max_drop: 50]
[skip_drop: 0.5]
[xgboost_dart_mode: 0]
[uniform_drop: 0]
[drop_seed: 17869]
[top_rate: 0.2]
[other_rate: 0.1]
[min_data_per_group: 100]
[max_cat_threshold: 32]
[cat_l2: 10]
[cat_smooth: 10]
[max_cat_to_onehot: 4]
[top_k: 20]
[monotone_constraints: ]
[monotone_constraints_method: basic]
[monotone_penalty: 0]
[feature_contri: ]
[forcedsplits_filename: ]
[refit_decay_rate: 0.9]
[cegb_tradeoff: 1]
[cegb_penalty_split: 0]
[cegb_penalty_feature_lazy: ]
[cegb_penalty_feature_coupled: ]
[path_smooth: 0]
[interaction_constraints: ]
[verbosity: -1]
[saved_feature_importance_type: 0]
[use_quantized_grad: 0]
[num_grad_quant_bins: 4]
[quant_train_renew_leaf: 0]
[stochastic_rounding: 1]
[linear_tree: 0]
[max_bin: 255]
[max_bin_by_feature: ]
[min_data_in_bin: 3]
[bin_construct_sample_cnt: 200000]
[data_random_seed: 175]
[is_enable_sparse: 1]
[enable_bundle: 1]
[use_missing: 1]
[zero_as_missing: 0]
[feature_pre_filter: 1]
[pre_partition: 0]
[two_round: 0]
[header: 0]
[label_column: ]
[weight_column: ]
[group_column: ]
[ignore_column: ]
[categorical_feature: 9,16]
[forcedbins_filename: ]
[precise_float_parser: 0]
[parser_config_file: ]
[objective_seed: 16083]
[num_class: 1]
[is_unbalance: 0]
[scale_pos_weight: 1]
[sigmoid: 1]
[boost_from_average: 1]
[reg_sqrt: 0]
[alpha: 0.9]
[fair_c: 1]
[poisson_max_delta_step: 0.7]
[tweedie_variance_power: 1.5]
[lambdarank_truncation_level: 30]
[lambdarank_norm: 1]
[label_gain: ]
[lambdarank_position_bias_regularization: 0]
[eval_at: ]
[multi_error_top_k: 1]
[auc_mu_weights: ]
[num_machines: 1]
[local_listen_port: 12400]
[time_out: 120]
[machine_list_filename: ]
[machines: ]
[gpu_platform_id: -1]
[gpu_device_id: -1]
[gpu_device_id_list: ]
[gpu_use_dp: 0]
[num_gpu: 1]

end of parameters

pandas_categorical:[["\ubb34\uac1c\ucc28", "\uc720\uac1c\ucc28", "\ucee8\ud14c\uc774\ub108\ucc28", "\ud0f1\ud06c\ucc28", "\ud3c9\ud310\ucc28"], ["\uc804\ubd80", "\uc911\ubd80", "\ud6c4\ubd80"]]
