tree
version=v4
num_class=1
num_tree_per_iteration=1
label_index=0
max_feature_idx=11
objective=binary sigmoid:1
feature_names=요일 월 주운행선 운행거리_km 수송품목 화물중량_톤 상하 출발시간대 공차회송여부 결합배송여부 장마철여부 동절기여부
feature_infos=-1:6:1:5:3:4:0:2 [1:12] -1:0:5:6:4:3:7:1:8:2 [5:437.30000000000001] -1:6:3:5:2:4:0:1 [1:25] -1:1:0 -1:0:1:2:3 [0:1] [0:1] [0:1] [0:1]
tree_sizes=1625 1681 1673 1697 1694 1698 1667 1695 1694 1671 1712 1675 1666 1681 1690 1688 1720 1695 1671 1699 1697 1700 1687 1691 1720 1688 1724 1703 1707 1713 1708 1713 1713 1723 1705 1692 1704 1673 1709 1717 1705 1716 1720 1700 1731 1712 1699 1730 1686 1689 1727 1712 1689 1707 1698 1719 1727 1699

Tree=0
num_leaves=15
num_cat=6
split_feature=8 0 4 4 7 5 2 5 1 0 5 1 3 3
split_gain=118.195 66.2152 27.5401 24.7543 11.7402 10.9606 7.50911 5.97075 16.787 10.9202 7.49853 10.793 10.7907 6.56364
threshold=1.0000000180025095e-35 0 1 2 3 1.1500000000000001 4 13.250000000000002 8.5000000000000018 5 9.9500000000000011 10.500000000000002 118.05000000000001 110.00000000000001
decision_type=2 1 1 1 1 2 1 2 2 1 2 2 2 2
left_child=1 3 4 -1 -3 -5 -6 9 -9 13 11 -11 -12 -2
right_child=7 2 -4 5 6 -7 -8 8 -10 10 12 -13 -14 -15
leaf_value=-1.3251598316148707 -1.4121795860488091 -1.3480659953868541 -1.3741279843237775 -1.2763170285620939 -1.3505119058074679 -1.3564885842598731 -1.3707360545273177 -1.284238727201495 -1.3325914606571831 -1.3022824966768072 -1.2440496711589992 -1.2269124622032883 -1.3420210522646858 -1.3419058494177496
leaf_weight=193.16907992959023 3.7619719207286826 275.11464220285416 317.96840929985046 4.4162279069423667 81.291306287050247 123.00012540817261 134.28604117035866 51.195530921220779 27.642315417528152 39.582487165927887 3.2712799310684231 5.3976118862628928 19.954807579517365 28.460135400295258
leaf_count=1181 23 1682 1944 27 497 752 821 313 169 242 20 33 122 174
internal_value=-1.34921 -1.35519 -1.36273 -1.33616 -1.355 -1.35338 -1.36351 -1.31149 -1.30119 -1.31958 -1.31078 -1.29324 -1.32822 -1.3499
internal_weight=1308.51 1129.25 808.66 320.585 490.692 127.416 215.577 179.266 78.8378 100.428 68.2062 44.9801 23.2261 32.2221
internal_count=8000 6904 4944 1960 3000 779 1318 1096 482 614 417 275 142 197
cat_boundaries=0 1 2 3 4 5 6
cat_threshold=48 72 72 5 133 68
is_linear=0
shrinkage=1


Tree=1
num_leaves=15
num_cat=6
split_feature=8 0 4 4 7 5 2 5 5 1 5 1 3 0
split_gain=104.618 60.279 25.5706 22.0232 10.7892 9.53204 6.9739 5.63249 5.03375 14.0187 9.90372 9.09274 7.20484 6.97963
threshold=1.0000000180025095e-35 0 1 2 3 1.1500000000000001 4 24.150000000000002 13.250000000000002 8.5000000000000018 9.0500000000000025 10.500000000000002 129.35000000000005 5
decision_type=2 1 1 1 1 2 1 2 2 2 2 2 2 1
left_child=1 3 4 7 -3 -5 -6 -1 10 -10 11 -2 -12 -14
right_child=8 2 -4 5 6 -7 -8 -9 9 -11 12 -13 13 -15
leaf_value=0.022498827107313126 0.033118022335628973 0.0010855111544275772 -0.024063182743354412 0.066324197010729544 -0.0012474036518158654 -0.0069477481591161822 -0.020777964166554377 0.081397106517903106 0.059388567834445453 0.015628254739230241 0.058580266450148723 0.089188553297057049 0.017664550176040874 -0.016977176600161663
leaf_weight=191.75432819128036 48.687448248267174 275.29928687214851 313.31142067909241 4.605558604001998 81.228948801755905 122.47358202934265 132.58683234453201 4.1469361633062354 53.151937633752823 27.912442982196808 6.5457451045513144 8.4914989918470365 20.682810768485069 17.770983159542084
leaf_count=1156 292 1682 1944 27 497 752 821 25 313 169 39 50 125 108
internal_value=-1.81376e-05 -0.00572267 -0.0129817 0.0123321 -0.00554335 -0.00397913 -0.0137455 0.0225924 0.0350169 0.0443208 0.0276355 0.0414449 0.0100885 0.00183402
internal_weight=1308.65 1125.41 802.426 322.98 489.115 127.079 213.816 195.901 183.243 81.0644 102.178 57.1789 44.9995 38.4538
internal_count=8000 6904 4944 1960 3000 779 1318 1181 1096 482 614 342 272 233
cat_boundaries=0 1 2 3 4 5 6
cat_threshold=48 72 72 5 133 58
is_linear=0
shrinkage=0.05


Tree=2
num_leaves=15
num_cat=7
split_feature=8 0 4 4 7 5 2 5 5 0 2 3 5 5
split_gain=92.8786 54.7136 23.7274 19.5156 9.91288 8.33164 6.47381 4.91843 6.12515 6.66494 4.84108 7.34946 5.5022 4.71167
threshold=1.0000000180025095e-35 0 1 2 3 1.1500000000000001 4 16.750000000000004 4.5500000000000007 5 6 219.10000000000002 9.8500000000000032 24.150000000000002
decision_type=2 1 1 1 1 2 1 2 2 1 1 2 2 2
left_child=1 3 4 13 7 -5 -6 8 -3 -10 11 12 -7 -1
right_child=-2 2 -4 5 6 10 -8 -9 9 -11 -12 -13 -14 -15
leaf_value=0.021091279522188918 0.032591495624410306 0.018193200805793619 -0.023228232758644704 0.060682478220682526 -0.001192672835681276 -0.039075997013190034 -0.020048226418690408 0.013738600194698084 -0.021888271591853581 -0.00022231108083488896 -0.0124044450927055 0.039967407088919882 0.011067162464085938 0.073751637508040202
leaf_weight=194.25693571567535 186.89367242157459 30.790296137332916 308.82070755958557 4.7773573100566855 81.1693314909935 8.4341847896575945 130.94868268072605 59.942810565233231 38.160313829779625 146.58146299421787 84.828435480594635 13.137864768505095 15.570802688598631 4.3425865471363059
leaf_count=1156 1096 188 1944 27 497 52 821 366 233 895 523 81 96 25
internal_value=-4.23414e-05 -0.00547938 -0.0124569 0.0116263 -0.00530506 -0.00379203 -0.0132115 0.00103248 -0.00245338 -0.00589448 -0.00662826 0.0078026 -0.0065507 0.0211765
internal_weight=1308.66 1121.76 796.414 325.348 487.593 126.749 212.118 275.475 215.532 184.742 121.971 37.1429 24.005 198.6
internal_count=8000 6904 4944 1960 3000 779 1318 1682 1316 1128 752 229 148 1181
cat_boundaries=0 1 2 3 4 5 6 7
cat_threshold=48 72 72 5 133 2 48
is_linear=0
shrinkage=0.05


Tree=3
num_leaves=15
num_cat=6
split_feature=8 0 4 4 7 2 9 5 10 3 3 0 11 5
split_gain=82.6918 49.6375 21.9416 17.9087 9.04713 6.00673 4.99624 4.67611 12.8151 4.67086 6.9962 6.01126 5.4824 6.82143
threshold=1.0000000180025095e-35 0 1 2 3 4 1.0000000180025095e-35 5.6500000000000012 1.0000000180025095e-35 140.45000000000002 105.35000000000001 5 1.0000000180025095e-35 14.250000000000002
decision_type=2 1 1 1 1 1 2 2 2 2 2 1 2 2
left_child=1 3 4 7 -3 9 -5 8 -1 10 -6 12 13 -11
right_child=-2 2 -4 6 5 -7 -8 -9 -10 11 -12 -13 -14 -15
leaf_value=0.018037285373787373 0.030389832036015436 0.00093909039946850825 -0.022415348394615033 -0.0028034582036495464 -0.036283344758436524 -0.019339102348802071 -0.031095662619163595 0.014978558248041798 0.084524278934041908 0.017875826934106883 0.041995807544606883 -0.017025596866023531 0.054908990280629823 -0.051982185742288647
leaf_weight=31.156825929880142 190.32005175948143 275.77818429470062 304.4937207698822 53.285746440291405 3.7536892443895331 129.37035655975342 22.066599577665329 211.66726173460484 9.4444220066070539 14.851553097367292 11.913883253931997 39.658542886376381 6.364951327443122 4.5697086453437796
leaf_count=184 1096 1682 1944 328 23 821 136 1256 56 91 73 243 39 28
internal_value=-7.74329e-05 -0.00526221 -0.0119641 0.0109448 -0.00509978 -0.0126958 -0.00978954 0.0172752 0.0335031 -0.00114031 0.0232414 -0.00715157 0.0105469 0.00143865
internal_weight=1308.7 1118.38 790.755 327.621 486.261 210.483 75.3523 252.269 40.6012 81.1123 15.6676 65.4448 25.7862 19.4213
internal_count=8000 6904 4944 1960 3000 1318 464 1496 240 497 96 401 158 119
cat_boundaries=0 1 2 3 4 5 6
cat_threshold=48 72 77 5 133 68
is_linear=0
shrinkage=0.05


Tree=4
num_leaves=15
num_cat=5
split_feature=8 0 4 4 7 5 2 3 3 5 5 1 3 3
split_gain=73.7023 45.1043 20.2905 16.047 8.35624 7.21913 5.49262 4.60226 6.07316 6.16954 5.60811 4.4316 5.15195 6.52899
threshold=1.0000000180025095e-35 0 1 2 3 1.1500000000000001 4 182.95000000000002 241.60000000000002 16.350000000000005 18.050000000000004 6.5000000000000009 160.15000000000001 165.35000000000005
decision_type=2 1 1 1 1 2 1 2 2 2 2 2 2 2
left_child=1 3 4 -1 7 -5 -6 11 9 -9 -11 -3 -13 -14
right_child=-2 2 -4 5 6 -7 -8 8 -10 10 -12 12 13 -15
leaf_value=0.018830168967611732 0.028382306665993909 -0.001149445435789114 -0.02162410542158618 0.05518192932123564 -0.0011881288875907146 -0.0064031022111204379 -0.018650180111455562 -0.022737460599413187 0.0040495983598767124 0.052702949662916748 -0.0094918969658634843 0.007758619112478278 0.10427693865332058 0.02673111546975377
leaf_weight=203.15140247344971 193.50724919140339 53.319117084145546 300.32753455638885 4.9523395001888266 81.152092322707176 121.60362616181374 127.85054495930672 57.133954733610153 96.138582855463028 5.6097502410411826 10.241789937019346 34.607358232140541 3.2864607870578793 15.593094319105147
leaf_count=1181 1096 325 1944 27 497 752 821 349 586 34 62 211 20 95
internal_value=-0.000102315 -0.00504594 -0.011486 0.0103275 -0.00489727 -0.00370076 -0.0122338 0.000893291 -0.00420592 -0.0150803 0.0125184 0.00905137 0.0192202 0.0402299
internal_weight=1308.47 1114.97 785.26 329.707 484.933 126.556 209.003 275.93 169.124 72.9855 15.8515 106.806 53.4869 18.8796
internal_count=8000 6904 4944 1960 3000 779 1318 1682 1031 445 96 651 326 115
cat_boundaries=0 1 2 3 4 5
cat_threshold=48 72 72 5 133
is_linear=0
shrinkage=0.05


Tree=5
num_leaves=15
num_cat=5
split_feature=8 0 4 4 7 2 9 5 5 1 1 3 3 3
split_gain=65.7181 41.0811 18.7834 14.8481 7.66434 5.09188 4.63135 4.23347 11.8282 8.53861 7.15494 4.75146 4.51064 6.49545
threshold=1.0000000180025095e-35 0 1 2 3 4 1.0000000180025095e-35 11.950000000000001 9.0500000000000025 8.5000000000000018 10.500000000000002 332.15000000000003 130.65000000000001 235.50000000000003
decision_type=2 1 1 1 1 1 2 2 2 2 2 2 2 2
left_child=1 3 4 -1 -3 -6 -5 8 10 11 12 -9 -2 -14
right_child=7 2 -4 6 5 -7 -8 9 -10 -11 -12 -13 13 -15
leaf_value=0.015440315830997173 -0.011171362673171162 0.00084324317360886733 -0.020854114969153948 -0.002493212667503116 -0.0011359642275037463 -0.017981061543220017 -0.029958330753001541 0.040232984058935134 -0.0045944303352662306 0.013294829999895197 0.072384901890046524 0.090357881826532677 0.047215627327757262 0.0086597324241490161
leaf_weight=256.8535852432251 7.4362863153219214 276.07765354216099 296.31881761550903 53.07137542963028 81.095334812998772 126.38782875239849 21.594761818647385 61.698755130171776 34.133385762572289 33.997549369931221 9.3499583303928357 5.1201565861701956 25.785522043704987 18.952628493309021
leaf_count=1496 42 1682 1944 328 497 821 136 337 195 194 50 28 144 106
internal_value=-0.000111742 -0.0048242 -0.0110177 0.00978287 -0.00468969 -0.0117521 -0.00920393 0.0265453 0.0190105 0.0336945 0.0321064 0.0440739 0.0248883 0.030882
internal_weight=1307.87 1111.4 779.88 331.52 483.561 207.483 74.6661 196.474 95.6578 100.816 61.5244 66.8189 52.1744 44.7382
internal_count=8000 6904 4944 1960 3000 1318 464 1096 537 559 342 365 292 250
cat_boundaries=0 1 2 3 4 5
cat_threshold=48 72 77 5 133
is_linear=0
shrinkage=0.05


Tree=6
num_leaves=15
num_cat=7
split_feature=8 0 4 4 7 2 0 5 1 3 1 4 5 9
split_gain=58.6518 37.3937 17.3861 13.3214 7.03578 4.71811 4.48317 8.88534 6.49345 5.77277 6.04491 5.41421 5.36321 4.88736
threshold=1.0000000180025095e-35 0 1 2 3 4 5 13.250000000000002 6.5000000000000009 110.00000000000001 7.5000000000000009 6 17.950000000000003 1.0000000180025095e-35
decision_type=2 1 1 1 1 1 1 2 2 2 2 1 2 2
left_child=1 3 4 -1 -3 -6 7 9 12 -2 -11 13 -9 -8
right_child=6 2 -4 -5 5 -7 11 8 -10 10 -12 -13 -14 -15
leaf_value=0.014573053241525647 -0.06416869300750834 0.00080216285376262801 -0.020105020926474853 -0.0087958943150102994 -0.001086064482164515 -0.01733136790098273 0.045134548993223084 0.081260123722437752 0.005265371514688786 -0.019193143306022106 0.025574555445392739 0.00167269408374682 0.014964095721944286 0.0226830113965284
leaf_weight=259.06875616312027 3.9520225971937171 276.21404780447483 292.46403586864471 74.197814226150513 81.041067957878113 124.98077657818794 78.779041767120361 8.1027285456657427 11.977377414703367 17.566228449344639 13.211817339062689 25.680228412151337 4.8927133977413169 35.012333020567894
leaf_count=1496 23 1682 1944 464 497 821 431 43 66 100 74 141 26 192
internal_value=-0.000120724 -0.00461131 -0.0105642 0.00926556 -0.00448705 -0.0112872 0.0248595 0.00777368 0.031823 -0.00728075 2.38876e-05 0.0295007 0.0563 0.0351385
internal_weight=1307.14 1107.97 774.7 333.267 482.236 206.022 199.174 59.7029 24.9728 34.7301 30.778 139.472 12.9954 113.791
internal_count=8000 6904 4944 1960 3000 1318 1096 332 135 197 174 764 69 623
cat_boundaries=0 1 2 3 4 5 6 7
cat_threshold=48 72 77 5 133 68 108
is_linear=0
shrinkage=0.05


Tree=7
num_leaves=15
num_cat=5
split_feature=8 0 4 4 7 5 3 5 3 3 1 2 3 5
split_gain=52.4233 33.991 16.1756 12.3251 6.49406 6.33504 5.22663 5.87577 6.72582 5.09528 12.5985 4.40217 6.64507 5.11575
threshold=1.0000000180025095e-35 0 1 2 3 1.1500000000000001 265.95000000000005 2.0500000000000003 141.55000000000004 354.25000000000006 9.5000000000000018 4 219.10000000000002 9.8500000000000032
decision_type=2 1 1 1 1 2 2 2 2 2 2 1 2 2
left_child=1 3 4 -1 -3 -5 7 -4 -9 -6 -11 12 13 -7
right_child=-2 2 6 5 9 11 -8 8 -10 10 -12 -13 -14 -15
leaf_value=0.016054316219297794 0.023309897543898499 0.00015741710100986801 0.0195121937400329 0.050741328067518993 -0.013641771402779094 -0.038108588298427261 -0.032738831945341516 -0.037041396278964585 -0.013536751765819314 -0.014607803894538852 0.083374812979127355 -0.011729717341236874 0.037770062665381958 0.010545876420876434
leaf_weight=208.68186317384243 201.68386381864548 293.87138701975346 10.546254664659498 5.0981840938329688 207.56547306478024 8.250243693590166 70.555929094552994 39.511320292949677 132.49660789966583 10.375716790556906 4.7975886017084113 83.911264881491661 13.369918510317801 15.652650535106657
leaf_count=1181 1096 1800 71 27 1346 52 475 266 892 64 30 523 81 96
internal_value=-0.000131478 -0.0044112 -0.0101274 0.00876489 -0.00481437 -0.00357505 -0.0203765 -0.0167148 -0.0189359 -0.0110988 0.0163729 -0.00615513 0.00752332 -0.00624754
internal_weight=1306.37 1104.68 769.72 334.964 516.61 126.282 253.11 182.554 172.008 222.739 15.1733 121.184 37.2728 23.9029
internal_count=8000 6904 4944 1960 3240 779 1704 1229 1158 1440 94 752 229 148
cat_boundaries=0 1 2 3 4 5
cat_threshold=48 74 72 5 48
is_linear=0
shrinkage=0.05


Tree=8
num_leaves=15
num_cat=6
split_feature=8 0 4 4 7 6 10 5 3 5 3 3 4 3
split_gain=46.8562 30.8171 15.0222 11.2166 5.73138 6.22846 5.72826 6.59125 5.19577 8.44752 5.80094 9.18981 5.02632 8.09691
threshold=1.0000000180025095e-35 0 1 2 3 4 1.0000000180025095e-35 19.350000000000005 262.35000000000008 2.0500000000000003 143.95000000000002 150.40000000000003 5 95.750000000000014
decision_type=2 1 1 1 1 1 2 2 2 2 2 2 1 2
left_child=1 3 4 -1 5 12 -7 -8 9 -4 -11 -12 13 -3
right_child=-2 2 8 -5 -6 6 7 -9 -10 10 11 -13 -14 -15
leaf_value=0.01308839389475481 0.021877280193524799 0.088329349443922914 0.033688709416694294 -0.0083462592175568492 -0.011192216389066062 -0.013743471501529273 0.0019200935148293323 0.07612491079333189 -0.037415073487987838 -0.041973853727544662 0.056145639179550511 -0.019003559677831482 -0.0029240890377965276 0.011895813649569192
leaf_weight=262.85670158267021 204.08248959481716 3.6303388178348532 7.3690208792686454 73.659685209393501 256.01478761434555 121.44809278845787 39.45831498503685 3.2381502836942664 49.319684445858002 26.708268702030182 4.2705212831497184 85.852203726768494 91.398466780781746 76.035469517111778
leaf_count=1496 1096 22 49 464 1678 753 245 20 339 184 29 583 579 463
internal_value=-0.000128332 -0.00420635 -0.00968746 0.00829112 -0.00564761 -0.00121138 -0.00820527 0.00754787 -0.0223944 -0.0182329 -0.0215078 -0.0154426 0.00542878 0.0136637
internal_weight=1305.34 1101.26 764.743 336.516 591.224 335.209 164.145 42.6965 173.52 124.2 116.831 90.1227 171.064 79.6658
internal_count=8000 6904 4944 1960 3760 2082 1018 265 1184 845 796 612 1064 485
cat_boundaries=0 1 2 3 4 5 6
cat_threshold=48 106 77 5 2 64
is_linear=0
shrinkage=0.05


Tree=9
num_leaves=15
num_cat=7
split_feature=8 0 4 4 5 7 4 6 1 3 3 2 3 3
split_gain=41.9355 27.9785 14.044 10.3351 5.61019 5.40874 4.82458 8.26039 4.71181 4.54355 6.76501 4.44322 4.36848 6.31346
threshold=1.0000000180025095e-35 0 1 2 1.1500000000000001 3 4 5 8.5000000000000018 273.75000000000006 195.35000000000005 6 140.45000000000002 105.35000000000001
decision_type=2 1 1 1 2 1 1 1 2 2 2 1 2 2
left_child=1 3 5 -1 -5 -3 -2 8 9 10 -8 12 13 -7
right_child=6 2 -4 4 -6 11 7 -9 -10 -11 -12 -13 -14 -15
leaf_value=0.014435911892142817 0.026295639057937178 0.00076663874785372203 -0.018037883107850216 0.046967612580625061 -0.0059484298256232745 -0.034424766045710563 0.025625721370865828 -0.0079572989515791399 0.00037262086988733468 -0.00338520683171953 0.085181728453304295 -0.015789250868600373 -0.0059293876996257882 0.040973368141321333
leaf_weight=211.96825176477432 126.79102256894112 276.31804259121418 282.02551983296871 5.225535422563552 120.82234129309654 3.6112249493598929 12.92461727559567 39.933522894978523 13.561274722218512 5.5555109530687323 7.5557504445314398 121.69560770690441 64.409342348575592 12.010439381003378
leaf_count=1181 671 1682 1944 27 752 23 68 213 74 30 40 821 401 73
internal_value=-0.000130452 -0.0040165 -0.00927384 0.00784746 -0.00347872 -0.00383979 0.0205519 0.00718523 0.024271 0.0367189 0.0475975 -0.00988771 -0.000156784 0.0235438
internal_weight=1304.41 1098.09 760.07 338.016 126.048 478.045 206.322 79.5307 39.5972 26.0359 20.4804 201.727 80.031 15.6217
internal_count=8000 6904 4944 1960 779 3000 1096 425 212 138 108 1318 497 96
cat_boundaries=0 1 2 3 4 5 6 7
cat_threshold=48 72 72 5 72 2 133
is_linear=0
shrinkage=0.05


Tree=10
num_leaves=15
num_cat=4
split_feature=8 0 4 0 4 1 9 5 5 3 3 5 5 5
split_gain=37.7842 25.5967 16.4605 8.19787 7.06495 11.1946 6.59629 6.45675 8.78349 4.89579 7.22785 8.57665 6.01058 5.96971
threshold=1.0000000180025095e-35 0 1 2 3 1.5000000000000002 1.0000000180025095e-35 3.4500000000000006 16.750000000000004 271.90000000000003 229.45000000000002 12.450000000000001 10.250000000000002 6.0500000000000007
decision_type=2 1 1 1 1 2 2 2 2 2 2 2 2 2
left_child=1 4 3 7 5 -1 -6 -3 -9 10 13 12 -12 -4
right_child=-2 2 9 -5 6 -7 -8 8 -10 -11 11 -13 -14 -15
leaf_value=0.079470921824043028 0.019396344763834519 0.019895084378648856 0.0028013273932546824 0.0016729791014056892 0.0055947262352781567 0.016977156500840251 -0.042210655274645723 -0.019654061115980743 0.005274707375492369 -0.02788769174610068 0.011030918194327987 -0.019765377645492271 0.071290184310364407 -0.021159057092444016
leaf_weight=7.6109159886836997 208.26387041807175 15.774460598826407 31.145740523934364 422.31156009435654 27.679790824651718 122.57903280854225 9.760218217968939 141.01975664496422 47.149115264415741 77.820090487599373 13.122070059180261 15.750882491469381 6.0443100631237021 157.22315901517868
leaf_count=43 1096 99 208 2586 170 694 61 898 295 540 88 107 41 1074
internal_value=-0.000124955 -0.00383784 -0.0070743 -0.00233528 0.0136732 0.0191589 -0.00541999 -0.0103255 -0.0134077 -0.0165389 -0.0133242 0.00757008 0.0300343 -0.0171973
internal_weight=1303.25 1094.99 927.361 626.255 167.63 130.19 37.44 203.943 188.169 301.106 223.286 34.9173 19.1664 188.369
internal_count=8000 6904 5936 3878 968 737 231 1292 1193 2058 1518 236 129 1282
cat_boundaries=0 1 2 3 4
cat_threshold=16 74 3 105
is_linear=0
shrinkage=0.05


Tree=11
num_leaves=15
num_cat=7
split_feature=8 0 4 4 0 2 5 5 3 3 2 1 1 7
split_gain=33.8499 23.6498 12.5829 8.90341 4.86026 6.60597 5.44068 7.92371 5.57758 5.43945 5.25926 7.71902 7.01317 4.85685
threshold=1.0000000180025095e-35 0 1 2 3 4 16.650000000000002 15.750000000000002 121.15000000000002 258.60000000000008 5 5.5000000000000009 11.500000000000002 6
decision_type=2 1 1 1 1 1 2 2 2 2 1 2 2 1
left_child=1 3 13 -1 5 6 7 8 -2 -8 12 -12 -6 -3
right_child=4 2 -4 -5 10 -7 9 -9 -10 -11 11 -13 -14 -15
leaf_value=0.011384814351031084 0.076593196754230097 -0.00080905286039179936 -0.020409413148487494 -0.0077179523512153321 -0.00022866306129888507 -0.0043315824579231756 0.037551381000603602 -0.035902730865373093 0.027015849304968604 0.089674924817259333 -0.0015759261403159167 0.0379574797881033 -0.06649487209275079 -0.010028363617973879
leaf_weight=267.21976508200169 6.2213480174541465 333.40300673246384 167.00184200704098 72.921068981289864 38.130290895700455 20.336976930499077 14.653663873672487 4.6642710119485846 64.374814480543137 7.6018372625112525 22.677141666412354 27.106305107474327 4.4597224444150916 251.48894514143467
leaf_count=1496 32 2082 1184 464 202 105 75 24 334 39 118 143 24 1678
internal_value=-0.000122786 -0.00365971 -0.00854796 0.00718601 0.01825 0.0246279 0.0305085 0.0272147 0.0313849 0.0553553 0.00671934 0.0166125 -0.00580467 -0.00487507
internal_weight=1302.26 1092.03 751.894 340.141 210.226 117.853 97.5159 75.2604 70.5962 22.2555 92.3735 49.7834 42.59 584.892
internal_count=8000 6904 4944 1960 1096 609 504 390 366 114 487 261 226 3760
cat_boundaries=0 1 2 3 4 5 6 7
cat_threshold=48 106 77 58 115 19 5
is_linear=0
shrinkage=0.05


Tree=12
num_leaves=15
num_cat=7
split_feature=8 0 4 0 2 1 5 5 5 3 3 4 6 7
split_gain=30.3207 21.68 14.2192 7.24022 6.15909 6.18048 5.85281 8.15582 5.47898 8.08829 4.72357 4.696 7.18178 4.40753
threshold=1.0000000180025095e-35 0 1 2 3 1.5000000000000002 3.4500000000000006 15.850000000000003 20.650000000000002 231.95000000000002 332.15000000000003 4 5 6
decision_type=2 1 1 1 1 2 2 2 2 2 2 1 1 1
left_child=1 4 3 6 -1 -6 -3 -8 -7 -10 13 -2 -13 -4
right_child=11 2 10 -5 5 8 7 -9 9 -11 -12 12 -14 -15
leaf_value=-0.010108202482300988 0.022605470094743618 0.018933934846420811 -0.0047113607882814752 0.0016248172553086843 0.056578104211060937 0.011960451371281317 -0.019463096761827683 0.0034345614150765704 0.095582489926929776 0.0053309274581254795 -0.033975239703722966 0.020441001205299562 -0.0092795450565975671 -0.019131711901172549
leaf_weight=21.970382705330849 130.74071057140827 15.92103688418865 115.21465802192688 422.41934913396835 9.4256647974252683 128.20976969599724 130.73539684712887 55.354897186160088 4.9710958153009397 4.9588714838027954 32.325313627719879 40.809378638863564 40.497029736638069 147.81032887101173
leaf_count=126 671 99 801 2586 53 733 845 348 28 28 230 212 213 1027
internal_value=-0.000132679 -0.00349996 -0.00651521 -0.00212844 0.0125053 0.0163 -0.0096832 -0.0126519 0.0147317 0.0505123 -0.0154163 0.0171655 0.00502035 -0.0137216
internal_weight=1301.36 1089.32 919.781 624.431 169.536 147.565 202.011 186.09 138.14 9.92997 295.35 212.047 81.3064 263.025
internal_count=8000 6904 5936 3878 968 842 1292 1193 789 56 2058 1096 425 1828
cat_boundaries=0 1 2 3 4 5 6 7
cat_threshold=16 74 3 388 72 2 12
is_linear=0
shrinkage=0.05


Tree=13
num_leaves=15
num_cat=6
split_feature=8 0 4 4 3 5 3 3 0 5 1 6 4 3
split_gain=27.3934 19.9239 11.1295 7.86728 4.82214 7.6881 5.69756 8.54168 4.5325 7.60741 5.43367 5.36172 5.21532 5.03559
threshold=1.0000000180025095e-35 0 1 2 262.35000000000008 2.0500000000000003 143.95000000000002 150.40000000000003 3 13.250000000000002 7.5000000000000009 4 5 110.00000000000001
decision_type=2 1 1 1 2 2 2 2 1 2 2 1 1 2
left_child=1 3 -3 -1 5 -4 -7 -8 9 13 11 -11 -10 -2
right_child=8 2 4 -5 -6 6 7 -9 12 10 -12 -13 -14 -15
leaf_value=0.010461346159060279 -0.064640995750475869 -0.0044451962293806926 0.034662556482897559 -0.0074774280764954423 -0.034187142749734944 -0.039401873985702073 0.056964704376233737 -0.015792521679961074 0.025171001706850563 0.070722106384480024 -0.006212824882116887 0.014086592187893994 -0.0020341940977903253 -0.0053388678511823925
leaf_weight=269.60941737890244 4.0217477828264228 581.44422841072083 7.3058178126811972 72.640696078538895 45.446383282542229 24.798582389950752 4.2445335239171973 81.309617340564728 123.39002498984337 7.8486324250698107 9.849921911954878 8.9378176182508486 27.015563875436783 32.570142030715942
leaf_count=1496 23 3760 49 464 339 184 29 583 623 39 52 44 141 174
internal_value=-0.000133493 -0.00335093 -0.00788409 0.00654975 -0.0191782 -0.015011 -0.0182996 -0.0121829 0.0162343 0.00253894 0.0232682 0.040567 0.0204623 -0.0118567
internal_weight=1300.43 1086.8 744.549 342.25 163.105 117.659 110.353 85.5542 213.634 63.2283 26.6364 16.7865 150.406 36.5919
internal_count=8000 6904 4944 1960 1184 845 796 612 1096 332 135 83 764 197
cat_boundaries=0 1 2 3 4 5 6
cat_threshold=48 106 77 68 1 108
is_linear=0
shrinkage=0.05


Tree=14
num_leaves=15
num_cat=5
split_feature=8 0 4 2 4 1 9 0 5 5 3 1 3 5
split_gain=24.7327 18.3061 12.383 6.44239 5.91283 8.49193 6.01556 5.25131 6.19758 6.47607 4.80178 4.64928 6.20753 5.56743
threshold=1.0000000180025095e-35 0 1 2 3 1.5000000000000002 1.0000000180025095e-35 4 3.4500000000000006 15.850000000000003 124.65000000000002 5.5000000000000009 311.25000000000006 10.65
decision_type=2 1 1 1 1 2 2 1 2 2 2 2 2 2
left_child=1 4 3 -3 5 -1 -6 8 -5 10 -10 12 -4 -13
right_child=-2 2 11 7 6 -7 -8 -9 9 -11 -12 13 -14 -15
leaf_value=0.066851104304691766 0.015367886038442023 0.0108509699848898 -0.016265874875774699 0.021528517093249044 0.0044158825600711061 0.014310154642564446 -0.041478034625178642 -6.0590631304579929e-05 -0.061281345530915611 0.0014743927517443468 -0.018430682422038883 0.0012383051491039196 -0.044631165682100661 -0.016058318294257089
leaf_weight=8.1922681927680951 215.04369454085827 80.217611581087112 114.99725100398064 13.0183257907629 28.032580822706223 125.54206572473049 9.580306261777876 341.26283441483974 7.0158685296773902 44.511561915278435 95.929694980382919 78.563175708055496 23.174865186214447 114.07839269936085
leaf_count=43 1096 489 804 80 170 694 61 2076 47 279 627 553 171 810
internal_value=-0.000122029 -0.00319458 -0.00599706 -0.00151098 0.0114179 0.0163092 -0.005746 -0.00366082 -0.0108643 -0.0144609 -0.021351 -0.0136129 -0.0210234 -0.0090044
internal_weight=1299.16 1084.12 912.77 581.956 171.347 133.734 37.6129 501.738 160.475 147.457 102.946 330.814 138.172 192.642
internal_count=8000 6904 5936 3598 968 737 231 3109 1033 953 674 2338 975 1363
cat_boundaries=0 1 2 3 4 5
cat_threshold=16 72 388 105 3
is_linear=0
shrinkage=0.05


Tree=15
num_leaves=15
num_cat=6
split_feature=8 0 4 1 2 5 5 4 5 9 3 5 7 2
split_gain=22.1927 16.9519 10.949 6.36631 7.41685 7.32597 7.46875 6.257 5.81269 5.64969 10.1241 5.18546 4.55617 7.17432
threshold=1.0000000180025095e-35 0 1 5.5000000000000009 2 5.6500000000000012 3.2500000000000004 3 19.150000000000002 1.0000000180025095e-35 197.55000000000004 18.250000000000004 4 5
decision_type=2 1 1 2 1 2 2 1 2 2 2 2 1 1
left_child=1 2 -1 -4 5 6 -5 12 -6 10 -7 -11 -3 -14
right_child=-2 7 3 4 8 9 -8 -9 -10 11 -12 -13 13 -15
leaf_value=-0.014210055585794364 0.01449471172096343 0.00019054973054801199 -0.00022585216672092124 0.026660080328205833 0.0013795122903268037 0.045895774922326438 0.10119814819736642 -0.015686557555516723 0.029715560376477525 -0.014887478275364416 -0.000466046706027663 0.052983725902153833 0.0033161766497314202 -0.01866291592621782
leaf_weight=64.040655165910721 216.55802831053734 219.55168445408344 183.99607099592686 7.5939000397920591 144.37997584044933 31.322209194302559 6.0287833362817764 207.53090125322342 20.692154183983803 16.268817111849788 18.868980914354324 3.4028374254703513 58.133736416697502 99.620537549257278
leaf_count=425 1096 1350 1084 43 859 185 35 1518 121 97 112 20 367 688
internal_value=-0.000115357 -0.00304104 0.00375012 0.00667017 0.0120433 0.0233128 0.0596473 -0.0087225 0.00464981 0.0195649 0.0284664 -0.003147 -0.00458592 -0.0108486
internal_weight=1297.99 1081.43 496.594 432.554 248.558 83.4855 13.6227 584.837 165.072 69.8628 50.1912 19.6717 377.306 157.754
internal_count=8000 6904 2981 2556 1472 492 78 3923 980 414 297 117 2405 1055
cat_boundaries=0 1 2 3 4 5 6
cat_threshold=56 17 88 72 5 129
is_linear=0
shrinkage=0.05


Tree=16
num_leaves=15
num_cat=4
split_feature=0 8 4 8 4 6 1 5 9 11 3 5 3 3
split_gain=20.3788 11.9982 10.8487 11.5051 9.27273 5.83778 5.75065 10.8252 5.01679 5.12647 4.52049 6.97199 5.51769 7.72341
threshold=0 1.0000000180025095e-35 1 1.0000000180025095e-35 2 3 10.500000000000002 18.050000000000004 1.0000000180025095e-35 1.0000000180025095e-35 262.35000000000008 2.0500000000000003 143.95000000000002 148.25000000000003
decision_type=1 2 1 2 1 1 2 2 2 2 2 2 2 2
left_child=2 4 3 -1 -2 6 7 -4 -5 -10 11 -6 -13 -14
right_child=1 -3 5 8 10 -7 -8 -9 9 -11 -12 12 13 -15
leaf_value=0.0096209641499635252 -0.0038682650601859002 0.0081753915258059653 -0.013579229622592955 0.04688113426852808 0.033663148944245068 -0.021002393749913483 0.047628398335096633 0.061712103399891832 0.03025327704007913 -0.034390642679985144 -0.032334182830883726 -0.037889071984776999 0.066437339014435423 -0.013566103115207033
leaf_weight=272.63491873443127 576.75745806097984 156.26570188999176 32.141663745045662 33.370427832007408 7.3705216497182837 40.575886741280556 6.7763030081987372 5.6068130433559409 11.038458317518232 4.2468713819980612 43.343574292957783 23.720877289772034 3.134540155529975 80.241756796836853
leaf_count=1496 3760 790 199 164 49 254 42 35 55 21 339 184 21 591
internal_value=-0.000130424 -0.00435668 0.00901905 0.013207 -0.00708195 -0.00651833 0.00521718 -0.00239614 0.0360151 0.0122926 -0.0174747 -0.0133746 -0.0166118 -0.0105584
internal_weight=1297.23 890.834 406.391 321.291 734.569 85.1007 44.5248 37.7485 48.6558 15.2853 157.811 114.468 107.097 83.3763
internal_count=8000 5734 2266 1736 4944 530 276 234 240 76 1184 845 796 612
cat_boundaries=0 1 2 3 4
cat_threshold=48 77 106 2
is_linear=0
shrinkage=0.05


Tree=17
num_leaves=15
num_cat=5
split_feature=4 0 8 5 5 1 3 3 2 8 3 8 0 6
split_gain=18.9484 15.5578 10.3613 6.29693 6.69049 8.53749 6.45587 6.69337 5.89225 5.24828 5.5119 4.95295 6.48023 5.72014
threshold=0 1 1.0000000180025095e-35 13.250000000000002 9.0500000000000025 10.500000000000002 124.65000000000002 187.45000000000002 2 1.0000000180025095e-35 186.15000000000001 1.0000000180025095e-35 3 4
decision_type=1 1 2 2 2 2 2 2 1 2 2 2 1 1
left_child=1 9 8 4 5 6 -4 -8 -3 -1 -11 -2 -13 -14
right_child=11 2 3 -5 -6 -7 7 -9 -10 10 -12 12 13 -15
leaf_value=0.017154548005986477 -0.010611994257592159 0.01043501886191904 -0.05431034365778277 0.027956496044270914 -0.014069820458339113 0.067371395317093449 0.050158052862474482 -0.0023624796124517245 -0.0034207049210417777 0.010250037091810885 0.066935644096954766 -0.0091649280461558406 0.039818431101059766 0.00041248366038933805
leaf_weight=110.42352031171322 385.99485627561808 80.586690217256546 3.7885091751813915 51.730207830667496 27.675647258758545 7.1745931059122077 9.1581085473299044 17.969049379229546 499.86252731084824 6.8013107925653484 11.606812477111815 46.501576617360115 18.737365677952766 18.110187068581581
leaf_count=583 2723 489 20 251 142 34 45 90 3109 33 56 240 93 92
internal_value=-0.000128892 0.00441382 0.00134544 0.0149053 0.00463944 0.0182332 0.00682975 0.0153684 -0.0013762 0.0197425 0.0459918 -0.0080536 0.00282822 0.0160854
internal_weight=1296.12 826.777 697.945 117.496 65.7659 38.0903 30.9157 27.1272 580.449 128.832 18.4081 469.344 83.3491 36.8476
internal_count=8000 4852 4180 582 331 189 155 135 3598 672 89 3148 425 185
cat_boundaries=0 1 2 3 4 5
cat_threshold=72 16 388 85 2
is_linear=0
shrinkage=0.05


Tree=18
num_leaves=15
num_cat=5
split_feature=0 4 7 8 3 1 5 2 5 2 1 5 5 5
split_gain=17.7036 11.472 8.34871 8.33316 7.88923 8.07564 7.44717 7.2255 5.62437 5.36799 7.00199 10.1571 10.144 5.79842
threshold=0 1 2 1.0000000180025095e-35 183.55000000000004 10.500000000000002 17.150000000000002 3 13.15 4 5.5000000000000009 8.1500000000000004 6.9500000000000011 17.750000000000004
decision_type=1 1 1 2 2 2 2 1 2 1 2 2 2 2
left_child=1 3 4 9 5 -2 8 -3 -7 10 13 12 -12 -1
right_child=2 7 -4 -5 -6 6 -8 -9 -10 -11 11 -13 -14 -15
leaf_value=-0.00389148429488817 0.0031997013750491806 0.0078949453330885745 -0.011564867259792604 0.028172559729669078 -0.0061998577182181894 0.030733974362109708 -0.026643762974547597 -0.011290283244327178 0.089383918127671227 0.0027318931115828736 0.040977644221653266 0.015446534259728171 0.13419779880539448 0.042764446935332268
leaf_weight=44.131980925798416 130.40314814448357 72.582673341035843 305.18149571865797 61.39340429008007 244.92758526653051 15.346991755068307 4.1942847818136206 116.07491007447243 5.5717335045337668 213.95834031701088 17.263752296566967 52.618929252028465 3.5119750946760169 7.8428877145051947
leaf_count=252 822 455 2037 295 1556 95 27 750 35 1219 95 298 20 44
internal_value=-0.000126009 0.00621505 -0.0054335 0.0109481 -0.00059282 0.00819977 0.0341634 -0.00388324 0.0463555 0.00815434 0.0159206 0.0271342 0.0567358 0.00314879
internal_weight=1295 589.379 705.625 400.721 400.444 155.516 25.113 188.658 20.9187 339.328 125.37 73.3947 20.7757 51.9749
internal_count=8000 3428 4572 2223 2535 979 157 1205 130 1928 709 413 115 296
cat_boundaries=0 1 2 3 4 5
cat_threshold=56 74 5 50 92
is_linear=0
shrinkage=0.05


Tree=19
num_leaves=15
num_cat=5
split_feature=4 0 8 5 5 1 3 3 2 3 0 6 8 5
split_gain=16.3305 13.0309 8.84858 5.53367 5.99131 7.33307 5.8913 5.72435 5.24752 4.89089 4.58745 6.66002 7.49769 5.55212
threshold=0 1 1.0000000180025095e-35 13.250000000000002 9.0500000000000025 10.500000000000002 124.65000000000002 187.45000000000002 2 275.55000000000007 3 4 1.0000000180025095e-35 8.0500000000000025
decision_type=1 1 2 2 2 2 2 2 1 2 1 1 2 2
left_child=1 -1 8 4 5 6 -4 -8 -3 -9 13 12 -12 -2
right_child=10 2 3 -5 -6 -7 7 9 -10 -11 11 -13 -14 -15
leaf_value=0.017990131056268403 0.0014982793736674719 0.009823774157817558 -0.053112660857330289 0.025837643190707617 -0.013710931443084221 0.061622618944861096 0.045806540655254989 -0.027126499800660453 -0.0032202061952904012 0.025125139988284528 -0.0024302736054813544 -0.011655963586178857 0.024484110815887257 -0.023179459490704379
leaf_weight=130.7255567908287 30.377573534846306 81.144951060414314 3.6905013471841839 52.463305279612541 27.556622117757797 7.3844034224748603 9.3971401900053042 9.4469425678253192 498.43451505899429 8.5152094662189466 148.0895359069109 164.49920239299536 31.354785919189453 91.278637059032917
leaf_count=672 213 489 20 251 142 34 45 47 3109 43 1033 1096 156 650
internal_value=-0.00012764 0.00407109 0.00124711 0.0137173 0.00408149 0.0168383 0.00618753 0.0141865 -0.00128003 -0.00235588 -0.00752708 -0.00426509 0.00227255 -0.0157249
internal_weight=1294.36 828.759 698.034 118.454 65.9908 38.4342 31.0498 27.3593 579.579 17.9622 465.6 343.944 179.444 121.656
internal_count=8000 4852 4180 582 331 189 155 135 3598 90 3148 2285 1189 863
cat_boundaries=0 1 2 3 4 5
cat_threshold=72 16 388 5 2
is_linear=0
shrinkage=0.05


Tree=20
num_leaves=15
num_cat=5
split_feature=0 8 4 8 4 6 1 5 1 3 2 5 3 3
split_gain=15.2299 8.85219 7.96119 7.91597 7.78605 5.05553 5.02903 9.529 4.44748 5.22722 4.3511 10.2638 6.71823 10.7441
threshold=0 1.0000000180025095e-35 1 1.0000000180025095e-35 2 3 10.500000000000002 18.050000000000004 9.5000000000000018 314.95000000000005 4 2.0500000000000003 143.95000000000002 201.75000000000003
decision_type=1 2 1 2 1 1 2 2 2 2 1 2 2 2
left_child=2 4 3 -1 -2 6 7 -4 9 -5 11 -6 -13 -14
right_child=1 -3 5 8 10 -7 -8 -9 -10 -11 -12 12 13 -15
leaf_value=0.0082625197479057749 -0.0032647421522803382 0.0068848214350093681 -0.012799658909126113 0.029883983246606294 0.072859187464144423 -0.019380269698958313 0.044281407459335669 0.056969232926721236 0.0025559431249326105 0.079898869668838343 -0.022596620156332264 -0.044548755544518759 0.01976569486532135 -0.0319096723632354
leaf_weight=275.91989997029305 571.94798792898655 157.68114775419235 31.731768682599068 32.832300946116447 4.0947911739349356 39.5333212018013 6.94428826868534 5.7864417284727088 11.577797889709471 6.2126307785511008 95.764918379485607 10.773352593183516 25.872592657804489 16.456792265176773
leaf_count=1496 3760 790 199 155 27 254 42 35 56 29 751 87 194 125
internal_value=-0.000114306 -0.00380865 0.00773237 0.0112524 -0.00618722 -0.00569355 0.0051953 -0.00203919 0.0297719 0.0378421 -0.0158642 -0.00290691 -0.00929671 -0.000324623
internal_weight=1293.13 882.592 410.538 326.543 724.91 83.9958 44.4625 37.5182 50.6227 39.0449 152.962 57.1975 53.1027 42.3294
internal_count=8000 5734 2266 1736 4944 530 276 234 240 184 1184 433 406 319
cat_boundaries=0 1 2 3 4 5
cat_threshold=48 77 106 2 172
is_linear=0
shrinkage=0.05


Tree=21
num_leaves=15
num_cat=5
split_feature=0 4 7 3 1 2 5 8 3 3 3 3 2 3
split_gain=14.1492 8.89075 7.64197 6.88856 7.0562 6.6592 6.46101 6.13818 5.26146 5.19479 10.4037 4.96424 4.90774 6.88449
threshold=0 1 2 183.55000000000004 10.500000000000002 3 17.150000000000002 1.0000000180025095e-35 224.65000000000001 243.15000000000001 258.60000000000008 248.55000000000004 4 156.05000000000004
decision_type=1 1 1 2 2 1 2 2 2 2 2 2 1 2
left_child=1 7 3 4 12 8 -6 -1 -3 -5 -11 -10 13 -2
right_child=2 5 -4 9 6 -7 -8 -9 11 10 -12 -13 -14 -15
leaf_value=0.0072339920069509293 -0.017720655513984423 0.0012726794209855139 -0.010809214891991914 -0.013667953304517222 0.042956244515781533 -0.010609733443893618 -0.025512064280830082 0.024223692034682592 0.050334097596357111 0.036920144495639705 -0.0043755240984635216 -0.0071258059516784633 0.012363868072922481 0.015944996047560871
leaf_weight=342.15820237994194 46.447417512536049 54.920818842947483 301.36226706951857 108.82608070969582 21.432480640709404 114.71415154635906 4.1056035608053199 62.942531362175941 12.217470124363901 17.555000960826874 116.24683041870594 5.4293491244316092 61.245286755263805 22.562534004449844
leaf_count=1928 296 346 2037 694 130 750 27 295 74 113 749 35 386 140
internal_value=-0.00012166 0.00551618 -0.00490298 -0.000280281 0.00791731 -0.00343174 0.031949 0.0096359 0.00782587 -0.00555557 0.00104253 0.0326556 0.00320562 -0.00586406
internal_weight=1292.17 592.383 699.784 398.421 155.793 187.282 25.5381 405.101 72.5676 242.628 133.802 17.6468 130.255 69.01
internal_count=8000 3428 4572 2535 979 1205 157 2223 455 1556 862 109 822 436
cat_boundaries=0 1 2 3 4 5
cat_threshold=56 74 5 50 70
is_linear=0
shrinkage=0.05


Tree=22
num_leaves=15
num_cat=7
split_feature=4 0 8 5 5 1 2 3 10 0 2 4 2 5
split_gain=13.2685 10.2708 6.86216 4.84311 5.33383 6.46757 4.75782 4.16289 4.15336 7.38859 5.97833 5.67711 4.46095 3.96345
threshold=0 1 1.0000000180025095e-35 13.250000000000002 9.0500000000000025 8.5000000000000018 2 210.65000000000001 1.0000000180025095e-35 3 4 5 6 9.1500000000000004
decision_type=1 1 2 2 2 2 1 2 2 1 1 1 1 2
left_child=1 -1 6 4 5 -4 -3 -6 9 11 -10 12 -2 -11
right_child=8 2 3 -5 7 -7 -8 -9 10 13 -12 -13 -14 -15
leaf_value=0.015882413696257442 -0.010553990776406294 0.0094181705209166622 -0.00015909919561454041 0.023246039059325874 0.0049386256362555199 0.042474321100991037 -0.0029828920676645675 -0.033946778705143024 0.010696381136730902 -0.0070636110042233292 -0.010172522565631087 -0.013623715788700303 0.008377432221928497 -0.025267976825283478
leaf_weight=133.03269170224667 34.550311639904976 81.499018654227257 25.110423967242241 53.340792939066887 14.277457371354105 13.776086017489432 496.68772977590561 13.288962855935095 63.480252981185913 43.654735594987869 54.556612782180309 69.949803397059441 99.371493086218834 94.89003711938858
leaf_count=672 223 489 125 251 73 64 3109 69 421 311 379 472 649 693
internal_value=-0.000121847 0.0036415 0.00111705 0.0120248 0.0030176 0.0149444 -0.00112358 -0.0138069 -0.00684428 -0.00978103 0.00109516 -0.00300715 0.00309938 -0.018217
internal_weight=1291.47 831.013 697.98 119.794 66.4529 38.8865 578.187 27.5664 460.453 342.416 118.037 203.872 133.922 138.545
internal_count=8000 4852 4180 582 331 189 3598 142 3148 2348 800 1344 872 1004
cat_boundaries=0 1 2 3 4 5 6 7
cat_threshold=72 16 388 58 120 38 76
is_linear=0
shrinkage=0.05


Tree=23
num_leaves=15
num_cat=5
split_feature=4 0 8 2 5 5 1 5 5 3 6 3 2 10
split_gain=12.0799 9.25339 6.15682 4.3216 4.30586 4.85428 4.26607 3.90993 6.35107 5.97872 5.08648 4.39846 3.8124 6.2381
threshold=0 1 1.0000000180025095e-35 2 13.250000000000002 8.5500000000000025 10.500000000000002 16.950000000000003 8.4500000000000011 205.85000000000005 3 130.65000000000001 4 1.0000000180025095e-35
decision_type=1 1 2 1 2 2 2 2 2 2 1 2 1 2
left_child=1 -1 3 7 5 6 -4 8 9 -3 -9 -12 -2 -14
right_child=12 2 4 -5 -6 -7 -8 10 -10 -11 11 -13 13 -15
leaf_value=0.015041242808451073 -0.012679195431260108 0.014733740896498003 0.0078300011100123478 -0.0028417493815704651 0.021885308380119307 -0.010791491611450644 0.054030782417266832 0.0058650966129131822 -0.0077529904910136442 0.086975410587906934 0.093533046580126428 0.019297845609560538 -0.0073387883179164282 0.0091423654041423164
leaf_weight=133.98295900225639 160.36446062475443 20.912218496203426 27.4720658659935 495.80887328088284 53.81187678873539 32.895915254950523 6.1073175370693198 9.2652020305395126 40.378200933337212 3.318475827574729 4.4402313530445099 3.6238499730825424 220.446507781744 77.632959216833115
leaf_count=672 1137 123 135 3109 251 169 27 54 244 20 26 22 1493 518
internal_value=-0.0001153 0.0034671 0.00106446 -0.00106294 0.011371 0.00285961 0.0162329 0.00895462 0.00439087 0.0246275 0.031137 0.0601731 -0.00654965 -0.00294749
internal_weight=1290.46 832.017 698.034 577.747 120.287 66.4753 33.5794 81.9382 64.6089 24.2307 17.3293 8.06408 458.444 298.079
internal_count=8000 4852 4180 3598 582 331 162 489 387 143 102 48 3148 2011
cat_boundaries=0 1 2 3 4 5
cat_threshold=72 16 388 2 261
is_linear=0
shrinkage=0.05


Tree=24
num_leaves=15
num_cat=4
split_feature=0 7 8 4 5 5 3 3 9 2 8 11 3 5
split_gain=11.5698 7.02592 7.99005 6.8798 5.53772 7.16097 5.72446 6.57792 5.33207 9.80396 7.64893 9.27728 6.67325 6.08512
threshold=0 1 1.0000000180025095e-35 2 7.8500000000000005 11.950000000000001 227.15000000000001 159.35000000000005 1.0000000180025095e-35 3 1.0000000180025095e-35 1.0000000180025095e-35 294.45000000000005 7.2500000000000009
decision_type=1 1 2 1 2 2 2 2 2 1 2 2 2 2
left_child=3 -2 -3 -1 6 -6 7 -4 10 -10 12 -12 -5 -11
right_child=1 2 4 8 5 -7 -8 -9 9 13 11 -13 -14 -15
leaf_value=-0.0085893044655841275 -0.013228669374388824 -0.0044961802247343507 0.0021718422366121567 0.011275647205487932 -0.016615076594726025 0.015903450903697471 0.0015908331016171496 0.078101257816644606 0.014126751567716492 0.011773187960737614 0.016184812800054939 0.064382341846042718 -0.0060236156734830267 -0.018822003372400295
leaf_weight=74.133069679141045 164.29485558718443 433.00110214203596 4.1639259755611446 244.4239095300436 25.507417276501656 50.343941673636436 8.5002068281173688 9.0558790266513807 56.633636973798275 21.15339969098568 42.997588261961937 13.00362755358219 72.218293771147728 70.137299373745918
leaf_count=491 1124 2958 21 1418 135 247 43 44 319 118 200 60 422 400
internal_value=-0.000111773 -0.00446306 -0.00155423 0.00496398 0.0113422 0.00496807 0.0336023 0.0541853 0.00701959 -0.000877237 0.0103427 0.0273764 0.00733011 -0.0105743
internal_weight=1289.57 694.867 530.572 594.701 97.5714 75.8514 21.72 13.2198 520.568 147.924 372.643 56.0012 316.642 91.2907
internal_count=8000 4572 3448 3428 490 382 108 65 2937 837 2100 260 1840 518
cat_boundaries=0 1 2 3 4
cat_threshold=56 2 17 17
is_linear=0
shrinkage=0.05


Tree=25
num_leaves=15
num_cat=7
split_feature=4 0 8 2 0 6 8 5 3 2 0 10 1 3
split_gain=10.7129 7.95181 4.93952 3.86403 3.71931 5.90778 6.20951 4.89255 4.70836 6.21335 5.51261 5.48785 7.03585 6.53502
threshold=0 1 1.0000000180025095e-35 2 3 4 1.0000000180025095e-35 8.4500000000000011 325.75000000000006 5 6 1.0000000180025095e-35 10.500000000000002 200.55000000000004
decision_type=1 1 2 1 1 1 2 2 2 1 1 2 2 2
left_child=1 -1 3 -3 7 6 8 -2 9 -6 11 12 13 -11
right_child=4 2 -4 -5 5 -7 -8 -9 -10 10 -12 -13 -14 -15
leaf_value=0.013930510964561903 0.0015330760966201906 0.008546080423495233 0.010208906817009434 -0.0025908145085740313 -0.019032943690702048 -0.010319466507970875 0.022975135719802597 -0.021219758425741496 -0.024978459309840398 -0.022200119851199455 -0.006850529217783361 0.039875028873477478 0.04487099976392931 0.019478335535414368
leaf_weight=135.19879330694675 32.818278580904007 82.291609987616539 121.14902816712856 494.13223052024841 19.104764319956303 161.04648090898991 31.664610102772713 84.359107457101345 18.559808149933815 19.218289688229561 41.261907778680325 19.151162929832935 10.279385231435297 18.419078134000301
leaf_count=672 234 489 582 3109 137 1096 156 629 138 131 312 126 67 122
internal_value=-0.00011156 0.00325368 0.00101674 -0.000897571 -0.00619442 -0.00328675 0.00290335 -0.0136798 -0.00145 0.00197673 0.00681023 0.015013 0.00820947 -0.0018034
internal_weight=1288.65 832.772 697.573 576.424 455.883 338.705 177.659 117.177 145.994 127.435 108.33 67.0679 47.9168 37.6374
internal_count=8000 4852 4180 3598 3148 2285 1189 863 1033 895 758 446 320 253
cat_boundaries=0 1 2 3 4 5 6 7
cat_threshold=72 16 388 5 2 388 112
is_linear=0
shrinkage=0.05


Tree=26
num_leaves=15
num_cat=4
split_feature=0 7 4 3 1 5 3 3 9 2 8 11 3 3
split_gain=9.90612 6.62366 6.03789 5.92794 6.16795 5.61268 5.00025 9.28877 4.72882 8.95825 6.48275 8.06649 5.92684 5.91444
threshold=0 1 2 183.55000000000004 10.500000000000002 17.150000000000002 243.15000000000001 258.60000000000008 1.0000000180025095e-35 3 1.0000000180025095e-35 1.0000000180025095e-35 222.25000000000003 294.45000000000005
decision_type=1 1 1 2 2 2 2 2 2 1 2 2 2 2
left_child=2 3 -1 4 -2 -6 -5 -8 10 12 13 -12 -10 -4
right_child=1 -3 8 6 5 -7 7 -9 9 -11 11 -13 -14 -15
leaf_value=-0.0081679485632245724 0.0032947752917610231 -0.0097102425297510946 0.010505651379891602 -0.012816478967028378 0.040011257040379132 -0.024327297390161783 0.035350219671106353 -0.0035048614636213164 0.058010015831489709 -0.010268857543380314 0.014719264602636374 0.059193140140941305 0.0095228180605254065 -0.0057889680530192715
leaf_weight=73.595462687313557 129.84268499165773 295.84225838631392 246.13550641387701 107.28930698335171 21.85475064069033 4.0120326504111281 17.7633892968297 114.7178448215127 7.2141847163438788 90.850007921457291 43.401443839073181 13.326160684227942 49.868690133094788 71.972221694886684
leaf_count=491 822 2037 1418 694 130 27 113 749 40 518 200 60 279 422
internal_value=-0.000110723 -0.00415553 0.00457117 0.000136715 0.00773644 0.0300321 -0.00479292 0.00170492 0.00648424 -0.000961442 0.00959574 0.0251668 0.0133176 0.00681898
internal_weight=1287.69 691.322 596.364 395.48 155.709 25.8668 239.771 132.481 522.768 147.933 374.835 56.7276 57.0829 318.108
internal_count=8000 4572 3428 2535 979 157 1556 862 2937 837 2100 260 319 1840
cat_boundaries=0 1 2 3 4
cat_threshold=56 5 17 17
is_linear=0
shrinkage=0.05


Tree=27
num_leaves=15
num_cat=4
split_feature=4 0 5 5 1 3 3 5 0 2 3 1 3 5
split_gain=9.52359 6.80762 4.40849 6.4184 7.3063 7.38232 9.09976 7.11869 6.51953 8.37849 5.21874 6.61704 5.21475 6.3014
threshold=0 1 14.050000000000002 7.2500000000000009 5.5000000000000009 220.15000000000001 129.35000000000005 6.6500000000000012 2 3 281.60000000000008 8.5000000000000018 169.35000000000005 13.750000000000002
decision_type=1 1 2 2 2 2 2 2 1 1 2 2 2 2
left_child=1 -1 3 4 7 6 -6 -3 9 -5 -7 -12 13 -10
right_child=-2 2 -4 8 5 10 -8 -9 12 -11 11 -13 -14 -15
leaf_value=0.012880643656385572 -0.0058754160261622144 -0.013084573883891832 0.006204687719315434 0.013471465304479627 -0.010797897197411735 -0.024768837598775906 0.03707734461481748 0.041881946181921231 0.0044097693781468879 -0.016401084174226709 0.045906587938714737 -0.010772926902480795 -0.017355987990781804 -0.063193987827311379
leaf_weight=136.33776994049549 453.40785203129053 54.990419089794159 255.86817909777164 66.732050359249115 12.820714280009268 15.33673159778118 43.950620755553246 6.5970382541418067 56.865049183368683 24.802529141306877 9.0323007404804247 11.97806668281555 134.69215774536133 3.6693784147500983
leaf_count=672 3148 332 1511 405 75 94 259 40 344 155 53 71 818 23
internal_value=-0.000118495 0.00304644 0.000968814 -0.00204388 0.00616419 0.015001 0.0262656 -0.00719675 -0.00647208 0.00455898 -0.0025936 0.0135934 -0.0112989 0.000311874
internal_weight=1287.08 833.673 697.335 441.467 154.706 93.1184 56.7713 61.5875 286.761 91.5346 36.3471 21.0104 195.227 60.5344
internal_count=8000 4852 4180 2669 924 552 334 372 1745 560 218 124 1185 367
cat_boundaries=0 1 2 3 4
cat_threshold=72 16 12 229
is_linear=0
shrinkage=0.05


Tree=28
num_leaves=15
num_cat=4
split_feature=8 4 0 1 2 1 3 5 5 7 1 3 5 3
split_gain=9.03295 8.22083 7.23701 5.02074 5.6802 5.69091 5.61509 5.28061 5.85656 4.50411 7.56766 10.2221 5.66005 6.82501
threshold=1.0000000180025095e-35 0 1 5.5000000000000009 2 6.5000000000000009 367.55000000000007 20.650000000000002 21.650000000000002 3 2.5000000000000004 181.95000000000002 11.750000000000002 363.15000000000003
decision_type=2 1 1 2 1 2 2 2 2 1 2 2 2 2
left_child=1 -1 3 -3 5 -5 7 -6 -9 -4 11 -11 -12 -14
right_child=-2 2 9 4 6 -7 -8 8 -10 10 12 -13 13 -15
leaf_value=-0.013630219019746684 0.008995430102115844 -0.001897496688313578 -0.00029478761410159712 0.048803012715109 -0.0021032648505932765 0.01479362988178985 0.041373316772392588 0.084435109556080468 0.010421147419098997 -0.025404052610990865 -0.0053819346862247625 0.03336774339851574 -0.026198623984396881 0.041351515900738579
leaf_weight=123.75372868776321 224.63902349770069 186.65716294199228 286.83368632942438 14.817428290843962 145.71840236335993 72.41614180803299 8.9472670853137952 3.6756920963525763 9.7951546162366849 11.623790867626669 87.570659674704075 20.352900765836239 85.760699577629566 3.909778118133544
leaf_count=945 1096 1084 1886 84 852 408 52 21 55 86 630 149 625 27
internal_value=-0.000113558 -0.00204064 -0.000362545 0.00423952 0.00889126 0.0184549 0.00267283 0.000665559 0.0306168 -0.00446615 -0.00991068 0.0120037 -0.0144235 -0.0232533
internal_weight=1286.47 1061.83 938.079 442.027 255.37 87.2336 168.137 159.189 13.4708 496.052 209.218 31.9767 177.241 89.6705
internal_count=8000 6904 5959 2556 1472 492 980 928 76 3403 1517 235 1282 652
cat_boundaries=0 1 2 3 4
cat_threshold=17 56 88 5
is_linear=0
shrinkage=0.05


Tree=29
num_leaves=15
num_cat=4
split_feature=0 9 2 5 7 8 4 5 1 1 8 3 3 10
split_gain=8.32287 6.01357 7.72408 5.53757 5.33903 5.8224 5.02583 6.69884 6.35606 4.79223 4.7266 4.72743 4.83061 4.86491
threshold=0 1.0000000180025095e-35 1 21.050000000000004 2 1.0000000180025095e-35 3 12.15 2.5000000000000004 6.5000000000000009 1.0000000180025095e-35 323.05000000000007 354.25000000000006 1.0000000180025095e-35
decision_type=1 2 1 2 1 2 1 2 2 2 2 2 2 2
left_child=1 10 9 -4 6 -6 7 -2 -9 -3 11 -1 -13 -14
right_child=4 2 3 -5 5 -7 -8 8 -10 -11 -12 12 13 -15
leaf_value=0.0096641686742688412 0.0043456240739539751 0.0083838376669152937 -0.013824974912242747 0.032557477512881509 -0.0028805504378317292 0.0092643533296436053 -0.023485848676114626 0.017715683598719924 -0.02260457961994778 0.057168785245222675 0.024157214983652243 -0.026861244915942308 0.023718039423385108 -0.039564313676033275
leaf_weight=214.74132725596428 86.438420012593269 12.527614742517473 91.053565844893456 6.9244178831577292 543.55194310843945 120.57719817757607 44.751312248408794 11.617236226797102 61.609727613627911 8.4154537171125394 46.636838436126709 19.42831152677536 13.447962686419489 3.9229887425899497
leaf_count=1182 578 68 508 37 3730 594 346 74 412 45 215 111 77 23
internal_value=-0.000116062 0.00561124 -0.00376082 -0.00957021 -0.0028977 -0.000665539 -0.00978052 -0.00478133 -0.0162079 0.0189422 0.00953725 0.00682664 -0.00973171 0.0094266
internal_weight=1285.64 417.098 118.921 97.978 868.546 664.129 204.417 159.665 73.227 20.9431 298.177 251.541 36.7993 17.371
internal_count=8000 2266 658 545 5734 4324 1410 1064 486 113 1608 1393 211 100
cat_boundaries=0 1 2 3 4
cat_threshold=48 144 2 106
is_linear=0
shrinkage=0.05


Tree=30
num_leaves=15
num_cat=4
split_feature=4 0 5 5 1 3 3 5 0 2 5 3 5 3
split_gain=8.14629 5.61929 4.15791 5.65356 6.42538 6.47546 7.91695 6.38557 5.92271 7.80222 4.93853 4.86704 5.85695 4.73903
threshold=0 1 14.050000000000002 7.2500000000000009 5.5000000000000009 220.15000000000001 129.35000000000005 6.5500000000000007 2 3 14.350000000000003 169.35000000000005 13.750000000000002 281.60000000000008
decision_type=1 1 2 2 2 2 2 2 1 1 2 2 2 2
left_child=1 -1 3 4 7 6 -6 -3 9 -5 -4 12 -10 -7
right_child=-2 2 10 8 5 13 -8 -9 11 -11 -12 -13 -14 -15
leaf_value=0.011686467443759035 -0.0054713719049018315 -0.013486845979787616 0.036884420026672242 0.012831537755963855 -0.010483343354808878 -0.02403672551633319 0.034148139504423816 0.032798744990632005 0.0042403962166920059 -0.016016180073260611 0.0044211812422006403 -0.016729687209604768 -0.06234096981042541 0.012589809193287886
leaf_weight=137.6079894900322 450.26962348818779 52.679160237312317 12.306714259088038 67.182062461972237 12.758070841431616 15.140591457486151 44.920464158058167 8.6792738735675794 56.914613038301468 24.588960275053978 243.79484166204929 133.36035017669201 3.5064730420708647 21.194300591945648
leaf_count=672 3148 321 74 405 75 94 259 51 344 155 1437 818 23 124
internal_value=-0.000121532 0.00279666 0.000901147 -0.00202904 0.00564644 0.0138608 0.024276 -0.00693966 -0.00620535 0.00428788 0.00598117 -0.0108368 0.000376418 -0.00267231
internal_weight=1284.9 834.634 697.026 440.924 155.372 94.0134 57.6785 61.3584 285.552 91.771 256.102 193.781 60.4211 36.3349
internal_count=8000 4852 4180 2669 924 552 334 372 1745 560 1511 1185 367 218
cat_boundaries=0 1 2 3 4
cat_threshold=72 16 12 229
is_linear=0
shrinkage=0.05


Tree=31
num_leaves=15
num_cat=4
split_feature=8 4 0 1 5 5 3 1 3 3 0 5 2 3
split_gain=7.41253 7.12903 5.83558 4.43144 5.01799 7.02118 7.57791 5.47232 4.4658 4.23789 5.06584 4.68925 4.09759 8.05815
threshold=1.0000000180025095e-35 0 1 5.5000000000000009 5.3500000000000005 4.8500000000000005 208.05000000000004 7.5000000000000009 190.15000000000001 354.25000000000006 2 22.950000000000003 3 135.95000000000002
decision_type=2 1 1 2 2 2 2 2 2 2 1 2 1 2
left_child=1 9 3 8 5 6 7 -5 -3 10 -1 -12 13 -4
right_child=-2 2 12 4 -6 -7 -8 -9 -10 -11 11 -13 -14 -15
leaf_value=0.0025162557881014264 0.0081038824552259019 -0.010725800523491459 0.040568075869235484 0.077703618015950687 0.0052519780292800263 0.081957122046498826 -0.011577950225178772 0.019510664545065334 0.0048576259677092981 -0.047350941841313929 -0.024623559999335669 0.038548648416968638 -0.0052830263081788615 -0.01045608323608746
leaf_weight=47.764025881886482 225.97777637839317 81.913942016661167 15.543680228292944 5.7969351261854198 219.46226345747709 4.7338901087641707 13.690888807177542 13.328758150339125 104.78417007625103 8.7376727387309057 62.178924269974232 3.0832588523626319 461.85473011434078 15.408562876284121
leaf_count=363 1096 478 101 30 1265 27 77 73 606 71 486 25 3203 99
internal_value=-0.000116549 -0.00187188 -0.000317349 0.00379753 0.00814189 0.0250319 0.0168203 0.0371488 -0.00197961 -0.0127546 -0.0112086 -0.0187639 -0.00402412 0.0114637
internal_weight=1284.26 1058.28 936.518 443.711 257.013 37.5505 32.8166 19.1257 186.698 121.764 113.026 65.2622 492.807 30.9522
internal_count=8000 6904 5959 2556 1472 207 180 103 1084 945 874 511 3403 200
cat_boundaries=0 1 2 3 4
cat_threshold=17 56 84 128
is_linear=0
shrinkage=0.05


Tree=32
num_leaves=15
num_cat=3
split_feature=4 0 2 8 3 3 1 3 5 5 1 5 3 3
split_gain=7.06335 4.91992 3.8145 9.22783 4.18669 4.97931 4.03993 3.98416 3.79879 4.99512 5.53651 5.91365 5.46645 7.06447
threshold=0 1 2 1.0000000180025095e-35 199.05000000000004 186.15000000000001 5.5000000000000009 223.35000000000005 14.050000000000002 7.2500000000000009 5.5000000000000009 5.3500000000000005 220.15000000000001 129.35000000000005
decision_type=1 1 1 2 2 2 2 2 2 2 2 2 2 2
left_child=1 2 7 4 5 6 -4 -1 9 10 11 -3 13 -12
right_child=-2 8 3 -5 -6 -7 -8 -9 -10 -11 12 -13 -14 -15
leaf_value=-0.0055610239894123802 -0.0051153215978050259 -0.018684350519647345 -0.0074128551060774501 0.060303898548848316 0.0033511805694625657 0.077136687832026152 0.036028941798358291 0.03331215883460386 0.0056632659997661074 -0.005930964866828644 -0.010684175977178087 0.013411461212330859 -0.0025078076450544937 0.031352695260179878
leaf_weight=47.67263588309288 447.75094693899155 37.942712560296059 8.8565991669893318 11.90609151124954 44.49679009616375 4.3792500495910636 13.523795410990713 7.648951217532157 256.80837191641331 284.4428326562047 12.778634980320929 23.082251936197281 36.234441831707954 45.871734410524368
leaf_count=233 3148 234 44 52 220 21 65 37 1511 1745 75 138 218 259
internal_value=-0.000114199 0.00259563 0.0108846 0.0174587 0.0127499 0.0283784 0.0188377 -0.000157767 0.00081847 -0.00198837 0.00520452 -0.00654434 0.0127608 0.0221938
internal_weight=1283.4 835.645 138.484 83.1625 71.2564 26.7596 22.3804 55.3216 697.161 440.353 155.91 61.025 94.8848 58.6504
internal_count=8000 4852 672 402 350 130 109 270 4180 2669 924 372 552 334
cat_boundaries=0 1 2 3
cat_threshold=72 16 428
is_linear=0
shrinkage=0.05


Tree=33
num_leaves=15
num_cat=4
split_feature=0 9 2 1 8 3 4 10 5 5 5 4 3 3
split_gain=6.6556 6.48134 7.12356 8.20139 5.33918 5.52035 5.22505 4.89801 7.68143 4.80424 6.00914 4.50074 8.61575 5.42435
threshold=0 1.0000000180025095e-35 1 1.5000000000000002 1.0000000180025095e-35 307.05000000000007 2 1.0000000180025095e-35 5.4500000000000011 4.4500000000000011 6.1500000000000012 3 183.55000000000004 105.35000000000001
decision_type=1 2 1 2 2 2 1 2 2 2 2 1 2 2
left_child=1 4 3 -3 5 7 -5 -1 -9 -8 -11 13 -13 -2
right_child=11 2 -4 6 -6 -7 9 8 -10 10 -12 12 -14 -15
leaf_value=0.0027408463903625564 -0.024036131950208865 0.056146944512597829 -0.012287452634632649 -0.0072295011135420006 0.016623190234221371 -0.0079123375766963835 -0.031887776151226739 0.047135036652266753 0.0094802424103997609 0.08863053647105161 0.016948448085713375 0.0044052115635280281 -0.029060945218667311 -0.00083909856210331521
leaf_weight=280.1850730702281 26.944372311234474 7.3981012701988211 117.47677794098854 62.365693226456642 92.967140972614288 86.323873661458492 4.4086142778396598 16.246281139552593 81.421036221086979 3.2159960418939582 32.166554123163223 30.794148467481136 51.220812328159809 389.55597310513258
leaf_count=1716 177 44 710 378 438 545 26 92 497 18 189 230 391 2549
internal_value=-0.0001122 0.00274935 -0.0043365 0.00486672 0.00568613 0.00349561 0.00162945 0.00610187 0.0157439 0.0138504 0.0234638 -0.00457682 -0.0147027 -0.00228491
internal_weight=1282.69 784.175 227.032 109.555 557.143 464.176 102.157 377.852 97.6673 39.7912 35.3826 498.515 82.015 416.5
internal_count=8000 4653 1365 655 3288 2850 611 2305 589 233 207 3347 621 2726
cat_boundaries=0 1 2 3 4
cat_threshold=120 275 113 108
is_linear=0
shrinkage=0.05


Tree=34
num_leaves=15
num_cat=4
split_feature=0 9 2 7 5 8 4 5 1 5 10 3 1 1
split_gain=6.26699 4.99862 6.86083 4.97219 4.93655 4.61078 4.42116 6.25322 5.82118 4.28853 6.46816 5.63843 4.16414 4.10103
threshold=0 1.0000000180025095e-35 1 2 21.050000000000004 1.0000000180025095e-35 3 12.15 2.5000000000000004 6.2500000000000009 1.0000000180025095e-35 320.85000000000008 1.5000000000000002 6.5000000000000009
decision_type=1 2 1 1 2 2 1 2 2 2 2 2 2 2
left_child=1 -1 -3 6 -4 -5 7 9 12 10 -2 -11 -9 -13
right_child=3 2 4 5 -6 -7 -8 8 -10 11 -12 13 -14 -15
leaf_value=0.0083791934990210832 -0.024903940768235044 0.01755875951939093 -0.013340083684483646 -0.0023816022693175214 0.030154015906185445 0.0084089654758635994 -0.022276739047660202 -0.020284805803473877 -0.021885982681890674 0.0061317594708566779 0.025236811261208872 0.018962633525404574 0.040645409463845171 0.091520113945900761
leaf_weight=300.4822256937623 22.378894798457623 21.248546615242958 90.30606697499752 539.49572382122278 7.0318196415901175 121.24678644537926 43.409876227378845 4.6346668824553472 60.775232695043087 47.179937526583672 9.0260750055313128 4.2928403690457335 7.0997540876269341 3.5645121410489082
leaf_count=1608 147 113 508 3730 37 594 346 30 412 323 57 28 44 23
internal_value=-0.000116557 0.00483333 -0.00374383 -0.00254641 -0.00924793 -0.000395538 -0.00921999 -0.00454671 -0.0156609 0.00425013 -0.010493 0.0126628 0.0165802 0.0518786
internal_weight=1282.17 419.069 118.586 863.104 97.3379 660.743 202.362 158.952 72.5097 86.4423 31.405 55.0373 11.7344 7.85735
internal_count=8000 2266 658 5734 545 4324 1410 1064 486 578 204 374 74 51
cat_boundaries=0 1 2 3 4
cat_threshold=48 144 2 106
is_linear=0
shrinkage=0.05


Tree=35
num_leaves=15
num_cat=5
split_feature=4 0 3 5 3 5 5 0 2 1 5 3 3 2
split_gain=6.04735 4.14263 3.69071 3.80143 4.78983 5.24101 4.41877 5.64836 6.59819 4.80887 5.37985 5.04469 5.67855 5.03682
threshold=0 1 8.0500000000000025 14.050000000000002 13.550000000000002 14.350000000000003 7.2500000000000009 2 3 5.5000000000000009 6.6500000000000012 220.15000000000001 129.35000000000005 4
decision_type=1 1 2 2 2 2 2 1 1 2 2 2 2 1
left_child=1 -1 -3 6 -5 -6 9 8 -8 10 13 12 -11 -4
right_child=-2 2 3 4 5 -7 7 -9 -10 11 -12 -13 -14 -15
leaf_value=0.0099674383486606909 -0.0047606927003559542 -0.043159914188377974 0.0058727054279340595 0.045957212558226011 0.036630280187385456 0.003083042044442388 0.012404296549547484 -0.01009181298808076 -0.014479689964525642 -0.010001874335049314 0.035480652027963654 -0.0026098139353374922 0.028939810802036788 -0.022176196780590209
leaf_weight=139.32052379846573 445.12045042961836 4.7501593679189673 26.471854269504547 7.2538543939590445 12.246529020369051 236.00006173551083 67.456368550658226 190.54520535469055 23.6082554012537 11.708279222249983 6.921010971069335 36.251033127307892 46.706789091229439 27.115460477769375
leaf_count=672 3148 29 162 45 72 1384 405 1177 151 69 40 218 259 169
internal_value=-0.00011461 0.00238649 0.000751696 0.00106386 0.00590824 0.004738 -0.00176991 -0.00550304 0.0046916 0.00500497 -0.00600462 0.012042 0.0211346 -0.0113626
internal_weight=1281.48 836.355 697.035 692.285 255.5 248.247 436.784 281.61 91.0646 155.174 60.5083 94.6661 58.4151 53.5873
internal_count=8000 4852 4180 4151 1501 1456 2650 1733 556 917 371 546 328 331
cat_boundaries=0 1 2 3 4 5
cat_threshold=72 16 12 229 139
is_linear=0
shrinkage=0.05


Tree=36
num_leaves=15
num_cat=5
split_feature=8 4 3 0 2 3 3 1 3 3 2 3 1 2
split_gain=5.81766 5.63985 5.15779 4.28407 4.67497 5.07556 4.80771 6.27087 7.24911 4.54231 4.26429 4.15992 6.55018 4.08078
threshold=1.0000000180025095e-35 0 401.75000000000006 1 2 153.65000000000001 105.35000000000001 3.5000000000000004 130.65000000000001 207.15000000000001 3 116.65000000000002 5.5000000000000009 4
decision_type=2 1 2 1 1 2 2 2 2 2 1 2 2 1
left_child=1 10 3 13 5 6 -5 8 -8 -6 -1 -9 -13 -3
right_child=-2 2 -4 4 9 -7 7 11 -10 -11 -12 12 -14 -15
leaf_value=-0.00066499695163676088 0.0071369004018124113 0.0072270805087057913 0.046163895092969857 -0.02372972414458242 -0.01795726758141749 -0.0040742834545860699 0.017199110821753703 0.049285172901563756 0.11834360560375828 0.014839357987366726 -0.020250604337891699 -0.050334665872282462 0.016436757592023867 -0.0013082129807303342
leaf_weight=58.035309322178364 227.20811283588409 221.83055079728365 5.9309175461530677 6.6273788437247267 95.938849613070488 207.38558391481638 3.782497249543666 5.8066214621067074 3.3320077136158943 11.862876690924166 60.856992803514004 4.7304501533508327 16.429478339850903 351.23107181489468
leaf_count=451 1096 1322 37 45 678 1458 25 37 22 82 494 33 105 2115
internal_value=-0.000119728 -0.00168435 -0.000311985 -0.000612068 -0.00484148 -0.000870667 0.015236 0.0228132 0.0645691 -0.0131302 -0.0114835 0.0117969 0.00150954 0.00206306
internal_weight=1280.99 1053.78 934.888 928.957 355.896 248.094 40.7084 34.0811 7.1145 107.802 118.892 26.9665 21.1599 573.062
internal_count=8000 6904 5959 5922 2485 1725 267 222 47 760 945 175 138 3437
cat_boundaries=0 1 2 3 4 5
cat_threshold=17 120 181 106 90
is_linear=0
shrinkage=0.05


Tree=37
num_leaves=15
num_cat=6
split_feature=0 3 4 7 6 1 5 1 4 5 11 5 5 6
split_gain=5.3381 4.77094 4.65513 4.60863 4.51313 4.69492 7.13786 4.16893 4.03817 5.75965 5.39059 4.4242 4.38999 4.88847
threshold=0 8.6500000000000004 1 2 3 10.500000000000002 18.050000000000004 8.5000000000000018 4 12.15 1.0000000180025095e-35 17.350000000000005 19.550000000000004 5
decision_type=1 2 1 1 1 2 2 2 1 2 2 2 2 1
left_child=1 -1 -3 8 5 6 7 -4 9 -2 11 -11 13 -12
right_child=3 2 4 -5 -6 -7 -8 -9 -10 10 12 -13 -14 -15
leaf_value=0.043706547925480864 0.0040393549612526445 0.0063476013606596554 -0.0050097514437663715 -0.00030455347249959403 -0.020185602942058064 0.04067107369856203 0.047284900517794853 -0.054243661412942706 -0.021432860369790144 -0.034986154165529998 0.04459998074462581 -0.0049832243158389232 -0.046696862898267473 -0.0097365406253503133
leaf_weight=7.6346158087253562 86.596050120890141 331.67538753151894 25.770882874727253 659.20769001543522 37.065091505646706 7.1212067455053321 5.785397380590438 5.1607024520635596 42.495969757437706 32.219949066638947 8.2908589020371437 19.86099436879158 3.1767713427543631 8.2664747089147603
leaf_count=42 578 1705 165 4324 246 42 34 32 346 227 53 132 21 53
internal_value=-0.000121821 0.0044361 0.00381693 -0.00237261 -0.00653478 0.00351629 -0.00368982 -0.0132241 -0.00882204 -0.00436724 -0.0151122 -0.0235446 0.00714195 0.0174717
internal_weight=1280.33 420.213 412.579 860.115 80.9033 43.8382 36.717 30.9316 200.907 158.411 71.815 52.0809 19.7341 16.5573
internal_count=8000 2266 2224 5734 519 273 231 197 1410 1064 486 359 127 106
cat_boundaries=0 1 2 3 4 5 6
cat_threshold=48 77 2 2 106 1
is_linear=0
shrinkage=0.05


Tree=38
num_leaves=15
num_cat=4
split_feature=8 4 3 3 0 5 0 2 3 3 1 3 3 3
split_gain=5.27454 5.03886 4.51699 4.02641 4.89143 4.42018 3.67837 4.28407 4.53487 4.30055 5.27001 5.74729 4.14308 3.8103
threshold=1.0000000180025095e-35 0 401.75000000000006 354.25000000000006 1 22.950000000000003 2 3 153.65000000000001 105.35000000000001 3.5000000000000004 130.65000000000001 207.15000000000001 390.85000000000008
decision_type=2 1 2 2 1 2 1 1 2 2 2 2 2 2
left_child=1 3 6 4 -1 -6 13 8 9 -8 11 -11 -9 -3
right_child=-2 2 -4 -5 5 -7 7 12 -10 10 -12 -13 -14 -15
leaf_value=0.0037474350786561028 0.0067754744156139947 0.0022123591928085869 0.042582646661799957 -0.045769349381210134 -0.022701264111860457 0.038796797227974356 -0.022837673058698712 -0.01719694188417438 -0.0037970707110971075 0.016182253571199779 0.011227442860330438 0.10434238950743124 0.014027068117743716 -0.050614462887736016
leaf_weight=46.781326971948147 227.7350549697876 570.61960009485483 6.0929358378052703 8.1472650021314603 59.658853068947792 3.0723114758729926 6.5210059955716124 94.700018979609013 206.57907494157553 3.8217087090015402 27.110249549150467 3.5807929635047913 11.966403946280478 3.4339641705155364
leaf_count=363 1096 3417 37 71 486 25 45 678 1458 25 175 22 82 20
internal_value=-0.000123719 -0.00161712 -0.000324118 -0.0109294 -0.00933548 -0.0169822 -0.00060922 -0.00454093 -0.000751006 0.014401 0.021437 0.0588277 -0.0125203 0.00186388
internal_weight=1279.82 1052.09 934.426 117.66 109.512 62.7312 928.333 354.279 247.613 41.0338 34.5128 7.4025 106.666 574.054
internal_count=8000 6904 5959 945 874 511 5922 2485 1725 267 222 47 760 3437
cat_boundaries=0 1 2 3 4
cat_threshold=17 84 120 181
is_linear=0
shrinkage=0.05


Tree=39
num_leaves=15
num_cat=4
split_feature=8 4 2 3 5 5 3 0 2 3 3 1 5 3
split_gain=4.75188 4.58216 4.03899 4.02232 3.94628 4.73098 3.68357 3.12946 4.15574 7.51098 5.74639 4.74078 4.67717 4.24987
threshold=1.0000000180025095e-35 0 1 412.90000000000003 11.750000000000002 20.650000000000002 196.15000000000001 2 3 249.65000000000001 277.15000000000003 3.5000000000000004 2.8500000000000001 243.15000000000001
decision_type=2 1 1 2 2 2 2 1 1 2 2 2 2 2
left_child=1 2 6 7 -4 -6 -1 -3 10 -10 11 13 -12 -9
right_child=-2 3 4 -5 5 -7 -8 8 9 -11 12 -13 -14 -15
leaf_value=0.0076123386950872592 0.0064194345982955901 0.0017634455652650591 -0.0092111126039471341 0.054288072231656194 -0.042918315762108465 0.015047373389060342 -0.020879025967742465 0.025563923221641239 -0.011499921107857178 0.023480357444264112 0.035231477633608392 0.0075034556022667287 -0.0081511477031871414 0.092180607267398171
leaf_weight=41.905574321746826 228.33182978630066 576.18634322285652 29.22765089571476 3.360845908522605 25.88290631771088 4.0741333067417136 15.555543176829813 9.0303716287016851 198.07660176604986 16.634569279849529 6.7172072306275359 38.040292456746101 82.747097223997116 3.2578739672899237
leaf_count=330 1096 3446 241 20 219 34 121 57 1418 117 45 250 584 22
internal_value=-0.000118164 -0.00153888 -0.0104587 -0.000309672 -0.0190615 -0.035035 -8.57555e-05 -0.000510159 -0.00413852 -0.00839869 0.00252864 0.0162254 -0.00489387 0.0432254
internal_weight=1279.03 1050.7 116.646 934.051 59.1847 29.957 57.4611 930.69 354.504 214.711 139.793 50.3285 89.4643 12.2882
internal_count=8000 6904 945 5959 494 253 451 5939 2493 1535 958 329 629 79
cat_boundaries=0 1 2 3 4
cat_threshold=17 106 120 133
is_linear=0
shrinkage=0.05


Tree=40
num_leaves=15
num_cat=4
split_feature=0 9 2 5 7 1 4 5 11 5 5 10 3 5
split_gain=4.52482 4.37418 6.40593 4.38318 4.32415 4.04 3.68235 5.23395 4.95347 4.15239 4.01741 5.79615 4.79452 3.97086
threshold=0 1.0000000180025095e-35 1 20.650000000000002 2 6.5000000000000009 3 12.15 1.0000000180025095e-35 17.350000000000005 6.2500000000000009 1.0000000180025095e-35 320.85000000000008 19.550000000000004
decision_type=1 2 1 2 1 2 1 2 2 2 2 2 2 2
left_child=1 -1 5 -4 6 -3 7 10 9 -9 11 -2 -12 -10
right_child=4 2 3 -5 -6 -7 -8 8 13 -11 12 -13 -14 -15
leaf_value=0.0073602288894850446 -0.024416773844378917 0.0063522874496425427 -0.013374922445308302 0.02559051897397956 -0.00019318390829524941 0.050515979293864213 -0.020636644064536684 -0.034031455131417226 0.016292010125994145 -0.0048035476125740176 0.0057514512297223621 0.022769010884063617 0.047336270624357038 -0.045575355615817305
leaf_weight=302.61357952654362 22.14576755464077 12.699885077774526 89.269091688096523 7.8520357161760321 657.62628631293774 8.743445470929144 41.60785187035799 31.479336813092232 16.725428521633152 19.792159885168076 47.332278519868851 9.2167503759264964 8.1204770281910879 3.0695901438593856
leaf_count=1608 147 68 504 41 4324 45 346 227 106 132 323 57 51 21
internal_value=-0.000113723 0.00407403 -0.00396976 -0.00927016 -0.00219348 0.0166126 -0.00846357 -0.00421735 -0.0145465 -0.0227487 0.00375223 -0.0105499 0.0118411 0.00669831
internal_weight=1278.29 421.178 118.564 97.1211 857.116 21.4433 199.49 157.882 71.0665 51.2715 86.8153 31.3625 55.4528 19.795
internal_count=8000 2266 658 545 5734 113 1410 1064 486 359 578 204 374 127
cat_boundaries=0 1 2 3 4
cat_threshold=48 144 2 106
is_linear=0
shrinkage=0.05


Tree=41
num_leaves=15
num_cat=3
split_feature=4 2 3 3 7 10 5 3 5 3 3 5 3 3
split_gain=4.39932 3.32296 4.03465 7.00892 4.94091 5.80528 7.78888 4.93711 5.78456 4.79189 4.67731 4.35482 8.00919 9.74786
threshold=0 1 280.05000000000007 229.45000000000002 2 1.0000000180025095e-35 8.5500000000000025 236.75000000000003 8.6500000000000004 219.10000000000002 239.40000000000003 16.550000000000004 166.55000000000004 173.15000000000001
decision_type=1 1 2 2 1 2 2 2 2 2 2 2 2 2
left_child=-1 -2 3 4 9 -6 -7 8 -5 11 -9 12 -3 -14
right_child=1 2 -4 7 5 6 -8 10 -10 -11 -12 -13 13 -15
leaf_value=0.0020048767525035665 -0.018062778613784573 -0.013835639260347655 -0.011243340748847742 0.10791211769715568 -0.015885352945825919 0.042863467889540402 -0.0073166380169042968 -0.046420617641355189 0.023121491127358257 -0.03464579188576266 0.014314172544599744 0.026906005161005383 0.085098248786260988 0.0088752564361694909
leaf_weight=837.78541848808527 30.038747154176235 39.495373398065567 104.2562692463398 2.9211418032646161 104.04439478367567 10.804186820983885 27.204904623329639 3.4379130750894538 6.4592869281768799 7.144033581018447 40.680457875132561 22.944080173969269 4.7490875571966162 35.91662260144949
leaf_count=4852 223 274 791 19 743 70 188 25 45 48 286 157 32 247
internal_value=-0.00011804 -0.00411144 -0.00268376 0.000146677 -0.003339 -0.00913314 0.00694719 0.0165853 0.049526 0.00454296 0.00958143 0.00769892 0.00220137 0.0177769
internal_weight=1277.88 440.096 410.058 305.801 252.303 142.053 38.0091 53.4988 9.38043 110.249 44.1184 103.105 80.1611 40.6657
internal_count=8000 3148 2925 2134 1759 1001 258 375 64 758 311 710 553 279
cat_boundaries=0 1 2 3
cat_threshold=72 260 12
is_linear=0
shrinkage=0.05


Tree=42
num_leaves=15
num_cat=4
split_feature=8 4 3 0 5 3 3 0 3 3 10 2 5 5
split_gain=4.2943 3.95213 3.7424 4.60158 4.20079 3.65327 3.09151 3.1048 7.57319 5.00701 4.9565 7.8118 5.18846 5.66736
threshold=1.0000000180025095e-35 0 354.25000000000006 1 23.450000000000003 401.75000000000006 390.85000000000008 2 349.65000000000003 343.55000000000007 1.0000000180025095e-35 3 19.950000000000003 21.650000000000002
decision_type=2 1 2 1 2 2 2 1 2 2 2 1 2 2
left_child=1 2 3 -1 -5 6 7 8 9 10 12 -12 -3 -14
right_child=-2 5 -4 4 -6 -7 -8 -9 -10 -11 11 -13 13 -15
leaf_value=0.004226532531779347 0.0060860569701782783 -0.0038606183311937522 -0.044405461068592958 -0.021045187921277422 0.047010256574236693 0.037512237004783434 -0.037059355590868315 -0.0023266875762602739 0.038106257799528663 -0.051350850928178371 -0.0026753024667882214 0.028685313519688227 0.058576083971761887 0.0020679493052952994
leaf_weight=46.386675283312798 228.7694918513298 178.09451602399349 7.6707152798771849 58.778871387243271 2.3584692478179923 6.3308904767036429 5.7777751609683028 631.51526792347431 15.384474150836466 4.3194932639598838 42.721748247742653 30.75607618689537 7.2080712020397213 11.542138390243052
leaf_count=363 1096 1036 71 492 19 37 37 4208 88 28 250 169 41 65
internal_value=-0.000120815 -0.00147463 -0.00981225 -0.00825695 -0.0158305 -0.000337219 -0.000599257 -0.000370664 0.00383641 0.00205642 0.00290981 0.0139914 -0.00122668 0.0237912
internal_weight=1277.61 1048.85 115.195 107.524 61.1373 933.65 927.32 921.542 290.027 274.642 270.323 73.4778 196.845 18.7502
internal_count=8000 6904 945 874 511 5959 5922 5885 1677 1589 1561 419 1142 106
cat_boundaries=0 1 2 3 4
cat_threshold=17 84 24 421
is_linear=0
shrinkage=0.05


Tree=43
num_leaves=15
num_cat=5
split_feature=0 3 3 9 2 7 4 3 1 3 5 0 3 3
split_gain=4.03102 4.23194 4.45089 4.41749 6.49865 3.9766 4.85776 4.57661 5.28194 4.86469 5.42194 4.36115 5.24464 4.28702
threshold=0 8.6500000000000004 105.35000000000001 1.0000000180025095e-35 1 2 3 183.55000000000004 3.5000000000000004 235.50000000000003 14.250000000000002 4 204.25000000000003 361.05000000000007
decision_type=1 2 2 2 1 1 1 2 2 2 2 1 2 2
left_child=1 -1 -3 -4 -5 6 7 -2 9 -9 -11 -10 -13 -7
right_child=5 2 3 4 -6 13 -8 8 11 10 -12 12 -14 -15
leaf_value=0.040427680559229434 0.017349251257060643 -0.018098161693529898 0.0078277729023424475 0.016632322533016577 -0.0097438704603066539 -0.0073986578027782123 -0.0029474490951557344 -0.041926929672461796 -0.01074993760120585 -0.021108753128466565 0.034893325341782265 -0.015521735285335007 0.022056119352924966 0.01759124139505391
leaf_weight=7.7970070689916602 71.659747958183289 23.06351388245821 281.03860233724117 21.285324066877365 88.468878671526909 343.93008028715849 309.33969500660896 11.689726039767267 19.249347686767578 11.923783212900164 6.7793153077363959 11.347065746784208 51.099279418587685 18.063280634582043
leaf_count=42 412 126 1488 111 499 2421 2104 73 121 74 37 69 300 123
internal_value=-0.00010576 0.00384242 0.003246 0.00450568 -0.00400094 -0.00207335 0.000861171 0.00709417 0.00117085 -0.0166242 -0.00080967 0.00779107 0.0131259 -0.0059863
internal_weight=1276.73 421.653 413.856 390.793 109.754 855.081 493.088 183.748 112.089 30.3928 18.7031 81.6957 62.4463 361.993
internal_count=8000 2266 2224 2098 610 5734 3190 1086 674 184 111 490 369 2544
cat_boundaries=0 1 2 3 4 5
cat_threshold=48 144 5 64 2
is_linear=0
shrinkage=0.05


Tree=44
num_leaves=15
num_cat=2
split_feature=8 4 2 5 5 3 3 3 3 1 5 5 1 5
split_gain=3.83883 3.5512 3.77368 3.81494 4.41121 3.43106 3.14904 4.47206 3.12453 2.70662 3.26524 5.0371 4.5483 3.24726
threshold=1.0000000180025095e-35 0 1 11.750000000000002 20.650000000000002 196.15000000000001 230.85000000000005 255.30000000000004 412.90000000000003 7.5000000000000009 12.550000000000002 19.250000000000004 4.5000000000000009 10.050000000000002
decision_type=2 1 1 2 2 2 2 2 2 2 2 2 2 2
left_child=1 2 5 6 -5 9 -4 -8 -3 10 13 12 -12 -1
right_child=-2 8 3 4 -6 -7 7 -9 -10 -11 11 -13 -14 -15
leaf_value=8.8225418147977062e-05 0.0057554333202590232 -0.00049524798345447496 -0.031850197354729763 -0.04167672799842273 0.014306162438861986 -0.019709080161916429 0.060942206277534827 -0.0064878552953178932 0.046538466298660874 0.023447209199708909 0.070754195063404995 -0.039961476032925339 -0.0085972654230151244 -0.049218056271285344
leaf_weight=9.182230196893217 229.24589477479458 929.26607463508844 9.2616274282336253 24.645260170102123 4.1048104614019385 15.196449488401411 2.8923222124576595 16.408586576581001 3.5445363223552695 16.930946744978428 4.6339002624154073 2.6745854988694191 2.9589429125189781 5.2476938590407363
leaf_count=71 1096 5939 76 219 34 121 22 143 20 133 38 22 23 43
internal_value=-0.000104909 -0.00138812 -0.00932865 -0.017732 -0.0336837 0.000532032 -0.00788364 0.00361682 -0.00031317 0.00804887 -0.00250725 0.0190455 0.0398308 -0.0178429
internal_weight=1276.19 1046.95 114.137 57.3126 28.7501 56.8247 28.5625 19.3009 932.811 41.6283 24.6974 10.2674 7.59284 14.4299
internal_count=8000 6904 945 494 253 451 241 165 5959 330 197 83 61 114
cat_boundaries=0 1 2
cat_threshold=17 106
is_linear=0
shrinkage=0.05


Tree=45
num_leaves=15
num_cat=4
split_feature=0 9 2 1 4 5 5 3 3 3 5 3 4 3
split_gain=3.6997 4.71314 6.26216 7.0294 4.44073 4.19104 4.83876 3.8546 6.97805 3.73602 3.72186 3.43234 5.50204 4.8227
threshold=0 1.0000000180025095e-35 1 1.5000000000000002 2 4.4500000000000011 6.1500000000000012 105.35000000000001 116.65000000000002 295.55000000000007 17.450000000000003 174.35000000000005 3 129.35000000000005
decision_type=1 2 1 2 1 2 2 2 2 2 2 2 1 2
left_child=1 -1 3 9 -5 -6 -7 10 -9 -3 -2 13 -13 -10
right_child=7 2 -4 4 5 6 -8 8 11 -11 -12 12 -14 -15
leaf_value=0.0044936944052383345 -0.028652334640105151 0.089466770117478056 -0.011587742221406575 -0.0067637885792665086 -0.030797845677467087 0.07816643062727073 0.015467862037476505 0.037305516341062384 -0.021953829860117687 0.019183485002353645 0.016121224652157075 -0.0026204751884089639 -0.019359014303538605 0.0077164174094590246
leaf_weight=561.14554431289434 25.593408428132538 3.4803769290447226 115.95554301142693 61.543813616037369 4.3066084235906592 3.3987600356340399 32.527162112295628 10.811741024255751 15.747367113828657 4.1399040818214417 5.6697184965014449 273.24409681558609 52.983131170272827 105.12620016187429
leaf_count=3288 182 19 710 378 26 18 189 68 104 25 39 1829 429 696
internal_value=-0.000101506 0.00201523 -0.00406693 0.00454828 0.00149596 0.0126643 0.0213994 -0.00347496 -0.00238628 0.0512837 -0.0205324 -0.0033461 -0.00601276 0.00385099
internal_weight=1275.67 786.498 225.352 109.397 101.776 40.2325 35.9259 489.176 457.913 7.62028 31.2631 447.101 326.227 120.874
internal_count=8000 4653 1365 655 611 233 207 3347 3126 44 221 3058 2258 800
cat_boundaries=0 1 2 3 4
cat_threshold=120 275 113 108
is_linear=0
shrinkage=0.05


Tree=46
num_leaves=15
num_cat=4
split_feature=0 3 3 9 2 7 3 3 4 5 1 3 1 1
split_gain=3.50583 3.66655 4.06721 3.66044 5.89489 3.65389 3.64042 3.57677 3.25256 4.81583 4.58152 3.93631 4.53868 3.81571
threshold=0 8.6500000000000004 105.35000000000001 1.0000000180025095e-35 1 2 116.65000000000002 13.550000000000002 3 12.15 2.5000000000000004 165.35000000000005 1.5000000000000002 10.500000000000002
decision_type=1 2 2 2 1 1 2 2 1 2 2 2 2 2
left_child=1 -1 7 6 -5 8 -4 -3 9 -2 11 -11 -13 -12
right_child=5 2 3 4 -6 -7 -8 -9 -10 10 13 12 -14 -15
leaf_value=0.037241204766680421 0.0038437210982737893 0.00083533833104861151 0.046943124345455549 0.015951398384875953 -0.0091258997552985319 -0.00012033423572880164 0.0063925505538833735 -0.038808097227284698 -0.019349988450872321 -0.027053669623457025 -0.026336023895488787 -0.0078440254786620433 0.067685961845615358 0.0046548099633659358
leaf_weight=7.9687212109565726 86.625444658100605 12.311674222350122 5.6476715952157965 21.424976631999016 87.723917402327061 656.04406717419624 276.79006769508123 10.578331664204596 40.248930193483829 3.8634692430496207 45.485897116363049 3.562591537833212 4.5029785856604576 12.706963859498499
leaf_count=42 578 66 30 111 499 4324 1458 60 346 23 325 23 28 87
internal_value=-0.000114039 0.00356228 0.00300072 0.00419822 -0.00357811 -0.0019535 0.00720341 -0.0174854 -0.00775762 -0.00379906 -0.0137824 0.0144456 0.0343241 -0.0195689
internal_weight=1275.49 422.445 414.477 391.587 109.149 853.04 282.438 22.89 196.996 156.747 70.1219 11.929 8.06557 58.1929
internal_count=8000 2266 2224 2098 610 5734 1488 126 1410 1064 486 74 51 412
cat_boundaries=0 1 2 3 4
cat_threshold=48 144 2 106
is_linear=0
shrinkage=0.05


Tree=47
num_leaves=15
num_cat=3
split_feature=8 0 4 5 3 3 7 5 5 3 3 5 10 3
split_gain=3.51567 3.10326 4.98533 4.85903 6.35082 5.76096 4.48378 4.60154 5.09862 5.04418 5.28761 4.85395 4.7327 4.47592
threshold=1.0000000180025095e-35 0 1 22.950000000000003 183.55000000000004 175.85000000000005 2 1.1500000000000001 15.850000000000003 95.750000000000014 323.05000000000007 20.350000000000005 1.0000000180025095e-35 317.25000000000006
decision_type=2 1 1 2 2 2 1 2 2 2 2 2 2 2
left_child=1 2 6 4 5 -4 -1 -8 9 -9 13 -10 -13 -11
right_child=-2 -3 3 -5 -6 -7 7 8 11 10 -12 12 -14 -15
leaf_value=-0.015599999219690817 0.0054885763748334006 0.00027263385194845486 -0.020213105830693093 0.040905506297038714 -0.049563598427426157 0.062779813694189862 0.041776592207593513 -0.059274835572934559 0.023085725888198551 -0.0015940597092118309 -0.030238962354368085 -0.026647976491276676 0.036166855552151517 0.061645702347807509
leaf_weight=42.240339308977127 229.53758347034454 781.24328667670488 13.26026304066181 2.5227295458316794 20.036340206861496 2.4824496358633033 6.687089391052722 4.272722326219081 35.44333627820015 102.26404218375683 16.587567135691643 11.571575894951819 4.0475066229701033 2.8766673281788817
leaf_count=320 1096 4956 115 21 189 21 42 33 240 720 120 80 26 21
internal_value=-0.000114793 -0.00134496 -0.00591311 -0.0207459 -0.0308912 -0.00712605 -0.00262663 0.00100691 -0.000475959 -0.00587723 -0.00400295 0.0128521 -0.0103702 0.000136191
internal_weight=1275.07 1045.54 264.293 38.3018 35.7791 15.7427 225.991 183.751 177.063 126.001 121.728 51.0624 15.6191 105.141
internal_count=8000 6904 1948 346 325 136 1602 1282 1240 894 861 346 106 741
cat_boundaries=0 1 2 3
cat_threshold=3 108 8
is_linear=0
shrinkage=0.05


Tree=48
num_leaves=15
num_cat=6
split_feature=8 0 2 1 6 4 3 6 10 3 9 5 4 1
split_gain=3.17794 2.91989 4.67495 5.85671 3.88041 3.72304 7.0428 6.159 3.33681 3.97342 3.09506 3.29108 2.8143 4.57777
threshold=1.0000000180025095e-35 0 1 1.5000000000000002 2 3 297.00000000000006 4 1.0000000180025095e-35 10.750000000000002 1.0000000180025095e-35 7.5500000000000007 5 5.5000000000000009
decision_type=2 1 1 2 1 1 2 1 2 2 2 2 1 2
left_child=1 2 3 4 -1 6 7 -5 9 -4 11 -9 -3 -14
right_child=-2 12 8 5 -6 -7 -8 10 -10 -11 -12 -13 13 -15
leaf_value=0.009070589936063916 0.0052031386764948111 -0.0010037746816390298 0.026453473015285611 0.044927096934200064 0.074616968756927485 -0.0025804427657553394 -0.0083254324169969064 -0.043385955687619715 0.012409571679836605 -0.025380194793085481 0.038806322775428365 0.009557194227797822 -0.01801430944185434 -0.0015891840676333685
leaf_weight=3.8298750519752502 230.01075032353401 688.62621919810772 4.2463192641735068 23.345924526453018 5.5015190243720991 63.005758300423622 20.287165388464928 3.9534978270530727 11.709330573678015 28.594369739294052 5.7960812002420417 11.397993594408034 73.013258203864098 101.24224326014519
leaf_count=20 1096 4499 23 122 28 333 110 21 62 156 35 58 614 823
internal_value=-0.000117373 -0.00128895 0.00433595 0.00883071 0.0477148 0.00668232 0.013938 0.0272219 -0.00858099 -0.0186781 0.00767611 -0.00407735 -0.00249454 -0.00801157
internal_weight=1274.56 1044.55 181.668 137.118 9.33139 127.786 64.7807 44.4935 44.55 32.8407 21.1476 15.3515 862.882 174.256
internal_count=8000 6904 968 727 48 679 346 236 241 179 114 79 5936 1437
cat_boundaries=0 1 2 3 4 5 6
cat_threshold=16 113 2 45 2 78
is_linear=0
shrinkage=0.05


Tree=49
num_leaves=15
num_cat=4
split_feature=4 2 6 3 3 0 3 5 5 3 5 5 5 5
split_gain=3.03324 2.998 3.83988 5.21722 6.61816 4.63982 7.71845 4.39807 9.34787 6.58198 5.5297 4.18488 7.13975 6.95186
threshold=0 1 2 325.75000000000006 319.50000000000006 3 258.60000000000008 13.15 13.950000000000001 168.55000000000004 5.9500000000000011 17.950000000000003 9.1500000000000004 19.450000000000003
decision_type=1 1 1 2 2 1 2 2 2 2 2 2 2 2
left_child=-1 -2 3 4 5 7 11 9 -9 10 -3 12 -7 -13
right_child=1 2 -4 -5 -6 6 -8 8 -10 -11 -12 13 -14 -15
leaf_value=0.0016391619735276483 -0.016826524168850138 0.016495041879686392 -0.0072061635466607599 -0.017960635857730538 0.071064022709725672 0.020224033980865253 -0.042951184192517977 0.087908190301413308 0.01492131337276726 0.014172634958862479 -0.036060090047551258 0.095666792421155222 -0.020494841136890984 0.0035628297656153914
leaf_weight=839.22243863344193 29.109252072870731 7.3975692838430431 195.74761305004358 27.058955036103725 3.7767623141407958 17.210001260042191 12.100440643727778 4.9190973713994017 40.552756763994694 42.717212088406086 15.475691251456736 2.901544548571108 28.748743578791618 6.9704167395830154
leaf_count=4852 223 46 1426 214 28 127 100 31 262 280 109 23 225 54
internal_value=-0.000114449 -0.00345819 -0.00211691 0.00252992 0.00556353 0.00418147 -0.00588286 0.00996935 0.022817 0.00258245 -0.0190629 0.00109744 -0.00524699 0.0306338
internal_weight=1273.91 434.686 405.577 209.829 182.77 178.993 67.9311 111.062 45.4719 65.5905 22.8733 55.8307 45.9587 9.87196
internal_count=8000 3148 2925 1499 1285 1257 529 728 293 435 155 429 352 77
cat_boundaries=0 1 2 3 4
cat_threshold=72 260 2 120
is_linear=0
shrinkage=0.05


Tree=50
num_leaves=15
num_cat=3
split_feature=8 0 2 3 1 1 3 4 3 3 3 3 1 3
split_gain=2.87642 2.70163 3.97597 5.09842 3.68992 3.09276 5.73883 6.48284 5.58631 5.34882 7.00385 6.63927 5.60392 5.34208
threshold=1.0000000180025095e-35 0 1 132.45000000000002 10.500000000000002 5.5000000000000009 188.15000000000001 2 236.75000000000003 181.95000000000002 167.95000000000002 170.65000000000001 9.5000000000000018 223.35000000000005
decision_type=2 1 1 2 2 2 2 1 2 2 2 2 2 2
left_child=1 5 -3 4 -4 6 -1 -8 13 10 -7 12 -12 -9
right_child=-2 2 3 -5 -6 9 7 8 -10 -11 11 -13 -14 -15
leaf_value=-0.011611578027529462 0.0049392886995064875 0.0090184714197082353 -0.03826240816525741 -0.0047580170747841578 0.010081942966331033 0.0051540958889786373 0.013378406354921707 -0.0010190290844927397 -0.016773165761594665 -0.001052775217965936 0.029929937361494487 0.019650664256943895 0.11853100792303223 0.047820995933556973
leaf_weight=117.81058448553085 230.38219055533409 40.710051380097866 19.451600924134258 325.72266041487455 4.9517608433961859 113.27455069124699 68.795705631375313 26.809863179922104 53.414519727230072 231.07631997764111 3.5984736382961264 26.992516845464706 3.5406118854880333 7.0767216011881819
leaf_count=740 1096 270 158 2415 36 688 422 165 341 1426 20 159 21 43
internal_value=-0.000117126 -0.00123377 -0.0044577 -0.00623153 -0.0284527 0.000754406 -0.00328082 0.00300664 -0.00601057 0.00369463 0.0111367 0.0309917 0.0738714 0.0091805
internal_weight=1273.61 1043.23 390.836 350.126 24.4034 652.39 273.907 156.097 87.3011 378.482 147.406 34.1316 7.13909 33.8866
internal_count=8000 6904 2879 2609 194 4025 1711 971 549 2314 888 200 41 208
cat_boundaries=0 1 2 3
cat_threshold=120 132 13
is_linear=0
shrinkage=0.05


Tree=51
num_leaves=15
num_cat=3
split_feature=4 5 5 2 8 3 3 5 6 5 3 3 3 1
split_gain=2.77183 2.8942 5.24313 3.42278 3.16764 3.09764 6.31401 5.10433 4.37069 5.55382 4.80347 4.61088 4.31394 4.15313
threshold=0 1.9500000000000002 2.7500000000000004 1 1.0000000180025095e-35 283.35000000000008 229.45000000000002 15.65 2 12.950000000000001 187.45000000000002 164.45000000000002 156.05000000000004 8.5000000000000018
decision_type=1 2 2 1 2 2 2 2 1 2 2 2 2 2
left_child=-1 -2 -3 4 -4 6 8 -8 9 -5 11 12 -10 -11
right_child=1 2 3 5 -6 -7 7 -9 10 13 -12 -13 -14 -15
leaf_value=0.0015698656154721593 0.012770191636331677 -0.047321714723608903 -0.032357363316247847 -0.0066508609280191422 0.014764783769699122 -0.010019466895067367 0.025445616823299985 -0.011986379059761045 -0.0047256868524283985 0.024107460410609325 -0.02459573489789477 0.014373134751511672 -0.044025936969152336 -0.0047659069410728875
leaf_weight=839.44149393588305 26.060943640768528 6.9983379766345015 22.778537660837177 63.195074237883091 4.2283948361873618 93.235775299370289 38.332549475133419 11.945455983281134 37.176730550825596 38.863423578441143 38.025886625051498 25.651175953447819 8.597539007663725 18.327690191566944
leaf_count=4852 168 50 188 446 22 731 271 87 271 264 275 183 62 130
internal_value=-0.000104475 -0.00330725 -0.004417 -0.00366702 -0.0182296 -0.0020699 0.000502201 0.0165522 -0.00300881 0.0035656 -0.0102401 -0.00259729 -0.0121072 0.0148546
internal_weight=1272.86 433.418 407.357 400.358 27.0069 373.351 280.116 50.278 229.838 120.386 109.451 71.4254 45.7743 57.1911
internal_count=8000 3148 2980 2930 210 2720 1989 358 1631 840 791 516 333 394
cat_boundaries=0 1 2 3
cat_threshold=72 260 2
is_linear=0
shrinkage=0.05


Tree=52
num_leaves=15
num_cat=4
split_feature=0 7 3 4 3 5 5 5 5 5 3 4 5 1
split_gain=2.72116 3.39489 3.15935 3.53752 4.88579 4.18547 7.20421 6.38013 3.63299 3.17237 3.11468 2.91903 4.50066 4.20115
threshold=0 1 8.6500000000000004 2 144.75000000000003 19.150000000000002 15.850000000000003 20.550000000000004 4.5500000000000007 21.050000000000004 201.25000000000003 3 12.15 2.5000000000000004
decision_type=1 1 2 1 2 2 2 2 2 2 2 1 2 2
left_child=2 11 -1 5 8 6 -4 -7 -5 -6 -11 12 -2 -14
right_child=1 -3 3 4 9 7 -8 -9 -10 10 -12 -13 13 -15
leaf_value=0.034067757974635182 0.003766687896788465 3.5648818548111496e-05 0.011616807074168295 0.021294042893873506 0.00047524301577078266 0.083960188115751622 -0.019368957174555612 0.014013842460330349 -0.021632891889383617 0.063729034285863462 0.011021682105266106 -0.018458191154311712 0.013590543214721529 -0.018933964490908825
leaf_weight=8.1327321380376798 86.593545719981194 653.64824811369181 105.78641971200705 5.6520454511046401 211.2100744843483 4.457765772938731 22.802067577838898 12.135148614645002 38.519897975027561 3.7610744088888159 11.002439767122267 39.270676650106907 12.001194380223749 57.490025781095028
leaf_count=42 578 4324 538 31 1163 22 116 59 219 20 56 346 74 412
internal_value=-0.000100587 -0.00172878 0.00313071 0.00260029 -0.000898143 0.00858082 0.00612223 0.0328053 -0.0161402 0.00204153 0.0244491 -0.00734672 -0.00360804 -0.013317
internal_weight=1272.46 849.004 423.46 415.327 270.146 145.181 128.588 16.5929 44.1719 225.974 14.7635 195.355 156.085 69.4912
internal_count=8000 5734 2266 2224 1489 735 654 81 250 1239 76 1410 1064 486
cat_boundaries=0 1 2 3 4
cat_threshold=48 2 9 106
is_linear=0
shrinkage=0.05


Tree=53
num_leaves=15
num_cat=4
split_feature=8 4 3 0 5 5 3 3 6 1 2 5 5 1
split_gain=2.53927 2.46841 3.50995 4.03062 4.03865 3.03536 2.89345 2.85466 2.74028 2.89622 2.41584 7.17309 7.55953 5.03501
threshold=1.0000000180025095e-35 0 354.25000000000006 1 23.750000000000004 5.5500000000000007 401.75000000000006 390.85000000000008 2 10.500000000000002 3 16.150000000000002 8.2500000000000018 5.5000000000000009
decision_type=2 1 2 1 2 2 2 2 1 2 1 2 2 2
left_child=1 2 3 -1 5 -5 7 -3 9 -7 11 12 -2 -14
right_child=10 6 -4 4 -6 8 -8 -9 -10 -11 -12 -13 13 -15
leaf_value=0.0050603089917527844 -0.051747049681919934 -0.00028797369627829036 -0.042665679356952729 0.0080786589839766994 0.048815148479872394 -0.0043488524490488496 0.032833543381966167 -0.036002223209271725 -0.036830230339388197 -0.047284770914751778 0.0061777005737737823 -0.06304755925506221 -0.012683881302757369 0.054788730163019175
leaf_weight=45.601753242313862 4.4246298372745541 918.30654517561197 7.0731849670410147 8.9019660055637342 2.3071802929043761 20.447244964540008 6.5541770607233039 5.6294478178024283 21.63833549618721 4.8614453151822081 209.64700257778168 5.4341300427913657 4.8985741436481458 6.3479584604501724
leaf_count=363 21 5885 71 72 18 180 37 37 197 44 995 26 23 31
internal_value=-0.000104188 -0.00115578 -0.00787561 -0.006263 -0.0136627 -0.0186901 -0.000267864 -0.000505577 -0.0237659 -0.0125962 0.00464137 -0.00919157 0.00361825 0.0254002
internal_weight=1272.07 1041.32 110.831 103.758 58.1562 55.849 930.49 923.936 46.947 25.3087 230.752 21.1053 15.6712 11.2465
internal_count=8000 6904 945 874 511 493 5959 5922 421 224 1096 101 75 54
cat_boundaries=0 1 2 3 4
cat_threshold=17 84 2 12
is_linear=0
shrinkage=0.05


Tree=54
num_leaves=15
num_cat=4
split_feature=0 7 9 2 5 1 11 4 5 1 5 10 3 1
split_gain=2.46801 3.12333 2.87568 4.77176 3.77754 3.60553 2.93383 2.70103 4.09902 3.84482 3.7975 5.1886 4.13336 3.54106
threshold=0 1 1.0000000180025095e-35 2 20.650000000000002 6.5000000000000009 1.0000000180025095e-35 3 12.15 2.5000000000000004 6.2500000000000009 1.0000000180025095e-35 320.85000000000008 10.500000000000002
decision_type=1 1 2 1 2 2 2 1 2 2 2 2 2 2
left_child=2 7 -1 5 -5 6 -4 8 10 -10 11 -2 -12 -11
right_child=1 -3 3 4 -6 -7 -8 -9 9 13 12 -13 -14 -15
leaf_value=0.0056005047760835109 -0.023787101623668948 4.0783517440171242e-05 -0.0126625569103934 -0.012110282542831727 0.023922884934554644 0.044594299965545904 0.038546575565234692 -0.017820588481169419 0.012813079024832023 -0.024915741523131578 0.0056560056713933823 0.020684299515932453 0.043881403194494656 0.0051061088089534527
leaf_weight=306.27161195129156 21.824727199971676 653.36747182905674 8.8869668170809764 87.578878164291382 7.9323067739605895 9.0367707908153516 4.0814298689365378 38.656004473567009 12.086753800511358 44.186035454273224 47.292369201779366 9.3768235146999377 8.3154109045863134 12.629280664026735
leaf_count=1608 147 4324 47 504 41 45 21 346 74 325 323 57 51 87
internal_value=-9.61028e-05 -0.00164901 0.00297891 -0.0036 -0.00825354 0.0139909 0.00345404 -0.00705331 -0.0034662 -0.0127946 0.0035386 -0.0104224 0.0113721 -0.0182423
internal_weight=1271.52 847.735 423.788 117.516 95.5112 22.0052 12.9684 194.367 155.711 68.9021 86.8093 31.2016 55.6078 56.8153
internal_count=8000 5734 2266 658 545 113 68 1410 1064 486 578 204 374 412
cat_boundaries=0 1 2 3 4
cat_threshold=48 2 144 106
is_linear=0
shrinkage=0.05


Tree=55
num_leaves=15
num_cat=3
split_feature=10 5 5 5 3 5 1 3 0 5 5 4 7 5
split_gain=2.38082 8.28718 3.98504 9.78827 6.17423 5.35237 5.88429 4.28657 3.99326 6.89688 5.40954 3.89305 3.82674 5.02878
threshold=1.0000000180025095e-35 1.3500000000000003 17.750000000000004 16.350000000000005 202.65000000000001 18.350000000000005 6.5000000000000009 12.850000000000003 0 5.5500000000000007 15.750000000000002 1 2 3.7500000000000004
decision_type=2 2 2 2 2 2 2 2 1 2 2 1 1 2
left_child=11 -2 3 7 5 -4 -7 -3 10 -10 12 -1 -9 -14
right_child=1 2 4 -5 -6 6 -8 8 9 -11 -12 -13 13 -15
leaf_value=3.6638889563919221e-05 0.041953613806748787 -0.029360763938833873 0.077624904793072269 -0.032292324094087874 -0.0030977624230017035 0.056800925993869315 0.0043488165414527508 0.013755258800620071 0.027731767214632014 -0.010489922663991718 0.06500227179506432 -0.0086641499969987695 -0.055164123844347226 0.00077449795468135163
leaf_weight=795.24188613146544 13.469843178987501 10.264431878924368 4.8401772975921658 22.449370600283146 28.19164189696312 7.6710269600152996 17.648792050778866 77.35027614235878 13.890806771814821 78.505503833293915 4.2402940839529029 143.69224061816931 4.3743648380041114 49.278021529316902
leaf_count=4835 72 72 29 139 167 45 105 461 84 504 27 1112 26 322
internal_value=-9.97103e-05 0.0035384 0.00191481 -0.00073209 0.0137247 0.0294493 0.02024 0.00224604 0.00367121 -0.00428043 0.00877159 -0.0013868 0.00762109 -0.00319143
internal_weight=1271.11 332.175 318.705 260.353 58.3516 30.16 25.3198 237.904 227.639 92.3963 135.243 938.934 131.003 53.6524
internal_count=8000 2053 1981 1635 346 179 150 1496 1424 588 836 5947 809 348
cat_boundaries=0 1 2 3
cat_threshold=89 108 5
is_linear=0
shrinkage=0.05


Tree=56
num_leaves=15
num_cat=3
split_feature=8 0 4 3 7 11 3 5 5 3 3 3 5 10
split_gain=2.30601 2.32626 4.035 4.7871 4.16371 4.08033 4.61311 3.8711 4.7129 4.66587 4.90688 5.17353 4.3647 4.1675
threshold=1.0000000180025095e-35 0 1 186.85000000000005 2 1.0000000180025095e-35 175.85000000000005 1.1500000000000001 15.850000000000003 95.750000000000014 323.05000000000007 318.55000000000007 20.350000000000005 1.0000000180025095e-35
decision_type=2 1 1 2 1 2 2 2 2 2 2 2 2 2
left_child=1 2 4 5 -1 6 -4 -6 9 -9 11 -11 -10 -14
right_child=-2 -3 3 -5 7 -7 -8 8 12 10 -12 -13 13 -15
leaf_value=-0.014776918958167032 0.0044243315378304322 0.00029631061513053038 -0.0063409736120993952 -0.04098618942296163 0.038176484389823212 -0.046096756908589526 0.066313055774534488 -0.058483082923527802 0.022333902341491883 -0.0013929163703232065 -0.029173844647443062 0.068656255171131872 -0.025294358027140786 0.03338139970995229
leaf_weight=41.475850999355316 230.98769816756248 779.26993185281754 9.7568346261978167 19.258788056671619 6.8763233199715605 4.382912650704383 2.8152181953191748 3.9920382276177397 35.67300371080637 101.9850003644824 16.173523314297199 2.7057823911309233 11.256362922489641 4.1389335840940467
leaf_count=320 1096 4956 88 194 42 40 24 33 240 722 120 19 80 26
internal_value=-9.46764e-05 -0.0010986 -0.00508759 -0.0187512 -0.00217512 -0.00455443 0.0099282 0.00130224 -6.50275e-05 -0.00529888 -0.00354225 0.000417537 0.0127312 -0.00951973
internal_weight=1270.75 1039.76 260.491 36.2138 224.277 16.955 12.5721 182.801 175.925 124.856 120.864 104.691 51.0683 15.3953
internal_count=8000 6904 1948 346 1602 152 112 1282 1240 894 861 741 346 106
cat_boundaries=0 1 2 3
cat_threshold=3 108 8
is_linear=0
shrinkage=0.05


Tree=57
num_leaves=15
num_cat=3
split_feature=0 3 4 3 5 5 5 5 7 5 1 3 5 3
split_gain=2.18734 2.86616 3.18331 4.46051 3.6062 6.40475 5.69679 3.25498 2.80981 2.68555 2.66793 5.50328 13.2766 2.63348
threshold=0 8.6500000000000004 1 144.75000000000003 19.150000000000002 15.850000000000003 20.750000000000004 4.5500000000000007 2 21.050000000000004 7.5000000000000009 199.05000000000004 12.050000000000002 201.25000000000003
decision_type=1 2 1 2 2 2 2 2 1 2 2 2 2 2
left_child=1 -1 4 7 5 10 -6 -4 -2 -5 -3 12 -12 -11
right_child=8 2 3 9 6 -7 -8 -9 -10 13 11 -13 -14 -15
leaf_value=0.03206970605354996 -0.006707004641484127 0.017084935814766639 0.019472651722130575 0.0003111176403593366 0.069764691197759063 -0.018538844715917775 0.0088466430408145249 -0.020940671901841706 3.7675748157022399e-05 0.057590607082088574 -0.0041255674498643256 -0.016495089381266603 0.090206886463451749 0.0097989789103230616
leaf_weight=8.2353596389293653 193.13569016754627 65.099400199949741 5.7313316762447348 211.33623425662518 5.9162191897630718 22.581565111875534 10.924025163054464 38.129331611096859 652.92218326032162 3.8936108350753775 14.540941670536997 21.711013875901699 5.0168686062097541 11.099733412265776
leaf_count=42 1410 330 31 1163 29 116 52 219 4324 20 70 112 26 56
internal_value=-9.7648e-05 0.0027945 0.00228211 -0.00102822 0.0079428 0.0056458 0.030248 -0.0156598 -0.00156234 0.00176182 0.0107801 0.000834561 0.0200721 0.02221
internal_weight=1270.27 424.216 415.98 270.19 145.79 128.95 16.8402 43.8607 846.058 226.33 106.368 41.2688 19.5578 14.9933
internal_count=8000 2266 2224 1489 735 654 81 250 5734 1239 538 208 96 76
cat_boundaries=0 1 2 3
cat_threshold=48 9 2
is_linear=0
shrinkage=0.05


end of trees

feature_importances:
운행거리_km=194
화물중량_톤=176
수송품목=86
요일=77
월=76
주운행선=61
공차회송여부=52
출발시간대=31
결합배송여부=18
상하=17
장마철여부=16
동절기여부=8

parameters:
[boosting: gbdt]
[objective: binary]
[metric: binary_logloss]
[tree_learner: serial]
[device_type: cpu]
[data_sample_strategy: bagging]
[data: ]
[valid: ]
[num_iterations: 300]
[learning_rate: 0.05]
[num_leaves: 15]
[num_threads: 4]
[seed: 42]
[deterministic: 0]
[force_col_wise: 0]
[force_row_wise: 0]
[histogram_pool_size: -1]
[max_depth: -1]
[min_data_in_leaf: 20]
[min_sum_hessian_in_leaf: 0.001]
[bagging_fraction: 1]
[pos_bagging_fraction: 1]
[neg_bagging_fraction: 1]
[bagging_freq: 0]
[bagging_seed: 400]
[bagging_by_query: 0]
[feature_fraction: 1]
[feature_fraction_bynode: 1]
[feature_fraction_seed: 30056]
[extra_trees: 0]
[extra_seed: 12879]
[early_stopping_round: 0]
[early_stopping_min_delta: 0]
[first_metric_only: 0]
[max_delta_step: 0]
[lambda_l1: 0]
[lambda_l2: 0]
[linear_lambda: 0]
[min_gain_to_split: 0]
[drop_rate: 0.1]
[max_drop: 50]
[skip_drop: 0.5]
[xgboost_dart_mode: 0]
[uniform_drop: 0]
[drop_seed: 17869]
[top_rate: 0.2]
[other_rate: 0.1]
[min_data_per_group: 100]
[max_cat_threshold: 32]
[cat_l2: 10]
[cat_smooth: 10]
[max_cat_to_onehot: 4]
[top_k: 20]
[monotone_constraints: ]
[monotone_constraints_method: basic]
[monotone_penalty: 0]
[feature_contri: ]
[forcedsplits_filename: ]
[refit_decay_rate: 0.9]
[cegb_tradeoff: 1]
[cegb_penalty_split: 0]
[cegb_penalty_feature_lazy: ]
[cegb_penalty_feature_coupled: ]
[path_smooth: 0]
[interaction_constraints: ]
[verbosity: -1]
[saved_feature_importance_type: 0]
[use_quantized_grad: 0]
[num_grad_quant_bins: 4]
[quant_train_renew_leaf: 0]
[stochastic_rounding: 1]
[linear_tree: 0]
[max_bin: 255]
[max_bin_by_feature: ]
[min_data_in_bin: 3]
[bin_construct_sample_cnt: 200000]
[data_random_seed: 175]
[is_enable_sparse: 1]
[enable_bundle: 1]
[use_missing: 1]
[zero_as_missing: 0]
[feature_pre_filter: 1]
[pre_partition: 0]
[two_round: 0]
[header: 0]
[label_column: ]
[weight_column: ]
[group_column: ]
[ignore_column: ]
[categorical_feature: 0,2,4,6,7]
[forcedbins_filename: ]
[precise_float_parser: 0]
[parser_config_file: ]
[objective_seed: 16083]
[num_class: 1]
[is_unbalance: 0]
[scale_pos_weight: 1]
[sigmoid: 1]
[boost_from_average: 1]
[reg_sqrt: 0]
[alpha: 0.9]
[fair_c: 1]
[poisson_max_delta_step: 0.7]
[tweedie_variance_power: 1.5]
[lambdarank_truncation_level: 30]
[lambdarank_norm: 1]
[label_gain: ]
[lambdarank_position_bias_regularization: 0]
[eval_at: ]
[multi_error_top_k: 1]
[auc_mu_weights: ]
[num_machines: 1]
[local_listen_port: 12400]
[time_out: 120]
[machine_list_filename: ]
[machines: ]
[gpu_platform_id: -1]
[gpu_device_id: -1]
[gpu_device_id_list: ]
[gpu_use_dp: 0]
[num_gpu: 1]

end of parameters

pandas_categorical:[["\uae08", "\ubaa9", "\uc218", "\uc6d4", "\uc77c", "\ud1a0", "\ud654"], ["\uacbd\ubd80\uc120", "\ubd80\uc0b0\uc2e0\ud56d\uc120", "\uc601\ub3d9\uc120", "\uc7a5\ud56d\uc120", "\uc804\ub77c\uc120", "\uc911\uc559\uc120", "\ucda9\ubd81\uc120", "\ud0dc\ubc31\uc120", "\ud638\ub0a8\uc120"], ["\uad11\uc11d", "\uae30\ud0c0", "\uc11d\ud0c4", "\uc2dc\uba58\ud2b8", "\uc720\ub958", "\ucca0\uac15", "\ucee8\ud14c\uc774\ub108"], ["\uc0c1", "\ud558"], ["\uc0c8\ubcbd(00-06)", "\uc57c\uac04(18-24)", "\uc624\uc804(06-12)", "\uc624\ud6c4(12-18)"]]
