운행일자,요일,월,주운행선,운행거리_km,수송품목,화물중량_톤,상하,출발시간대,공차회송여부,결합배송여부,장마철여부,동절기여부,운휴_지연위험_실현
2026-02-02,월,2,경부선,377.3,컨테이너,7.8,하,오후(12-18),0,0,0,1,0
2026-10-10,토,10,전라선,282.3,컨테이너,6.0,상,새벽(00-06),0,1,0,0,0
2026-08-27,목,8,장항선,186.2,컨테이너,10.6,상,새벽(00-06),0,1,1,0,0
2026-06-10,수,6,경부선,271.1,시멘트,14.1,하,오후(12-18),0,0,1,0,1
2026-06-08,월,6,경부선,391.1,석탄,19.5,상,오전(06-12),0,0,1,0,0
2026-11-10,화,11,중앙선,157.7,컨테이너,4.8,상,오전(06-12),0,0,0,0,1
2026-02-01,일,2,장항선,186.4,컨테이너,11.8,상,야간(18-24),0,0,0,1,0
2026-09-12,토,9,전라선,221.7,시멘트,19.1,하,오전(06-12),0,0,0,0,0
2026-03-15,일,3,전라선,216.5,시멘트,4.9,상,오전(06-12),0,0,0,0,0
2026-02-04,수,2,중앙선,220.1,컨테이너,19.6,상,새벽(00-06),0,0,0,1,0
2026-07-12,일,7,경부선,330.0,컨테이너,9.4,하,오전(06-12),1,0,1,0,1
2026-12-23,수,12,충북선,174.1,유류,16.3,상,새벽(00-06),0,0,0,1,1
2026-09-26,토,9,경부선,287.6,기타,10.7,상,야간(18-24),0,0,0,0,0
2026-10-05,월,10,전라선,224.2,시멘트,14.8,하,야간(18-24),0,0,0,0,0
2026-09-19,토,9,경부선,289.4,석탄,21.7,하,오전(06-12),0,1,0,0,1
2026-10-14,수,10,경부선,312.2,유류,11.3,상,새벽(00-06),0,0,0,0,0
2026-07-07,화,7,충북선,158.3,컨테이너,18.0,하,새벽(00-06),1,0,1,0,0
2026-02-16,월,2,중앙선,257.9,광석,13.6,상,오후(12-18),1,0,0,1,0
2026-11-03,화,11,충북선,154.8,시멘트,7.3,하,야간(18-24),0,1,0,0,0
2026-06-14,일,6,중앙선,118.9,시멘트,11.1,상,오전(06-12),0,1,1,0,1
2026-07-02,목,7,부산신항선,14.8,시멘트,10.8,상,야간(18-24),0,0,1,0,0
2026-05-16,토,5,태백선,144.5,컨테이너,3.5,상,새벽(00-06),0,1,0,0,0
2026-03-08,일,3,부산신항선,10.2,철강,14.8,하,오후(12-18),1,0,0,0,1
2026-12-05,토,12,충북선,150.4,철강,15.9,상,새벽(00-06),1,0,0,1,0
2026-10-13,화,10,충북선,137.6,컨테이너,16.9,상,오후(12-18),0,0,0,0,0
2026-08-24,월,8,충북선,209.8,시멘트,20.6,상,오후(12-18),1,1,1,0,0
2026-05-27,수,5,중앙선,195.1,기타,17.7,상,오후(12-18),0,1,0,0,0
2026-10-28,수,10,중앙선,132.5,유류,8.4,상,야간(18-24),0,0,0,0,0
2026-07-19,일,7,충북선,169.5,석탄,9.7,하,새벽(00-06),0,0,1,0,1
2026-06-11,목,6,경부선,368.4,컨테이너,17.0,하,새벽(00-06),0,0,1,0,0
2026-06-14,일,6,경부선,326.5,시멘트,14.3,상,오후(12-18),0,0,1,0,1
2026-03-24,화,3,태백선,117.5,컨테이너,11.9,하,오후(12-18),0,1,0,0,0
2026-02-03,화,2,경부선,280.6,유류,6.8,하,야간(18-24),0,1,0,1,1
2026-07-22,수,7,충북선,138.4,철강,8.8,상,야간(18-24),0,0,1,0,0
2026-11-21,토,11,충북선,199.3,광석,15.5,상,오전(06-12),1,0,0,0,0
2026-01-24,토,1,경부선,317.3,컨테이너,1.0,하,오전(06-12),0,1,0,1,1
2026-11-10,화,11,부산신항선,5.6,기타,1.0,하,오후(12-18),0,0,0,0,0
2026-10-30,금,10,경부선,335.6,기타,16.2,상,새벽(00-06),0,0,0,0,0
2026-04-12,일,4,부산신항선,11.0,석탄,8.8,하,오전(06-12),1,1,0,0,0
2026-08-19,수,8,장항선,170.6,유류,14.8,하,새벽(00-06),0,0,1,0,0
2026-03-02,월,3,경부선,279.4,시멘트,21.5,상,새벽(00-06),0,0,0,0,0
2026-10-04,일,10,경부선,277.6,컨테이너,5.9,하,야간(18-24),0,0,0,0,0
2026-09-13,일,9,중앙선,231.3,컨테이너,2.0,상,오전(06-12),1,0,0,0,1
2026-05-10,일,5,중앙선,202.0,컨테이너,10.3,하,야간(18-24),0,0,0,0,0
2026-01-25,일,1,경부선,339.3,컨테이너,7.9,하,야간(18-24),0,0,0,1,0
2026-12-21,월,12,영동선,113.5,석탄,11.8,상,야간(18-24),0,0,0,1,0
2026-06-12,금,6,경부선,333.3,컨테이너,15.2,하,야간(18-24),1,1,1,0,0
2026-11-22,일,11,태백선,126.1,컨테이너,14.0,하,새벽(00-06),0,1,0,0,1
2026-09-05,토,9,경부선,312.0,컨테이너,12.3,상,새벽(00-06),0,1,0,0,0
2026-10-12,월,10,영동선,127.3,석탄,18.3,상,오후(12-18),0,0,0,0,0
2026-10-05,월,10,경부선,376.8,광석,16.0,상,오전(06-12),0,0,0,0,1
2026-03-13,금,3,중앙선,150.5,시멘트,10.9,상,오전(06-12),0,0,0,0,1
2026-05-13,수,5,충북선,156.1,철강,15.8,하,야간(18-24),0,0,0,0,0
2026-06-20,토,6,경부선,353.8,기타,2.7,하,오후(12-18),1,0,1,0,0
2026-07-01,수,7,태백선,173.1,석탄,18.4,하,새벽(00-06),0,0,1,0,0
2026-01-16,금,1,경부선,391.5,철강,12.1,상,오후(12-18),0,0,0,1,0
2026-07-19,일,7,충북선,141.4,석탄,4.8,하,야간(18-24),0,1,1,0,0
2026-02-26,목,2,충북선,193.2,기타,9.5,상,야간(18-24),0,1,0,1,0
2026-09-29,화,9,충북선,162.8,컨테이너,18.2,하,오후(12-18),0,0,0,0,0
2026-09-07,월,9,경부선,362.0,철강,7.4,하,새벽(00-06),0,0,0,0,0
2026-12-03,목,12,경부선,351.7,시멘트,14.5,상,야간(18-24),1,1,0,1,1
2026-09-29,화,9,경부선,269.6,컨테이너,17.3,하,오후(12-18),0,1,0,0,0
2026-05-14,목,5,중앙선,212.5,철강,12.1,상,오전(06-12),1,0,0,0,1
2026-12-20,일,12,경부선,360.4,유류,6.8,하,야간(18-24),0,1,0,1,0
2026-05-30,토,5,호남선,207.7,유류,11.6,하,오전(06-12),0,0,0,0,0
2026-04-29,수,4,충북선,155.1,광석,3.5,하,야간(18-24),0,0,0,0,0
2026-11-27,금,11,충북선,122.0,철강,9.1,상,야간(18-24),0,0,0,0,1
2026-05-16,토,5,중앙선,217.2,시멘트,5.4,상,새벽(00-06),0,0,0,0,0
2026-01-28,수,1,경부선,328.5,광석,11.7,상,오전(06-12),0,0,0,1,0
2026-06-21,일,6,충북선,138.2,컨테이너,4.4,하,새벽(00-06),0,1,1,0,1
2026-10-18,일,10,중앙선,181.9,컨테이너,12.5,상,오전(06-12),0,1,0,0,1
2026-03-11,수,3,중앙선,198.7,시멘트,18.8,하,새벽(00-06),0,0,0,0,0
2026-06-18,목,6,중앙선,173.7,시멘트,19.2,하,오전(06-12),0,0,1,0,1
2026-02-17,화,2,충북선,161.4,석탄,4.5,상,새벽(00-06),0,0,0,1,0
2026-09-08,화,9,영동선,83.6,유류,8.0,하,야간(18-24),0,0,0,0,0
2026-06-23,화,6,경부선,374.2,컨테이너,17.1,상,새벽(00-06),0,0,1,0,0
2026-05-01,금,5,중앙선,193.9,철강,16.2,하,새벽(00-06),0,0,0,0,0
2026-03-24,화,3,경부선,276.2,시멘트,8.3,상,새벽(00-06),1,1,0,0,1
2026-07-26,일,7,중앙선,107.2,기타,9.1,상,오전(06-12),0,0,1,0,0
2026-09-02,수,9,전라선,260.3,시멘트,12.5,상,새벽(00-06),0,0,0,0,0
2026-12-10,목,12,경부선,342.5,석탄,1.0,상,야간(18-24),0,0,0,1,0
2026-06-09,화,6,충북선,166.6,철강,15.2,하,오전(06-12),0,0,1,0,1
2026-02-28,토,2,중앙선,223.5,시멘트,18.5,상,야간(18-24),0,1,0,1,0
2026-10-31,토,10,경부선,354.6,컨테이너,9.7,상,새벽(00-06),0,0,0,0,0
2026-08-18,화,8,호남선,213.1,컨테이너,3.5,상,새벽(00-06),0,1,1,0,1
2026-09-13,일,9,중앙선,184.4,컨테이너,20.5,하,야간(18-24),0,0,0,0,0
2026-02-05,목,2,장항선,171.3,시멘트,13.3,하,오전(06-12),1,1,0,1,1
2026-04-25,토,4,중앙선,208.0,석탄,16.3,하,새벽(00-06),0,0,0,0,0
2026-10-08,목,10,호남선,243.1,시멘트,4.1,하,새벽(00-06),0,0,0,0,1
2026-10-31,토,10,경부선,316.1,철강,4.1,하,야간(18-24),0,0,0,0,0
2026-06-08,월,6,중앙선,245.0,컨테이너,14.5,하,새벽(00-06),0,0,1,0,0
2026-10-21,수,10,장항선,187.1,컨테이너,18.2,하,오전(06-12),0,1,0,0,0
2026-11-04,수,11,중앙선,206.6,철강,5.2,하,야간(18-24),0,0,0,0,0
2026-05-22,금,5,중앙선,277.5,철강,11.4,하,오후(12-18),0,0,0,0,0
2026-11-24,화,11,영동선,134.6,석탄,2.5,하,야간(18-24),0,0,0,0,0
2026-04-16,목,4,충북선,203.3,철강,7.8,하,오전(06-12),1,1,0,0,1
2026-03-29,일,3,전라선,205.5,기타,10.5,상,오후(12-18),0,0,0,0,0
2026-09-07,월,9,충북선,216.1,광석,14.9,하,오후(12-18),0,1,0,0,0
2026-08-21,금,8,태백선,133.9,석탄,1.0,상,새벽(00-06),0,1,1,0,1
2026-02-21,토,2,태백선,131.0,컨테이너,19.9,상,오후(12-18),0,0,0,1,0
2026-10-31,토,10,충북선,107.3,컨테이너,11.0,하,야간(18-24),0,1,0,0,0
2026-03-14,토,3,중앙선,204.7,석탄,19.8,하,오전(06-12),0,0,0,0,0
2026-10-21,수,10,경부선,276.9,시멘트,16.2,하,오전(06-12),0,0,0,0,1
2026-01-03,토,1,충북선,171.5,컨테이너,17.1,하,오전(06-12),0,1,0,1,0
2026-10-18,일,10,태백선,112.3,컨테이너,24.1,상,오후(12-18),0,0,0,0,0
2026-10-15,목,10,중앙선,256.2,광석,7.3,하,오후(12-18),0,1,0,0,0
2026-10-12,월,10,경부선,342.3,컨테이너,12.8,상,오전(06-12),1,0,0,0,1
2026-08-31,월,8,경부선,411.4,철강,6.1,상,새벽(00-06),0,1,1,0,0
2026-06-22,월,6,충북선,135.7,광석,11.4,상,새벽(00-06),0,0,1,0,0
2026-09-15,화,9,태백선,166.5,석탄,16.3,하,오전(06-12),0,0,0,0,0
2026-04-12,일,4,경부선,248.1,컨테이너,18.8,하,오후(12-18),0,1,0,0,0
2026-10-12,월,10,충북선,166.5,유류,9.7,하,오전(06-12),0,0,0,0,0
2026-07-22,수,7,장항선,167.0,석탄,4.8,상,오전(06-12),0,0,1,0,0
2026-06-17,수,6,호남선,197.0,컨테이너,12.4,하,오전(06-12),0,0,1,0,0
2026-07-04,토,7,경부선,299.5,석탄,6.9,상,오전(06-12),0,0,1,0,1
2026-07-27,월,7,호남선,185.3,컨테이너,8.5,상,오후(12-18),0,0,1,0,0
2026-01-14,수,1,충북선,129.8,석탄,16.0,상,오후(12-18),0,0,0,1,0
2026-02-21,토,2,장항선,170.8,광석,14.9,상,야간(18-24),0,0,0,1,1
2026-03-31,화,3,경부선,324.8,시멘트,17.0,상,새벽(00-06),1,0,0,0,1
2026-02-11,수,2,충북선,190.4,기타,10.0,상,오후(12-18),1,0,0,1,0
2026-06-10,수,6,충북선,168.7,시멘트,18.1,상,새벽(00-06),0,0,1,0,1
2026-09-01,화,9,중앙선,234.1,유류,12.1,하,새벽(00-06),0,0,0,0,0
2026-08-27,목,8,중앙선,141.6,철강,10.3,하,오후(12-18),0,0,1,0,0
2026-06-21,일,6,충북선,150.5,컨테이너,5.4,상,새벽(00-06),0,0,1,0,1
2026-11-09,월,11,충북선,179.1,광석,1.0,상,새벽(00-06),1,0,0,0,0
2026-07-26,일,7,경부선,333.9,광석,2.6,하,새벽(00-06),0,0,1,0,0
2026-01-29,목,1,중앙선,163.2,시멘트,13.3,하,오후(12-18),0,0,0,1,1
2026-10-07,수,10,경부선,357.6,철강,6.6,하,새벽(00-06),0,1,0,0,0
2026-07-29,수,7,부산신항선,9.0,컨테이너,2.1,하,야간(18-24),0,1,1,0,0
2026-08-20,목,8,영동선,98.1,컨테이너,9.5,상,오전(06-12),0,0,1,0,0
2026-07-26,일,7,중앙선,210.3,컨테이너,13.7,하,오전(06-12),0,0,1,0,0
2026-07-22,수,7,경부선,320.4,시멘트,14.5,상,오전(06-12),1,0,1,0,1
2026-02-03,화,2,경부선,299.3,컨테이너,11.8,하,야간(18-24),1,0,0,1,0
2026-07-24,금,7,중앙선,173.8,컨테이너,11.6,하,오후(12-18),0,1,1,0,0
2026-10-18,일,10,부산신항선,7.4,기타,8.8,상,새벽(00-06),0,1,0,0,0
2026-04-21,화,4,중앙선,179.4,시멘트,15.8,하,야간(18-24),0,1,0,0,0
2026-08-09,일,8,경부선,364.2,유류,10.9,하,오전(06-12),0,1,1,0,0
2026-01-12,월,1,경부선,330.0,컨테이너,11.5,하,야간(18-24),1,1,0,1,1
2026-05-07,목,5,경부선,358.5,컨테이너,18.2,상,오전(06-12),0,1,0,0,0
2026-06-09,화,6,태백선,145.8,철강,16.8,하,새벽(00-06),1,0,1,0,1
2026-12-25,금,12,충북선,146.0,시멘트,10.9,하,야간(18-24),0,0,0,1,1
2026-03-20,금,3,충북선,120.1,시멘트,10.0,하,새벽(00-06),0,0,0,0,0
2026-04-11,토,4,중앙선,160.9,기타,10.0,상,오후(12-18),0,0,0,0,0
2026-05-30,토,5,호남선,191.4,컨테이너,1.0,상,오전(06-12),0,0,0,0,1
2026-12-29,화,12,중앙선,167.1,시멘트,18.6,상,새벽(00-06),0,1,0,1,0
2026-11-08,일,11,태백선,155.1,석탄,7.9,상,새벽(00-06),0,0,0,0,0
2026-01-13,화,1,부산신항선,13.5,컨테이너,17.1,상,새벽(00-06),0,1,0,1,1
2026-03-27,금,3,중앙선,270.7,철강,12.2,상,새벽(00-06),0,0,0,0,0
2026-10-27,화,10,부산신항선,8.3,시멘트,20.4,상,오전(06-12),0,1,0,0,0
2026-01-22,목,1,경부선,384.1,컨테이너,15.2,상,오후(12-18),0,1,0,1,0
2026-11-09,월,11,전라선,277.1,시멘트,17.5,상,새벽(00-06),0,1,0,0,0
2026-04-13,월,4,경부선,310.9,시멘트,8.4,하,새벽(00-06),1,1,0,0,0
2026-12-01,화,12,중앙선,209.9,석탄,4.3,상,야간(18-24),0,1,0,1,0
2026-04-18,토,4,경부선,369.8,광석,12.9,상,새벽(00-06),1,0,0,0,1
2026-06-08,월,6,경부선,317.8,철강,1.0,상,야간(18-24),0,1,1,0,0
2026-08-30,일,8,경부선,314.7,시멘트,9.2,하,새벽(00-06),0,0,1,0,0
2026-02-16,월,2,중앙선,171.3,기타,4.9,상,야간(18-24),0,0,0,1,0
2026-07-23,목,7,충북선,102.3,철강,7.0,상,오후(12-18),1,0,1,0,1
2026-07-04,토,7,중앙선,195.8,컨테이너,15.6,상,새벽(00-06),0,0,1,0,0
2026-10-14,수,10,중앙선,168.5,컨테이너,15.2,상,오전(06-12),0,1,0,0,0
2026-12-30,수,12,영동선,93.7,컨테이너,11.0,상,오전(06-12),0,1,0,1,0
2026-08-31,월,8,호남선,218.8,컨테이너,13.9,상,새벽(00-06),0,0,1,0,0
2026-05-30,토,5,경부선,262.1,시멘트,8.8,하,오전(06-12),0,0,0,0,0
2026-05-29,금,5,중앙선,221.5,시멘트,25.0,상,오후(12-18),0,0,0,0,0
2026-06-02,화,6,전라선,243.9,기타,13.8,하,오후(12-18),0,0,1,0,1
2026-10-25,일,10,전라선,217.4,시멘트,8.5,상,새벽(00-06),0,0,0,0,0
2026-04-28,화,4,중앙선,191.1,컨테이너,17.3,상,오후(12-18),0,0,0,0,0
2026-03-02,월,3,장항선,155.8,기타,19.4,하,새벽(00-06),0,0,0,0,0
2026-05-03,일,5,경부선,350.2,시멘트,7.4,상,새벽(00-06),0,0,0,0,0
2026-01-09,금,1,중앙선,199.9,컨테이너,3.5,상,새벽(00-06),0,0,0,1,0
2026-02-08,일,2,전라선,237.3,컨테이너,4.7,상,오전(06-12),0,0,0,1,0
2026-02-02,월,2,충북선,173.8,석탄,8.0,상,새벽(00-06),1,0,0,1,0
2026-10-09,금,10,태백선,122.7,시멘트,11.7,상,새벽(00-06),0,0,0,0,1
2026-09-21,월,9,경부선,259.4,석탄,2.2,하,오전(06-12),0,0,0,0,0
2026-09-12,토,9,경부선,358.5,유류,9.5,상,야간(18-24),0,0,0,0,0
2026-06-18,목,6,경부선,347.7,석탄,10.8,상,오후(12-18),0,1,1,0,0
2026-09-19,토,9,경부선,298.8,유류,13.9,상,야간(18-24),0,0,0,0,0
2026-02-28,토,2,경부선,336.6,철강,15.7,하,새벽(00-06),0,0,0,1,0
2026-11-25,수,11,충북선,192.7,석탄,14.4,상,야간(18-24),0,0,0,0,0
2026-07-02,목,7,충북선,189.8,컨테이너,22.8,하,새벽(00-06),0,1,1,0,0
2026-12-09,수,12,전라선,212.5,시멘트,18.6,하,새벽(00-06),0,1,0,1,0
2026-02-25,수,2,중앙선,141.2,시멘트,13.3,상,새벽(00-06),0,0,0,1,0
2026-07-01,수,7,경부선,267.5,시멘트,6.2,상,오전(06-12),0,0,1,0,0
2026-09-12,토,9,전라선,220.0,시멘트,7.9,상,새벽(00-06),0,1,0,0,0
2026-06-30,화,6,경부선,378.7,석탄,3.4,하,오후(12-18),0,1,1,0,0
2026-06-12,금,6,태백선,120.9,시멘트,12.9,하,야간(18-24),0,0,1,0,0
2026-03-02,월,3,경부선,296.3,시멘트,14.0,하,새벽(00-06),0,0,0,0,0
2026-05-20,수,5,충북선,145.9,시멘트,17.4,상,야간(18-24),0,1,0,0,0
2026-03-29,일,3,부산신항선,9.0,광석,13.6,상,새벽(00-06),0,1,0,0,1
2026-04-21,화,4,충북선,161.0,시멘트,18.3,상,새벽(00-06),0,0,0,0,0
2026-09-07,월,9,충북선,129.3,철강,18.4,상,새벽(00-06),0,0,0,0,0
2026-08-19,수,8,전라선,261.9,석탄,5.8,상,새벽(00-06),0,1,1,0,0
2026-08-10,월,8,경부선,314.4,시멘트,8.9,상,새벽(00-06),0,0,1,0,1
2026-05-13,수,5,전라선,303.8,철강,11.9,상,새벽(00-06),1,0,0,0,0
2026-12-17,목,12,부산신항선,7.1,광석,7.8,상,오전(06-12),0,0,0,1,0
2026-02-01,일,2,영동선,133.6,철강,10.5,하,야간(18-24),0,0,0,1,0
2026-05-06,수,5,중앙선,242.0,광석,13.8,하,야간(18-24),0,0,0,0,0
2026-02-13,금,2,중앙선,178.9,시멘트,11.3,하,야간(18-24),1,0,0,1,0
2026-05-04,월,5,장항선,171.7,광석,12.0,하,새벽(00-06),0,0,0,0,0
2026-12-18,금,12,충북선,138.3,유류,6.3,하,새벽(00-06),0,1,0,1,1
2026-05-14,목,5,경부선,283.8,철강,15.0,하,오후(12-18),0,0,0,0,0
2026-11-28,토,11,경부선,320.2,유류,14.6,상,오후(12-18),0,0,0,0,0
2026-06-30,화,6,경부선,321.0,철강,7.4,하,새벽(00-06),0,0,1,0,1
2026-09-13,일,9,중앙선,137.2,시멘트,4.2,하,야간(18-24),0,1,0,0,0
2026-06-16,화,6,경부선,411.9,시멘트,19.4,상,야간(18-24),0,1,1,0,0
2026-04-08,수,4,경부선,309.8,시멘트,22.5,하,오전(06-12),0,1,0,0,0
2026-10-06,화,10,경부선,322.8,석탄,13.4,상,야간(18-24),0,1,0,0,0
2026-12-20,일,12,호남선,192.5,컨테이너,9.8,하,새벽(00-06),0,0,0,1,0
2026-04-07,화,4,경부선,309.5,철강,18.3,상,오전(06-12),0,1,0,0,0
2026-10-12,월,10,경부선,305.9,시멘트,14.8,하,새벽(00-06),1,0,0,0,0
2026-04-06,월,4,중앙선,193.2,시멘트,10.7,하,오후(12-18),0,0,0,0,0
2026-09-19,토,9,경부선,319.6,컨테이너,17.8,하,새벽(00-06),0,0,0,0,0
2026-10-15,목,10,영동선,121.9,컨테이너,7.1,상,오전(06-12),0,0,0,0,0
2026-06-14,일,6,부산신항선,11.3,석탄,7.9,상,새벽(00-06),0,1,1,0,0
2026-09-26,토,9,중앙선,217.9,시멘트,14.2,상,오전(06-12),0,0,0,0,0
2026-04-10,금,4,중앙선,193.0,컨테이너,12.7,하,오후(12-18),1,0,0,0,0
2026-01-29,목,1,중앙선,201.4,컨테이너,15.8,하,오전(06-12),0,1,0,1,0
2026-02-05,목,2,경부선,310.5,시멘트,19.2,하,오전(06-12),1,0,0,1,1
2026-06-13,토,6,중앙선,228.4,컨테이너,2.7,하,야간(18-24),0,0,1,0,0
2026-11-26,목,11,경부선,333.1,컨테이너,12.2,상,야간(18-24),0,0,0,0,0
2026-02-16,월,2,경부선,313.9,석탄,23.4,하,야간(18-24),0,1,0,1,0
2026-06-16,화,6,충북선,156.6,철강,8.4,상,새벽(00-06),0,1,1,0,0
2026-09-14,월,9,경부선,315.8,기타,7.7,상,오전(06-12),0,0,0,0,0
2026-03-15,일,3,경부선,321.4,컨테이너,1.0,상,야간(18-24),0,1,0,0,1
2026-09-21,월,9,중앙선,191.3,컨테이너,12.6,상,야간(18-24),0,0,0,0,0
2026-04-22,수,4,중앙선,173.7,컨테이너,15.5,하,새벽(00-06),0,1,0,0,0
2026-10-23,금,10,경부선,350.8,석탄,15.5,하,야간(18-24),0,0,0,0,0
2026-07-31,금,7,경부선,353.3,컨테이너,5.8,하,오전(06-12),0,0,1,0,0
2026-07-19,일,7,경부선,391.6,컨테이너,11.9,상,야간(18-24),0,0,1,0,0
2026-03-06,금,3,경부선,296.1,시멘트,13.3,하,오전(06-12),0,0,0,0,0
2026-06-19,금,6,장항선,192.9,시멘트,12.3,상,새벽(00-06),0,0,1,0,0
2026-11-09,월,11,부산신항선,5.0,시멘트,5.4,하,새벽(00-06),0,1,0,0,0
2026-01-08,목,1,중앙선,222.3,석탄,12.5,하,새벽(00-06),0,0,0,1,0
2026-10-04,일,10,중앙선,142.3,유류,7.1,상,오후(12-18),0,0,0,0,0
2026-06-29,월,6,전라선,199.9,시멘트,1.0,하,오후(12-18),1,0,1,0,0
2026-09-20,일,9,충북선,169.6,컨테이너,16.1,하,오전(06-12),0,0,0,0,1
2026-08-31,월,8,경부선,295.3,시멘트,12.8,하,오후(12-18),0,0,1,0,0
2026-06-07,일,6,경부선,289.9,컨테이너,15.6,상,오전(06-12),0,0,1,0,0
2026-04-23,목,4,중앙선,176.3,컨테이너,8.8,하,새벽(00-06),0,0,0,0,0
2026-08-17,월,8,충북선,179.5,시멘트,15.8,하,새벽(00-06),0,1,1,0,1
2026-02-21,토,2,경부선,282.9,컨테이너,18.1,하,오전(06-12),0,0,0,1,1
2026-08-02,일,8,중앙선,191.4,컨테이너,22.5,상,오전(06-12),1,0,1,0,1
2026-02-04,수,2,중앙선,180.0,석탄,16.9,상,야간(18-24),1,0,0,1,0
2026-08-26,수,8,경부선,353.0,유류,14.3,하,야간(18-24),0,1,1,0,0
2026-08-18,화,8,중앙선,223.0,컨테이너,3.7,하,오전(06-12),0,1,1,0,0
2026-01-31,토,1,전라선,174.3,시멘트,11.4,상,새벽(00-06),0,1,0,1,1
2026-10-04,일,10,충북선,187.4,기타,3.5,하,야간(18-24),0,1,0,0,0
2026-06-01,월,6,경부선,295.8,컨테이너,7.1,하,새벽(00-06),0,0,1,0,1
2026-10-15,목,10,경부선,329.7,철강,23.7,하,오전(06-12),0,0,0,0,0
2026-01-16,금,1,태백선,116.7,컨테이너,5.9,상,야간(18-24),1,0,0,1,0
2026-03-07,토,3,중앙선,206.3,광석,1.0,상,야간(18-24),0,0,0,0,1
2026-06-30,화,6,경부선,422.3,컨테이너,16.9,상,야간(18-24),0,1,1,0,0
2026-03-10,화,3,경부선,325.3,컨테이너,8.0,상,새벽(00-06),0,0,0,0,0
2026-05-01,금,5,장항선,170.4,기타,16.6,하,오전(06-12),0,0,0,0,0
2026-08-30,일,8,장항선,175.0,석탄,5.0,하,야간(18-24),0,0,1,0,1
2026-02-22,일,2,부산신항선,6.2,컨테이너,9.4,상,새벽(00-06),0,0,0,1,0
2026-09-05,토,9,충북선,197.5,철강,19.2,상,야간(18-24),0,1,0,0,0
2026-02-07,토,2,중앙선,204.3,광석,4.1,상,오전(06-12),0,0,0,1,1
2026-03-05,목,3,중앙선,156.6,시멘트,11.0,상,야간(18-24),1,1,0,0,0
2026-08-03,월,8,경부선,279.5,컨테이너,13.7,상,오전(06-12),0,0,1,0,0
2026-10-17,토,10,전라선,229.9,컨테이너,7.7,하,새벽(00-06),0,0,0,0,0
2026-03-04,수,3,충북선,184.6,광석,13.5,상,야간(18-24),0,0,0,0,0
2026-04-20,월,4,경부선,274.2,컨테이너,12.1,상,오후(12-18),0,0,0,0,0
2026-12-04,금,12,부산신항선,13.9,컨테이너,15.2,상,오전(06-12),0,0,0,1,0
2026-12-28,월,12,중앙선,190.1,컨테이너,23.1,하,야간(18-24),0,0,0,1,0
2026-08-01,토,8,경부선,283.0,컨테이너,25.0,상,오후(12-18),0,0,1,0,1
2026-06-13,토,6,중앙선,176.9,시멘트,14.8,하,오후(12-18),0,0,1,0,0
2026-05-07,목,5,태백선,170.5,시멘트,11.3,상,오전(06-12),0,0,0,0,0
2026-08-12,수,8,부산신항선,6.4,컨테이너,14.6,상,야간(18-24),0,1,1,0,0
2026-08-04,화,8,중앙선,167.7,컨테이너,10.6,상,오후(12-18),0,0,1,0,1
2026-04-18,토,4,호남선,232.0,컨테이너,2.5,하,오후(12-18),0,0,0,0,1
2026-01-09,금,1,부산신항선,11.2,컨테이너,11.7,상,야간(18-24),0,0,0,1,0
2026-02-25,수,2,태백선,119.7,컨테이너,18.5,상,새벽(00-06),0,0,0,1,0
2026-12-16,수,12,태백선,154.8,철강,3.2,하,야간(18-24),1,0,0,1,0
2026-06-02,화,6,중앙선,228.7,컨테이너,6.1,상,야간(18-24),0,0,1,0,0
2026-06-26,금,6,장항선,186.2,컨테이너,8.5,상,새벽(00-06),1,0,1,0,1
2026-06-20,토,6,충북선,146.0,시멘트,14.2,상,오후(12-18),0,0,1,0,1
2026-10-13,화,10,전라선,215.7,철강,25.0,상,야간(18-24),0,0,0,0,0
2026-01-24,토,1,경부선,331.6,석탄,7.1,하,오전(06-12),1,1,0,1,0
2026-01-31,토,1,전라선,190.0,기타,12.5,하,새벽(00-06),0,0,0,1,0
2026-04-11,토,4,호남선,241.4,컨테이너,12.0,상,새벽(00-06),0,1,0,0,0
2026-06-27,토,6,중앙선,252.8,컨테이너,10.2,상,새벽(00-06),0,1,1,0,0
2026-09-02,수,9,영동선,106.3,컨테이너,11.7,하,오전(06-12),0,1,0,0,1
2026-06-29,월,6,중앙선,205.8,컨테이너,9.2,상,오후(12-18),0,1,1,0,1
2026-06-11,목,6,경부선,367.6,기타,25.0,상,오후(12-18),1,0,1,0,0
2026-12-09,수,12,경부선,398.4,시멘트,16.5,하,오전(06-12),0,0,0,1,0
2026-02-28,토,2,장항선,210.7,철강,9.3,상,오전(06-12),0,1,0,1,0
2026-07-28,화,7,충북선,117.9,기타,19.1,하,오후(12-18),0,0,1,0,0
2026-07-17,금,7,중앙선,182.3,유류,13.5,하,야간(18-24),0,0,1,0,1
2026-06-22,월,6,충북선,173.8,시멘트,12.3,상,야간(18-24),0,0,1,0,1
2026-10-22,목,10,중앙선,176.0,유류,10.9,하,오후(12-18),1,1,0,0,0
2026-04-08,수,4,중앙선,255.7,시멘트,10.5,상,새벽(00-06),0,0,0,0,0
2026-12-15,화,12,태백선,168.1,컨테이너,4.7,상,야간(18-24),0,0,0,1,1
2026-05-02,토,5,전라선,204.9,시멘트,2.0,상,야간(18-24),0,1,0,0,1
2026-07-18,토,7,장항선,176.4,광석,14.2,상,야간(18-24),1,0,1,0,0
2026-07-10,금,7,충북선,142.6,철강,10.8,상,오후(12-18),0,0,1,0,1
2026-11-07,토,11,영동선,106.9,시멘트,17.3,상,오전(06-12),0,0,0,0,1
2026-06-10,수,6,경부선,311.2,유류,6.7,하,오전(06-12),0,0,1,0,0
2026-04-14,화,4,경부선,358.4,시멘트,5.4,상,오전(06-12),0,0,0,0,1
2026-01-08,목,1,경부선,284.7,석탄,16.7,하,오전(06-12),0,1,0,1,0
2026-05-13,수,5,충북선,95.9,컨테이너,10.2,상,오전(06-12),0,0,0,0,0
2026-10-29,목,10,충북선,121.2,컨테이너,17.1,상,야간(18-24),1,0,0,0,0
2026-01-04,일,1,전라선,198.6,컨테이너,12.2,상,오전(06-12),0,1,0,1,1
2026-11-24,화,11,중앙선,170.4,유류,23.3,하,오전(06-12),0,1,0,0,0
2026-07-18,토,7,경부선,327.7,기타,16.5,하,오후(12-18),0,0,1,0,0
2026-02-21,토,2,충북선,134.3,컨테이너,14.5,하,새벽(00-06),0,0,0,1,0
2026-04-21,화,4,영동선,91.6,컨테이너,16.8,상,새벽(00-06),0,0,0,0,0
2026-07-22,수,7,중앙선,160.8,컨테이너,10.4,하,오후(12-18),0,0,1,0,1
2026-04-26,일,4,경부선,275.6,철강,2.1,상,오전(06-12),0,0,0,0,0
2026-02-09,월,2,경부선,298.0,시멘트,14.2,상,새벽(00-06),0,1,0,1,1
2026-09-01,화,9,중앙선,172.4,시멘트,23.6,상,오전(06-12),0,0,0,0,1
2026-09-03,목,9,경부선,347.8,컨테이너,1.0,하,새벽(00-06),0,0,0,0,1
2026-02-13,금,2,중앙선,158.7,컨테이너,14.8,하,새벽(00-06),1,1,0,1,0
2026-04-13,월,4,충북선,152.4,광석,2.8,상,오전(06-12),0,1,0,0,0
2026-03-31,화,3,중앙선,174.2,시멘트,11.9,하,야간(18-24),0,0,0,0,0
2026-08-29,토,8,중앙선,221.6,컨테이너,12.5,상,새벽(00-06),0,0,1,0,0
2026-09-24,목,9,경부선,314.0,컨테이너,16.5,상,오전(06-12),0,0,0,0,0
2026-09-23,수,9,부산신항선,13.8,컨테이너,13.3,상,오전(06-12),0,0,0,0,0
2026-12-09,수,12,중앙선,153.0,컨테이너,20.2,하,오후(12-18),0,0,0,1,0
2026-10-08,목,10,중앙선,191.6,컨테이너,19.0,상,오전(06-12),0,0,0,0,1
2026-04-28,화,4,경부선,297.2,철강,10.8,상,오후(12-18),0,1,0,0,0
2026-02-09,월,2,충북선,130.6,컨테이너,18.6,상,야간(18-24),0,0,0,1,0
2026-08-13,목,8,태백선,134.1,시멘트,10.1,하,새벽(00-06),0,0,1,0,0
2026-12-01,화,12,경부선,389.5,시멘트,9.1,상,야간(18-24),0,1,0,1,0
2026-12-22,화,12,경부선,286.1,컨테이너,4.8,상,새벽(00-06),0,0,0,1,0
2026-03-26,목,3,경부선,315.1,시멘트,19.9,하,야간(18-24),0,0,0,0,0
2026-03-28,토,3,충북선,128.5,유류,10.2,상,오후(12-18),0,0,0,0,0
2026-01-14,수,1,호남선,171.7,컨테이너,1.0,하,오후(12-18),0,0,0,1,0
2026-02-21,토,2,중앙선,165.7,철강,15.3,하,오전(06-12),0,0,0,1,0
2026-07-22,수,7,중앙선,177.6,컨테이너,9.4,하,오전(06-12),0,0,1,0,0
2026-07-19,일,7,장항선,171.5,컨테이너,10.2,상,새벽(00-06),0,0,1,0,0
2026-05-16,토,5,전라선,222.6,컨테이너,10.6,하,오전(06-12),0,0,0,0,0
2026-04-24,금,4,경부선,254.3,석탄,10.0,하,오후(12-18),0,0,0,0,0
2026-10-30,금,10,경부선,295.2,시멘트,25.0,상,오전(06-12),0,0,0,0,0
2026-06-17,수,6,중앙선,210.9,철강,22.0,상,오전(06-12),0,0,1,0,0
2026-10-23,금,10,장항선,152.4,컨테이너,16.2,하,오전(06-12),0,0,0,0,0
2026-12-18,금,12,전라선,218.7,시멘트,13.4,상,야간(18-24),0,0,0,1,0
2026-04-26,일,4,전라선,238.2,컨테이너,18.8,하,오전(06-12),0,1,0,0,0
2026-03-15,일,3,태백선,119.9,컨테이너,13.5,하,오후(12-18),1,1,0,0,1
2026-12-14,월,12,경부선,333.9,시멘트,16.9,상,야간(18-24),0,0,0,1,0
2026-08-20,목,8,중앙선,140.1,컨테이너,15.3,하,새벽(00-06),0,1,1,0,0
2026-04-17,금,4,경부선,355.7,시멘트,12.8,하,새벽(00-06),0,0,0,0,0
2026-08-15,토,8,태백선,142.8,시멘트,17.6,상,야간(18-24),1,0,1,0,0
2026-07-07,화,7,충북선,162.7,철강,9.5,하,오후(12-18),0,0,1,0,0
2026-11-27,금,11,중앙선,232.7,석탄,12.4,상,오전(06-12),0,1,0,0,1
2026-04-04,토,4,경부선,307.0,컨테이너,6.1,하,새벽(00-06),0,1,0,0,1
2026-12-28,월,12,전라선,210.9,컨테이너,6.8,하,오전(06-12),0,0,0,1,0
2026-12-08,화,12,장항선,207.1,시멘트,1.0,하,야간(18-24),0,0,0,1,0
2026-03-07,토,3,전라선,284.6,컨테이너,14.7,상,오전(06-12),0,0,0,0,0
2026-03-02,월,3,경부선,292.5,컨테이너,16.4,하,야간(18-24),1,0,0,0,1
2026-07-14,화,7,부산신항선,10.3,시멘트,18.5,하,새벽(00-06),0,1,1,0,1
2026-01-17,토,1,장항선,200.5,시멘트,5.4,하,오전(06-12),0,0,0,1,0
2026-04-20,월,4,전라선,227.1,시멘트,14.6,상,새벽(00-06),0,0,0,0,0
2026-06-08,월,6,전라선,247.2,컨테이너,12.0,하,오전(06-12),0,0,1,0,1
2026-12-20,일,12,부산신항선,12.9,컨테이너,16.4,상,야간(18-24),0,0,0,1,0
2026-12-29,화,12,호남선,194.1,컨테이너,8.1,상,새벽(00-06),0,0,0,1,0
2026-02-25,수,2,충북선,171.8,컨테이너,10.0,상,오후(12-18),1,0,0,1,0
2026-11-22,일,11,중앙선,193.1,철강,2.7,상,오전(06-12),0,0,0,0,0
2026-02-03,화,2,중앙선,150.7,컨테이너,7.7,상,오전(06-12),0,1,0,1,1
2026-10-01,목,10,태백선,115.7,컨테이너,12.0,상,새벽(00-06),0,0,0,0,1
2026-11-05,목,11,충북선,145.0,유류,13.0,상,오전(06-12),0,0,0,0,0
2026-11-22,일,11,경부선,357.3,시멘트,1.9,하,야간(18-24),0,1,0,0,0
2026-03-23,월,3,경부선,358.7,컨테이너,8.9,하,새벽(00-06),0,1,0,0,0
2026-11-23,월,11,부산신항선,12.8,철강,13.0,상,새벽(00-06),0,1,0,0,0
2026-02-12,목,2,부산신항선,11.9,석탄,20.4,상,새벽(00-06),1,0,0,1,0
2026-07-09,목,7,호남선,218.5,광석,6.9,상,오후(12-18),0,0,1,0,0
2026-06-21,일,6,중앙선,203.0,유류,14.9,하,새벽(00-06),0,1,1,0,0
2026-04-26,일,4,장항선,187.8,석탄,8.6,상,야간(18-24),0,0,0,0,0
2026-01-09,금,1,태백선,145.0,컨테이너,9.3,상,오후(12-18),0,1,0,1,0
2026-10-09,금,10,중앙선,144.1,시멘트,6.7,상,오후(12-18),0,0,0,0,1
2026-05-03,일,5,경부선,288.6,컨테이너,5.7,상,새벽(00-06),0,0,0,0,0
2026-08-30,일,8,영동선,94.4,시멘트,9.2,하,오전(06-12),0,1,1,0,0
2026-05-30,토,5,경부선,364.5,광석,18.3,상,야간(18-24),0,0,0,0,0
2026-05-17,일,5,충북선,202.7,컨테이너,7.5,하,오전(06-12),0,0,0,0,0
2026-11-20,금,11,전라선,164.3,유류,6.5,상,오후(12-18),0,0,0,0,0
2026-02-04,수,2,전라선,276.3,시멘트,13.3,상,오후(12-18),0,0,0,1,0
2026-09-26,토,9,경부선,323.7,컨테이너,12.0,상,야간(18-24),0,0,0,0,0
2026-09-30,수,9,전라선,259.8,유류,11.6,하,오전(06-12),0,0,0,0,0
2026-05-19,화,5,경부선,340.5,시멘트,13.5,상,야간(18-24),0,0,0,0,0
2026-04-06,월,4,태백선,164.3,시멘트,5.9,하,새벽(00-06),0,1,0,0,0
2026-01-02,금,1,경부선,328.6,시멘트,6.6,상,오후(12-18),1,0,0,1,0
2026-12-08,화,12,전라선,188.5,컨테이너,17.9,하,오후(12-18),0,0,0,1,1
2026-12-12,토,12,장항선,177.5,컨테이너,11.1,하,오전(06-12),0,0,0,1,1
2026-03-29,일,3,경부선,340.8,석탄,15.6,하,새벽(00-06),0,0,0,0,0
2026-01-12,월,1,경부선,311.6,유류,19.3,상,오전(06-12),0,1,0,1,0
2026-02-14,토,2,장항선,192.8,석탄,17.1,하,새벽(00-06),0,0,0,1,0
2026-01-25,일,1,경부선,317.6,유류,3.8,상,오전(06-12),0,0,0,1,0
2026-10-31,토,10,경부선,296.4,유류,11.3,하,새벽(00-06),0,1,0,0,0
2026-11-22,일,11,중앙선,155.3,컨테이너,18.2,하,오전(06-12),1,0,0,0,0
2026-02-25,수,2,호남선,198.4,철강,15.1,하,오전(06-12),0,1,0,1,0
2026-09-30,수,9,충북선,166.4,철강,13.1,상,새벽(00-06),0,1,0,0,0
2026-03-07,토,3,중앙선,124.7,시멘트,2.2,하,오후(12-18),0,0,0,0,0
2026-05-15,금,5,영동선,98.1,시멘트,8.3,상,오전(06-12),0,1,0,0,0
2026-08-07,금,8,중앙선,123.4,철강,12.4,하,오후(12-18),0,0,1,0,0
2026-09-20,일,9,중앙선,171.7,기타,3.4,하,야간(18-24),0,0,0,0,0
2026-11-16,월,11,중앙선,235.2,기타,16.8,상,야간(18-24),0,0,0,0,0
2026-01-17,토,1,중앙선,151.8,시멘트,11.3,하,오전(06-12),0,1,0,1,0
2026-03-13,금,3,중앙선,217.9,철강,1.0,상,오전(06-12),1,0,0,0,1
2026-04-13,월,4,전라선,314.9,시멘트,8.6,하,오전(06-12),0,0,0,0,0
2026-04-24,금,4,경부선,378.3,유류,10.3,상,오전(06-12),0,0,0,0,0
2026-12-31,목,12,전라선,233.4,석탄,11.2,상,새벽(00-06),0,0,0,1,0
2026-10-11,일,10,경부선,354.5,광석,20.5,하,새벽(00-06),0,0,0,0,0
2026-04-27,월,4,중앙선,145.4,기타,15.5,상,야간(18-24),0,0,0,0,0
2026-12-21,월,12,경부선,257.3,컨테이너,3.8,하,새벽(00-06),0,0,0,1,0
2026-07-02,목,7,충북선,162.0,기타,3.1,하,오전(06-12),0,0,1,0,0
2026-07-02,목,7,전라선,241.4,석탄,10.4,상,새벽(00-06),0,1,1,0,0
2026-06-08,월,6,중앙선,231.6,컨테이너,12.8,하,새벽(00-06),0,1,1,0,0
2026-02-22,일,2,경부선,297.4,컨테이너,18.0,상,새벽(00-06),0,1,0,1,0
2026-12-08,화,12,경부선,327.9,석탄,22.4,하,오전(06-12),0,0,0,1,0
2026-01-06,화,1,태백선,138.7,컨테이너,22.7,하,오후(12-18),0,1,0,1,0
2026-03-05,목,3,경부선,314.9,컨테이너,9.3,상,야간(18-24),0,1,0,0,0
2026-03-25,수,3,장항선,178.2,시멘트,17.6,상,오후(12-18),0,1,0,0,0
2026-04-12,일,4,중앙선,163.4,컨테이너,14.6,상,야간(18-24),0,0,0,0,1
2026-02-18,수,2,경부선,331.4,시멘트,5.5,상,오후(12-18),0,0,0,1,0
2026-01-07,수,1,전라선,235.3,철강,1.0,하,새벽(00-06),0,0,0,1,0
2026-09-05,토,9,중앙선,177.9,컨테이너,12.9,하,야간(18-24),0,1,0,0,0
2026-12-20,일,12,경부선,346.8,석탄,3.0,하,오전(06-12),0,0,0,1,0
2026-02-14,토,2,호남선,233.9,컨테이너,6.9,상,야간(18-24),0,0,0,1,1
2026-04-19,일,4,경부선,347.3,유류,7.9,상,새벽(00-06),0,1,0,0,0
2026-07-04,토,7,중앙선,156.8,시멘트,13.3,하,오전(06-12),0,0,1,0,1
2026-12-05,토,12,중앙선,196.8,유류,19.7,하,오전(06-12),0,0,0,1,0
2026-09-11,금,9,중앙선,161.4,철강,12.1,하,새벽(00-06),1,0,0,0,0
2026-10-07,수,10,장항선,181.5,유류,8.8,하,오후(12-18),1,1,0,0,0
2026-08-01,토,8,경부선,283.9,시멘트,1.0,하,야간(18-24),0,0,1,0,1
2026-06-02,화,6,호남선,240.1,시멘트,14.8,상,야간(18-24),0,0,1,0,1
2026-03-14,토,3,전라선,252.9,컨테이너,12.2,상,야간(18-24),0,0,0,0,0
2026-11-12,목,11,호남선,237.0,시멘트,8.7,하,야간(18-24),0,0,0,0,0
2026-10-21,수,10,태백선,156.5,시멘트,19.0,상,야간(18-24),1,0,0,0,0
2026-01-10,토,1,호남선,201.4,시멘트,4.9,상,오후(12-18),0,0,0,1,0
2026-09-19,토,9,충북선,150.7,컨테이너,7.9,상,야간(18-24),0,0,0,0,1
2026-01-31,토,1,중앙선,254.3,시멘트,10.5,상,새벽(00-06),1,0,0,1,0
2026-09-27,일,9,중앙선,187.5,시멘트,8.6,상,야간(18-24),0,1,0,0,0
2026-10-29,목,10,전라선,188.8,시멘트,15.3,하,오전(06-12),0,0,0,0,0
2026-02-17,화,2,중앙선,228.6,석탄,14.8,상,새벽(00-06),0,1,0,1,0
2026-06-08,월,6,전라선,233.7,시멘트,18.3,상,오전(06-12),1,1,1,0,1
2026-02-15,일,2,경부선,380.4,시멘트,15.0,하,야간(18-24),0,1,0,1,0
2026-07-27,월,7,태백선,140.4,시멘트,11.3,상,오후(12-18),0,0,1,0,1
2026-12-05,토,12,경부선,319.4,철강,10.0,하,새벽(00-06),0,0,0,1,0
2026-01-30,금,1,호남선,246.4,철강,14.7,상,오전(06-12),0,1,0,1,0
2026-05-26,화,5,경부선,258.7,컨테이너,10.9,하,야간(18-24),0,0,0,0,0
2026-12-22,화,12,경부선,296.8,컨테이너,12.3,상,오후(12-18),0,0,0,1,0
2026-04-20,월,4,장항선,161.9,석탄,15.1,하,새벽(00-06),0,0,0,0,0
2026-02-18,수,2,태백선,91.6,철강,12.8,상,오후(12-18),0,1,0,1,0
2026-06-28,일,6,전라선,255.6,컨테이너,13.9,상,오후(12-18),0,0,1,0,0
2026-07-05,일,7,호남선,194.3,시멘트,7.3,하,새벽(00-06),0,0,1,0,0
2026-08-30,일,8,경부선,356.4,컨테이너,20.1,상,오전(06-12),0,0,1,0,0
2026-04-25,토,4,태백선,143.3,철강,5.4,하,오전(06-12),1,0,0,0,0
2026-12-15,화,12,중앙선,214.5,컨테이너,14.6,상,오후(12-18),0,0,0,1,0
2026-07-10,금,7,충북선,149.9,철강,9.1,하,야간(18-24),0,1,1,0,0
2026-04-15,수,4,중앙선,166.6,석탄,18.5,하,야간(18-24),0,0,0,0,0
2026-12-17,목,12,경부선,323.8,유류,17.3,하,오후(12-18),1,0,0,1,1
2026-12-04,금,12,충북선,184.3,기타,12.0,상,오전(06-12),0,0,0,1,0
2026-07-02,목,7,장항선,178.6,시멘트,21.3,상,새벽(00-06),0,0,1,0,0
2026-01-10,토,1,경부선,292.1,석탄,10.9,상,오후(12-18),0,0,0,1,1
2026-08-06,목,8,호남선,178.2,석탄,17.3,상,오전(06-12),0,0,1,0,0
2026-07-22,수,7,충북선,166.4,유류,7.6,하,오후(12-18),0,0,1,0,0
2026-02-24,화,2,경부선,298.0,시멘트,14.4,상,야간(18-24),0,0,0,1,1
2026-08-20,목,8,전라선,227.2,컨테이너,6.4,상,새벽(00-06),0,1,1,0,0
2026-11-03,화,11,경부선,310.6,기타,12.1,상,오전(06-12),0,0,0,0,0
2026-02-08,일,2,경부선,302.4,컨테이너,11.7,상,오후(12-18),0,0,0,1,1
2026-09-22,화,9,전라선,238.2,기타,17.3,상,오전(06-12),0,1,0,0,0
2026-02-21,토,2,경부선,342.4,컨테이너,8.0,상,새벽(00-06),0,0,0,1,0
2026-10-01,목,10,경부선,398.8,시멘트,25.0,하,오후(12-18),1,0,0,0,1
2026-06-02,화,6,전라선,252.1,기타,3.7,상,새벽(00-06),0,1,1,0,0
2026-01-03,토,1,경부선,383.9,석탄,13.4,상,오전(06-12),0,0,0,1,0
2026-12-19,토,12,장항선,163.2,시멘트,13.7,하,야간(18-24),0,0,0,1,1
2026-03-02,월,3,장항선,147.6,컨테이너,15.2,상,오전(06-12),0,1,0,0,0
2026-08-06,목,8,경부선,319.6,컨테이너,8.9,하,새벽(00-06),0,1,1,0,0
2026-03-08,일,3,충북선,182.8,컨테이너,13.5,하,야간(18-24),0,0,0,0,0
2026-12-07,월,12,경부선,348.2,시멘트,8.6,하,새벽(00-06),1,0,0,1,1
2026-09-27,일,9,충북선,191.6,시멘트,23.2,하,새벽(00-06),0,0,0,0,0
2026-10-21,수,10,경부선,218.7,컨테이너,8.2,하,야간(18-24),0,0,0,0,0
2026-06-07,일,6,호남선,239.5,시멘트,11.1,상,야간(18-24),0,0,1,0,0
2026-06-20,토,6,경부선,333.6,광석,8.0,상,오전(06-12),0,0,1,0,0
2026-08-20,목,8,전라선,183.1,유류,7.2,상,오후(12-18),0,0,1,0,0
2026-10-14,수,10,경부선,349.1,시멘트,3.6,상,오전(06-12),0,1,0,0,0
2026-11-06,금,11,경부선,327.0,기타,16.0,하,야간(18-24),0,1,0,0,0
2026-01-07,수,1,중앙선,206.6,시멘트,8.0,하,오후(12-18),0,0,0,1,0
2026-08-31,월,8,충북선,186.3,시멘트,7.2,하,오후(12-18),0,0,1,0,1
2026-02-09,월,2,영동선,116.3,시멘트,6.2,상,새벽(00-06),0,1,0,1,0
2026-04-16,목,4,경부선,261.3,유류,13.8,하,새벽(00-06),0,0,0,0,0
2026-10-30,금,10,경부선,314.5,컨테이너,12.1,하,새벽(00-06),1,0,0,0,0
2026-04-02,목,4,중앙선,136.7,컨테이너,12.2,상,오후(12-18),0,1,0,0,0
2026-10-18,일,10,중앙선,216.0,기타,7.4,하,오후(12-18),0,0,0,0,0
2026-06-18,목,6,부산신항선,14.8,철강,14.6,하,오전(06-12),0,0,1,0,0
2026-03-26,목,3,부산신항선,6.9,철강,8.0,상,새벽(00-06),0,0,0,0,0
2026-05-02,토,5,부산신항선,8.6,철강,12.4,하,오전(06-12),0,1,0,0,0
2026-07-13,월,7,경부선,284.9,석탄,11.2,상,새벽(00-06),0,0,1,0,0
2026-10-07,수,10,중앙선,177.4,컨테이너,1.9,하,야간(18-24),0,0,0,0,0
2026-08-10,월,8,장항선,187.8,철강,24.2,하,야간(18-24),0,0,1,0,0
2026-12-07,월,12,중앙선,177.8,컨테이너,15.4,상,오후(12-18),0,0,0,1,0
2026-11-13,금,11,전라선,249.0,컨테이너,13.1,상,야간(18-24),0,0,0,0,0
2026-10-02,금,10,경부선,362.8,기타,14.0,하,오후(12-18),0,0,0,0,0
2026-08-09,일,8,중앙선,231.9,컨테이너,24.3,하,오전(06-12),0,0,1,0,1
2026-04-16,목,4,태백선,113.1,컨테이너,18.8,하,오후(12-18),0,0,0,0,0
2026-05-31,일,5,경부선,375.6,컨테이너,14.1,상,새벽(00-06),0,0,0,0,1
2026-02-13,금,2,영동선,131.8,유류,7.8,하,새벽(00-06),0,0,0,1,0
2026-05-17,일,5,중앙선,247.6,기타,8.7,상,오후(12-18),0,0,0,0,0
2026-12-05,토,12,경부선,313.9,컨테이너,1.2,상,새벽(00-06),0,0,0,1,0
2026-06-05,금,6,경부선,290.1,시멘트,9.8,하,야간(18-24),0,0,1,0,0
2026-02-11,수,2,경부선,280.8,철강,16.0,상,새벽(00-06),0,1,0,1,0
2026-08-26,수,8,충북선,133.8,석탄,15.8,상,오전(06-12),0,0,1,0,0
2026-12-18,금,12,경부선,320.7,컨테이너,15.7,상,오전(06-12),0,0,0,1,1
2026-11-13,금,11,충북선,182.5,컨테이너,8.9,상,새벽(00-06),1,0,0,0,1
2026-04-11,토,4,부산신항선,14.5,시멘트,15.3,상,새벽(00-06),0,0,0,0,0
2026-06-15,월,6,중앙선,176.3,컨테이너,16.9,상,오전(06-12),0,0,1,0,0
2026-07-13,월,7,경부선,318.7,철강,1.0,하,새벽(00-06),0,0,1,0,0
2026-04-01,수,4,중앙선,189.7,컨테이너,13.8,상,새벽(00-06),0,0,0,0,0
2026-04-09,목,4,장항선,166.9,유류,24.5,상,새벽(00-06),0,0,0,0,0
2026-03-28,토,3,충북선,179.7,석탄,10.3,하,오전(06-12),0,0,0,0,0
2026-12-30,수,12,경부선,334.7,석탄,1.0,상,야간(18-24),1,1,0,1,0
2026-09-30,수,9,충북선,164.8,철강,7.1,하,야간(18-24),0,0,0,0,0
2026-11-03,화,11,중앙선,205.8,컨테이너,1.1,상,오전(06-12),0,0,0,0,1
2026-10-26,월,10,중앙선,214.8,컨테이너,8.2,상,오후(12-18),0,0,0,0,0
2026-12-17,목,12,경부선,344.4,시멘트,4.7,하,야간(18-24),0,1,0,1,0
2026-02-08,일,2,영동선,97.2,철강,17.6,하,오전(06-12),0,0,0,1,0
2026-11-18,수,11,경부선,356.1,유류,16.7,상,야간(18-24),1,0,0,0,0
2026-01-25,일,1,경부선,330.4,시멘트,14.1,상,야간(18-24),0,1,0,1,1
2026-06-23,화,6,경부선,302.8,철강,19.4,상,새벽(00-06),0,0,1,0,1
2026-08-05,수,8,충북선,167.2,컨테이너,8.6,하,오전(06-12),1,1,1,0,0
2026-05-11,월,5,중앙선,205.4,컨테이너,12.4,하,야간(18-24),0,0,0,0,0
2026-02-23,월,2,경부선,363.5,컨테이너,25.0,하,새벽(00-06),0,0,0,1,0
2026-03-12,목,3,중앙선,156.7,광석,15.5,하,새벽(00-06),0,0,0,0,0
2026-10-29,목,10,전라선,269.1,시멘트,15.5,하,새벽(00-06),0,0,0,0,1
2026-04-27,월,4,경부선,321.1,시멘트,7.4,상,새벽(00-06),0,0,0,0,0
2026-04-24,금,4,부산신항선,9.1,철강,9.5,하,새벽(00-06),0,0,0,0,0
2026-12-04,금,12,중앙선,174.5,컨테이너,6.0,하,오전(06-12),0,0,0,1,0
2026-02-22,일,2,경부선,280.1,컨테이너,22.1,하,야간(18-24),0,0,0,1,0
2026-12-01,화,12,호남선,164.7,컨테이너,2.7,상,새벽(00-06),1,1,0,1,1
2026-12-03,목,12,장항선,193.1,컨테이너,17.5,하,야간(18-24),1,0,0,1,0
2026-08-07,금,8,중앙선,262.6,시멘트,15.5,하,야간(18-24),0,0,1,0,1
2026-03-02,월,3,태백선,103.1,컨테이너,2.4,하,오전(06-12),0,0,0,0,0
2026-02-26,목,2,충북선,137.5,철강,18.9,상,야간(18-24),0,0,0,1,0
2026-04-14,화,4,중앙선,219.6,유류,10.4,하,오후(12-18),1,1,0,0,0
2026-07-30,목,7,태백선,134.6,광석,4.1,하,새벽(00-06),1,0,1,0,1
2026-02-26,목,2,장항선,196.3,컨테이너,14.2,상,새벽(00-06),0,0,0,1,0
2026-06-16,화,6,중앙선,189.7,시멘트,7.1,상,오전(06-12),1,0,1,0,0
2026-02-12,목,2,충북선,146.8,컨테이너,10.8,하,야간(18-24),0,0,0,1,0
2026-07-17,금,7,중앙선,185.4,컨테이너,9.0,하,새벽(00-06),0,1,1,0,0
2026-01-08,목,1,경부선,224.9,석탄,6.7,하,오후(12-18),0,0,0,1,0
2026-09-16,수,9,영동선,92.6,시멘트,4.9,하,야간(18-24),0,1,0,0,0
2026-01-21,수,1,충북선,185.0,석탄,16.8,하,야간(18-24),0,0,0,1,0
2026-03-13,금,3,충북선,191.1,유류,13.9,상,야간(18-24),0,1,0,0,0
2026-03-05,목,3,충북선,196.5,컨테이너,13.6,하,새벽(00-06),0,1,0,0,0
2026-10-31,토,10,충북선,172.3,광석,9.8,하,새벽(00-06),0,1,0,0,0
2026-01-20,화,1,경부선,230.0,컨테이너,12.3,상,새벽(00-06),1,0,0,1,0
2026-06-06,토,6,영동선,100.3,기타,7.6,상,새벽(00-06),0,0,1,0,0
2026-08-04,화,8,충북선,194.4,석탄,7.5,상,야간(18-24),0,0,1,0,0
2026-07-08,수,7,전라선,278.1,컨테이너,22.3,하,오후(12-18),1,0,1,0,0
2026-09-06,일,9,중앙선,241.0,시멘트,17.3,상,야간(18-24),0,0,0,0,0
2026-10-21,수,10,경부선,310.7,컨테이너,8.6,하,오전(06-12),1,0,0,0,0
2026-05-24,일,5,경부선,267.9,철강,3.0,상,오전(06-12),0,0,0,0,0
2026-10-30,금,10,중앙선,191.9,컨테이너,1.8,하,새벽(00-06),0,0,0,0,0
2026-04-27,월,4,경부선,320.8,유류,8.2,하,오전(06-12),0,1,0,0,0
2026-12-26,토,12,전라선,276.4,컨테이너,12.6,하,야간(18-24),0,1,0,1,0
2026-07-04,토,7,부산신항선,11.3,기타,12.7,상,오후(12-18),0,0,1,0,0
2026-09-26,토,9,중앙선,193.9,컨테이너,12.9,상,야간(18-24),0,0,0,0,1
2026-11-16,월,11,중앙선,195.9,석탄,14.0,상,야간(18-24),0,0,0,0,0
2026-10-17,토,10,전라선,241.4,철강,5.8,상,새벽(00-06),0,0,0,0,1
2026-11-07,토,11,경부선,345.3,컨테이너,21.0,상,새벽(00-06),0,0,0,0,0
2026-07-15,수,7,호남선,190.1,컨테이너,10.8,하,오후(12-18),0,0,1,0,0
2026-01-16,금,1,중앙선,156.3,시멘트,13.8,하,오전(06-12),0,0,0,1,0
2026-06-29,월,6,경부선,375.0,석탄,8.1,상,새벽(00-06),0,0,1,0,1
2026-03-08,일,3,경부선,254.6,유류,13.9,상,새벽(00-06),0,0,0,0,1
2026-11-21,토,11,호남선,249.1,컨테이너,24.5,하,야간(18-24),1,0,0,0,1
2026-03-28,토,3,경부선,243.8,유류,6.1,상,야간(18-24),0,1,0,0,0
2026-03-25,수,3,전라선,211.9,광석,5.3,하,오전(06-12),0,0,0,0,0
2026-04-02,목,4,경부선,359.1,철강,6.8,하,오후(12-18),0,0,0,0,1
2026-08-23,일,8,경부선,320.2,컨테이너,10.0,하,새벽(00-06),0,1,1,0,0
2026-07-28,화,7,부산신항선,6.7,컨테이너,8.9,상,새벽(00-06),1,0,1,0,0
2026-12-13,일,12,경부선,337.3,기타,5.8,하,오전(06-12),0,0,0,1,0
2026-06-01,월,6,경부선,322.9,철강,11.7,하,새벽(00-06),1,0,1,0,0
2026-04-14,화,4,충북선,155.9,석탄,21.4,상,야간(18-24),0,0,0,0,0
2026-01-18,일,1,태백선,123.0,광석,11.1,하,새벽(00-06),0,0,0,1,0
2026-01-03,토,1,중앙선,192.1,컨테이너,11.4,상,오전(06-12),0,1,0,1,0
2026-05-17,일,5,경부선,296.9,철강,14.1,상,야간(18-24),0,1,0,0,0
2026-12-04,금,12,영동선,146.3,석탄,15.9,하,새벽(00-06),0,0,0,1,1
2026-07-11,토,7,전라선,222.2,유류,20.2,하,오후(12-18),0,1,1,0,0
2026-11-23,월,11,태백선,128.0,철강,13.4,상,오전(06-12),0,1,0,0,0
2026-02-07,토,2,장항선,168.8,시멘트,12.0,하,새벽(00-06),1,0,0,1,1
2026-02-04,수,2,전라선,282.7,컨테이너,6.1,하,새벽(00-06),0,1,0,1,0
2026-11-01,일,11,중앙선,135.9,광석,16.4,상,야간(18-24),0,0,0,0,0
2026-02-08,일,2,중앙선,205.9,철강,6.9,상,오전(06-12),0,0,0,1,0
2026-01-19,월,1,전라선,222.2,시멘트,6.7,상,새벽(00-06),0,0,0,1,0
2026-05-28,목,5,전라선,186.7,기타,13.2,상,오전(06-12),0,0,0,0,0
2026-12-04,금,12,호남선,187.7,컨테이너,21.2,상,야간(18-24),0,0,0,1,0
2026-09-09,수,9,충북선,169.2,시멘트,16.4,하,오후(12-18),0,0,0,0,0
2026-02-06,금,2,중앙선,163.0,기타,11.8,상,야간(18-24),1,1,0,1,0
2026-11-02,월,11,중앙선,202.4,석탄,6.1,하,야간(18-24),0,0,0,0,0
2026-11-04,수,11,충북선,204.5,유류,21.1,상,새벽(00-06),0,1,0,0,0
2026-10-20,화,10,중앙선,199.3,유류,11.7,상,새벽(00-06),0,0,0,0,0
2026-11-26,목,11,장항선,150.5,시멘트,10.3,하,오전(06-12),0,0,0,0,0
2026-03-29,일,3,충북선,140.1,컨테이너,15.3,상,오전(06-12),0,0,0,0,0
2026-12-24,목,12,경부선,308.8,유류,9.3,상,오전(06-12),0,0,0,1,0
2026-04-28,화,4,충북선,152.5,시멘트,7.5,상,오후(12-18),0,1,0,0,0
2026-10-20,화,10,충북선,165.1,시멘트,8.1,하,새벽(00-06),0,1,0,0,1
2026-07-31,금,7,부산신항선,11.5,시멘트,8.0,하,야간(18-24),0,0,1,0,0
2026-10-12,월,10,중앙선,253.9,컨테이너,5.2,하,오전(06-12),0,1,0,0,0
2026-08-18,화,8,충북선,161.2,컨테이너,4.6,하,오후(12-18),0,0,1,0,0
2026-08-23,일,8,중앙선,153.0,석탄,17.8,하,오전(06-12),0,0,1,0,0
2026-08-13,목,8,충북선,190.1,철강,16.0,하,오후(12-18),1,1,1,0,0
2026-10-12,월,10,경부선,370.7,시멘트,7.1,하,야간(18-24),0,1,0,0,0
2026-09-27,일,9,부산신항선,11.3,컨테이너,17.3,상,새벽(00-06),0,0,0,0,1
2026-02-19,목,2,부산신항선,9.9,시멘트,13.9,하,오전(06-12),0,0,0,1,0
2026-10-29,목,10,충북선,176.9,철강,10.1,하,오후(12-18),1,0,0,0,0
2026-07-15,수,7,충북선,156.0,컨테이너,4.6,하,야간(18-24),0,1,1,0,0
2026-04-28,화,4,경부선,238.0,시멘트,14.0,상,오후(12-18),0,0,0,0,0
2026-07-07,화,7,충북선,175.4,석탄,23.2,상,새벽(00-06),0,0,1,0,0
2026-12-19,토,12,중앙선,224.5,시멘트,12.1,상,오후(12-18),1,0,0,1,0
2026-11-10,화,11,전라선,272.6,시멘트,18.0,상,오후(12-18),0,0,0,0,0
2026-11-01,일,11,경부선,291.0,유류,10.7,하,새벽(00-06),0,0,0,0,1
2026-06-18,목,6,전라선,236.2,컨테이너,17.5,상,오후(12-18),0,0,1,0,0
2026-10-14,수,10,경부선,330.1,컨테이너,11.1,상,오전(06-12),0,0,0,0,0
2026-05-21,목,5,전라선,232.0,컨테이너,1.0,상,새벽(00-06),0,0,0,0,0
2026-09-08,화,9,충북선,164.2,철강,7.7,하,새벽(00-06),0,0,0,0,0
2026-08-22,토,8,경부선,321.7,광석,12.8,상,야간(18-24),0,1,1,0,0
2026-04-02,목,4,중앙선,200.7,석탄,18.5,하,새벽(00-06),0,1,0,0,1
2026-04-08,수,4,태백선,150.3,기타,11.1,하,새벽(00-06),0,1,0,0,0
2026-01-23,금,1,충북선,191.8,석탄,12.2,하,오후(12-18),0,0,0,1,0
2026-02-21,토,2,경부선,289.9,컨테이너,8.5,상,새벽(00-06),0,0,0,1,0
2026-06-08,월,6,중앙선,187.3,컨테이너,21.4,상,새벽(00-06),0,0,1,0,0
2026-06-24,수,6,중앙선,178.5,석탄,21.0,하,야간(18-24),0,0,1,0,0
2026-03-02,월,3,충북선,147.2,석탄,7.9,하,오후(12-18),0,0,0,0,0
2026-06-02,화,6,충북선,120.9,시멘트,2.9,하,새벽(00-06),0,1,1,0,0
2026-08-09,일,8,경부선,321.2,시멘트,1.2,하,새벽(00-06),0,1,1,0,0
2026-03-26,목,3,충북선,173.3,시멘트,15.6,상,새벽(00-06),0,1,0,0,0
2026-05-04,월,5,전라선,224.7,시멘트,12.8,하,오후(12-18),0,0,0,0,0
2026-05-15,금,5,장항선,179.4,석탄,7.3,상,오전(06-12),0,0,0,0,1
2026-07-04,토,7,경부선,336.9,철강,13.6,하,새벽(00-06),0,1,1,0,0
2026-05-14,목,5,중앙선,242.7,유류,4.6,하,야간(18-24),0,0,0,0,0
2026-09-26,토,9,중앙선,178.6,컨테이너,16.8,상,오후(12-18),1,0,0,0,1
2026-04-30,목,4,경부선,273.3,유류,9.7,상,야간(18-24),0,0,0,0,0
2026-06-08,월,6,중앙선,190.1,컨테이너,5.5,하,오후(12-18),0,0,1,0,0
2026-05-19,화,5,경부선,395.5,컨테이너,9.8,상,야간(18-24),0,0,0,0,0
2026-03-08,일,3,경부선,273.8,철강,9.6,하,오전(06-12),0,1,0,0,0
2026-09-08,화,9,전라선,248.9,기타,14.2,상,새벽(00-06),0,1,0,0,1
2026-03-27,금,3,경부선,366.5,광석,19.0,상,새벽(00-06),0,0,0,0,0
2026-04-19,일,4,전라선,158.4,컨테이너,18.7,상,새벽(00-06),0,0,0,0,0
2026-10-17,토,10,경부선,336.6,컨테이너,13.0,상,야간(18-24),0,0,0,0,1
2026-12-13,일,12,충북선,176.4,철강,10.9,하,오후(12-18),0,0,0,1,1
2026-09-02,수,9,중앙선,183.9,철강,8.6,상,새벽(00-06),0,0,0,0,0
2026-12-01,화,12,장항선,166.7,시멘트,1.4,상,새벽(00-06),0,0,0,1,1
2026-11-08,일,11,장항선,167.8,컨테이너,11.9,상,오후(12-18),0,1,0,0,0
2026-06-25,목,6,중앙선,181.8,시멘트,6.9,상,오전(06-12),0,0,1,0,0
2026-10-09,금,10,충북선,153.7,컨테이너,19.3,상,야간(18-24),1,0,0,0,0
2026-04-30,목,4,경부선,300.6,컨테이너,10.8,하,야간(18-24),0,0,0,0,0
2026-06-18,목,6,충북선,152.7,석탄,16.5,상,야간(18-24),0,1,1,0,0
2026-07-15,수,7,경부선,367.8,컨테이너,9.1,하,새벽(00-06),0,0,1,0,0
2026-12-17,목,12,중앙선,150.8,철강,7.9,하,오후(12-18),0,0,0,1,1
2026-11-06,금,11,경부선,250.2,석탄,15.6,상,오후(12-18),0,1,0,0,0
2026-06-28,일,6,부산신항선,14.2,시멘트,13.7,상,야간(18-24),0,0,1,0,0
2026-08-27,목,8,중앙선,186.6,시멘트,13.9,상,새벽(00-06),1,0,1,0,1
2026-03-15,일,3,충북선,151.6,광석,11.4,하,오후(12-18),0,0,0,0,0
2026-10-21,수,10,중앙선,189.4,시멘트,16.7,상,오후(12-18),0,0,0,0,1
2026-07-21,화,7,경부선,328.6,유류,15.9,상,오전(06-12),0,0,1,0,0
2026-07-14,화,7,경부선,299.2,시멘트,1.0,상,새벽(00-06),1,0,1,0,1
2026-10-07,수,10,부산신항선,12.1,시멘트,10.5,상,새벽(00-06),0,1,0,0,0
2026-08-20,목,8,장항선,160.4,기타,18.1,상,야간(18-24),0,1,1,0,0
2026-01-27,화,1,경부선,308.1,컨테이너,5.9,하,새벽(00-06),0,0,0,1,0
2026-04-16,목,4,장항선,135.3,컨테이너,1.8,하,오전(06-12),0,1,0,0,1
2026-03-06,금,3,중앙선,234.3,광석,11.2,상,오전(06-12),1,0,0,0,0
2026-09-26,토,9,경부선,313.2,시멘트,15.1,상,오전(06-12),1,1,0,0,0
2026-01-13,화,1,충북선,178.1,컨테이너,9.2,상,오후(12-18),0,0,0,1,0
2026-03-15,일,3,경부선,339.3,기타,19.8,하,오전(06-12),0,1,0,0,0
2026-08-07,금,8,경부선,342.2,컨테이너,23.1,상,오전(06-12),0,0,1,0,0
2026-09-11,금,9,전라선,229.2,석탄,1.0,상,새벽(00-06),0,1,0,0,0
2026-07-03,금,7,경부선,335.7,철강,9.7,하,오전(06-12),0,1,1,0,0
2026-11-11,수,11,부산신항선,7.7,철강,1.0,상,오후(12-18),0,1,0,0,0
2026-12-02,수,12,전라선,194.3,시멘트,16.0,상,야간(18-24),0,0,0,1,0
2026-02-18,수,2,태백선,133.5,컨테이너,7.9,하,새벽(00-06),0,1,0,1,1
2026-12-14,월,12,충북선,144.3,유류,9.1,하,오전(06-12),0,0,0,1,0
2026-08-13,목,8,태백선,164.0,철강,18.9,하,새벽(00-06),0,0,1,0,1
2026-08-21,금,8,중앙선,206.4,컨테이너,4.0,하,새벽(00-06),0,0,1,0,1
2026-02-04,수,2,충북선,143.4,시멘트,2.5,하,오전(06-12),0,1,0,1,0
2026-08-15,토,8,충북선,154.5,시멘트,1.0,하,야간(18-24),1,0,1,0,0
2026-09-22,화,9,부산신항선,11.0,컨테이너,19.6,상,오전(06-12),0,1,0,0,0
2026-07-31,금,7,경부선,317.5,유류,18.2,상,새벽(00-06),0,0,1,0,0
2026-01-31,토,1,충북선,168.1,광석,10.2,하,야간(18-24),0,0,0,1,0
2026-07-10,금,7,장항선,181.0,컨테이너,4.3,상,오후(12-18),0,0,1,0,0
2026-12-08,화,12,중앙선,144.6,광석,17.0,하,오전(06-12),0,1,0,1,1
2026-09-22,화,9,태백선,92.5,철강,25.0,하,오후(12-18),0,0,0,0,0
2026-02-20,금,2,중앙선,180.2,철강,10.6,상,오후(12-18),0,0,0,1,0
2026-12-17,목,12,경부선,342.6,기타,4.8,상,야간(18-24),0,0,0,1,0
2026-12-16,수,12,충북선,152.2,컨테이너,19.5,상,새벽(00-06),0,1,0,1,0
2026-03-03,화,3,중앙선,236.6,광석,5.2,하,오전(06-12),0,1,0,0,0
2026-10-20,화,10,경부선,318.3,컨테이너,9.8,상,오후(12-18),1,0,0,0,0
2026-05-29,금,5,경부선,374.5,시멘트,1.0,상,야간(18-24),0,0,0,0,0
2026-08-05,수,8,경부선,366.3,시멘트,10.2,하,오후(12-18),0,1,1,0,0
2026-06-12,금,6,장항선,200.6,컨테이너,4.3,상,새벽(00-06),0,0,1,0,0
2026-10-13,화,10,부산신항선,7.0,철강,19.6,하,야간(18-24),1,1,0,0,0
2026-12-30,수,12,충북선,161.7,시멘트,6.1,하,오전(06-12),1,0,0,1,0
2026-10-18,일,10,경부선,369.1,시멘트,16.7,상,오전(06-12),0,0,0,0,1
2026-12-06,일,12,충북선,168.1,시멘트,11.4,하,새벽(00-06),0,0,0,1,0
2026-12-12,토,12,태백선,146.6,컨테이너,12.8,하,야간(18-24),0,0,0,1,1
2026-02-02,월,2,장항선,151.8,컨테이너,15.1,하,오전(06-12),0,1,0,1,0
2026-04-03,금,4,경부선,397.0,컨테이너,11.7,하,야간(18-24),0,0,0,0,0
2026-09-21,월,9,경부선,288.5,기타,8.1,상,오전(06-12),0,0,0,0,0
2026-08-04,화,8,부산신항선,5.0,철강,7.1,하,새벽(00-06),0,0,1,0,0
2026-01-19,월,1,태백선,128.5,시멘트,15.1,하,야간(18-24),0,1,0,1,0
2026-02-04,수,2,경부선,222.3,석탄,1.0,상,새벽(00-06),0,0,0,1,0
2026-07-09,목,7,태백선,113.8,석탄,22.1,하,새벽(00-06),0,0,1,0,0
2026-08-13,목,8,경부선,422.5,컨테이너,12.8,상,야간(18-24),0,0,1,0,0
2026-03-03,화,3,경부선,305.0,컨테이너,10.0,하,야간(18-24),0,0,0,0,1
2026-03-04,수,3,장항선,151.0,시멘트,13.6,하,야간(18-24),0,1,0,0,0
2026-02-17,화,2,충북선,161.9,컨테이너,8.4,하,새벽(00-06),0,1,0,1,0
2026-07-26,일,7,중앙선,161.9,유류,10.9,하,오후(12-18),0,0,1,0,0
2026-01-03,토,1,부산신항선,13.2,컨테이너,5.2,하,오후(12-18),0,0,0,1,0
2026-07-28,화,7,태백선,117.7,시멘트,14.3,상,오전(06-12),0,0,1,0,1
2026-06-23,화,6,경부선,331.0,시멘트,11.5,하,오전(06-12),0,0,1,0,0
2026-06-20,토,6,충북선,132.6,철강,13.1,상,오전(06-12),0,0,1,0,0
2026-09-05,토,9,장항선,231.6,기타,20.9,상,오전(06-12),0,1,0,0,0
2026-07-10,금,7,충북선,173.9,시멘트,7.2,하,오전(06-12),0,0,1,0,1
2026-09-23,수,9,영동선,107.6,컨테이너,11.2,하,새벽(00-06),0,1,0,0,0
2026-10-06,화,10,전라선,220.6,석탄,2.1,상,야간(18-24),0,0,0,0,0
2026-12-02,수,12,경부선,298.1,컨테이너,15.3,하,야간(18-24),0,0,0,1,0
2026-10-19,월,10,경부선,289.8,컨테이너,11.9,하,오전(06-12),0,0,0,0,0
2026-07-08,수,7,태백선,119.7,석탄,12.1,하,야간(18-24),0,0,1,0,0
2026-06-29,월,6,영동선,135.0,컨테이너,11.1,하,야간(18-24),0,1,1,0,0
2026-03-28,토,3,경부선,298.1,컨테이너,8.5,하,야간(18-24),0,0,0,0,1
2026-08-07,금,8,경부선,235.0,시멘트,25.0,하,야간(18-24),0,0,1,0,1
2026-02-20,금,2,장항선,156.3,시멘트,12.2,상,오전(06-12),0,0,0,1,0
2026-12-06,일,12,경부선,357.3,광석,13.8,상,야간(18-24),0,0,0,1,0
2026-11-05,목,11,경부선,310.1,컨테이너,5.2,하,새벽(00-06),0,0,0,0,0
2026-02-13,금,2,부산신항선,10.2,시멘트,17.3,상,야간(18-24),0,0,0,1,1
2026-10-14,수,10,장항선,203.0,석탄,11.3,상,오후(12-18),0,0,0,0,0
2026-02-12,목,2,부산신항선,8.3,유류,14.7,하,오후(12-18),1,1,0,1,0
2026-09-21,월,9,전라선,248.4,시멘트,17.4,상,오전(06-12),0,0,0,0,0
2026-02-02,월,2,중앙선,169.9,석탄,11.4,하,새벽(00-06),0,0,0,1,0
2026-06-28,일,6,부산신항선,12.3,석탄,7.9,하,새벽(00-06),0,0,1,0,0
2026-08-29,토,8,중앙선,179.6,컨테이너,1.0,상,새벽(00-06),0,0,1,0,0
2026-09-24,목,9,경부선,310.5,컨테이너,9.7,하,오전(06-12),0,1,0,0,0
2026-06-02,화,6,부산신항선,13.1,석탄,7.9,하,새벽(00-06),0,0,1,0,0
2026-12-03,목,12,전라선,251.8,컨테이너,5.1,상,야간(18-24),0,1,0,1,0
2026-10-10,토,10,부산신항선,10.1,컨테이너,20.7,상,야간(18-24),0,0,0,0,0
2026-03-18,수,3,경부선,301.3,시멘트,17.9,상,오전(06-12),0,0,0,0,0
2026-09-02,수,9,호남선,248.2,컨테이너,1.0,하,야간(18-24),0,0,0,0,0
2026-09-24,목,9,충북선,176.0,컨테이너,12.9,하,오후(12-18),0,1,0,0,0
2026-05-02,토,5,전라선,217.7,시멘트,7.1,상,야간(18-24),0,1,0,0,0
2026-09-27,일,9,부산신항선,8.6,유류,14.2,상,오후(12-18),0,1,0,0,0
2026-11-24,화,11,중앙선,229.2,철강,7.2,상,오후(12-18),1,0,0,0,0
2026-10-26,월,10,전라선,232.9,컨테이너,8.8,상,새벽(00-06),0,0,0,0,0
2026-10-06,화,10,충북선,157.2,컨테이너,17.8,상,야간(18-24),0,0,0,0,0
2026-08-20,목,8,장항선,181.9,기타,16.9,하,야간(18-24),0,0,1,0,0
2026-04-09,목,4,부산신항선,11.6,석탄,21.1,하,새벽(00-06),0,1,0,0,0
2026-10-18,일,10,전라선,227.7,석탄,10.7,하,새벽(00-06),0,0,0,0,0
2026-05-13,수,5,경부선,368.3,컨테이너,3.3,상,야간(18-24),0,0,0,0,0
2026-07-14,화,7,경부선,370.6,컨테이너,17.5,하,야간(18-24),0,0,1,0,0
2026-04-25,토,4,호남선,221.5,컨테이너,17.6,하,오후(12-18),0,0,0,0,0
2026-04-25,토,4,영동선,130.4,유류,15.8,하,새벽(00-06),0,0,0,0,0
2026-02-27,금,2,영동선,109.9,광석,7.5,하,오전(06-12),0,0,0,1,0
2026-12-17,목,12,경부선,347.8,컨테이너,5.6,상,새벽(00-06),0,1,0,1,0
2026-02-23,월,2,중앙선,228.5,철강,15.2,하,야간(18-24),1,0,0,1,1
2026-02-01,일,2,장항선,200.0,유류,6.7,하,새벽(00-06),0,0,0,1,0
2026-12-08,화,12,장항선,197.9,유류,10.2,하,오전(06-12),0,0,0,1,0
2026-07-22,수,7,경부선,345.4,시멘트,25.0,상,오후(12-18),0,1,1,0,0
2026-06-09,화,6,충북선,210.2,컨테이너,24.8,상,오후(12-18),0,0,1,0,0
2026-09-27,일,9,경부선,298.6,기타,16.8,상,야간(18-24),0,0,0,0,1
2026-05-20,수,5,중앙선,187.9,컨테이너,8.0,하,오전(06-12),0,0,0,0,0
2026-02-16,월,2,경부선,311.6,컨테이너,7.7,상,새벽(00-06),0,0,0,1,0
2026-09-24,목,9,경부선,305.5,컨테이너,16.3,상,새벽(00-06),0,0,0,0,0
2026-03-06,금,3,경부선,240.6,시멘트,21.0,하,오후(12-18),0,0,0,0,0
2026-07-21,화,7,부산신항선,14.7,컨테이너,8.9,하,새벽(00-06),1,1,1,0,0
2026-12-13,일,12,장항선,159.1,시멘트,9.3,상,오후(12-18),0,0,0,1,0
2026-12-08,화,12,호남선,212.4,광석,12.5,상,오전(06-12),1,0,0,1,0
2026-05-12,화,5,중앙선,143.5,시멘트,3.7,하,오전(06-12),0,1,0,0,0
2026-10-12,월,10,중앙선,215.0,기타,3.8,하,새벽(00-06),0,1,0,0,0
2026-08-12,수,8,중앙선,165.8,광석,4.9,하,야간(18-24),1,0,1,0,1
2026-06-24,수,6,충북선,132.9,철강,15.3,하,오후(12-18),0,0,1,0,0
2026-02-21,토,2,중앙선,200.1,시멘트,13.6,하,오전(06-12),0,0,0,1,0
2026-05-18,월,5,장항선,165.6,유류,18.8,하,오전(06-12),0,1,0,0,0
2026-08-26,수,8,장항선,168.1,시멘트,1.6,상,오전(06-12),0,0,1,0,0
2026-12-27,일,12,부산신항선,11.1,컨테이너,2.9,하,오전(06-12),0,1,0,1,0
2026-01-02,금,1,경부선,352.2,광석,14.7,상,야간(18-24),0,1,0,1,0
2026-09-19,토,9,충북선,140.8,시멘트,6.8,상,오전(06-12),0,1,0,0,0
2026-11-05,목,11,경부선,280.6,광석,7.2,상,새벽(00-06),0,0,0,0,0
2026-12-14,월,12,경부선,321.1,시멘트,18.1,상,야간(18-24),0,0,0,1,0
2026-06-04,목,6,전라선,245.6,컨테이너,8.7,하,오후(12-18),0,1,1,0,0
2026-02-13,금,2,충북선,197.9,철강,9.4,상,새벽(00-06),0,1,0,1,1
2026-04-09,목,4,전라선,197.3,석탄,10.5,하,새벽(00-06),0,1,0,0,0
2026-11-07,토,11,경부선,307.5,시멘트,10.9,하,오전(06-12),0,0,0,0,0
2026-11-17,화,11,영동선,127.4,유류,16.1,하,오후(12-18),0,1,0,0,0
2026-08-21,금,8,영동선,139.4,시멘트,4.7,상,야간(18-24),0,0,1,0,0
2026-02-14,토,2,중앙선,158.5,컨테이너,10.9,하,새벽(00-06),1,0,0,1,0
2026-02-14,토,2,태백선,120.7,석탄,19.0,상,오전(06-12),0,0,0,1,1
2026-06-24,수,6,경부선,335.4,컨테이너,24.8,하,새벽(00-06),0,1,1,0,1
2026-08-03,월,8,전라선,212.1,시멘트,3.9,상,오전(06-12),0,0,1,0,1
2026-01-12,월,1,부산신항선,8.3,컨테이너,14.0,상,야간(18-24),0,0,0,1,0
2026-09-08,화,9,태백선,140.4,컨테이너,10.9,하,새벽(00-06),0,0,0,0,0
2026-07-18,토,7,장항선,210.6,기타,11.4,하,야간(18-24),0,1,1,0,0
2026-01-05,월,1,중앙선,147.5,컨테이너,7.3,하,새벽(00-06),1,1,0,1,0
2026-02-04,수,2,태백선,165.5,철강,16.5,상,야간(18-24),1,1,0,1,1
2026-06-15,월,6,전라선,212.2,석탄,16.2,하,오후(12-18),0,0,1,0,1
2026-09-21,월,9,경부선,334.0,컨테이너,25.0,상,오전(06-12),0,0,0,0,0
2026-10-29,목,10,경부선,383.8,광석,4.1,상,야간(18-24),0,0,0,0,0
2026-06-07,일,6,장항선,186.1,컨테이너,1.5,상,오후(12-18),1,0,1,0,0
2026-04-18,토,4,충북선,153.9,시멘트,24.3,하,야간(18-24),0,0,0,0,0
2026-12-20,일,12,충북선,179.3,철강,11.7,하,오후(12-18),0,0,0,1,1
2026-06-17,수,6,부산신항선,10.1,철강,9.3,상,오후(12-18),0,0,1,0,0
2026-04-26,일,4,전라선,245.0,컨테이너,13.1,하,새벽(00-06),0,1,0,0,0
2026-06-11,목,6,중앙선,186.1,유류,3.6,하,오후(12-18),1,0,1,0,0
2026-01-05,월,1,중앙선,223.4,기타,14.3,상,야간(18-24),0,0,0,1,1
2026-04-21,화,4,충북선,126.4,시멘트,11.5,하,오후(12-18),0,0,0,0,0
2026-07-08,수,7,장항선,159.3,석탄,18.4,상,야간(18-24),0,0,1,0,0
2026-12-02,수,12,충북선,126.1,시멘트,17.1,상,야간(18-24),0,0,0,1,0
2026-09-27,일,9,충북선,159.9,시멘트,17.6,상,새벽(00-06),0,1,0,0,0
2026-10-13,화,10,전라선,183.5,시멘트,13.1,하,오후(12-18),0,0,0,0,0
2026-07-18,토,7,전라선,208.6,컨테이너,21.6,상,야간(18-24),0,0,1,0,0
2026-02-10,화,2,태백선,113.3,석탄,15.5,상,새벽(00-06),0,1,0,1,0
2026-05-23,토,5,경부선,379.4,컨테이너,8.8,상,새벽(00-06),0,0,0,0,0
2026-12-30,수,12,장항선,159.8,컨테이너,7.1,상,새벽(00-06),0,1,0,1,0
2026-01-17,토,1,충북선,129.1,시멘트,7.8,하,야간(18-24),0,0,0,1,0
2026-11-17,화,11,경부선,330.1,컨테이너,15.5,상,야간(18-24),0,1,0,0,0
2026-09-07,월,9,전라선,280.0,시멘트,4.0,하,야간(18-24),0,0,0,0,0
2026-04-14,화,4,전라선,225.9,시멘트,12.9,상,오전(06-12),0,0,0,0,0
2026-10-11,일,10,충북선,160.3,컨테이너,7.0,상,오후(12-18),0,0,0,0,1
2026-11-02,월,11,장항선,205.4,컨테이너,4.5,상,새벽(00-06),0,0,0,0,1
2026-01-16,금,1,중앙선,224.0,컨테이너,5.5,하,야간(18-24),0,0,0,1,1
2026-02-08,일,2,경부선,337.2,시멘트,11.9,상,야간(18-24),0,1,0,1,1
2026-08-31,월,8,중앙선,172.9,컨테이너,16.6,하,오후(12-18),0,0,1,0,0
2026-12-31,목,12,중앙선,209.3,철강,7.9,하,새벽(00-06),0,0,0,1,0
2026-01-09,금,1,전라선,188.6,석탄,1.0,하,야간(18-24),0,0,0,1,0
2026-08-31,월,8,태백선,123.0,시멘트,25.0,하,야간(18-24),0,0,1,0,0
2026-02-19,목,2,전라선,272.3,컨테이너,18.7,하,야간(18-24),0,0,0,1,1
2026-08-26,수,8,경부선,372.3,컨테이너,17.6,하,오전(06-12),0,0,1,0,0
2026-08-16,일,8,중앙선,208.6,컨테이너,21.8,상,오전(06-12),0,0,1,0,1
2026-02-03,화,2,경부선,243.0,컨테이너,12.6,상,오전(06-12),0,0,0,1,0
2026-09-06,일,9,전라선,193.2,기타,11.2,상,오전(06-12),0,0,0,0,0
2026-11-24,화,11,경부선,293.0,컨테이너,20.1,하,야간(18-24),0,0,0,0,0
2026-11-12,목,11,충북선,157.0,컨테이너,20.1,상,새벽(00-06),0,0,0,0,0
2026-01-11,일,1,장항선,154.6,유류,15.7,하,오후(12-18),0,0,0,1,1
2026-03-31,화,3,전라선,222.0,광석,17.3,하,야간(18-24),0,1,0,0,0
2026-03-29,일,3,중앙선,255.2,시멘트,4.6,상,새벽(00-06),1,0,0,0,0
2026-06-15,월,6,중앙선,207.3,시멘트,10.5,상,오전(06-12),0,0,1,0,0
2026-02-22,일,2,전라선,236.0,컨테이너,22.2,하,야간(18-24),0,0,0,1,0
2026-11-08,일,11,충북선,135.9,철강,16.8,하,오전(06-12),0,0,0,0,1
2026-10-11,일,10,경부선,254.6,시멘트,3.2,하,오전(06-12),0,0,0,0,0
2026-10-23,금,10,부산신항선,6.9,시멘트,8.8,하,야간(18-24),0,1,0,0,0
2026-03-14,토,3,충북선,119.3,컨테이너,21.2,하,새벽(00-06),0,0,0,0,0
2026-01-06,화,1,중앙선,195.9,시멘트,14.7,하,오후(12-18),0,0,0,1,0
2026-11-29,일,11,경부선,335.6,철강,13.1,상,야간(18-24),0,0,0,0,0
2026-04-16,목,4,중앙선,159.5,컨테이너,13.3,상,새벽(00-06),1,1,0,0,1
2026-08-28,금,8,중앙선,198.5,시멘트,11.5,상,새벽(00-06),0,0,1,0,0
2026-11-28,토,11,경부선,379.0,컨테이너,8.9,상,새벽(00-06),0,0,0,0,0
2026-01-14,수,1,충북선,210.2,철강,7.0,상,오후(12-18),0,1,0,1,0
2026-01-02,금,1,중앙선,220.3,컨테이너,18.1,상,오전(06-12),0,0,0,1,1
2026-01-02,금,1,부산신항선,10.1,광석,13.4,하,오전(06-12),0,0,0,1,0
2026-02-27,금,2,호남선,226.7,시멘트,16.2,하,오후(12-18),0,1,0,1,0
2026-01-19,월,1,경부선,374.3,시멘트,15.3,하,오전(06-12),0,0,0,1,0
2026-10-27,화,10,경부선,239.9,시멘트,20.5,하,오후(12-18),1,1,0,0,1
2026-08-10,월,8,장항선,209.2,시멘트,14.7,상,야간(18-24),0,0,1,0,0
2026-12-24,목,12,영동선,101.6,컨테이너,16.9,상,오전(06-12),0,0,0,1,0
2026-10-20,화,10,태백선,124.8,시멘트,13.0,상,야간(18-24),0,0,0,0,0
2026-12-18,금,12,경부선,306.0,컨테이너,6.3,상,오전(06-12),0,0,0,1,0
2026-03-29,일,3,경부선,333.0,시멘트,10.6,상,오전(06-12),0,0,0,0,1
2026-04-16,목,4,경부선,275.7,유류,15.5,상,새벽(00-06),0,0,0,0,0
2026-11-07,토,11,태백선,129.8,컨테이너,16.1,하,오후(12-18),1,0,0,0,1
2026-03-31,화,3,충북선,174.4,유류,20.7,상,오후(12-18),0,1,0,0,0
2026-01-21,수,1,충북선,166.8,유류,9.2,상,야간(18-24),0,1,0,1,0
2026-09-02,수,9,충북선,170.8,석탄,13.4,상,오전(06-12),0,0,0,0,0
2026-10-20,화,10,경부선,307.2,컨테이너,11.2,상,야간(18-24),0,0,0,0,0
2026-12-20,일,12,충북선,178.6,시멘트,21.7,하,새벽(00-06),0,1,0,1,1
2026-12-05,토,12,경부선,362.5,유류,14.3,하,오후(12-18),0,1,0,1,0
2026-02-13,금,2,전라선,259.3,시멘트,14.4,하,오전(06-12),0,1,0,1,0
2026-10-09,금,10,전라선,242.2,컨테이너,11.8,상,새벽(00-06),0,0,0,0,0
2026-11-05,목,11,전라선,257.6,컨테이너,10.6,하,오전(06-12),0,0,0,0,0
2026-09-12,토,9,중앙선,223.8,시멘트,3.3,하,새벽(00-06),1,0,0,0,1
2026-10-27,화,10,태백선,189.0,컨테이너,4.4,하,새벽(00-06),0,0,0,0,0
2026-11-02,월,11,전라선,265.9,컨테이너,13.1,상,오전(06-12),0,0,0,0,0
2026-06-12,금,6,경부선,316.7,석탄,12.3,하,야간(18-24),0,0,1,0,0
2026-01-15,목,1,경부선,283.7,시멘트,13.1,하,야간(18-24),0,1,0,1,1
2026-06-16,화,6,충북선,154.8,컨테이너,17.6,하,야간(18-24),0,0,1,0,0
2026-03-15,일,3,경부선,306.9,광석,12.6,하,새벽(00-06),0,0,0,0,1
2026-02-11,수,2,경부선,340.7,컨테이너,9.9,하,새벽(00-06),0,0,0,1,1
2026-02-15,일,2,경부선,292.2,컨테이너,10.7,상,새벽(00-06),0,0,0,1,0
2026-09-12,토,9,경부선,367.9,컨테이너,13.5,하,오후(12-18),0,0,0,0,0
2026-07-04,토,7,중앙선,144.7,컨테이너,9.7,상,야간(18-24),0,0,1,0,0
2026-07-17,금,7,충북선,120.5,시멘트,18.4,상,오전(06-12),0,0,1,0,0
2026-09-29,화,9,경부선,314.8,컨테이너,11.9,하,오후(12-18),0,0,0,0,0
2026-07-20,월,7,전라선,204.1,유류,13.5,상,새벽(00-06),0,0,1,0,0
2026-08-18,화,8,경부선,269.9,유류,7.1,하,오후(12-18),0,1,1,0,0
2026-02-01,일,2,중앙선,171.0,컨테이너,18.4,상,야간(18-24),1,0,0,1,0
2026-11-07,토,11,경부선,289.7,철강,20.6,상,오후(12-18),0,0,0,0,0
2026-06-13,토,6,장항선,179.8,시멘트,3.8,상,오후(12-18),0,1,1,0,0
2026-02-26,목,2,호남선,192.7,유류,14.4,하,오전(06-12),0,0,0,1,0
2026-10-24,토,10,중앙선,174.4,컨테이너,11.4,하,오전(06-12),0,0,0,0,0
2026-09-26,토,9,경부선,320.0,석탄,13.7,상,오전(06-12),0,0,0,0,1
2026-01-20,화,1,경부선,360.8,컨테이너,14.7,상,야간(18-24),0,0,0,1,0
2026-03-12,목,3,경부선,379.0,컨테이너,1.0,하,오후(12-18),0,0,0,0,0
2026-01-06,화,1,태백선,138.5,유류,16.6,하,새벽(00-06),0,0,0,1,0
2026-04-09,목,4,경부선,329.2,컨테이너,18.7,하,오전(06-12),0,0,0,0,0
2026-02-06,금,2,영동선,107.1,시멘트,19.3,하,새벽(00-06),0,0,0,1,0
2026-09-17,목,9,충북선,173.3,컨테이너,6.3,상,새벽(00-06),0,0,0,0,0
2026-07-10,금,7,충북선,171.1,유류,11.8,하,새벽(00-06),0,0,1,0,0
2026-12-24,목,12,태백선,162.0,시멘트,8.8,하,야간(18-24),0,1,0,1,0
2026-10-01,목,10,경부선,244.7,컨테이너,1.0,하,새벽(00-06),1,1,0,0,0
2026-08-12,수,8,장항선,174.9,시멘트,8.3,상,야간(18-24),0,0,1,0,0
2026-07-05,일,7,경부선,333.8,컨테이너,5.5,하,오전(06-12),0,0,1,0,1
2026-01-20,화,1,태백선,135.0,컨테이너,14.0,하,오전(06-12),0,0,0,1,0
2026-01-26,월,1,충북선,137.8,석탄,2.2,상,야간(18-24),0,0,0,1,0
2026-08-13,목,8,경부선,268.2,기타,6.1,상,새벽(00-06),0,0,1,0,0
2026-01-02,금,1,태백선,151.6,철강,8.9,상,야간(18-24),0,1,0,1,0
2026-01-16,금,1,경부선,289.9,컨테이너,16.6,하,오후(12-18),1,0,0,1,0
2026-03-21,토,3,경부선,250.0,컨테이너,25.0,하,새벽(00-06),0,0,0,0,0
2026-11-19,목,11,장항선,196.7,철강,13.8,하,야간(18-24),1,1,0,0,1
2026-06-17,수,6,중앙선,209.4,컨테이너,5.8,하,새벽(00-06),0,0,1,0,0
2026-09-16,수,9,부산신항선,10.3,철강,7.9,하,새벽(00-06),0,0,0,0,0
2026-05-31,일,5,충북선,138.4,시멘트,15.9,상,야간(18-24),0,0,0,0,0
2026-03-05,목,3,충북선,158.5,유류,3.9,상,오전(06-12),0,0,0,0,0
2026-05-16,토,5,중앙선,235.8,시멘트,18.6,하,오후(12-18),0,0,0,0,0
2026-02-03,화,2,경부선,255.6,광석,13.6,상,새벽(00-06),0,0,0,1,1
2026-10-09,금,10,호남선,169.1,시멘트,11.2,상,야간(18-24),0,0,0,0,0
2026-03-08,일,3,경부선,295.1,철강,1.9,하,오전(06-12),0,1,0,0,0
2026-05-18,월,5,충북선,160.6,컨테이너,17.5,상,새벽(00-06),0,0,0,0,0
2026-12-24,목,12,경부선,300.3,시멘트,7.4,상,야간(18-24),0,0,0,1,0
2026-08-05,수,8,경부선,345.9,컨테이너,12.9,하,오후(12-18),0,1,1,0,0
2026-06-17,수,6,충북선,188.5,컨테이너,11.1,하,야간(18-24),0,0,1,0,0
2026-07-18,토,7,장항선,185.2,시멘트,2.5,상,오전(06-12),0,0,1,0,0
2026-10-14,수,10,장항선,190.8,컨테이너,10.6,하,오후(12-18),0,0,0,0,0
2026-04-03,금,4,태백선,140.9,기타,4.7,상,새벽(00-06),0,0,0,0,0
2026-08-21,금,8,중앙선,193.6,철강,8.1,하,오전(06-12),0,0,1,0,0
2026-11-15,일,11,중앙선,148.0,철강,14.6,하,오전(06-12),1,1,0,0,0
2026-07-28,화,7,경부선,279.1,시멘트,16.2,상,오전(06-12),1,1,1,0,0
2026-06-12,금,6,장항선,152.6,컨테이너,11.9,상,새벽(00-06),0,1,1,0,0
2026-02-22,일,2,중앙선,188.1,컨테이너,6.7,상,야간(18-24),0,0,0,1,1
2026-04-01,수,4,충북선,167.1,컨테이너,8.1,상,새벽(00-06),1,1,0,0,0
2026-12-12,토,12,경부선,262.2,시멘트,8.0,상,오전(06-12),0,0,0,1,0
2026-07-17,금,7,태백선,137.0,유류,1.0,상,오후(12-18),0,1,1,0,0
2026-04-20,월,4,태백선,118.0,컨테이너,12.4,하,새벽(00-06),0,0,0,0,0
2026-06-02,화,6,부산신항선,7.4,컨테이너,2.0,하,오전(06-12),0,0,1,0,0
2026-07-30,목,7,경부선,295.2,컨테이너,12.5,상,새벽(00-06),1,1,1,0,1
2026-07-16,목,7,영동선,93.0,시멘트,3.2,하,새벽(00-06),0,0,1,0,0
2026-09-13,일,9,경부선,344.5,컨테이너,4.8,하,야간(18-24),0,0,0,0,0
2026-04-04,토,4,중앙선,187.4,시멘트,16.0,하,오전(06-12),0,0,0,0,0
2026-08-25,화,8,경부선,352.8,컨테이너,12.1,하,오전(06-12),0,0,1,0,0
2026-06-11,목,6,경부선,302.5,컨테이너,1.0,하,새벽(00-06),0,0,1,0,1
2026-12-10,목,12,충북선,151.2,철강,8.6,하,오전(06-12),0,0,0,1,1
2026-02-27,금,2,경부선,395.1,기타,13.6,상,새벽(00-06),0,0,0,1,0
2026-02-24,화,2,중앙선,136.5,컨테이너,8.3,하,새벽(00-06),0,1,0,1,1
2026-06-18,목,6,전라선,267.9,컨테이너,9.9,상,오전(06-12),0,0,1,0,0
2026-07-05,일,7,태백선,168.6,컨테이너,13.5,하,오후(12-18),0,0,1,0,1
2026-09-10,목,9,전라선,252.4,철강,12.3,하,새벽(00-06),0,0,0,0,1
2026-05-28,목,5,충북선,153.0,시멘트,6.0,상,새벽(00-06),0,1,0,0,0
2026-11-30,월,11,경부선,377.3,시멘트,12.1,하,오후(12-18),0,1,0,0,1
2026-06-23,화,6,태백선,129.1,시멘트,10.3,하,새벽(00-06),1,0,1,0,1
2026-02-17,화,2,경부선,292.0,광석,22.3,상,새벽(00-06),0,0,0,1,0
2026-02-13,금,2,경부선,304.7,컨테이너,11.4,하,야간(18-24),0,0,0,1,0
2026-12-22,화,12,경부선,297.4,컨테이너,12.8,하,새벽(00-06),0,0,0,1,0
2026-02-18,수,2,전라선,201.0,시멘트,13.6,하,오후(12-18),1,0,0,1,0
2026-12-12,토,12,중앙선,232.2,시멘트,10.1,하,야간(18-24),1,0,0,1,0
2026-04-12,일,4,전라선,206.2,컨테이너,7.7,상,오전(06-12),0,0,0,0,0
2026-02-04,수,2,중앙선,192.3,광석,14.8,하,오전(06-12),0,0,0,1,0
2026-04-22,수,4,중앙선,142.8,석탄,14.8,하,오후(12-18),0,0,0,0,0
2026-08-13,목,8,중앙선,194.4,광석,24.5,상,새벽(00-06),0,0,1,0,1
2026-06-06,토,6,경부선,274.0,광석,16.5,상,새벽(00-06),0,1,1,0,0
2026-10-14,수,10,중앙선,152.0,시멘트,16.6,하,야간(18-24),0,0,0,0,0
2026-08-12,수,8,충북선,158.6,유류,16.3,하,새벽(00-06),0,0,1,0,0
2026-05-27,수,5,충북선,187.7,철강,7.9,하,야간(18-24),0,0,0,0,0
2026-08-20,목,8,경부선,337.8,시멘트,4.5,상,오전(06-12),0,1,1,0,1
2026-12-21,월,12,전라선,244.7,석탄,6.0,하,오후(12-18),0,0,0,1,0
2026-05-31,일,5,중앙선,188.8,기타,16.1,하,오전(06-12),0,1,0,0,0
2026-02-26,목,2,경부선,306.8,철강,20.5,하,오후(12-18),0,0,0,1,0
2026-05-30,토,5,경부선,351.8,석탄,16.4,상,오전(06-12),1,0,0,0,0
2026-11-03,화,11,중앙선,173.6,컨테이너,11.0,상,오전(06-12),1,0,0,0,1
2026-03-21,토,3,중앙선,222.5,유류,22.1,상,야간(18-24),0,1,0,0,0
2026-12-13,일,12,전라선,266.5,시멘트,9.3,상,야간(18-24),1,0,0,1,1
2026-08-03,월,8,경부선,286.5,석탄,5.1,하,새벽(00-06),0,0,1,0,1
2026-08-08,토,8,장항선,165.7,석탄,13.5,상,새벽(00-06),1,0,1,0,1
2026-04-26,일,4,경부선,298.4,시멘트,19.8,하,야간(18-24),0,0,0,0,1
2026-12-02,수,12,충북선,124.6,컨테이너,6.9,하,새벽(00-06),0,0,0,1,0
2026-01-14,수,1,장항선,170.2,석탄,1.8,상,야간(18-24),0,1,0,1,0
2026-04-20,월,4,중앙선,238.9,컨테이너,12.2,하,새벽(00-06),0,0,0,0,0
2026-06-02,화,6,경부선,278.4,컨테이너,16.6,하,새벽(00-06),1,0,1,0,0
2026-06-24,수,6,충북선,194.4,컨테이너,1.0,하,새벽(00-06),0,0,1,0,0
2026-06-23,화,6,영동선,103.3,석탄,17.9,하,새벽(00-06),0,1,1,0,0
2026-02-23,월,2,영동선,141.5,컨테이너,3.8,하,오후(12-18),0,1,0,1,0
2026-03-24,화,3,경부선,292.9,시멘트,16.3,하,오전(06-12),0,1,0,0,0
2026-02-04,수,2,장항선,176.7,유류,1.0,상,야간(18-24),0,0,0,1,0
2026-07-28,화,7,중앙선,161.4,시멘트,3.2,상,오전(06-12),0,0,1,0,1
2026-05-09,토,5,경부선,292.7,광석,15.7,하,오후(12-18),1,0,0,0,0
2026-07-26,일,7,전라선,269.5,시멘트,19.3,하,오후(12-18),1,0,1,0,1
2026-08-04,화,8,중앙선,209.9,컨테이너,11.9,하,오전(06-12),1,0,1,0,1
2026-09-14,월,9,충북선,187.0,철강,25.0,상,야간(18-24),0,1,0,0,0
2026-07-19,일,7,태백선,109.2,시멘트,5.9,하,오전(06-12),1,0,1,0,1
2026-08-25,화,8,중앙선,216.2,기타,5.8,하,오후(12-18),0,0,1,0,0
2026-08-03,월,8,전라선,200.3,컨테이너,10.2,하,오전(06-12),0,0,1,0,0
2026-08-27,목,8,중앙선,146.5,유류,9.9,상,오전(06-12),0,1,1,0,1
2026-08-14,금,8,경부선,329.8,시멘트,13.7,상,새벽(00-06),1,0,1,0,0
2026-04-26,일,4,중앙선,201.3,유류,7.5,하,오전(06-12),0,0,0,0,0
2026-03-31,화,3,호남선,209.5,컨테이너,15.4,하,야간(18-24),1,1,0,0,0
2026-10-15,목,10,중앙선,218.4,석탄,15.3,상,야간(18-24),0,0,0,0,0
2026-05-06,수,5,경부선,355.1,컨테이너,21.7,상,야간(18-24),0,0,0,0,0
2026-07-20,월,7,전라선,273.5,철강,9.1,상,오후(12-18),0,0,1,0,0
2026-03-13,금,3,영동선,91.9,컨테이너,14.0,상,오후(12-18),1,1,0,0,0
2026-06-07,일,6,부산신항선,15.1,시멘트,15.6,하,야간(18-24),0,0,1,0,0
2026-07-13,월,7,충북선,208.4,석탄,12.0,상,오전(06-12),0,1,1,0,0
2026-08-17,월,8,중앙선,180.5,시멘트,10.7,하,야간(18-24),0,1,1,0,0
2026-07-12,일,7,충북선,119.6,철강,1.0,상,오전(06-12),1,0,1,0,0
2026-05-12,화,5,태백선,107.8,석탄,12.5,하,오후(12-18),1,1,0,0,1
2026-12-18,금,12,태백선,126.3,컨테이너,15.6,하,오전(06-12),0,0,0,1,0
2026-07-07,화,7,태백선,175.8,철강,11.7,하,새벽(00-06),0,1,1,0,0
2026-10-23,금,10,중앙선,193.9,시멘트,7.3,상,새벽(00-06),0,0,0,0,0
2026-09-26,토,9,경부선,295.5,시멘트,1.9,상,야간(18-24),0,0,0,0,0
2026-07-23,목,7,충북선,144.2,컨테이너,14.7,상,오후(12-18),0,0,1,0,0
2026-11-20,금,11,경부선,267.3,시멘트,12.2,하,새벽(00-06),0,1,0,0,0
2026-02-16,월,2,경부선,355.2,유류,20.3,상,야간(18-24),0,0,0,1,0
2026-12-03,목,12,중앙선,190.1,광석,3.3,상,야간(18-24),0,0,0,1,0
2026-11-07,토,11,전라선,292.4,광석,9.2,상,오후(12-18),0,0,0,0,1
2026-07-03,금,7,태백선,148.1,석탄,4.1,상,새벽(00-06),0,0,1,0,0
2026-09-25,금,9,장항선,196.2,컨테이너,18.2,상,새벽(00-06),0,0,0,0,0
2026-07-09,목,7,태백선,130.7,시멘트,19.4,상,야간(18-24),0,0,1,0,1
2026-04-09,목,4,장항선,157.8,컨테이너,23.5,상,새벽(00-06),0,0,0,0,1
2026-10-19,월,10,전라선,203.2,석탄,15.1,상,새벽(00-06),0,0,0,0,0
2026-03-31,화,3,경부선,265.4,컨테이너,16.7,상,새벽(00-06),0,0,0,0,0
2026-04-25,토,4,충북선,184.1,기타,14.6,상,오후(12-18),0,1,0,0,0
2026-07-09,목,7,경부선,304.8,컨테이너,15.4,하,오전(06-12),1,0,1,0,1
2026-11-02,월,11,경부선,358.3,컨테이너,12.3,상,야간(18-24),0,0,0,0,1
2026-05-21,목,5,경부선,325.6,유류,15.7,상,야간(18-24),0,0,0,0,0
2026-06-30,화,6,태백선,129.6,컨테이너,24.8,하,야간(18-24),0,0,1,0,0
2026-01-16,금,1,전라선,194.3,컨테이너,13.3,상,새벽(00-06),0,1,0,1,0
2026-02-12,목,2,호남선,215.7,시멘트,12.1,하,오전(06-12),0,1,0,1,1
2026-01-21,수,1,영동선,106.5,기타,13.2,상,오후(12-18),0,0,0,1,1
2026-01-27,화,1,부산신항선,13.3,컨테이너,11.1,상,야간(18-24),0,0,0,1,0
2026-11-14,토,11,경부선,291.6,시멘트,13.5,상,오전(06-12),0,1,0,0,1
2026-11-04,수,11,부산신항선,12.4,컨테이너,10.9,상,오전(06-12),0,1,0,0,0
2026-10-27,화,10,태백선,168.3,시멘트,18.9,하,오후(12-18),1,0,0,0,1
2026-01-21,수,1,부산신항선,11.4,컨테이너,18.3,상,오후(12-18),0,0,0,1,0
2026-01-29,목,1,경부선,351.6,시멘트,25.0,상,새벽(00-06),0,0,0,1,0
2026-04-13,월,4,경부선,343.1,시멘트,11.9,하,오전(06-12),0,1,0,0,0
2026-07-26,일,7,호남선,255.7,광석,13.7,하,오전(06-12),0,1,1,0,0
2026-05-02,토,5,경부선,335.1,석탄,13.5,상,오전(06-12),0,0,0,0,0
2026-06-27,토,6,중앙선,217.8,석탄,13.2,상,새벽(00-06),0,1,1,0,0
2026-03-05,목,3,중앙선,192.0,시멘트,18.8,하,오후(12-18),0,1,0,0,0
2026-09-24,목,9,경부선,289.2,컨테이너,2.3,상,새벽(00-06),0,0,0,0,0
2026-04-25,토,4,경부선,271.9,컨테이너,14.8,상,새벽(00-06),0,1,0,0,0
2026-01-25,일,1,영동선,128.8,시멘트,24.0,하,오전(06-12),0,0,0,1,1
2026-09-29,화,9,부산신항선,7.6,컨테이너,20.2,하,새벽(00-06),0,0,0,0,0
2026-11-26,목,11,부산신항선,12.8,컨테이너,19.5,상,오후(12-18),0,0,0,0,1
2026-01-06,화,1,경부선,336.8,시멘트,17.1,하,오후(12-18),0,1,0,1,1
2026-06-09,화,6,경부선,356.9,컨테이너,8.4,하,오후(12-18),1,0,1,0,0
2026-10-29,목,10,중앙선,175.3,컨테이너,7.5,상,새벽(00-06),0,0,0,0,0
2026-09-15,화,9,중앙선,165.6,시멘트,7.5,상,새벽(00-06),0,0,0,0,0
2026-11-09,월,11,경부선,335.3,철강,5.2,하,오후(12-18),0,1,0,0,0
2026-06-01,월,6,장항선,173.8,컨테이너,17.7,하,새벽(00-06),0,0,1,0,0
2026-05-16,토,5,영동선,91.3,철강,20.8,하,새벽(00-06),0,0,0,0,0
2026-09-16,수,9,충북선,209.8,컨테이너,14.6,상,야간(18-24),0,0,0,0,0
2026-02-26,목,2,중앙선,165.6,기타,16.8,상,새벽(00-06),1,1,0,1,1
2026-03-29,일,3,중앙선,158.5,시멘트,13.8,상,오전(06-12),0,0,0,0,0
2026-08-08,토,8,경부선,310.5,시멘트,15.4,하,새벽(00-06),0,0,1,0,1
2026-09-01,화,9,경부선,370.3,석탄,1.0,상,새벽(00-06),0,0,0,0,0
2026-02-13,금,2,충북선,107.1,시멘트,13.9,상,야간(18-24),1,0,0,1,1
2026-07-05,일,7,중앙선,234.2,시멘트,9.4,하,야간(18-24),0,1,1,0,0
2026-05-14,목,5,충북선,138.5,시멘트,11.8,하,새벽(00-06),0,1,0,0,0
2026-07-03,금,7,태백선,140.8,기타,13.4,상,새벽(00-06),0,0,1,0,0
2026-12-16,수,12,경부선,293.2,유류,7.7,상,오전(06-12),0,1,0,1,0
2026-01-28,수,1,경부선,399.9,시멘트,5.5,하,오후(12-18),0,0,0,1,0
2026-12-30,수,12,경부선,325.2,유류,7.5,하,오후(12-18),1,0,0,1,0
2026-06-14,일,6,경부선,291.9,컨테이너,3.3,하,새벽(00-06),0,0,1,0,1
2026-10-09,금,10,충북선,153.8,시멘트,5.1,하,야간(18-24),0,0,0,0,0
2026-06-04,목,6,장항선,181.4,시멘트,5.9,상,야간(18-24),0,1,1,0,0
2026-04-24,금,4,부산신항선,11.1,컨테이너,3.4,하,오후(12-18),0,1,0,0,0
2026-10-09,금,10,충북선,172.3,광석,15.2,하,야간(18-24),0,0,0,0,0
2026-09-08,화,9,중앙선,193.3,유류,6.6,상,새벽(00-06),0,0,0,0,0
2026-02-22,일,2,경부선,265.1,광석,1.0,상,새벽(00-06),0,0,0,1,0
2026-09-15,화,9,중앙선,181.4,석탄,9.6,상,오전(06-12),0,1,0,0,0
2026-10-02,금,10,중앙선,214.5,시멘트,5.3,하,새벽(00-06),0,1,0,0,0
2026-05-22,금,5,태백선,122.1,철강,20.8,하,새벽(00-06),0,0,0,0,0
2026-12-04,금,12,중앙선,216.8,컨테이너,12.8,하,야간(18-24),0,0,0,1,0
2026-08-22,토,8,경부선,321.5,유류,3.2,하,야간(18-24),0,0,1,0,1
2026-05-02,토,5,경부선,311.5,컨테이너,15.4,하,오전(06-12),0,0,0,0,1
2026-01-04,일,1,경부선,368.0,유류,12.5,하,오후(12-18),0,0,0,1,0
2026-09-04,금,9,부산신항선,5.4,석탄,10.6,하,새벽(00-06),0,1,0,0,0
2026-03-18,수,3,경부선,293.2,컨테이너,21.4,하,새벽(00-06),0,1,0,0,1
2026-10-04,일,10,경부선,369.5,컨테이너,6.1,상,오전(06-12),0,0,0,0,0
2026-07-11,토,7,경부선,393.4,시멘트,18.2,하,오후(12-18),0,0,1,0,1
2026-06-20,토,6,장항선,225.3,컨테이너,9.5,하,오후(12-18),0,0,1,0,0
2026-03-01,일,3,충북선,162.6,유류,11.9,하,오후(12-18),0,1,0,0,0
2026-09-17,목,9,충북선,172.7,컨테이너,7.5,하,야간(18-24),0,0,0,0,0
2026-03-02,월,3,중앙선,221.9,시멘트,7.9,하,새벽(00-06),0,0,0,0,0
2026-06-02,화,6,경부선,371.2,컨테이너,9.4,상,새벽(00-06),0,0,1,0,0
2026-11-02,월,11,태백선,141.8,컨테이너,1.0,상,새벽(00-06),0,1,0,0,0
2026-12-02,수,12,경부선,357.2,컨테이너,14.1,상,야간(18-24),0,0,0,1,1
2026-12-28,월,12,경부선,338.6,유류,12.7,하,오전(06-12),0,0,0,1,0
2026-12-16,수,12,충북선,174.4,철강,3.0,상,오전(06-12),0,0,0,1,0
2026-07-22,수,7,경부선,283.5,광석,16.0,상,야간(18-24),0,0,1,0,0
2026-03-15,일,3,경부선,307.0,시멘트,20.7,하,오전(06-12),0,0,0,0,1
2026-11-03,화,11,장항선,169.1,컨테이너,8.0,하,오전(06-12),0,0,0,0,1
2026-10-20,화,10,중앙선,151.7,컨테이너,7.3,상,새벽(00-06),0,0,0,0,0
2026-12-28,월,12,경부선,254.1,시멘트,18.7,상,오전(06-12),0,0,0,1,0
2026-08-26,수,8,중앙선,178.5,컨테이너,14.4,하,오후(12-18),0,1,1,0,0
2026-02-21,토,2,전라선,221.5,컨테이너,11.2,하,야간(18-24),0,0,0,1,0
2026-07-03,금,7,경부선,324.4,시멘트,16.9,상,새벽(00-06),0,0,1,0,0
2026-06-13,토,6,경부선,342.4,컨테이너,13.6,하,오후(12-18),0,0,1,0,0
2026-11-04,수,11,충북선,166.0,시멘트,20.6,하,새벽(00-06),0,0,0,0,0
2026-05-24,일,5,충북선,154.9,시멘트,11.9,하,야간(18-24),0,1,0,0,0
2026-04-30,목,4,영동선,96.1,철강,14.6,상,새벽(00-06),0,0,0,0,0
2026-01-30,금,1,중앙선,224.0,시멘트,18.6,상,새벽(00-06),0,0,0,1,0
2026-11-01,일,11,경부선,316.1,석탄,1.0,하,오전(06-12),0,0,0,0,1
2026-10-03,토,10,충북선,150.5,시멘트,18.8,하,야간(18-24),0,0,0,0,0
2026-01-16,금,1,충북선,156.6,컨테이너,9.0,하,새벽(00-06),0,0,0,1,1
2026-06-08,월,6,경부선,290.9,컨테이너,15.0,상,새벽(00-06),0,1,1,0,1
2026-06-25,목,6,충북선,148.0,컨테이너,22.0,하,새벽(00-06),0,0,1,0,0
2026-06-21,일,6,경부선,297.7,시멘트,10.2,상,야간(18-24),0,0,1,0,0
2026-12-02,수,12,태백선,129.8,철강,9.3,하,오전(06-12),1,0,0,1,0
2026-02-24,화,2,태백선,148.6,철강,11.7,하,야간(18-24),1,0,0,1,1
2026-04-22,수,4,중앙선,207.5,컨테이너,3.3,하,새벽(00-06),0,1,0,0,0
2026-03-08,일,3,영동선,133.0,컨테이너,25.0,상,오전(06-12),0,1,0,0,0
2026-03-31,화,3,영동선,128.0,컨테이너,11.7,하,오전(06-12),0,1,0,0,0
2026-11-28,토,11,경부선,398.5,기타,21.9,상,새벽(00-06),0,0,0,0,0
2026-12-10,목,12,중앙선,212.9,컨테이너,10.0,하,오전(06-12),1,0,0,1,0
2026-01-17,토,1,충북선,174.9,시멘트,12.2,하,오전(06-12),0,0,0,1,1
2026-08-19,수,8,경부선,300.7,컨테이너,17.7,상,새벽(00-06),1,0,1,0,0
2026-03-26,목,3,중앙선,222.2,철강,5.4,하,오전(06-12),0,0,0,0,0
2026-03-12,목,3,경부선,294.0,시멘트,11.4,하,오후(12-18),0,0,0,0,0
2026-04-17,금,4,호남선,171.4,컨테이너,17.4,상,오전(06-12),0,0,0,0,0
2026-03-12,목,3,중앙선,246.7,시멘트,10.7,상,오전(06-12),0,0,0,0,0
2026-06-28,일,6,장항선,154.6,철강,9.1,하,야간(18-24),0,0,1,0,0
2026-12-30,수,12,중앙선,208.7,시멘트,18.7,상,오후(12-18),0,0,0,1,0
2026-08-03,월,8,경부선,285.0,기타,20.4,하,오후(12-18),0,0,1,0,0
2026-09-21,월,9,태백선,158.0,유류,21.4,상,새벽(00-06),0,0,0,0,0
2026-06-30,화,6,경부선,370.7,시멘트,8.0,상,야간(18-24),0,0,1,0,0
2026-01-06,화,1,경부선,341.4,광석,8.5,상,새벽(00-06),0,0,0,1,0
2026-01-31,토,1,중앙선,236.9,유류,9.2,하,새벽(00-06),0,0,0,1,0
2026-04-09,목,4,전라선,229.6,시멘트,16.3,하,오전(06-12),0,0,0,0,0
2026-03-30,월,3,중앙선,271.5,철강,4.8,하,야간(18-24),0,0,0,0,0
2026-11-03,화,11,경부선,350.0,시멘트,5.2,하,새벽(00-06),0,0,0,0,0
2026-11-04,수,11,중앙선,161.8,시멘트,7.7,상,오전(06-12),0,0,0,0,0
2026-11-08,일,11,경부선,323.0,시멘트,6.4,하,새벽(00-06),0,0,0,0,0
2026-08-21,금,8,경부선,314.1,철강,17.3,상,새벽(00-06),0,1,1,0,0
2026-07-23,목,7,충북선,155.0,광석,16.9,하,오전(06-12),0,0,1,0,0
2026-08-25,화,8,경부선,253.9,컨테이너,9.1,상,새벽(00-06),0,0,1,0,1
2026-05-29,금,5,경부선,335.7,석탄,10.8,상,야간(18-24),0,0,0,0,0
2026-09-02,수,9,충북선,126.7,석탄,1.0,하,새벽(00-06),0,1,0,0,0
2026-10-17,토,10,전라선,153.6,유류,9.3,하,오후(12-18),0,0,0,0,0
2026-10-06,화,10,경부선,306.4,시멘트,19.5,하,새벽(00-06),0,0,0,0,0
2026-08-13,목,8,중앙선,166.8,컨테이너,8.9,하,새벽(00-06),0,0,1,0,0
2026-01-22,목,1,경부선,285.7,컨테이너,5.4,상,오전(06-12),0,0,0,1,0
2026-09-22,화,9,호남선,130.6,컨테이너,20.3,상,오전(06-12),0,0,0,0,1
2026-05-14,목,5,경부선,286.2,컨테이너,5.3,상,새벽(00-06),0,0,0,0,0
2026-09-29,화,9,경부선,313.3,컨테이너,21.3,상,새벽(00-06),0,0,0,0,0
2026-07-16,목,7,중앙선,171.1,컨테이너,25.0,하,새벽(00-06),0,1,1,0,1
2026-11-18,수,11,경부선,335.7,유류,11.3,하,야간(18-24),0,1,0,0,1
2026-05-04,월,5,경부선,375.9,시멘트,19.5,상,야간(18-24),0,0,0,0,0
2026-12-06,일,12,경부선,340.9,시멘트,2.0,상,새벽(00-06),0,0,0,1,0
2026-11-05,목,11,충북선,187.0,철강,1.7,상,새벽(00-06),0,1,0,0,0
2026-05-01,금,5,충북선,189.0,컨테이너,7.2,하,오전(06-12),0,0,0,0,0
2026-06-26,금,6,전라선,198.8,철강,16.9,하,오후(12-18),0,0,1,0,0
2026-07-13,월,7,장항선,188.4,유류,12.0,상,새벽(00-06),1,1,1,0,0
2026-10-08,목,10,중앙선,228.1,시멘트,10.9,상,새벽(00-06),0,1,0,0,0
2026-09-09,수,9,부산신항선,9.3,시멘트,4.3,하,오후(12-18),0,0,0,0,0
2026-11-07,토,11,전라선,205.7,컨테이너,11.2,하,오후(12-18),0,1,0,0,1
2026-05-16,토,5,장항선,190.2,시멘트,8.1,상,오전(06-12),0,0,0,0,1
2026-07-04,토,7,전라선,185.0,시멘트,6.5,상,오후(12-18),1,0,1,0,1
2026-06-07,일,6,중앙선,155.2,시멘트,6.0,하,새벽(00-06),0,0,1,0,0
2026-11-28,토,11,경부선,293.5,시멘트,13.2,상,오전(06-12),0,0,0,0,0
2026-04-22,수,4,중앙선,209.1,시멘트,7.7,하,오후(12-18),0,0,0,0,0
2026-08-03,월,8,경부선,329.0,컨테이너,12.0,상,오후(12-18),0,0,1,0,0
2026-02-13,금,2,중앙선,229.4,컨테이너,1.4,하,새벽(00-06),0,0,0,1,0
2026-11-07,토,11,경부선,283.3,시멘트,15.0,하,오전(06-12),0,0,0,0,1
2026-05-21,목,5,경부선,281.2,컨테이너,13.4,상,새벽(00-06),0,0,0,0,0
2026-05-05,화,5,호남선,221.3,석탄,10.6,하,야간(18-24),0,1,0,0,0
2026-08-01,토,8,전라선,205.4,광석,13.0,하,새벽(00-06),0,1,1,0,0
2026-07-02,목,7,충북선,146.2,철강,17.6,상,야간(18-24),1,0,1,0,0
2026-11-06,금,11,중앙선,128.3,컨테이너,3.3,하,야간(18-24),1,0,0,0,1
2026-07-13,월,7,충북선,168.6,시멘트,12.4,하,오전(06-12),0,0,1,0,0
2026-07-08,수,7,부산신항선,15.2,석탄,4.2,상,야간(18-24),0,0,1,0,0
2026-02-08,일,2,전라선,198.5,석탄,12.5,하,새벽(00-06),0,0,0,1,1
2026-01-09,금,1,충북선,186.8,기타,10.4,하,새벽(00-06),1,1,0,1,0
2026-05-26,화,5,중앙선,191.2,시멘트,11.9,하,오전(06-12),0,0,0,0,0
2026-12-31,목,12,중앙선,131.5,컨테이너,17.1,하,오후(12-18),0,0,0,1,0
2026-12-01,화,12,전라선,202.6,시멘트,16.9,하,야간(18-24),0,0,0,1,1
2026-08-18,화,8,영동선,95.5,광석,18.5,상,오전(06-12),0,1,1,0,0
2026-08-19,수,8,중앙선,182.2,석탄,9.6,하,새벽(00-06),0,0,1,0,0
2026-05-23,토,5,중앙선,208.0,유류,16.2,상,새벽(00-06),0,0,0,0,0
2026-03-06,금,3,중앙선,258.0,철강,15.0,상,오전(06-12),0,1,0,0,0
2026-01-04,일,1,중앙선,143.2,기타,9.8,하,오후(12-18),0,0,0,1,0
2026-05-04,월,5,영동선,102.5,시멘트,12.7,하,오후(12-18),1,0,0,0,0
2026-04-26,일,4,전라선,202.5,광석,11.2,하,야간(18-24),0,1,0,0,1
2026-03-11,수,3,중앙선,148.9,유류,20.4,하,새벽(00-06),0,0,0,0,0
2026-04-05,일,4,중앙선,196.6,유류,16.9,상,오전(06-12),0,0,0,0,0
2026-01-10,토,1,중앙선,193.4,광석,10.0,하,새벽(00-06),0,0,0,1,1
2026-08-10,월,8,경부선,247.6,시멘트,9.6,하,오후(12-18),0,0,1,0,1
2026-12-05,토,12,충북선,161.8,철강,17.7,하,야간(18-24),1,1,0,1,0
2026-09-10,목,9,장항선,155.5,시멘트,20.0,하,오전(06-12),0,0,0,0,0
2026-06-13,토,6,전라선,229.8,철강,13.9,하,오전(06-12),0,1,1,0,0
2026-06-03,수,6,경부선,371.0,철강,16.0,상,새벽(00-06),0,0,1,0,0
2026-04-23,목,4,전라선,243.3,철강,19.8,하,야간(18-24),0,1,0,0,0
2026-02-21,토,2,전라선,234.7,시멘트,11.0,상,오후(12-18),0,0,0,1,1
2026-08-07,금,8,경부선,299.0,철강,12.5,하,야간(18-24),0,0,1,0,0
2026-07-26,일,7,충북선,163.0,유류,14.9,하,새벽(00-06),1,0,1,0,1
2026-01-03,토,1,충북선,175.4,석탄,9.4,하,새벽(00-06),0,0,0,1,0
2026-06-01,월,6,태백선,144.8,시멘트,22.2,하,오전(06-12),0,0,1,0,0
2026-04-12,일,4,경부선,316.2,유류,9.4,하,오전(06-12),0,1,0,0,0
2026-03-04,수,3,경부선,328.9,철강,12.4,하,오전(06-12),0,1,0,0,0
2026-09-14,월,9,중앙선,147.2,시멘트,23.5,하,오전(06-12),0,1,0,0,1
2026-07-11,토,7,경부선,290.8,시멘트,1.0,하,오전(06-12),1,0,1,0,1
2026-08-20,목,8,중앙선,218.1,석탄,13.3,상,오전(06-12),0,0,1,0,0
2026-09-18,금,9,장항선,196.4,석탄,8.0,상,새벽(00-06),0,1,0,0,1
2026-12-25,금,12,경부선,323.9,컨테이너,12.0,하,오후(12-18),0,1,0,1,0
2026-10-21,수,10,중앙선,245.1,컨테이너,4.8,상,야간(18-24),0,1,0,0,0
2026-08-15,토,8,영동선,117.4,유류,9.8,하,오전(06-12),0,0,1,0,1
2026-11-17,화,11,충북선,155.5,광석,12.1,하,야간(18-24),0,1,0,0,1
2026-06-24,수,6,중앙선,150.6,시멘트,13.4,상,야간(18-24),0,0,1,0,0
2026-12-26,토,12,충북선,197.3,광석,17.4,상,오후(12-18),0,0,0,1,0
2026-10-05,월,10,경부선,351.0,시멘트,1.0,하,야간(18-24),0,0,0,0,0
2026-08-26,수,8,경부선,392.1,컨테이너,11.2,하,오전(06-12),0,0,1,0,0
2026-11-26,목,11,전라선,294.4,철강,11.0,상,새벽(00-06),0,1,0,0,0
2026-07-08,수,7,중앙선,148.3,컨테이너,11.6,하,새벽(00-06),0,1,1,0,0
2026-09-21,월,9,경부선,268.8,컨테이너,12.2,상,오전(06-12),0,0,0,0,0
2026-04-14,화,4,경부선,205.7,광석,7.0,상,새벽(00-06),0,0,0,0,0
2026-12-18,금,12,태백선,153.9,시멘트,2.7,상,야간(18-24),0,0,0,1,1
2026-08-16,일,8,경부선,346.5,컨테이너,13.3,상,야간(18-24),1,0,1,0,1
2026-10-13,화,10,장항선,181.6,시멘트,6.0,상,오전(06-12),1,0,0,0,1
2026-06-18,목,6,중앙선,150.4,시멘트,14.4,상,오후(12-18),0,0,1,0,0
2026-11-13,금,11,충북선,159.1,석탄,6.4,하,야간(18-24),0,0,0,0,0
2026-01-28,수,1,경부선,327.6,시멘트,16.2,상,오후(12-18),0,1,0,1,1
2026-02-11,수,2,경부선,351.5,시멘트,11.7,하,새벽(00-06),0,1,0,1,0
2026-07-05,일,7,충북선,168.1,시멘트,12.1,상,야간(18-24),1,1,1,0,1
2026-09-25,금,9,전라선,249.3,석탄,10.5,상,오후(12-18),0,0,0,0,0
2026-10-23,금,10,경부선,315.2,광석,9.6,상,새벽(00-06),0,0,0,0,0
2026-06-10,수,6,중앙선,234.7,시멘트,10.6,상,새벽(00-06),0,0,1,0,0
2026-08-26,수,8,중앙선,215.4,유류,19.1,상,야간(18-24),0,1,1,0,0
2026-07-21,화,7,경부선,272.7,기타,2.8,상,새벽(00-06),0,0,1,0,0
2026-12-17,목,12,충북선,196.0,컨테이너,8.1,하,야간(18-24),0,1,0,1,0
2026-08-27,목,8,경부선,369.2,컨테이너,18.3,하,야간(18-24),0,0,1,0,0
2026-06-02,화,6,충북선,172.9,시멘트,16.9,상,새벽(00-06),1,0,1,0,1
2026-12-20,일,12,경부선,331.4,광석,20.1,하,오전(06-12),0,0,0,1,0
2026-02-09,월,2,중앙선,251.4,컨테이너,11.6,상,오전(06-12),0,0,0,1,0
2026-12-26,토,12,중앙선,136.1,컨테이너,4.1,하,새벽(00-06),0,1,0,1,1
2026-02-26,목,2,중앙선,236.7,석탄,5.4,상,오후(12-18),0,1,0,1,1
2026-04-16,목,4,중앙선,176.6,철강,10.2,상,야간(18-24),0,1,0,0,1
2026-10-27,화,10,부산신항선,13.9,컨테이너,16.6,상,오후(12-18),0,1,0,0,0
2026-09-25,금,9,중앙선,197.5,시멘트,10.5,상,오전(06-12),0,0,0,0,1
2026-12-21,월,12,태백선,110.6,컨테이너,10.0,하,야간(18-24),0,0,0,1,1
2026-10-01,목,10,경부선,300.3,기타,14.4,하,야간(18-24),1,1,0,0,0
2026-08-21,금,8,중앙선,229.1,석탄,12.2,하,야간(18-24),0,1,1,0,0
2026-05-07,목,5,경부선,311.8,시멘트,9.4,하,새벽(00-06),0,1,0,0,1
2026-01-02,금,1,중앙선,171.5,유류,6.0,하,새벽(00-06),0,0,0,1,0
2026-02-15,일,2,전라선,210.6,시멘트,17.7,하,오후(12-18),0,0,0,1,0
2026-04-19,일,4,태백선,148.3,광석,18.3,상,새벽(00-06),0,0,0,0,0
2026-01-15,목,1,충북선,205.1,컨테이너,5.7,상,오전(06-12),0,1,0,1,0
2026-07-05,일,7,충북선,107.8,컨테이너,9.6,하,야간(18-24),0,1,1,0,0
2026-10-11,일,10,경부선,432.2,시멘트,16.0,상,야간(18-24),0,0,0,0,0
2026-12-18,금,12,경부선,328.3,컨테이너,5.2,상,오전(06-12),1,1,0,1,0
2026-06-28,일,6,장항선,191.2,유류,14.2,상,야간(18-24),0,0,1,0,0
2026-11-16,월,11,경부선,302.7,시멘트,10.0,하,오전(06-12),0,1,0,0,0
2026-12-26,토,12,경부선,320.1,컨테이너,4.7,상,오후(12-18),0,0,0,1,0
2026-11-10,화,11,호남선,213.0,철강,22.7,하,새벽(00-06),0,0,0,0,0
2026-06-19,금,6,영동선,94.1,시멘트,10.0,하,새벽(00-06),0,0,1,0,0
2026-04-29,수,4,충북선,141.2,시멘트,15.1,상,야간(18-24),0,0,0,0,0
2026-12-23,수,12,중앙선,234.8,컨테이너,5.3,상,오후(12-18),0,1,0,1,0
2026-03-30,월,3,태백선,104.5,기타,21.3,상,야간(18-24),0,1,0,0,0
2026-05-31,일,5,경부선,337.8,석탄,23.7,하,새벽(00-06),1,0,0,0,0
2026-01-28,수,1,중앙선,180.3,유류,3.0,상,새벽(00-06),1,1,0,1,1
2026-10-17,토,10,중앙선,159.7,철강,11.0,하,새벽(00-06),1,1,0,0,0
2026-08-26,수,8,부산신항선,16.5,시멘트,20.0,하,오후(12-18),0,1,1,0,0
2026-01-31,토,1,부산신항선,7.7,컨테이너,9.2,하,오후(12-18),0,0,0,1,0
2026-03-23,월,3,전라선,195.5,석탄,14.5,하,오전(06-12),1,0,0,0,1
2026-07-22,수,7,경부선,312.7,컨테이너,1.9,하,새벽(00-06),0,0,1,0,1
2026-07-17,금,7,중앙선,166.4,기타,7.3,상,새벽(00-06),0,0,1,0,0
2026-10-20,화,10,경부선,320.5,컨테이너,13.8,상,새벽(00-06),0,0,0,0,0
2026-04-08,수,4,부산신항선,11.1,시멘트,8.5,상,새벽(00-06),0,1,0,0,0
2026-12-04,금,12,경부선,329.6,시멘트,9.8,하,야간(18-24),0,0,0,1,0
2026-06-12,금,6,경부선,315.2,시멘트,2.9,상,새벽(00-06),0,0,1,0,0
2026-10-28,수,10,전라선,208.3,석탄,15.9,하,새벽(00-06),0,1,0,0,0
2026-03-29,일,3,중앙선,215.8,철강,4.0,하,야간(18-24),0,0,0,0,0
2026-01-14,수,1,태백선,133.3,철강,21.2,상,야간(18-24),0,0,0,1,0
2026-01-21,수,1,경부선,300.4,광석,7.9,상,오후(12-18),0,0,0,1,0
2026-05-17,일,5,장항선,209.2,시멘트,16.8,상,새벽(00-06),0,0,0,0,0
2026-12-14,월,12,경부선,315.3,시멘트,16.2,상,오전(06-12),0,0,0,1,0
2026-01-18,일,1,경부선,363.9,유류,6.1,상,새벽(00-06),0,0,0,1,0
2026-05-15,금,5,중앙선,236.2,컨테이너,8.5,상,새벽(00-06),0,1,0,0,0
2026-02-09,월,2,경부선,371.7,컨테이너,9.3,상,오후(12-18),0,0,0,1,0
2026-12-07,월,12,충북선,178.6,컨테이너,9.7,상,야간(18-24),0,1,0,1,0
2026-09-04,금,9,경부선,320.2,철강,4.2,하,새벽(00-06),0,1,0,0,1
2026-10-06,화,10,경부선,317.6,석탄,15.2,상,오후(12-18),0,0,0,0,0
2026-09-18,금,9,전라선,222.1,컨테이너,7.9,상,오후(12-18),1,1,0,0,1
2026-08-28,금,8,경부선,233.5,컨테이너,11.3,상,오전(06-12),0,1,1,0,0
2026-10-10,토,10,전라선,251.0,컨테이너,18.0,상,새벽(00-06),1,0,0,0,0
2026-01-03,토,1,장항선,184.5,시멘트,15.4,하,야간(18-24),1,0,0,1,0
2026-11-12,목,11,경부선,353.2,컨테이너,8.3,하,새벽(00-06),0,1,0,0,0
2026-09-28,월,9,장항선,177.3,철강,18.2,상,새벽(00-06),0,1,0,0,0
2026-09-27,일,9,경부선,346.8,기타,16.0,하,새벽(00-06),0,0,0,0,0
2026-05-24,일,5,중앙선,145.1,철강,7.8,상,오후(12-18),0,1,0,0,0
2026-10-20,화,10,경부선,273.4,유류,8.9,상,야간(18-24),0,0,0,0,0
2026-05-20,수,5,태백선,86.0,기타,18.0,하,새벽(00-06),0,0,0,0,1
2026-01-18,일,1,충북선,157.9,철강,16.7,하,새벽(00-06),1,1,0,1,0
2026-11-28,토,11,충북선,142.0,시멘트,3.0,상,야간(18-24),0,0,0,0,0
2026-03-27,금,3,영동선,96.2,유류,6.0,하,오후(12-18),0,0,0,0,0
2026-02-07,토,2,중앙선,205.0,시멘트,16.2,하,야간(18-24),0,1,0,1,0
2026-08-15,토,8,부산신항선,9.3,시멘트,5.0,상,오후(12-18),0,0,1,0,0
2026-03-27,금,3,전라선,186.4,컨테이너,16.8,하,야간(18-24),0,1,0,0,0
2026-11-10,화,11,호남선,271.8,석탄,23.6,하,오전(06-12),1,0,0,0,1
2026-06-11,목,6,부산신항선,10.5,광석,14.2,하,새벽(00-06),0,1,1,0,0
2026-01-02,금,1,영동선,93.6,석탄,6.5,상,오후(12-18),0,0,0,1,0
2026-12-14,월,12,경부선,293.4,시멘트,13.1,하,오전(06-12),1,0,0,1,0
2026-07-07,화,7,장항선,176.1,석탄,18.2,하,오전(06-12),0,0,1,0,1
2026-04-06,월,4,장항선,176.1,유류,12.6,상,오전(06-12),0,1,0,0,1
2026-09-05,토,9,충북선,193.9,철강,14.9,하,새벽(00-06),0,1,0,0,0
2026-07-13,월,7,경부선,317.0,시멘트,7.2,상,오후(12-18),0,1,1,0,0
2026-01-11,일,1,영동선,137.6,시멘트,7.7,상,오전(06-12),0,1,0,1,1
2026-10-05,월,10,경부선,302.9,시멘트,17.4,상,야간(18-24),0,0,0,0,1
2026-05-27,수,5,중앙선,208.2,광석,7.7,하,새벽(00-06),0,0,0,0,0
2026-09-13,일,9,충북선,186.8,컨테이너,1.0,하,오후(12-18),0,0,0,0,0
2026-11-23,월,11,경부선,368.0,유류,10.2,상,오전(06-12),0,0,0,0,0
2026-08-11,화,8,전라선,268.8,컨테이너,13.9,상,새벽(00-06),0,0,1,0,1
2026-09-03,목,9,경부선,309.3,기타,18.4,하,오전(06-12),0,1,0,0,0
2026-04-03,금,4,전라선,229.2,시멘트,21.9,상,오전(06-12),0,0,0,0,0
2026-03-28,토,3,태백선,85.9,철강,12.5,하,야간(18-24),1,0,0,0,1
2026-06-01,월,6,중앙선,186.4,철강,16.0,하,새벽(00-06),0,1,1,0,0
2026-11-08,일,11,전라선,262.1,철강,12.7,상,야간(18-24),0,1,0,0,1
2026-07-11,토,7,경부선,356.1,철강,14.1,상,새벽(00-06),0,0,1,0,0
2026-05-08,금,5,태백선,133.8,컨테이너,10.9,하,오전(06-12),0,0,0,0,0
2026-10-12,월,10,호남선,250.7,컨테이너,14.3,상,오후(12-18),0,0,0,0,0
2026-11-08,일,11,경부선,304.8,컨테이너,7.6,하,새벽(00-06),1,0,0,0,1
2026-11-26,목,11,전라선,207.9,석탄,23.9,하,새벽(00-06),0,0,0,0,0
2026-04-20,월,4,충북선,149.6,석탄,1.0,상,새벽(00-06),1,0,0,0,0
2026-09-17,목,9,충북선,133.2,컨테이너,15.4,하,오전(06-12),0,0,0,0,1
2026-08-04,화,8,전라선,248.1,철강,13.9,하,오전(06-12),0,0,1,0,0
2026-06-13,토,6,중앙선,203.4,컨테이너,14.2,상,야간(18-24),0,0,1,0,0
2026-05-25,월,5,충북선,176.5,시멘트,4.9,상,새벽(00-06),0,1,0,0,0
2026-02-11,수,2,경부선,303.6,시멘트,1.9,하,야간(18-24),0,0,0,1,1
2026-04-11,토,4,중앙선,191.3,철강,15.6,하,야간(18-24),0,0,0,0,0
2026-07-20,월,7,태백선,91.9,컨테이너,20.0,하,새벽(00-06),0,1,1,0,0
2026-11-20,금,11,경부선,335.2,광석,13.3,상,야간(18-24),0,1,0,0,0
2026-11-13,금,11,충북선,163.8,석탄,16.8,하,야간(18-24),0,0,0,0,0
2026-03-10,화,3,경부선,276.2,시멘트,9.3,상,새벽(00-06),0,0,0,0,1
2026-09-05,토,9,태백선,133.4,컨테이너,14.0,하,오전(06-12),0,0,0,0,0
2026-01-31,토,1,충북선,154.9,철강,19.4,하,야간(18-24),1,1,0,1,1
2026-09-04,금,9,중앙선,255.1,유류,10.1,하,오후(12-18),0,1,0,0,0
2026-05-05,화,5,경부선,277.8,시멘트,19.1,하,야간(18-24),0,0,0,0,0
2026-06-14,일,6,중앙선,204.9,컨테이너,2.2,상,오전(06-12),0,1,1,0,0
2026-09-19,토,9,호남선,180.9,시멘트,8.3,하,새벽(00-06),1,0,0,0,0
2026-06-05,금,6,충북선,147.4,시멘트,15.3,상,오후(12-18),0,0,1,0,0
2026-10-22,목,10,중앙선,203.0,컨테이너,23.4,상,오전(06-12),0,0,0,0,0
2026-07-14,화,7,장항선,175.4,철강,12.1,하,오후(12-18),0,0,1,0,0
2026-12-31,목,12,중앙선,193.1,시멘트,5.8,하,오전(06-12),0,1,0,1,1
2026-08-21,금,8,중앙선,204.9,유류,23.3,하,오전(06-12),1,0,1,0,1
2026-04-19,일,4,중앙선,176.0,시멘트,11.2,상,야간(18-24),0,0,0,0,0
2026-10-10,토,10,경부선,355.6,석탄,16.0,하,오후(12-18),0,1,0,0,1
2026-05-29,금,5,전라선,220.2,광석,10.0,하,오후(12-18),0,0,0,0,0
2026-07-14,화,7,부산신항선,10.3,시멘트,12.9,상,야간(18-24),0,0,1,0,0
2026-02-19,목,2,부산신항선,11.7,컨테이너,8.6,상,새벽(00-06),0,0,0,1,0
2026-02-13,금,2,부산신항선,11.3,시멘트,25.0,하,오후(12-18),0,1,0,1,1
2026-07-29,수,7,중앙선,215.8,시멘트,19.1,하,오전(06-12),0,0,1,0,0
2026-03-10,화,3,경부선,332.9,철강,22.6,하,오후(12-18),0,1,0,0,0
2026-12-31,목,12,충북선,173.0,유류,7.3,하,야간(18-24),0,0,0,1,0
2026-11-09,월,11,호남선,200.1,철강,1.0,상,야간(18-24),0,0,0,0,1
2026-09-13,일,9,전라선,197.3,기타,10.2,하,오전(06-12),1,0,0,0,0
2026-09-26,토,9,중앙선,143.3,컨테이너,25.0,하,야간(18-24),0,0,0,0,0
2026-08-06,목,8,전라선,179.3,컨테이너,10.1,상,오전(06-12),0,0,1,0,0
2026-01-23,금,1,장항선,214.9,컨테이너,18.3,상,오후(12-18),0,1,0,1,0
2026-05-24,일,5,부산신항선,5.0,석탄,5.9,하,야간(18-24),0,1,0,0,1
2026-06-30,화,6,장항선,203.5,컨테이너,7.0,상,오후(12-18),0,0,1,0,1
2026-12-01,화,12,중앙선,164.6,컨테이너,11.5,하,오후(12-18),0,1,0,1,0
2026-03-22,일,3,경부선,367.7,기타,24.7,상,야간(18-24),0,0,0,0,0
2026-07-01,수,7,중앙선,116.2,컨테이너,18.6,하,새벽(00-06),0,0,1,0,0
2026-05-06,수,5,중앙선,185.1,컨테이너,1.0,상,오후(12-18),0,1,0,0,0
2026-02-19,목,2,호남선,244.6,시멘트,16.0,상,오후(12-18),0,0,0,1,0
2026-02-07,토,2,충북선,179.1,컨테이너,5.1,상,오전(06-12),0,0,0,1,0
2026-05-14,목,5,중앙선,181.5,컨테이너,7.9,하,야간(18-24),0,1,0,0,0
2026-01-31,토,1,중앙선,125.3,컨테이너,15.1,상,오전(06-12),0,0,0,1,1
2026-01-25,일,1,충북선,128.2,컨테이너,20.4,하,새벽(00-06),1,1,0,1,0
2026-05-09,토,5,충북선,196.0,유류,20.1,상,야간(18-24),0,1,0,0,0
2026-03-15,일,3,경부선,306.3,시멘트,14.0,하,새벽(00-06),0,0,0,0,0
2026-07-22,수,7,태백선,134.1,철강,14.1,상,오후(12-18),0,0,1,0,0
2026-01-07,수,1,중앙선,203.2,철강,20.1,상,야간(18-24),0,0,0,1,0
2026-04-21,화,4,중앙선,147.7,철강,2.5,상,야간(18-24),0,0,0,0,0
2026-06-15,월,6,경부선,336.5,광석,23.0,상,오후(12-18),0,0,1,0,0
2026-12-18,금,12,충북선,150.8,시멘트,7.6,상,야간(18-24),0,1,0,1,0
2026-08-20,목,8,전라선,238.2,컨테이너,13.6,하,오전(06-12),0,0,1,0,0
2026-11-18,수,11,부산신항선,8.9,컨테이너,9.0,상,새벽(00-06),0,0,0,0,0
2026-05-06,수,5,경부선,257.3,컨테이너,5.1,상,오후(12-18),0,1,0,0,0
2026-06-14,일,6,영동선,103.4,유류,14.8,상,오후(12-18),0,1,1,0,0
2026-06-03,수,6,전라선,248.6,시멘트,13.4,하,야간(18-24),0,0,1,0,0
2026-11-20,금,11,경부선,336.0,컨테이너,11.4,하,오전(06-12),0,1,0,0,0
2026-12-17,목,12,경부선,321.4,컨테이너,11.1,상,새벽(00-06),1,0,0,1,0
2026-12-18,금,12,중앙선,224.7,광석,21.2,상,새벽(00-06),0,1,0,1,0
2026-10-02,금,10,부산신항선,10.0,시멘트,25.0,하,오전(06-12),0,0,0,0,0
2026-07-03,금,7,경부선,322.5,컨테이너,19.5,상,야간(18-24),0,0,1,0,0
2026-07-17,금,7,중앙선,176.5,광석,13.7,하,오전(06-12),0,1,1,0,0
2026-12-24,목,12,전라선,258.1,철강,2.2,하,새벽(00-06),0,1,0,1,0
2026-04-14,화,4,부산신항선,11.5,시멘트,15.8,상,새벽(00-06),0,1,0,0,1
2026-05-07,목,5,전라선,212.7,시멘트,16.0,상,오전(06-12),0,0,0,0,0
2026-11-24,화,11,장항선,149.8,석탄,16.6,하,오전(06-12),0,0,0,0,0
2026-05-22,금,5,경부선,364.4,컨테이너,5.2,하,야간(18-24),0,0,0,0,0
2026-03-27,금,3,부산신항선,8.4,기타,17.1,상,야간(18-24),1,0,0,0,0
2026-07-24,금,7,경부선,323.1,철강,21.4,상,오후(12-18),1,0,1,0,0
2026-04-29,수,4,경부선,414.3,석탄,6.1,상,오전(06-12),0,0,0,0,1
2026-11-22,일,11,영동선,121.8,석탄,16.1,하,새벽(00-06),0,1,0,0,0
2026-11-28,토,11,경부선,384.6,기타,7.1,하,오전(06-12),0,1,0,0,0
2026-04-22,수,4,경부선,298.7,컨테이너,11.4,하,오후(12-18),0,1,0,0,1
2026-07-13,월,7,충북선,188.1,컨테이너,6.3,상,오전(06-12),1,0,1,0,0
2026-12-26,토,12,중앙선,194.2,철강,9.9,하,오전(06-12),0,0,0,1,1
2026-09-28,월,9,경부선,334.8,컨테이너,9.9,상,야간(18-24),0,0,0,0,0
2026-03-20,금,3,충북선,211.8,석탄,14.5,상,오후(12-18),0,0,0,0,0
2026-08-04,화,8,장항선,174.0,시멘트,17.3,하,오전(06-12),1,1,1,0,0
2026-08-15,토,8,장항선,180.0,컨테이너,19.3,하,오후(12-18),0,0,1,0,1
2026-08-27,목,8,경부선,284.1,컨테이너,8.1,상,오전(06-12),0,0,1,0,0
2026-01-10,토,1,충북선,183.5,철강,14.2,상,새벽(00-06),0,1,0,1,0
2026-04-20,월,4,태백선,124.3,컨테이너,5.4,하,야간(18-24),0,0,0,0,1
2026-11-08,일,11,경부선,361.1,컨테이너,11.3,상,새벽(00-06),0,1,0,0,0
2026-03-30,월,3,경부선,254.2,시멘트,12.3,하,새벽(00-06),0,0,0,0,0
2026-04-20,월,4,경부선,342.1,컨테이너,6.5,하,오후(12-18),0,0,0,0,0
2026-04-28,화,4,충북선,145.2,석탄,15.4,하,오전(06-12),0,1,0,0,0
2026-03-06,금,3,경부선,349.4,기타,11.1,상,오후(12-18),0,0,0,0,0
2026-02-26,목,2,전라선,229.0,철강,12.9,하,야간(18-24),1,0,0,1,0
2026-05-07,목,5,영동선,101.8,시멘트,19.3,하,새벽(00-06),0,0,0,0,0
2026-11-16,월,11,경부선,304.7,시멘트,9.4,하,새벽(00-06),0,0,0,0,0
2026-01-01,목,1,전라선,203.9,기타,17.1,하,새벽(00-06),1,1,0,1,1
2026-04-14,화,4,경부선,353.7,유류,20.7,상,새벽(00-06),0,1,0,0,1
2026-01-23,금,1,경부선,278.3,유류,20.3,하,야간(18-24),0,1,0,1,0
2026-07-24,금,7,장항선,174.3,컨테이너,10.9,하,오전(06-12),0,1,1,0,0
2026-04-02,목,4,중앙선,205.4,컨테이너,6.2,상,새벽(00-06),1,0,0,0,0
2026-10-17,토,10,호남선,248.5,컨테이너,7.7,하,오후(12-18),0,0,0,0,0
2026-08-02,일,8,충북선,161.1,컨테이너,2.5,하,야간(18-24),0,1,1,0,0
2026-10-14,수,10,경부선,310.5,컨테이너,16.1,하,야간(18-24),0,0,0,0,0
2026-08-20,목,8,중앙선,202.9,유류,16.5,상,오전(06-12),0,0,1,0,0
2026-06-10,수,6,경부선,237.3,컨테이너,12.7,하,오후(12-18),0,1,1,0,0
2026-11-11,수,11,부산신항선,7.0,컨테이너,3.7,하,새벽(00-06),0,1,0,0,0
2026-06-23,화,6,전라선,218.1,유류,9.8,하,야간(18-24),0,0,1,0,1
2026-12-13,일,12,중앙선,168.3,기타,20.3,상,야간(18-24),0,0,0,1,0
2026-12-30,수,12,충북선,121.3,컨테이너,15.7,상,오후(12-18),1,1,0,1,1
2026-08-03,월,8,전라선,255.1,컨테이너,16.7,하,오후(12-18),0,0,1,0,0
2026-09-04,금,9,장항선,184.8,철강,25.0,하,오후(12-18),0,0,0,0,0
2026-04-04,토,4,경부선,325.8,기타,14.0,상,오후(12-18),0,0,0,0,0
2026-10-25,일,10,경부선,292.4,석탄,1.0,상,오전(06-12),0,1,0,0,0
2026-09-03,목,9,경부선,323.4,시멘트,5.4,하,오후(12-18),0,0,0,0,0
2026-11-26,목,11,중앙선,211.3,석탄,13.8,하,야간(18-24),0,0,0,0,0
2026-04-08,수,4,중앙선,184.0,철강,12.1,하,오후(12-18),0,0,0,0,0
2026-10-15,목,10,경부선,338.0,컨테이너,11.0,하,오전(06-12),0,0,0,0,1
2026-06-21,일,6,중앙선,165.4,시멘트,11.1,하,오전(06-12),0,1,1,0,0
2026-03-09,월,3,중앙선,196.7,유류,7.3,하,오후(12-18),1,0,0,0,1
2026-03-04,수,3,경부선,365.9,석탄,14.2,상,새벽(00-06),0,0,0,0,0
2026-07-25,토,7,부산신항선,14.3,컨테이너,20.4,상,오전(06-12),0,1,1,0,0
2026-04-27,월,4,충북선,194.5,철강,22.4,상,새벽(00-06),0,0,0,0,0
2026-02-07,토,2,중앙선,203.3,석탄,22.2,상,오전(06-12),0,1,0,1,0
2026-06-05,금,6,충북선,162.1,컨테이너,6.3,하,새벽(00-06),0,1,1,0,0
2026-08-27,목,8,중앙선,177.6,시멘트,11.9,상,오전(06-12),1,0,1,0,0
2026-04-27,월,4,태백선,99.4,컨테이너,10.1,하,야간(18-24),0,0,0,0,0
2026-12-15,화,12,충북선,127.7,기타,15.6,하,새벽(00-06),0,0,0,1,1
2026-10-12,월,10,중앙선,187.4,컨테이너,11.5,하,새벽(00-06),0,0,0,0,0
2026-07-07,화,7,부산신항선,10.3,유류,10.6,하,오전(06-12),0,0,1,0,0
2026-12-08,화,12,태백선,163.7,시멘트,20.7,상,오후(12-18),0,0,0,1,1
2026-06-08,월,6,장항선,205.9,유류,12.6,상,야간(18-24),0,0,1,0,0
2026-02-20,금,2,경부선,292.7,기타,12.7,상,오후(12-18),0,1,0,1,0
2026-01-14,수,1,경부선,352.9,기타,14.5,하,야간(18-24),0,1,0,1,0
2026-12-09,수,12,전라선,215.1,유류,16.1,하,새벽(00-06),1,0,0,1,0
2026-12-17,목,12,중앙선,217.2,시멘트,16.1,하,새벽(00-06),0,1,0,1,0
2026-09-27,일,9,전라선,253.6,컨테이너,21.3,하,야간(18-24),1,0,0,0,0
2026-02-07,토,2,장항선,204.4,컨테이너,4.3,하,새벽(00-06),0,1,0,1,0
2026-04-18,토,4,중앙선,176.1,석탄,13.9,상,오전(06-12),0,0,0,0,0
2026-01-15,목,1,경부선,360.8,시멘트,11.4,상,오전(06-12),1,1,0,1,0
2026-01-19,월,1,중앙선,127.8,시멘트,10.2,하,야간(18-24),0,0,0,1,0
2026-03-31,화,3,경부선,372.0,컨테이너,16.5,상,오전(06-12),0,0,0,0,0
2026-07-28,화,7,전라선,228.6,철강,19.8,상,야간(18-24),0,0,1,0,0
2026-01-24,토,1,장항선,179.5,컨테이너,8.4,상,오후(12-18),0,1,0,1,0
2026-12-26,토,12,중앙선,122.0,컨테이너,22.1,상,새벽(00-06),1,1,0,1,0
2026-06-16,화,6,전라선,217.7,시멘트,3.4,상,새벽(00-06),0,1,1,0,0
2026-04-07,화,4,충북선,195.2,시멘트,15.5,하,오전(06-12),0,0,0,0,0
2026-07-08,수,7,전라선,216.6,광석,6.7,상,새벽(00-06),0,0,1,0,0
2026-10-16,금,10,경부선,348.7,석탄,8.1,하,오전(06-12),0,0,0,0,0
2026-04-25,토,4,전라선,230.4,철강,12.4,하,오전(06-12),0,0,0,0,1
2026-01-18,일,1,전라선,261.3,컨테이너,9.6,하,오후(12-18),0,0,0,1,1
2026-01-19,월,1,경부선,327.9,컨테이너,1.0,하,오전(06-12),0,0,0,1,0
2026-11-07,토,11,충북선,138.0,철강,15.7,상,야간(18-24),1,0,0,0,0
2026-02-10,화,2,태백선,136.6,컨테이너,16.7,상,새벽(00-06),0,0,0,1,0
2026-08-20,목,8,경부선,384.2,유류,11.0,하,야간(18-24),0,0,1,0,0
2026-05-21,목,5,전라선,244.3,광석,10.6,하,오후(12-18),0,1,0,0,0
2026-10-11,일,10,호남선,205.3,컨테이너,9.8,상,야간(18-24),0,0,0,0,0
2026-01-23,금,1,태백선,180.6,철강,1.7,하,오후(12-18),0,1,0,1,0
2026-11-24,화,11,중앙선,233.9,시멘트,1.1,상,새벽(00-06),0,1,0,0,1
2026-09-12,토,9,충북선,181.7,컨테이너,16.8,상,야간(18-24),0,0,0,0,1
2026-06-13,토,6,영동선,114.6,시멘트,18.4,하,야간(18-24),0,0,1,0,1
2026-03-17,화,3,충북선,179.6,석탄,15.6,상,야간(18-24),0,0,0,0,0
2026-12-23,수,12,경부선,350.7,기타,14.3,하,야간(18-24),0,0,0,1,0
2026-04-21,화,4,경부선,232.9,컨테이너,16.7,상,새벽(00-06),0,0,0,0,0
2026-06-29,월,6,장항선,187.5,석탄,16.3,하,야간(18-24),0,0,1,0,1
2026-05-24,일,5,중앙선,187.7,컨테이너,7.3,상,야간(18-24),0,0,0,0,0
2026-03-26,목,3,경부선,300.2,컨테이너,13.3,하,야간(18-24),0,0,0,0,0
2026-06-02,화,6,중앙선,186.5,석탄,10.2,하,오후(12-18),0,0,1,0,0
2026-02-25,수,2,장항선,148.5,철강,10.3,하,야간(18-24),0,0,0,1,0
2026-01-01,목,1,중앙선,130.1,철강,18.8,상,오후(12-18),0,1,0,1,0
2026-04-16,목,4,태백선,160.4,광석,21.4,하,오전(06-12),0,0,0,0,1
2026-02-10,화,2,전라선,243.3,컨테이너,1.0,상,야간(18-24),0,1,0,1,0
2026-06-01,월,6,영동선,73.6,시멘트,10.5,하,새벽(00-06),0,0,1,0,1
2026-11-11,수,11,부산신항선,8.9,컨테이너,10.2,상,야간(18-24),1,0,0,0,0
2026-03-01,일,3,경부선,355.4,유류,19.0,상,오전(06-12),0,0,0,0,0
2026-01-01,목,1,전라선,221.0,컨테이너,3.3,상,새벽(00-06),1,0,0,1,0
2026-02-10,화,2,경부선,370.0,컨테이너,1.0,하,오전(06-12),0,0,0,1,0
2026-07-05,일,7,영동선,125.5,철강,16.9,하,오후(12-18),0,0,1,0,0
2026-04-11,토,4,경부선,265.9,시멘트,17.8,하,새벽(00-06),0,1,0,0,0
2026-06-28,일,6,전라선,225.1,석탄,1.3,하,야간(18-24),1,1,1,0,0
2026-01-11,일,1,태백선,126.5,기타,11.3,상,오전(06-12),0,0,0,1,0
2026-05-02,토,5,경부선,264.6,시멘트,21.2,하,오후(12-18),1,1,0,0,1
2026-05-30,토,5,태백선,106.4,시멘트,5.5,상,새벽(00-06),0,0,0,0,1
2026-06-07,일,6,경부선,288.0,기타,12.6,하,새벽(00-06),0,0,1,0,0
2026-07-21,화,7,중앙선,170.9,철강,15.0,하,새벽(00-06),0,0,1,0,0
2026-10-12,월,10,중앙선,203.2,컨테이너,3.4,상,새벽(00-06),0,1,0,0,0
2026-06-20,토,6,중앙선,229.8,철강,8.6,상,야간(18-24),0,0,1,0,1
2026-11-04,수,11,충북선,174.1,시멘트,1.9,상,오전(06-12),0,0,0,0,0
2026-07-13,월,7,부산신항선,12.9,철강,11.0,상,야간(18-24),0,1,1,0,0
2026-04-06,월,4,중앙선,184.0,시멘트,7.3,하,오후(12-18),1,0,0,0,0
2026-03-25,수,3,충북선,176.4,컨테이너,13.2,상,새벽(00-06),0,0,0,0,0
2026-04-28,화,4,부산신항선,10.2,유류,15.8,하,야간(18-24),0,1,0,0,0
2026-08-07,금,8,장항선,170.8,컨테이너,20.3,상,야간(18-24),0,1,1,0,0
2026-03-30,월,3,경부선,396.1,유류,25.0,하,새벽(00-06),0,0,0,0,0
2026-11-30,월,11,호남선,149.9,유류,13.2,하,오후(12-18),0,0,0,0,0
2026-06-25,목,6,경부선,245.3,기타,10.1,하,오전(06-12),0,0,1,0,0
2026-11-12,목,11,충북선,170.9,컨테이너,9.8,상,오전(06-12),1,0,0,0,0
2026-09-07,월,9,충북선,154.7,시멘트,6.2,하,오전(06-12),0,0,0,0,0
2026-05-02,토,5,장항선,150.9,컨테이너,14.7,하,오전(06-12),0,1,0,0,1
2026-03-25,수,3,경부선,278.0,시멘트,9.0,하,오전(06-12),0,1,0,0,0
2026-09-29,화,9,경부선,283.2,시멘트,15.1,하,오전(06-12),0,0,0,0,0
2026-05-01,금,5,장항선,197.4,시멘트,6.4,하,오전(06-12),0,1,0,0,0
2026-04-01,수,4,경부선,368.7,시멘트,9.2,상,오후(12-18),0,0,0,0,0
2026-12-06,일,12,중앙선,250.7,기타,14.6,하,새벽(00-06),0,0,0,1,1
2026-06-26,금,6,전라선,181.7,컨테이너,11.3,하,새벽(00-06),0,0,1,0,0
2026-01-18,일,1,전라선,188.4,시멘트,1.0,상,오전(06-12),1,1,0,1,1
2026-06-30,화,6,경부선,262.8,석탄,11.9,하,오전(06-12),0,0,1,0,0
2026-06-18,목,6,중앙선,238.4,컨테이너,7.2,상,오후(12-18),0,0,1,0,0
2026-11-12,목,11,영동선,116.1,철강,19.1,상,오후(12-18),0,0,0,0,0
2026-09-17,목,9,중앙선,196.1,석탄,17.8,하,새벽(00-06),0,0,0,0,0
2026-03-11,수,3,경부선,329.4,철강,1.0,상,오후(12-18),0,0,0,0,0
2026-02-24,화,2,경부선,317.9,석탄,16.8,상,오전(06-12),0,0,0,1,0
2026-08-09,일,8,중앙선,154.1,유류,14.3,상,오전(06-12),1,0,1,0,0
2026-01-18,일,1,영동선,117.5,기타,3.1,상,오후(12-18),0,0,0,1,1
2026-04-27,월,4,중앙선,186.8,컨테이너,17.3,하,오후(12-18),0,0,0,0,0
2026-02-20,금,2,경부선,272.2,시멘트,4.3,하,오후(12-18),0,0,0,1,0
2026-01-08,목,1,충북선,175.7,유류,18.9,하,야간(18-24),0,0,0,1,0
2026-12-02,수,12,경부선,303.2,컨테이너,8.1,하,오전(06-12),0,0,0,1,0
2026-02-02,월,2,경부선,329.3,시멘트,2.9,하,야간(18-24),0,0,0,1,0
2026-01-04,일,1,영동선,107.9,석탄,24.7,하,야간(18-24),0,0,0,1,0
2026-12-07,월,12,전라선,256.1,컨테이너,2.7,하,오전(06-12),0,0,0,1,0
2026-03-10,화,3,경부선,329.0,시멘트,7.2,상,야간(18-24),0,0,0,0,1
2026-10-26,월,10,중앙선,162.4,철강,8.3,하,오전(06-12),1,0,0,0,0
2026-01-12,월,1,경부선,333.1,컨테이너,9.3,상,야간(18-24),0,1,0,1,0
2026-02-26,목,2,경부선,334.4,컨테이너,16.2,상,야간(18-24),0,0,0,1,1
2026-02-10,화,2,충북선,174.1,유류,12.3,하,오전(06-12),0,1,0,1,0
2026-09-15,화,9,충북선,187.2,철강,18.0,하,오전(06-12),0,1,0,0,0
2026-08-15,토,8,전라선,210.9,시멘트,14.2,상,오후(12-18),0,0,1,0,1
2026-06-23,화,6,부산신항선,12.6,시멘트,2.0,상,오전(06-12),0,1,1,0,0
2026-03-30,월,3,경부선,251.2,컨테이너,15.3,상,오후(12-18),1,1,0,0,0
2026-02-02,월,2,호남선,205.2,유류,13.4,하,오전(06-12),0,1,0,1,0
2026-07-27,월,7,충북선,154.4,컨테이너,8.3,하,오전(06-12),0,0,1,0,0
2026-03-26,목,3,경부선,378.1,광석,24.4,상,오전(06-12),0,0,0,0,0
2026-08-04,화,8,태백선,132.4,철강,15.7,하,야간(18-24),0,0,1,0,0
2026-09-08,화,9,경부선,344.5,컨테이너,17.7,상,오후(12-18),0,0,0,0,0
2026-11-07,토,11,충북선,117.3,석탄,17.9,상,오후(12-18),0,0,0,0,0
2026-06-30,화,6,전라선,218.8,광석,9.5,상,야간(18-24),0,1,1,0,0
2026-01-02,금,1,경부선,286.3,유류,15.8,상,야간(18-24),0,0,0,1,0
2026-04-13,월,4,태백선,185.0,석탄,13.9,상,오전(06-12),0,1,0,0,1
2026-11-08,일,11,경부선,293.5,컨테이너,8.7,상,새벽(00-06),0,0,0,0,0
2026-07-14,화,7,태백선,137.0,석탄,4.7,하,오전(06-12),0,0,1,0,0
2026-08-14,금,8,경부선,325.3,석탄,12.1,상,오후(12-18),0,0,1,0,0
2026-06-17,수,6,경부선,256.6,시멘트,15.5,하,새벽(00-06),0,0,1,0,0
2026-03-01,일,3,중앙선,174.9,컨테이너,12.1,하,야간(18-24),0,1,0,0,1
2026-11-24,화,11,태백선,143.6,광석,10.9,하,새벽(00-06),0,0,0,0,0
2026-10-10,토,10,경부선,323.6,시멘트,12.2,상,오전(06-12),0,1,0,0,1
2026-12-30,수,12,부산신항선,5.0,컨테이너,10.3,하,오후(12-18),1,1,0,1,0
2026-11-09,월,11,경부선,297.5,컨테이너,21.3,상,오후(12-18),1,0,0,0,1
2026-04-17,금,4,중앙선,229.0,컨테이너,13.6,상,오전(06-12),0,0,0,0,0
2026-04-03,금,4,중앙선,213.9,시멘트,9.1,하,야간(18-24),1,0,0,0,0
2026-04-01,수,4,경부선,368.9,컨테이너,1.2,하,야간(18-24),0,0,0,0,0
2026-12-02,수,12,호남선,183.6,시멘트,10.8,상,새벽(00-06),0,1,0,1,0
2026-07-23,목,7,중앙선,238.1,컨테이너,8.5,상,야간(18-24),0,1,1,0,0
2026-06-15,월,6,전라선,228.1,컨테이너,8.3,하,오전(06-12),0,0,1,0,0
2026-12-20,일,12,충북선,201.1,컨테이너,17.7,하,오전(06-12),0,1,0,1,0
2026-08-09,일,8,충북선,161.4,시멘트,12.5,하,야간(18-24),0,1,1,0,1
2026-11-28,토,11,충북선,110.1,시멘트,1.9,상,야간(18-24),0,0,0,0,0
2026-12-26,토,12,부산신항선,13.1,시멘트,15.7,하,오후(12-18),0,1,0,1,1
2026-01-29,목,1,전라선,216.1,철강,2.5,하,오전(06-12),0,0,0,1,0
2026-05-12,화,5,충북선,151.9,시멘트,16.2,상,새벽(00-06),0,1,0,0,0
2026-09-25,금,9,전라선,185.8,석탄,9.1,상,오전(06-12),0,0,0,0,0
2026-10-24,토,10,충북선,201.9,컨테이너,12.5,상,오후(12-18),0,0,0,0,0
2026-02-24,화,2,중앙선,175.1,시멘트,11.9,하,오후(12-18),0,0,0,1,0
2026-04-27,월,4,충북선,200.7,컨테이너,11.1,하,야간(18-24),0,0,0,0,0
2026-07-20,월,7,중앙선,178.2,시멘트,13.3,상,오전(06-12),0,0,1,0,1
2026-10-19,월,10,장항선,161.0,석탄,12.5,하,오후(12-18),0,1,0,0,0
2026-02-11,수,2,영동선,129.6,철강,23.2,하,오후(12-18),0,0,0,1,0
2026-08-08,토,8,호남선,206.4,시멘트,13.3,상,오후(12-18),0,0,1,0,0
2026-04-19,일,4,태백선,134.2,시멘트,13.5,하,야간(18-24),0,1,0,0,0
2026-03-20,금,3,충북선,129.3,컨테이너,7.7,하,야간(18-24),0,0,0,0,0
2026-07-08,수,7,장항선,170.4,기타,14.3,하,새벽(00-06),0,1,1,0,0
2026-06-01,월,6,경부선,337.3,컨테이너,5.9,상,야간(18-24),0,1,1,0,0
2026-08-21,금,8,중앙선,147.8,컨테이너,18.9,하,야간(18-24),0,1,1,0,0
2026-04-26,일,4,경부선,298.6,컨테이너,3.1,상,새벽(00-06),0,1,0,0,1
2026-10-28,수,10,경부선,303.4,기타,6.9,상,오후(12-18),0,0,0,0,0
2026-01-29,목,1,영동선,110.8,광석,2.2,하,오후(12-18),0,1,0,1,0
2026-11-11,수,11,태백선,165.1,컨테이너,14.5,하,오전(06-12),0,1,0,0,0
2026-01-11,일,1,충북선,153.8,컨테이너,9.5,상,야간(18-24),0,0,0,1,1
2026-09-26,토,9,경부선,292.6,철강,16.1,상,야간(18-24),0,0,0,0,0
2026-05-07,목,5,전라선,311.8,컨테이너,6.1,상,새벽(00-06),0,0,0,0,0
2026-05-20,수,5,중앙선,178.1,컨테이너,15.2,상,새벽(00-06),0,0,0,0,0
2026-01-07,수,1,장항선,175.8,시멘트,15.5,하,새벽(00-06),0,0,0,1,0
2026-09-14,월,9,영동선,104.4,시멘트,13.3,하,야간(18-24),1,0,0,0,1
2026-03-02,월,3,중앙선,183.6,시멘트,12.2,하,새벽(00-06),0,0,0,0,0
2026-08-29,토,8,경부선,323.3,석탄,12.8,상,오후(12-18),0,0,1,0,0
2026-09-22,화,9,경부선,357.0,철강,6.5,하,오후(12-18),0,0,0,0,0
2026-11-05,목,11,경부선,336.4,시멘트,5.5,상,새벽(00-06),0,1,0,0,0
2026-09-16,수,9,중앙선,231.0,컨테이너,15.3,하,새벽(00-06),0,0,0,0,0
2026-04-21,화,4,경부선,362.0,컨테이너,9.8,상,야간(18-24),0,1,0,0,0
2026-09-27,일,9,경부선,328.5,유류,14.7,하,오전(06-12),0,1,0,0,0
2026-10-29,목,10,경부선,335.3,컨테이너,21.3,상,오전(06-12),0,0,0,0,0
2026-04-26,일,4,경부선,364.5,시멘트,9.3,하,오전(06-12),0,0,0,0,0
2026-02-15,일,2,전라선,196.1,컨테이너,8.4,상,새벽(00-06),0,1,0,1,0
2026-11-21,토,11,경부선,420.1,컨테이너,10.1,하,오전(06-12),0,0,0,0,1
2026-02-23,월,2,태백선,125.2,시멘트,12.2,상,새벽(00-06),0,0,0,1,1
2026-08-05,수,8,경부선,306.2,컨테이너,15.7,하,오전(06-12),0,0,1,0,0
2026-03-28,토,3,경부선,271.7,석탄,11.8,하,새벽(00-06),0,0,0,0,1
2026-02-15,일,2,경부선,272.9,시멘트,24.5,하,오후(12-18),0,1,0,1,0
2026-10-11,일,10,전라선,258.6,철강,14.5,상,새벽(00-06),0,1,0,0,0
2026-02-22,일,2,경부선,411.0,시멘트,16.7,하,새벽(00-06),0,0,0,1,0
2026-09-02,수,9,충북선,147.1,컨테이너,11.8,상,야간(18-24),0,0,0,0,0
2026-09-10,목,9,경부선,334.1,철강,18.1,상,오후(12-18),0,1,0,0,0
2026-01-22,목,1,영동선,113.1,광석,10.8,상,야간(18-24),0,1,0,1,0
2026-03-05,목,3,경부선,360.2,컨테이너,8.1,상,야간(18-24),0,1,0,0,0
2026-10-17,토,10,중앙선,271.0,석탄,17.4,상,오전(06-12),0,0,0,0,1
2026-07-05,일,7,태백선,165.9,석탄,11.7,하,오후(12-18),0,0,1,0,0
2026-02-14,토,2,경부선,310.7,석탄,13.5,하,야간(18-24),0,0,0,1,1
2026-12-28,월,12,경부선,341.4,컨테이너,17.9,하,오전(06-12),0,0,0,1,0
2026-04-07,화,4,장항선,192.2,컨테이너,12.8,상,새벽(00-06),0,1,0,0,1
2026-01-02,금,1,경부선,319.4,컨테이너,11.1,상,새벽(00-06),0,0,0,1,0
2026-12-04,금,12,경부선,276.4,컨테이너,8.8,하,야간(18-24),0,1,0,1,0
2026-01-07,수,1,중앙선,165.3,시멘트,18.4,하,새벽(00-06),0,0,0,1,0
2026-07-21,화,7,경부선,366.1,유류,9.9,상,야간(18-24),0,0,1,0,1
2026-12-29,화,12,부산신항선,14.4,시멘트,11.7,하,오후(12-18),0,1,0,1,1
2026-07-30,목,7,충북선,156.1,시멘트,13.7,하,오후(12-18),0,1,1,0,0
2026-08-02,일,8,충북선,167.8,컨테이너,13.7,하,오전(06-12),0,1,1,0,1
2026-05-22,금,5,경부선,368.1,시멘트,18.1,상,오전(06-12),0,0,0,0,0
2026-02-16,월,2,전라선,178.3,철강,11.6,상,오전(06-12),1,0,0,1,1
2026-07-29,수,7,전라선,216.0,유류,20.3,상,오후(12-18),1,0,1,0,0
2026-11-24,화,11,경부선,400.9,시멘트,10.5,상,오후(12-18),1,0,0,0,1
2026-02-03,화,2,부산신항선,11.5,시멘트,14.2,상,오전(06-12),0,1,0,1,0
2026-11-18,수,11,충북선,133.1,컨테이너,10.9,상,오전(06-12),0,0,0,0,1
2026-06-01,월,6,장항선,181.9,기타,24.6,상,오후(12-18),0,1,1,0,1
2026-07-15,수,7,경부선,361.1,컨테이너,9.9,상,오전(06-12),0,0,1,0,0
2026-03-02,월,3,경부선,218.3,시멘트,10.4,상,야간(18-24),0,0,0,0,0
2026-08-15,토,8,전라선,234.7,시멘트,12.7,상,새벽(00-06),0,0,1,0,0
2026-03-08,일,3,장항선,172.2,컨테이너,10.4,상,야간(18-24),0,1,0,0,0
2026-04-10,금,4,중앙선,135.8,컨테이너,13.9,하,오전(06-12),0,1,0,0,0
2026-09-21,월,9,경부선,323.5,광석,19.4,하,오전(06-12),0,0,0,0,1
2026-01-19,월,1,태백선,132.8,컨테이너,12.9,상,오전(06-12),0,1,0,1,0
2026-06-13,토,6,경부선,319.2,컨테이너,13.1,상,오전(06-12),0,0,1,0,0
2026-08-06,목,8,중앙선,181.1,컨테이너,10.6,상,새벽(00-06),0,1,1,0,1
2026-02-18,수,2,충북선,135.8,컨테이너,9.0,상,오전(06-12),0,0,0,1,0
2026-04-18,토,4,경부선,262.0,기타,12.6,하,오전(06-12),0,1,0,0,0
2026-05-06,수,5,경부선,292.6,석탄,12.0,상,새벽(00-06),0,1,0,0,0
2026-08-31,월,8,경부선,354.6,광석,19.0,상,새벽(00-06),0,1,1,0,0
2026-12-23,수,12,부산신항선,11.3,유류,6.2,하,야간(18-24),1,0,0,1,0
2026-11-02,월,11,중앙선,190.9,석탄,20.7,하,야간(18-24),0,0,0,0,1
2026-03-11,수,3,전라선,198.2,시멘트,11.1,상,오전(06-12),0,0,0,0,0
2026-01-07,수,1,영동선,104.2,시멘트,12.9,상,새벽(00-06),0,1,0,1,0
2026-01-19,월,1,전라선,251.5,석탄,5.6,하,오전(06-12),0,0,0,1,0
2026-08-06,목,8,충북선,173.9,석탄,15.4,하,야간(18-24),0,1,1,0,1
2026-02-27,금,2,충북선,149.4,시멘트,6.2,하,야간(18-24),1,0,0,1,0
2026-03-26,목,3,중앙선,101.9,시멘트,14.2,상,야간(18-24),0,0,0,0,0
2026-11-06,금,11,충북선,144.4,석탄,13.7,상,오후(12-18),0,0,0,0,0
2026-11-15,일,11,호남선,196.1,컨테이너,10.0,하,오후(12-18),0,0,0,0,1
2026-11-03,화,11,장항선,161.5,시멘트,1.0,하,새벽(00-06),0,0,0,0,0
2026-04-03,금,4,중앙선,178.8,시멘트,25.0,하,오전(06-12),1,0,0,0,0
2026-08-15,토,8,중앙선,221.9,시멘트,5.7,하,야간(18-24),0,0,1,0,0
2026-08-11,화,8,부산신항선,10.5,시멘트,13.6,하,새벽(00-06),0,0,1,0,0
2026-03-09,월,3,경부선,359.8,철강,7.6,상,새벽(00-06),1,1,0,0,0
2026-07-22,수,7,태백선,105.3,철강,18.3,상,야간(18-24),0,1,1,0,0
2026-07-11,토,7,경부선,308.0,컨테이너,9.7,하,야간(18-24),0,0,1,0,0
2026-05-25,월,5,전라선,171.2,시멘트,7.5,하,새벽(00-06),0,0,0,0,0
2026-10-02,금,10,장항선,171.1,컨테이너,15.6,상,오전(06-12),0,0,0,0,0
2026-09-05,토,9,중앙선,156.7,컨테이너,4.4,상,새벽(00-06),0,0,0,0,0
2026-07-14,화,7,경부선,371.5,컨테이너,9.5,상,새벽(00-06),0,0,1,0,0
2026-09-22,화,9,태백선,143.7,철강,16.1,상,새벽(00-06),0,0,0,0,0
2026-10-06,화,10,중앙선,228.8,철강,21.0,상,오후(12-18),0,0,0,0,0
2026-07-26,일,7,중앙선,178.3,컨테이너,6.2,상,오전(06-12),0,1,1,0,0
2026-04-08,수,4,충북선,135.8,유류,8.3,하,야간(18-24),0,1,0,0,0
2026-10-04,일,10,중앙선,156.5,시멘트,14.1,하,새벽(00-06),0,1,0,0,0
2026-09-19,토,9,전라선,237.4,철강,1.0,하,새벽(00-06),0,1,0,0,1
2026-12-25,금,12,경부선,392.6,시멘트,20.1,하,새벽(00-06),0,0,0,1,0
2026-02-24,화,2,중앙선,207.7,철강,6.0,하,오후(12-18),0,0,0,1,0
2026-06-03,수,6,부산신항선,9.5,시멘트,9.4,하,야간(18-24),0,1,1,0,0
2026-12-04,금,12,경부선,312.6,컨테이너,13.6,상,오전(06-12),0,0,0,1,0
2026-07-07,화,7,중앙선,192.2,컨테이너,12.3,상,오후(12-18),0,1,1,0,0
2026-12-11,금,12,전라선,290.2,석탄,6.2,상,새벽(00-06),0,0,0,1,0
2026-01-05,월,1,부산신항선,14.3,광석,22.3,상,새벽(00-06),0,0,0,1,0
2026-01-13,화,1,충북선,167.8,석탄,1.0,하,새벽(00-06),0,0,0,1,0
2026-10-18,일,10,태백선,137.7,철강,5.3,하,새벽(00-06),1,0,0,0,0
2026-05-11,월,5,경부선,332.2,컨테이너,8.2,하,야간(18-24),0,1,0,0,0
2026-07-09,목,7,중앙선,210.6,철강,6.3,상,오후(12-18),1,1,1,0,1
2026-06-06,토,6,호남선,197.9,유류,19.3,상,야간(18-24),1,0,1,0,1
2026-05-29,금,5,부산신항선,8.1,시멘트,2.0,상,야간(18-24),0,0,0,0,0
2026-12-09,수,12,충북선,187.1,시멘트,21.3,상,야간(18-24),0,1,0,1,0
2026-02-04,수,2,중앙선,194.1,컨테이너,10.3,하,오전(06-12),0,0,0,1,0
2026-10-09,금,10,중앙선,226.5,컨테이너,3.8,상,새벽(00-06),0,1,0,0,0
2026-11-21,토,11,경부선,386.0,컨테이너,1.0,상,새벽(00-06),0,0,0,0,1
2026-08-28,금,8,부산신항선,12.2,철강,10.7,상,새벽(00-06),0,1,1,0,0
2026-05-25,월,5,태백선,142.7,철강,7.8,하,새벽(00-06),1,1,0,0,0
2026-02-28,토,2,중앙선,305.3,컨테이너,13.4,상,새벽(00-06),1,0,0,1,1
2026-09-07,월,9,경부선,328.5,광석,9.3,상,오후(12-18),0,0,0,0,0
2026-06-21,일,6,중앙선,155.1,유류,17.7,상,오전(06-12),0,0,1,0,1
2026-02-24,화,2,경부선,309.0,시멘트,11.1,하,오전(06-12),0,0,0,1,0
2026-05-12,화,5,전라선,276.0,기타,9.5,하,오전(06-12),0,1,0,0,0
2026-12-17,목,12,충북선,128.9,유류,17.8,하,새벽(00-06),0,0,0,1,0
2026-04-07,화,4,경부선,290.1,컨테이너,13.4,하,새벽(00-06),1,0,0,0,1
2026-03-07,토,3,충북선,189.0,기타,16.6,하,오전(06-12),1,0,0,0,1
2026-09-06,일,9,영동선,105.7,시멘트,18.9,상,야간(18-24),1,0,0,0,0
2026-03-14,토,3,경부선,315.8,컨테이너,10.2,하,오후(12-18),1,1,0,0,1
2026-12-02,수,12,중앙선,230.9,컨테이너,12.2,하,야간(18-24),1,0,0,1,0
2026-11-10,화,11,중앙선,168.2,석탄,17.1,상,오전(06-12),0,0,0,0,1
2026-12-25,금,12,경부선,261.5,기타,1.0,하,야간(18-24),0,0,0,1,0
2026-11-30,월,11,충북선,126.6,시멘트,11.4,상,오후(12-18),0,0,0,0,0
2026-03-30,월,3,충북선,175.8,시멘트,10.7,상,야간(18-24),0,0,0,0,0
2026-03-19,목,3,경부선,330.6,컨테이너,14.2,상,새벽(00-06),0,1,0,0,0
2026-05-06,수,5,경부선,292.5,유류,7.2,하,야간(18-24),0,0,0,0,0
2026-06-21,일,6,태백선,112.3,컨테이너,18.6,하,오전(06-12),0,0,1,0,0
2026-11-18,수,11,중앙선,183.8,시멘트,7.6,상,오전(06-12),0,0,0,0,0
2026-09-25,금,9,충북선,189.2,시멘트,9.2,상,오전(06-12),0,0,0,0,0
2026-08-24,월,8,충북선,140.4,컨테이너,8.0,하,오전(06-12),0,0,1,0,1
2026-11-17,화,11,태백선,122.2,광석,19.4,하,야간(18-24),0,0,0,0,0
2026-08-24,월,8,전라선,193.7,기타,1.0,상,야간(18-24),0,0,1,0,0
2026-05-19,화,5,태백선,128.2,시멘트,22.7,상,오후(12-18),0,0,0,0,1
2026-05-31,일,5,충북선,169.8,철강,20.8,하,새벽(00-06),0,0,0,0,0
2026-07-08,수,7,중앙선,267.3,유류,8.6,하,오전(06-12),0,0,1,0,0
2026-02-02,월,2,중앙선,200.9,컨테이너,18.2,상,오전(06-12),0,0,0,1,1
2026-09-28,월,9,중앙선,191.4,컨테이너,12.8,상,오후(12-18),0,0,0,0,0
2026-08-27,목,8,중앙선,223.5,석탄,21.9,상,새벽(00-06),0,0,1,0,0
2026-09-24,목,9,경부선,348.0,시멘트,17.7,하,오후(12-18),0,0,0,0,0
2026-07-14,화,7,중앙선,173.1,석탄,25.0,상,오전(06-12),0,1,1,0,0
2026-10-13,화,10,중앙선,273.9,시멘트,2.6,하,새벽(00-06),0,0,0,0,0
2026-12-13,일,12,경부선,319.2,철강,13.1,상,새벽(00-06),0,0,0,1,1
2026-07-28,화,7,경부선,329.7,컨테이너,1.7,상,새벽(00-06),0,1,1,0,1
2026-06-12,금,6,장항선,190.6,컨테이너,8.9,상,야간(18-24),0,0,1,0,1
2026-02-08,일,2,충북선,169.9,컨테이너,25.0,하,오후(12-18),0,0,0,1,1
2026-10-12,월,10,장항선,210.1,시멘트,14.8,상,오후(12-18),0,0,0,0,0
2026-11-26,목,11,충북선,146.6,철강,17.9,하,새벽(00-06),0,0,0,0,0
2026-09-13,일,9,태백선,151.2,유류,15.1,하,야간(18-24),1,0,0,0,0
2026-11-12,목,11,장항선,182.9,시멘트,14.7,상,새벽(00-06),1,0,0,0,1
2026-11-11,수,11,경부선,359.5,시멘트,8.9,하,오전(06-12),1,0,0,0,1
2026-10-19,월,10,영동선,106.6,컨테이너,7.7,하,오후(12-18),0,0,0,0,1
2026-07-03,금,7,경부선,306.2,시멘트,8.7,하,새벽(00-06),0,0,1,0,0
2026-02-06,금,2,충북선,179.6,광석,1.0,상,야간(18-24),0,0,0,1,0
2026-01-02,금,1,장항선,186.8,컨테이너,11.5,상,야간(18-24),0,0,0,1,0
2026-03-16,월,3,중앙선,164.6,철강,13.4,하,오전(06-12),0,0,0,0,1
2026-06-07,일,6,충북선,194.9,컨테이너,8.3,하,오전(06-12),0,0,1,0,1
2026-09-29,화,9,중앙선,218.9,시멘트,11.2,하,새벽(00-06),0,1,0,0,0
2026-06-16,화,6,경부선,317.2,석탄,15.2,상,오후(12-18),0,0,1,0,0
2026-01-09,금,1,경부선,301.5,철강,17.3,하,오전(06-12),0,0,0,1,0
2026-03-18,수,3,경부선,334.8,시멘트,4.8,하,야간(18-24),0,1,0,0,0
2026-12-24,목,12,경부선,346.6,유류,7.2,하,오후(12-18),0,0,0,1,0
2026-12-27,일,12,충북선,121.4,유류,16.5,상,오전(06-12),0,0,0,1,0
2026-05-18,월,5,충북선,170.7,석탄,15.5,하,새벽(00-06),0,0,0,0,0
2026-10-21,수,10,중앙선,216.1,시멘트,20.1,하,오전(06-12),0,0,0,0,0
2026-09-20,일,9,전라선,158.8,시멘트,19.8,상,오전(06-12),0,1,0,0,0
2026-12-06,일,12,경부선,328.0,석탄,25.0,상,야간(18-24),0,1,0,1,0
2026-11-20,금,11,경부선,348.0,석탄,10.2,상,오후(12-18),1,0,0,0,0
2026-08-18,화,8,장항선,191.2,시멘트,21.5,하,오후(12-18),1,0,1,0,0
2026-05-25,월,5,부산신항선,13.0,시멘트,6.5,하,새벽(00-06),0,0,0,0,1
2026-08-17,월,8,중앙선,181.8,컨테이너,25.0,상,오전(06-12),0,0,1,0,0
2026-04-27,월,4,경부선,278.6,컨테이너,14.7,하,오전(06-12),0,1,0,0,0
2026-05-08,금,5,장항선,143.6,시멘트,15.3,상,야간(18-24),0,0,0,0,0
2026-08-11,화,8,부산신항선,13.9,유류,17.9,하,오후(12-18),0,0,1,0,1
2026-07-28,화,7,중앙선,217.9,철강,3.9,상,새벽(00-06),0,0,1,0,0
2026-08-01,토,8,경부선,366.9,기타,5.6,상,야간(18-24),0,0,1,0,0
2026-05-21,목,5,경부선,291.2,석탄,12.7,상,새벽(00-06),0,0,0,0,0
2026-05-30,토,5,충북선,181.4,컨테이너,14.1,상,오후(12-18),0,0,0,0,0
2026-01-04,일,1,부산신항선,6.1,석탄,24.5,상,야간(18-24),0,0,0,1,0
2026-08-08,토,8,전라선,203.3,유류,6.3,상,오후(12-18),0,0,1,0,0
2026-07-30,목,7,중앙선,197.7,석탄,21.2,상,야간(18-24),0,0,1,0,1
2026-12-08,화,12,충북선,177.9,시멘트,10.4,하,야간(18-24),0,1,0,1,0
2026-07-04,토,7,태백선,169.1,석탄,10.3,상,새벽(00-06),0,0,1,0,0
2026-06-20,토,6,중앙선,184.9,컨테이너,11.0,상,오후(12-18),0,0,1,0,0
2026-01-25,일,1,태백선,118.2,컨테이너,10.2,상,오후(12-18),0,1,0,1,0
2026-03-13,금,3,중앙선,161.2,컨테이너,14.9,상,오전(06-12),1,0,0,0,0
2026-05-04,월,5,중앙선,169.2,시멘트,9.6,상,야간(18-24),0,0,0,0,0
2026-05-18,월,5,충북선,216.8,광석,3.5,하,야간(18-24),0,0,0,0,1
2026-05-13,수,5,중앙선,219.8,컨테이너,10.4,하,오전(06-12),0,0,0,0,1
2026-05-24,일,5,영동선,126.5,컨테이너,14.7,하,새벽(00-06),0,0,0,0,0
2026-10-08,목,10,충북선,155.3,철강,3.6,하,새벽(00-06),1,0,0,0,0
2026-02-17,화,2,중앙선,193.2,유류,15.5,상,새벽(00-06),0,0,0,1,1
2026-05-02,토,5,중앙선,217.8,시멘트,19.1,상,오후(12-18),0,0,0,0,0
2026-03-01,일,3,충북선,148.7,시멘트,20.9,하,오후(12-18),0,0,0,0,1
2026-04-23,목,4,중앙선,183.1,시멘트,14.0,상,새벽(00-06),0,0,0,0,0
2026-09-07,월,9,전라선,209.2,석탄,1.2,상,오전(06-12),0,0,0,0,0
2026-01-18,일,1,중앙선,177.6,유류,15.9,상,새벽(00-06),0,0,0,1,1
2026-05-04,월,5,중앙선,195.0,컨테이너,17.8,하,야간(18-24),0,0,0,0,0
2026-01-09,금,1,충북선,140.8,광석,7.8,상,야간(18-24),0,0,0,1,0
2026-12-15,화,12,경부선,331.6,석탄,11.6,상,새벽(00-06),0,0,0,1,0
2026-09-23,수,9,전라선,237.9,철강,14.9,하,새벽(00-06),0,0,0,0,0
2026-03-30,월,3,충북선,156.8,컨테이너,22.7,상,야간(18-24),0,0,0,0,0
2026-03-14,토,3,중앙선,164.3,광석,10.5,하,새벽(00-06),0,0,0,0,0
2026-02-06,금,2,전라선,232.5,시멘트,17.3,하,야간(18-24),0,0,0,1,0
2026-06-22,월,6,장항선,169.5,시멘트,13.9,상,새벽(00-06),0,0,1,0,0
2026-10-03,토,10,태백선,136.4,시멘트,13.2,상,오전(06-12),0,0,0,0,1
2026-08-02,일,8,중앙선,231.7,컨테이너,20.0,상,오후(12-18),0,0,1,0,0
2026-11-18,수,11,중앙선,149.4,컨테이너,7.0,하,오전(06-12),0,0,0,0,0
2026-05-06,수,5,전라선,294.6,컨테이너,13.4,상,야간(18-24),0,0,0,0,0
2026-04-12,일,4,충북선,159.5,컨테이너,12.2,상,야간(18-24),0,0,0,0,0
2026-06-24,수,6,충북선,171.6,시멘트,3.0,하,오전(06-12),1,1,1,0,0
2026-03-15,일,3,충북선,142.5,석탄,19.4,상,오전(06-12),0,1,0,0,0
2026-12-23,수,12,장항선,202.4,철강,17.0,상,오후(12-18),1,0,0,1,0
2026-03-09,월,3,경부선,315.2,시멘트,12.2,하,야간(18-24),0,0,0,0,0
2026-06-24,수,6,충북선,151.4,컨테이너,10.4,상,새벽(00-06),0,1,1,0,0
2026-07-10,금,7,경부선,297.2,시멘트,12.0,상,오전(06-12),0,1,1,0,0
2026-01-21,수,1,중앙선,183.9,석탄,16.2,상,오전(06-12),0,0,0,1,0
2026-06-20,토,6,전라선,242.0,철강,12.3,상,오전(06-12),0,0,1,0,1
2026-06-15,월,6,중앙선,199.3,컨테이너,8.0,상,야간(18-24),0,1,1,0,0
2026-04-05,일,4,중앙선,191.9,광석,8.9,상,야간(18-24),0,0,0,0,0
2026-02-16,월,2,부산신항선,8.5,철강,11.9,하,야간(18-24),1,1,0,1,0
2026-01-17,토,1,장항선,164.2,유류,6.4,상,오후(12-18),0,0,0,1,0
2026-01-04,일,1,충북선,149.8,석탄,14.0,상,야간(18-24),0,0,0,1,0
2026-06-25,목,6,호남선,219.7,시멘트,7.2,하,새벽(00-06),0,0,1,0,1
2026-02-02,월,2,중앙선,216.5,광석,6.3,하,새벽(00-06),0,0,0,1,0
2026-12-17,목,12,장항선,195.5,광석,25.0,상,오전(06-12),1,0,0,1,0
2026-03-31,화,3,경부선,320.1,유류,23.6,하,오전(06-12),0,0,0,0,0
2026-08-27,목,8,경부선,335.5,광석,12.9,하,야간(18-24),0,1,1,0,0
2026-09-03,목,9,중앙선,187.4,광석,17.1,하,야간(18-24),0,0,0,0,0
2026-06-30,화,6,경부선,250.5,철강,18.1,상,오전(06-12),0,0,1,0,0
2026-11-19,목,11,충북선,155.9,컨테이너,11.5,하,새벽(00-06),0,0,0,0,1
2026-02-10,화,2,경부선,305.2,시멘트,13.7,상,새벽(00-06),0,0,0,1,1
2026-03-27,금,3,충북선,135.3,석탄,10.4,상,오전(06-12),0,1,0,0,1
2026-04-03,금,4,경부선,297.5,철강,19.5,하,오후(12-18),0,1,0,0,1
2026-02-19,목,2,경부선,325.6,시멘트,19.6,하,야간(18-24),0,0,0,1,0
2026-04-18,토,4,영동선,92.8,시멘트,21.4,상,새벽(00-06),0,0,0,0,1
2026-04-25,토,4,전라선,208.1,기타,13.6,상,야간(18-24),0,1,0,0,1
2026-10-07,수,10,호남선,246.9,시멘트,25.0,상,오후(12-18),0,0,0,0,0
2026-04-21,화,4,중앙선,137.2,컨테이너,11.5,하,오전(06-12),0,0,0,0,0
2026-11-16,월,11,경부선,312.9,석탄,24.3,상,새벽(00-06),0,0,0,0,0
2026-10-10,토,10,충북선,132.1,시멘트,9.2,상,새벽(00-06),0,0,0,0,0
2026-11-26,목,11,충북선,142.5,컨테이너,4.2,상,오후(12-18),0,0,0,0,0
2026-02-08,일,2,경부선,312.3,석탄,24.2,하,야간(18-24),0,0,0,1,0
2026-12-26,토,12,태백선,115.7,기타,16.0,하,오후(12-18),0,0,0,1,0
2026-08-13,목,8,충북선,175.6,컨테이너,15.1,하,야간(18-24),0,0,1,0,0
2026-12-25,금,12,장항선,206.6,시멘트,9.8,하,오전(06-12),0,0,0,1,0
2026-05-10,일,5,중앙선,222.8,시멘트,6.9,상,새벽(00-06),0,0,0,0,0
2026-12-14,월,12,충북선,186.9,석탄,7.5,상,새벽(00-06),1,0,0,1,1
2026-08-03,월,8,경부선,265.0,시멘트,12.8,하,야간(18-24),0,0,1,0,0
2026-01-27,화,1,영동선,106.2,시멘트,11.1,하,오전(06-12),0,1,0,1,0
2026-05-30,토,5,중앙선,209.7,석탄,1.0,상,야간(18-24),0,0,0,0,0
2026-02-20,금,2,경부선,355.0,기타,22.2,하,오전(06-12),0,1,0,1,0
2026-12-10,목,12,경부선,390.3,컨테이너,9.5,하,새벽(00-06),0,0,0,1,0
2026-04-22,수,4,충북선,188.0,시멘트,19.4,상,오후(12-18),0,1,0,0,1
2026-03-23,월,3,영동선,123.2,철강,7.8,하,오후(12-18),0,1,0,0,0
2026-07-21,화,7,부산신항선,18.5,컨테이너,12.9,상,오후(12-18),0,0,1,0,0
2026-06-05,금,6,전라선,232.3,유류,17.8,상,새벽(00-06),0,0,1,0,0
2026-02-05,목,2,영동선,105.5,시멘트,17.0,하,새벽(00-06),0,0,0,1,1
2026-10-26,월,10,전라선,234.7,컨테이너,10.4,하,오후(12-18),0,0,0,0,0
2026-11-05,목,11,중앙선,161.3,컨테이너,15.1,상,오전(06-12),0,0,0,0,0
2026-09-29,화,9,충북선,163.0,컨테이너,16.1,상,새벽(00-06),0,0,0,0,1
2026-08-14,금,8,경부선,251.1,철강,11.1,상,오전(06-12),0,0,1,0,1
2026-05-27,수,5,경부선,299.0,석탄,5.3,하,오후(12-18),0,1,0,0,0
2026-07-17,금,7,중앙선,189.3,철강,8.3,상,오전(06-12),0,1,1,0,0
2026-07-10,금,7,경부선,358.2,철강,9.7,상,새벽(00-06),0,0,1,0,1
2026-03-02,월,3,호남선,236.0,시멘트,12.2,하,야간(18-24),0,1,0,0,0
2026-01-30,금,1,영동선,95.3,광석,21.6,하,새벽(00-06),0,0,0,1,0
2026-04-03,금,4,중앙선,266.0,유류,17.4,하,새벽(00-06),0,0,0,0,0
2026-06-15,월,6,전라선,233.9,시멘트,7.1,상,새벽(00-06),0,0,1,0,0
2026-02-28,토,2,중앙선,201.7,철강,23.0,상,새벽(00-06),0,0,0,1,0
2026-02-08,일,2,경부선,255.5,유류,11.5,상,오후(12-18),1,1,0,1,0
2026-11-07,토,11,중앙선,171.6,시멘트,16.0,상,새벽(00-06),1,0,0,0,0
2026-05-17,일,5,경부선,362.2,컨테이너,6.4,하,새벽(00-06),0,1,0,0,1
2026-08-02,일,8,중앙선,199.2,컨테이너,9.3,상,새벽(00-06),0,1,1,0,0
2026-07-11,토,7,경부선,324.5,기타,18.2,하,새벽(00-06),0,0,1,0,0
2026-09-26,토,9,경부선,329.3,철강,6.7,하,오전(06-12),1,0,0,0,0
2026-09-28,월,9,경부선,262.5,철강,12.3,상,새벽(00-06),0,0,0,0,0
2026-04-19,일,4,부산신항선,10.3,광석,14.8,상,오전(06-12),0,0,0,0,1
2026-11-06,금,11,경부선,376.5,컨테이너,5.9,하,야간(18-24),0,1,0,0,0
2026-05-16,토,5,중앙선,231.3,기타,1.3,상,오전(06-12),1,0,0,0,0
2026-11-01,일,11,충북선,158.2,시멘트,17.4,하,새벽(00-06),0,1,0,0,0
2026-05-28,목,5,중앙선,248.0,철강,25.0,상,오전(06-12),0,0,0,0,0
2026-02-10,화,2,충북선,129.8,컨테이너,14.8,하,새벽(00-06),1,0,0,1,0
2026-10-05,월,10,경부선,281.3,컨테이너,15.9,상,새벽(00-06),0,1,0,0,0
2026-01-12,월,1,전라선,285.3,시멘트,6.7,하,오전(06-12),0,0,0,1,0
2026-10-09,금,10,충북선,175.7,시멘트,20.8,하,새벽(00-06),0,1,0,0,0
2026-01-16,금,1,전라선,220.7,컨테이너,9.7,상,새벽(00-06),0,1,0,1,1
2026-03-17,화,3,충북선,159.9,컨테이너,19.0,상,새벽(00-06),0,1,0,0,0
2026-08-09,일,8,중앙선,165.1,석탄,15.6,하,오전(06-12),0,1,1,0,0
2026-12-10,목,12,중앙선,203.0,광석,15.8,상,새벽(00-06),1,0,0,1,0
2026-05-30,토,5,경부선,328.1,컨테이너,15.6,상,새벽(00-06),1,1,0,0,1
2026-02-14,토,2,중앙선,194.0,컨테이너,15.4,하,야간(18-24),0,0,0,1,0
2026-03-27,금,3,경부선,273.8,시멘트,13.7,상,오후(12-18),0,0,0,0,1
2026-11-24,화,11,중앙선,202.6,석탄,17.8,하,오후(12-18),0,0,0,0,0
2026-09-23,수,9,전라선,213.5,시멘트,7.6,하,오전(06-12),0,1,0,0,0
2026-02-06,금,2,경부선,280.8,기타,10.6,상,오후(12-18),0,0,0,1,0
2026-05-21,목,5,경부선,370.9,컨테이너,20.8,상,오후(12-18),0,0,0,0,0
2026-04-07,화,4,전라선,294.5,시멘트,13.0,상,오전(06-12),0,0,0,0,0
2026-03-06,금,3,중앙선,261.3,광석,10.0,하,야간(18-24),0,0,0,0,0
2026-11-05,목,11,장항선,192.6,석탄,18.2,하,야간(18-24),1,0,0,0,0
2026-08-14,금,8,호남선,201.6,시멘트,17.0,하,새벽(00-06),0,1,1,0,0
2026-03-07,토,3,호남선,206.4,광석,4.2,상,오전(06-12),0,0,0,0,0
2026-08-26,수,8,중앙선,207.5,컨테이너,16.4,하,새벽(00-06),0,0,1,0,0
2026-05-31,일,5,경부선,303.4,컨테이너,12.8,상,오전(06-12),0,0,0,0,0
2026-01-23,금,1,충북선,194.3,컨테이너,16.3,하,야간(18-24),1,0,0,1,0
2026-06-14,일,6,충북선,110.4,유류,12.1,상,오후(12-18),0,0,1,0,0
2026-03-09,월,3,충북선,153.9,유류,14.8,하,오전(06-12),0,0,0,0,0
2026-03-31,화,3,중앙선,221.3,컨테이너,1.0,하,오전(06-12),0,0,0,0,0
2026-11-17,화,11,경부선,286.4,시멘트,6.6,상,오후(12-18),0,0,0,0,1
2026-09-17,목,9,경부선,310.6,시멘트,16.4,상,오전(06-12),0,0,0,0,0
2026-02-18,수,2,경부선,343.9,컨테이너,25.0,상,오후(12-18),0,0,0,1,1
2026-11-07,토,11,경부선,380.9,유류,14.2,상,오후(12-18),0,1,0,0,0
2026-07-29,수,7,호남선,175.9,시멘트,7.8,하,오후(12-18),0,1,1,0,0
2026-11-16,월,11,경부선,265.5,유류,12.8,하,오후(12-18),0,1,0,0,0
2026-09-30,수,9,충북선,137.6,철강,6.6,하,오후(12-18),0,0,0,0,0
2026-05-04,월,5,호남선,169.8,컨테이너,19.5,하,오후(12-18),0,0,0,0,0
2026-07-15,수,7,중앙선,142.0,철강,12.3,하,야간(18-24),1,1,1,0,0
2026-07-13,월,7,충북선,137.0,철강,18.3,상,오후(12-18),0,0,1,0,1
2026-09-20,일,9,전라선,266.4,컨테이너,11.1,하,오전(06-12),0,0,0,0,0
2026-04-01,수,4,중앙선,182.4,컨테이너,18.9,상,야간(18-24),0,0,0,0,0
2026-05-02,토,5,중앙선,194.4,유류,2.3,상,야간(18-24),0,1,0,0,0
2026-03-31,화,3,태백선,116.4,석탄,12.1,하,오전(06-12),0,1,0,0,0
2026-04-19,일,4,장항선,192.3,철강,15.2,하,야간(18-24),0,0,0,0,0
2026-02-28,토,2,장항선,217.1,컨테이너,10.4,상,야간(18-24),0,1,0,1,0
2026-01-14,수,1,영동선,96.5,철강,14.2,상,새벽(00-06),1,0,0,1,0
2026-12-10,목,12,중앙선,253.7,철강,14.1,하,오전(06-12),0,1,0,1,0
2026-01-28,수,1,장항선,186.9,컨테이너,18.3,상,오전(06-12),0,1,0,1,0
2026-11-21,토,11,충북선,161.7,컨테이너,15.7,상,오후(12-18),0,1,0,0,0
2026-01-02,금,1,전라선,241.4,시멘트,14.4,상,야간(18-24),1,0,0,1,1
2026-10-11,일,10,전라선,241.1,철강,17.3,하,오전(06-12),0,0,0,0,0
2026-04-30,목,4,장항선,216.7,컨테이너,3.9,하,야간(18-24),0,0,0,0,0
2026-07-08,수,7,부산신항선,12.2,유류,7.5,상,야간(18-24),1,0,1,0,0
2026-04-14,화,4,중앙선,212.2,컨테이너,3.7,하,오후(12-18),0,0,0,0,0
2026-06-29,월,6,전라선,216.8,유류,15.3,상,오후(12-18),0,1,1,0,0
2026-06-14,일,6,경부선,353.8,컨테이너,14.5,하,오후(12-18),0,0,1,0,0
2026-07-13,월,7,충북선,137.4,철강,20.3,상,새벽(00-06),0,0,1,0,0
2026-05-24,일,5,장항선,181.8,시멘트,14.1,하,새벽(00-06),0,0,0,0,0
2026-07-15,수,7,장항선,237.3,석탄,8.2,상,오전(06-12),1,1,1,0,0
2026-10-29,목,10,중앙선,105.7,기타,12.8,상,새벽(00-06),0,0,0,0,0
2026-06-08,월,6,충북선,167.1,컨테이너,1.0,하,오후(12-18),1,1,1,0,1
2026-05-12,화,5,중앙선,202.8,컨테이너,9.6,하,야간(18-24),0,0,0,0,0
2026-02-18,수,2,경부선,311.1,컨테이너,1.0,하,새벽(00-06),0,0,0,1,0
2026-05-12,화,5,경부선,312.0,시멘트,14.0,하,오후(12-18),1,0,0,0,1
2026-02-15,일,2,부산신항선,10.9,철강,10.3,하,새벽(00-06),0,0,0,1,0
2026-03-08,일,3,중앙선,184.5,컨테이너,11.2,상,오전(06-12),0,0,0,0,0
2026-12-14,월,12,영동선,113.1,철강,6.4,하,새벽(00-06),0,1,0,1,0
2026-02-02,월,2,경부선,300.7,시멘트,8.0,하,새벽(00-06),0,0,0,1,0
2026-06-25,목,6,전라선,290.1,광석,16.2,상,야간(18-24),0,1,1,0,0
2026-11-01,일,11,충북선,155.0,시멘트,3.4,하,오전(06-12),0,1,0,0,1
2026-12-14,월,12,전라선,246.5,기타,15.0,하,새벽(00-06),0,0,0,1,0
2026-02-23,월,2,충북선,144.6,시멘트,7.1,하,새벽(00-06),0,0,0,1,0
2026-03-01,일,3,전라선,257.4,기타,1.9,상,야간(18-24),0,0,0,0,0
2026-05-16,토,5,부산신항선,12.8,석탄,19.4,상,오전(06-12),0,0,0,0,1
2026-07-22,수,7,충북선,171.8,시멘트,20.0,하,야간(18-24),0,0,1,0,0
2026-12-17,목,12,경부선,279.1,철강,8.8,하,오후(12-18),0,0,0,1,0
2026-03-17,화,3,경부선,290.1,시멘트,8.7,하,오전(06-12),0,0,0,0,0
2026-03-02,월,3,전라선,280.0,컨테이너,10.5,하,오전(06-12),0,1,0,0,0
2026-04-03,금,4,중앙선,166.6,시멘트,7.1,상,야간(18-24),0,0,0,0,1
2026-11-16,월,11,충북선,177.3,유류,8.2,상,야간(18-24),0,0,0,0,0
2026-01-11,일,1,충북선,137.7,철강,14.7,하,새벽(00-06),0,0,0,1,0
2026-05-19,화,5,중앙선,228.6,컨테이너,24.4,하,오전(06-12),0,0,0,0,0
2026-02-13,금,2,장항선,165.9,유류,9.9,하,새벽(00-06),0,0,0,1,0
2026-02-27,금,2,전라선,200.5,시멘트,18.1,하,야간(18-24),0,0,0,1,0
2026-12-01,화,12,전라선,208.0,컨테이너,14.1,상,오후(12-18),0,0,0,1,0
2026-01-01,목,1,전라선,212.8,컨테이너,2.0,상,새벽(00-06),0,0,0,1,0
2026-04-28,화,4,부산신항선,11.8,컨테이너,11.9,하,오전(06-12),1,0,0,0,0
2026-12-01,화,12,충북선,163.0,석탄,11.1,상,오전(06-12),0,1,0,1,0
2026-08-10,월,8,영동선,93.4,컨테이너,20.8,상,야간(18-24),0,0,1,0,1
2026-01-27,화,1,경부선,319.1,컨테이너,21.0,상,오전(06-12),0,1,0,1,0
2026-06-19,금,6,충북선,132.7,시멘트,14.3,상,새벽(00-06),0,0,1,0,0
2026-12-21,월,12,전라선,248.7,유류,19.3,하,오후(12-18),0,0,0,1,0
2026-05-27,수,5,중앙선,222.2,석탄,11.1,상,새벽(00-06),1,0,0,0,0
2026-07-12,일,7,경부선,319.2,시멘트,18.7,하,오후(12-18),0,1,1,0,0
2026-07-14,화,7,충북선,168.1,철강,12.6,상,오전(06-12),0,0,1,0,1
2026-08-30,일,8,중앙선,254.6,컨테이너,18.6,상,야간(18-24),0,1,1,0,0
2026-03-10,화,3,부산신항선,10.1,유류,19.2,상,오후(12-18),0,0,0,0,1
2026-11-03,화,11,중앙선,160.3,컨테이너,16.3,하,새벽(00-06),0,1,0,0,0
2026-12-27,일,12,경부선,343.4,컨테이너,7.6,하,야간(18-24),1,1,0,1,0
2026-02-22,일,2,충북선,133.0,시멘트,9.5,상,야간(18-24),0,1,0,1,1
2026-10-26,월,10,중앙선,185.9,컨테이너,16.5,상,오전(06-12),0,0,0,0,0
2026-10-26,월,10,경부선,296.2,컨테이너,17.4,하,오후(12-18),0,1,0,0,0
2026-09-28,월,9,충북선,143.8,철강,13.0,하,오후(12-18),0,0,0,0,0
2026-05-16,토,5,충북선,155.0,시멘트,10.1,상,오전(06-12),0,0,0,0,0
2026-06-21,일,6,경부선,356.2,컨테이너,13.1,상,새벽(00-06),0,1,1,0,0
2026-11-03,화,11,충북선,188.9,석탄,10.3,상,오전(06-12),0,0,0,0,0
2026-02-25,수,2,충북선,184.5,석탄,10.4,상,새벽(00-06),1,0,0,1,0
2026-10-30,금,10,장항선,186.3,광석,23.8,상,야간(18-24),0,0,0,0,1
2026-12-03,목,12,중앙선,184.3,컨테이너,9.1,하,야간(18-24),0,0,0,1,0
2026-09-06,일,9,경부선,225.9,유류,15.0,상,새벽(00-06),0,1,0,0,0
2026-05-05,화,5,호남선,217.4,석탄,12.9,하,오후(12-18),0,0,0,0,0
2026-07-24,금,7,충북선,104.3,시멘트,4.6,상,새벽(00-06),0,0,1,0,0
2026-01-19,월,1,경부선,243.3,컨테이너,4.4,하,새벽(00-06),0,1,0,1,1
2026-12-07,월,12,태백선,132.3,시멘트,11.5,상,새벽(00-06),0,1,0,1,0
2026-05-05,화,5,경부선,330.8,컨테이너,1.0,하,오전(06-12),1,0,0,0,1
2026-01-21,수,1,장항선,170.6,철강,23.0,하,야간(18-24),1,1,0,1,0
2026-10-17,토,10,전라선,275.5,석탄,9.8,하,오전(06-12),0,0,0,0,0
2026-08-29,토,8,영동선,116.7,컨테이너,9.3,상,야간(18-24),0,0,1,0,0
2026-08-16,일,8,영동선,106.1,컨테이너,19.3,상,오전(06-12),0,0,1,0,1
2026-01-20,화,1,경부선,375.7,광석,11.2,하,새벽(00-06),0,1,0,1,0
2026-10-02,금,10,장항선,210.9,시멘트,15.9,상,오전(06-12),0,0,0,0,0
2026-08-21,금,8,중앙선,211.2,시멘트,8.6,상,오후(12-18),0,0,1,0,0
2026-10-17,토,10,충북선,141.9,기타,12.3,상,오전(06-12),0,0,0,0,1
2026-10-29,목,10,충북선,147.5,컨테이너,17.8,상,오전(06-12),1,1,0,0,1
2026-03-19,목,3,경부선,262.3,석탄,6.8,상,새벽(00-06),0,1,0,0,1
2026-03-18,수,3,경부선,318.5,철강,15.2,상,오후(12-18),0,0,0,0,0
2026-12-04,금,12,경부선,278.2,컨테이너,1.0,상,오전(06-12),0,1,0,1,0
2026-07-13,월,7,경부선,307.0,컨테이너,19.6,상,야간(18-24),0,0,1,0,0
2026-06-09,화,6,경부선,330.6,광석,8.7,상,오전(06-12),0,1,1,0,0
2026-04-15,수,4,부산신항선,5.0,컨테이너,11.5,상,새벽(00-06),0,0,0,0,0
2026-08-22,토,8,충북선,129.7,컨테이너,11.4,상,야간(18-24),0,0,1,0,1
2026-10-03,토,10,장항선,169.5,시멘트,6.2,하,새벽(00-06),0,1,0,0,0
2026-01-01,목,1,태백선,134.4,철강,5.7,상,새벽(00-06),0,0,0,1,1
2026-07-21,화,7,전라선,214.6,시멘트,15.1,상,오후(12-18),0,0,1,0,0
2026-12-29,화,12,중앙선,183.8,컨테이너,15.4,상,새벽(00-06),0,1,0,1,0
2026-04-13,월,4,태백선,121.4,시멘트,6.7,상,오전(06-12),0,0,0,0,0
2026-04-13,월,4,전라선,185.9,시멘트,15.2,하,오전(06-12),0,1,0,0,0
2026-11-17,화,11,전라선,213.4,철강,15.3,상,야간(18-24),0,0,0,0,0
2026-01-23,금,1,부산신항선,10.0,유류,9.7,하,오후(12-18),1,0,0,1,0
2026-05-26,화,5,충북선,153.5,컨테이너,4.2,상,오후(12-18),0,1,0,0,0
2026-06-17,수,6,충북선,164.1,석탄,11.8,하,야간(18-24),0,1,1,0,0
2026-10-19,월,10,부산신항선,11.9,석탄,14.2,하,오후(12-18),0,0,0,0,0
2026-02-17,화,2,중앙선,217.2,철강,11.6,하,새벽(00-06),0,0,0,1,0
2026-06-08,월,6,장항선,166.9,시멘트,8.4,상,야간(18-24),0,1,1,0,0
2026-02-25,수,2,경부선,257.2,컨테이너,14.8,하,야간(18-24),0,0,0,1,0
2026-10-15,목,10,경부선,371.1,석탄,19.6,하,오전(06-12),0,0,0,0,0
2026-08-19,수,8,충북선,170.9,석탄,7.4,상,오후(12-18),1,0,1,0,0
2026-07-01,수,7,경부선,282.0,석탄,10.2,상,오전(06-12),0,0,1,0,0
2026-05-24,일,5,영동선,114.0,컨테이너,25.0,하,새벽(00-06),0,0,0,0,0
2026-02-25,수,2,경부선,362.9,컨테이너,13.7,상,오후(12-18),0,0,0,1,1
2026-12-03,목,12,전라선,281.3,컨테이너,4.4,하,오전(06-12),0,0,0,1,0
2026-08-25,화,8,경부선,330.2,컨테이너,9.1,하,오전(06-12),1,0,1,0,1
2026-04-27,월,4,영동선,125.7,컨테이너,7.5,상,오전(06-12),0,0,0,0,1
2026-06-01,월,6,중앙선,151.0,컨테이너,14.3,상,오후(12-18),0,0,1,0,0
2026-09-23,수,9,경부선,318.8,컨테이너,13.8,상,야간(18-24),0,0,0,0,0
2026-09-20,일,9,경부선,306.8,컨테이너,8.2,상,야간(18-24),1,1,0,0,0
2026-06-18,목,6,충북선,169.9,기타,23.1,하,오후(12-18),0,0,1,0,0
2026-04-21,화,4,영동선,134.0,시멘트,12.5,하,야간(18-24),0,1,0,0,0
2026-08-29,토,8,영동선,113.5,시멘트,9.3,하,새벽(00-06),0,0,1,0,1
2026-08-29,토,8,중앙선,160.5,철강,4.7,하,새벽(00-06),0,0,1,0,1
2026-08-07,금,8,중앙선,149.1,시멘트,6.6,하,야간(18-24),0,1,1,0,1
2026-01-27,화,1,경부선,386.0,컨테이너,4.5,하,오후(12-18),0,0,0,1,0
2026-06-22,월,6,충북선,174.1,시멘트,10.9,상,야간(18-24),0,0,1,0,0
2026-08-13,목,8,충북선,172.5,컨테이너,6.7,하,오후(12-18),0,0,1,0,0
2026-12-13,일,12,경부선,306.5,시멘트,16.7,상,새벽(00-06),0,0,0,1,0
2026-07-11,토,7,충북선,168.0,컨테이너,8.5,하,오후(12-18),0,1,1,0,0
2026-05-06,수,5,부산신항선,7.6,시멘트,17.0,상,새벽(00-06),1,1,0,0,0
2026-07-22,수,7,경부선,335.7,컨테이너,14.9,하,오전(06-12),0,0,1,0,0
2026-03-06,금,3,경부선,273.2,컨테이너,15.9,하,오후(12-18),0,0,0,0,1
2026-02-03,화,2,경부선,305.8,석탄,17.4,상,오후(12-18),1,0,0,1,0
2026-09-05,토,9,경부선,294.5,컨테이너,24.0,상,오전(06-12),0,0,0,0,0
2026-12-26,토,12,경부선,189.9,시멘트,6.9,상,오후(12-18),0,0,0,1,0
2026-11-05,목,11,충북선,152.6,컨테이너,17.1,상,야간(18-24),0,0,0,0,1
2026-08-02,일,8,경부선,284.2,석탄,14.4,상,새벽(00-06),0,0,1,0,0
2026-01-15,목,1,전라선,223.1,시멘트,18.4,하,새벽(00-06),0,0,0,1,0
2026-12-27,일,12,부산신항선,10.6,유류,12.7,상,새벽(00-06),0,0,0,1,0
2026-06-14,일,6,호남선,252.4,시멘트,19.1,상,오전(06-12),0,0,1,0,0
2026-04-16,목,4,전라선,238.5,기타,4.3,하,새벽(00-06),0,1,0,0,0
2026-11-22,일,11,경부선,333.6,컨테이너,6.0,하,오전(06-12),0,1,0,0,0
2026-09-30,수,9,경부선,340.0,철강,8.6,상,새벽(00-06),0,0,0,0,0
2026-10-01,목,10,경부선,355.1,시멘트,11.6,하,새벽(00-06),0,1,0,0,0
2026-04-12,일,4,영동선,116.6,시멘트,12.3,상,오전(06-12),0,0,0,0,0
2026-12-29,화,12,영동선,114.0,철강,7.6,하,야간(18-24),0,0,0,1,0
2026-06-15,월,6,중앙선,218.2,기타,6.1,상,새벽(00-06),0,1,1,0,0
2026-07-13,월,7,중앙선,108.4,철강,8.1,하,새벽(00-06),1,1,1,0,1
2026-10-02,금,10,충북선,213.5,컨테이너,1.7,상,오전(06-12),0,0,0,0,0
2026-08-29,토,8,경부선,383.8,시멘트,10.3,하,야간(18-24),0,0,1,0,0
2026-03-04,수,3,영동선,113.1,컨테이너,11.6,하,오전(06-12),0,0,0,0,1
2026-04-21,화,4,경부선,263.7,석탄,14.6,상,야간(18-24),0,0,0,0,0
2026-05-12,화,5,중앙선,235.7,시멘트,13.0,하,새벽(00-06),0,1,0,0,0
2026-12-12,토,12,중앙선,169.0,컨테이너,22.8,상,새벽(00-06),0,0,0,1,1
2026-09-18,금,9,경부선,341.6,컨테이너,16.9,하,오전(06-12),0,0,0,0,0
2026-05-14,목,5,중앙선,148.4,광석,16.4,하,오후(12-18),0,0,0,0,0
2026-09-26,토,9,태백선,180.0,컨테이너,14.2,하,야간(18-24),0,0,0,0,0
2026-09-27,일,9,경부선,262.5,컨테이너,15.2,하,새벽(00-06),0,0,0,0,0
2026-05-24,일,5,충북선,163.0,컨테이너,10.7,하,야간(18-24),0,0,0,0,0
2026-05-28,목,5,중앙선,119.0,시멘트,12.6,상,오전(06-12),0,1,0,0,0
2026-11-23,월,11,경부선,318.6,컨테이너,23.5,상,오전(06-12),0,0,0,0,1
2026-07-25,토,7,경부선,303.2,철강,11.6,하,야간(18-24),0,0,1,0,0
2026-02-24,화,2,경부선,365.7,컨테이너,4.0,상,오전(06-12),0,0,0,1,0
2026-09-20,일,9,경부선,303.2,컨테이너,16.2,하,야간(18-24),0,0,0,0,1
2026-08-04,화,8,중앙선,233.2,컨테이너,17.3,하,오후(12-18),0,1,1,0,0
2026-07-05,일,7,장항선,159.1,컨테이너,12.9,상,새벽(00-06),0,1,1,0,1
2026-09-22,화,9,전라선,220.9,석탄,1.0,하,새벽(00-06),0,1,0,0,0
2026-11-28,토,11,호남선,201.7,컨테이너,19.7,상,야간(18-24),1,0,0,0,1
2026-05-01,금,5,중앙선,210.6,석탄,13.4,하,야간(18-24),0,0,0,0,0
2026-06-03,수,6,전라선,240.5,시멘트,10.1,하,야간(18-24),0,1,1,0,0
2026-03-11,수,3,전라선,251.1,컨테이너,19.1,하,오후(12-18),0,1,0,0,0
2026-08-25,화,8,경부선,330.9,컨테이너,1.0,하,오후(12-18),1,0,1,0,0
2026-05-27,수,5,중앙선,216.4,시멘트,12.7,하,새벽(00-06),0,0,0,0,0
2026-05-05,화,5,충북선,138.9,시멘트,8.8,하,오후(12-18),0,0,0,0,1
2026-09-12,토,9,장항선,187.4,시멘트,21.0,하,오전(06-12),0,1,0,0,0
2026-05-29,금,5,중앙선,249.6,유류,13.5,하,오전(06-12),0,0,0,0,0
2026-06-19,금,6,경부선,253.0,컨테이너,6.8,하,오후(12-18),0,1,1,0,0
2026-06-10,수,6,영동선,117.1,시멘트,18.8,상,새벽(00-06),0,1,1,0,0
2026-04-05,일,4,경부선,347.3,시멘트,1.0,상,오전(06-12),0,0,0,0,1
2026-02-15,일,2,호남선,244.7,컨테이너,15.0,상,야간(18-24),0,1,0,1,1
2026-10-29,목,10,장항선,194.1,시멘트,4.4,상,야간(18-24),1,0,0,0,0
2026-02-03,화,2,태백선,137.5,시멘트,9.2,상,오전(06-12),0,0,0,1,0
2026-04-29,수,4,장항선,188.2,시멘트,10.6,상,오전(06-12),0,1,0,0,0
2026-09-01,화,9,경부선,290.8,석탄,17.5,상,오후(12-18),0,0,0,0,0
2026-02-17,화,2,충북선,151.6,컨테이너,25.0,하,새벽(00-06),0,0,0,1,1
2026-08-28,금,8,장항선,152.9,시멘트,1.3,하,새벽(00-06),0,0,1,0,0
2026-09-25,금,9,장항선,209.3,철강,14.7,하,야간(18-24),0,1,0,0,0
2026-08-30,일,8,경부선,338.2,시멘트,25.0,상,새벽(00-06),0,0,1,0,0
2026-04-22,수,4,경부선,283.6,석탄,8.6,하,오전(06-12),0,0,0,0,0
2026-01-08,목,1,중앙선,202.8,시멘트,8.2,상,오전(06-12),0,0,0,1,0
2026-11-20,금,11,중앙선,233.9,시멘트,13.4,하,야간(18-24),0,0,0,0,1
2026-04-30,목,4,충북선,186.1,컨테이너,17.0,하,오후(12-18),0,0,0,0,0
2026-10-21,수,10,태백선,116.9,석탄,15.9,상,야간(18-24),0,0,0,0,0
2026-03-14,토,3,장항선,116.9,시멘트,9.8,하,오후(12-18),0,0,0,0,0
2026-03-01,일,3,전라선,241.3,컨테이너,7.2,하,새벽(00-06),0,0,0,0,0
2026-10-12,월,10,경부선,284.7,컨테이너,19.9,상,오전(06-12),0,0,0,0,0
2026-12-10,목,12,중앙선,215.1,컨테이너,7.4,하,새벽(00-06),0,0,0,1,0
2026-11-11,수,11,중앙선,226.6,시멘트,1.0,상,오전(06-12),0,0,0,0,0
2026-10-02,금,10,경부선,364.7,컨테이너,3.3,상,새벽(00-06),0,0,0,0,0
2026-04-01,수,4,경부선,390.0,유류,8.5,상,야간(18-24),0,0,0,0,0
2026-11-30,월,11,중앙선,236.6,광석,21.0,하,새벽(00-06),0,0,0,0,1
2026-09-01,화,9,경부선,390.2,기타,4.9,하,새벽(00-06),0,0,0,0,0
2026-03-04,수,3,충북선,195.8,컨테이너,21.1,하,오전(06-12),1,0,0,0,0
2026-02-17,화,2,경부선,378.8,시멘트,19.8,하,오전(06-12),0,0,0,1,1
2026-11-14,토,11,경부선,318.6,광석,13.4,상,새벽(00-06),1,1,0,0,0
2026-04-11,토,4,경부선,268.6,석탄,1.0,하,야간(18-24),0,1,0,0,0
2026-10-07,수,10,충북선,223.4,컨테이너,4.9,상,새벽(00-06),0,0,0,0,0
2026-02-20,금,2,충북선,162.9,유류,8.2,상,오후(12-18),0,0,0,1,0
2026-04-13,월,4,중앙선,236.3,시멘트,22.4,하,오후(12-18),0,1,0,0,0
2026-04-14,화,4,경부선,298.2,철강,8.6,하,새벽(00-06),0,1,0,0,0
2026-04-13,월,4,호남선,232.3,기타,7.4,상,새벽(00-06),0,1,0,0,1
2026-09-04,금,9,충북선,100.2,기타,13.1,상,오전(06-12),1,0,0,0,0
2026-11-30,월,11,전라선,217.1,시멘트,3.5,하,야간(18-24),0,0,0,0,0
2026-11-29,일,11,충북선,158.8,컨테이너,11.9,하,오후(12-18),1,1,0,0,0
2026-09-28,월,9,장항선,188.9,석탄,7.2,하,오전(06-12),0,0,0,0,0
2026-03-15,일,3,부산신항선,13.8,석탄,25.0,상,새벽(00-06),0,0,0,0,0
2026-12-17,목,12,중앙선,155.0,시멘트,6.5,상,오후(12-18),0,1,0,1,0
2026-07-17,금,7,전라선,249.2,시멘트,23.6,상,오전(06-12),0,0,1,0,0
2026-07-19,일,7,경부선,369.3,시멘트,5.2,상,오전(06-12),0,1,1,0,1
2026-09-14,월,9,전라선,299.8,시멘트,13.6,상,오후(12-18),0,0,0,0,0
2026-10-08,목,10,중앙선,218.0,광석,15.0,상,야간(18-24),0,1,0,0,0
2026-12-14,월,12,경부선,301.8,유류,12.9,하,야간(18-24),0,1,0,1,0
2026-08-01,토,8,호남선,176.4,시멘트,12.5,상,오후(12-18),0,0,1,0,1
2026-08-11,화,8,태백선,172.1,시멘트,17.2,상,야간(18-24),1,0,1,0,0
2026-09-30,수,9,경부선,349.7,시멘트,14.5,하,오전(06-12),0,1,0,0,0
2026-04-04,토,4,영동선,109.5,시멘트,11.0,상,새벽(00-06),0,1,0,0,1
2026-04-23,목,4,중앙선,136.6,컨테이너,8.0,상,오전(06-12),1,1,0,0,0
2026-08-17,월,8,중앙선,160.7,철강,11.0,하,오후(12-18),0,0,1,0,0
2026-01-24,토,1,태백선,148.1,철강,10.9,상,야간(18-24),0,1,0,1,0
2026-04-27,월,4,중앙선,205.7,시멘트,10.8,상,야간(18-24),0,1,0,0,1
2026-09-20,일,9,중앙선,125.2,광석,12.5,하,오전(06-12),1,0,0,0,0
2026-12-23,수,12,전라선,248.4,기타,3.5,상,오전(06-12),0,0,0,1,1
2026-07-09,목,7,경부선,257.5,유류,5.8,상,새벽(00-06),0,0,1,0,0
2026-05-26,화,5,중앙선,240.7,광석,17.0,상,오후(12-18),0,1,0,0,0
2026-06-10,수,6,중앙선,200.6,시멘트,1.0,하,오후(12-18),0,1,1,0,1
2026-09-08,화,9,전라선,215.5,광석,19.2,상,오후(12-18),1,1,0,0,0
2026-07-18,토,7,경부선,359.8,광석,8.6,상,새벽(00-06),0,0,1,0,0
2026-01-09,금,1,경부선,334.3,석탄,22.0,하,오전(06-12),1,1,0,1,0
2026-07-16,목,7,전라선,269.1,컨테이너,19.4,상,새벽(00-06),0,1,1,0,0
2026-05-27,수,5,경부선,323.4,컨테이너,10.0,상,오전(06-12),0,0,0,0,0
2026-09-13,일,9,중앙선,198.2,시멘트,10.7,상,새벽(00-06),0,0,0,0,0
2026-11-16,월,11,전라선,220.8,철강,21.6,상,야간(18-24),0,0,0,0,0
2026-12-18,금,12,장항선,184.9,시멘트,19.6,하,야간(18-24),0,0,0,1,0
2026-08-11,화,8,경부선,388.1,철강,17.8,하,오후(12-18),0,0,1,0,0
2026-05-13,수,5,태백선,125.4,철강,18.9,하,새벽(00-06),0,0,0,0,0
2026-06-12,금,6,전라선,248.8,컨테이너,5.5,상,오전(06-12),0,1,1,0,0
2026-03-06,금,3,중앙선,162.5,컨테이너,13.2,하,새벽(00-06),0,0,0,0,0
2026-12-08,화,12,장항선,138.3,석탄,7.4,하,새벽(00-06),0,0,0,1,0
2026-11-06,금,11,전라선,235.6,컨테이너,5.3,상,오전(06-12),0,0,0,0,0
2026-11-08,일,11,충북선,170.6,광석,13.0,하,오전(06-12),0,1,0,0,1
2026-04-30,목,4,충북선,158.5,유류,9.5,상,야간(18-24),0,0,0,0,0
2026-04-28,화,4,전라선,184.5,시멘트,11.0,상,야간(18-24),0,0,0,0,1
2026-11-09,월,11,영동선,114.4,시멘트,9.0,하,야간(18-24),0,0,0,0,1
2026-07-18,토,7,충북선,168.0,유류,4.5,하,새벽(00-06),0,1,1,0,0
2026-09-15,화,9,장항선,161.8,유류,22.2,하,오전(06-12),0,0,0,0,0
2026-06-28,일,6,전라선,188.8,시멘트,12.9,하,새벽(00-06),0,0,1,0,1
2026-06-11,목,6,태백선,130.5,기타,3.3,상,오후(12-18),0,0,1,0,0
2026-08-19,수,8,호남선,224.5,시멘트,13.1,상,오전(06-12),0,0,1,0,0
2026-10-24,토,10,경부선,336.9,컨테이너,21.1,하,오전(06-12),1,0,0,0,0
2026-05-02,토,5,경부선,285.0,시멘트,17.8,상,새벽(00-06),0,1,0,0,0
2026-10-23,금,10,충북선,164.7,철강,8.9,하,새벽(00-06),0,1,0,0,0
2026-03-31,화,3,중앙선,224.3,기타,9.0,상,오전(06-12),0,0,0,0,0
2026-05-28,목,5,충북선,132.0,컨테이너,6.3,하,새벽(00-06),0,1,0,0,0
2026-11-30,월,11,장항선,180.9,시멘트,7.5,상,새벽(00-06),1,0,0,0,0
2026-12-15,화,12,호남선,241.7,시멘트,8.0,하,야간(18-24),1,1,0,1,1
2026-12-04,금,12,중앙선,148.7,유류,3.2,상,새벽(00-06),0,1,0,1,0
2026-04-26,일,4,전라선,264.1,철강,9.3,하,새벽(00-06),0,1,0,0,0
2026-11-04,수,11,경부선,385.0,컨테이너,14.1,상,야간(18-24),0,0,0,0,0
2026-12-08,화,12,충북선,155.7,유류,9.5,하,야간(18-24),1,0,0,1,0
2026-12-24,목,12,경부선,306.5,석탄,13.3,하,오전(06-12),1,0,0,1,0
2026-01-08,목,1,충북선,187.1,광석,21.7,하,야간(18-24),0,0,0,1,0
2026-09-29,화,9,충북선,156.6,유류,23.0,상,새벽(00-06),0,1,0,0,0
2026-12-30,수,12,전라선,158.8,컨테이너,11.6,상,오후(12-18),0,0,0,1,0
2026-10-07,수,10,전라선,226.4,기타,17.3,하,야간(18-24),0,0,0,0,0
2026-03-27,금,3,중앙선,209.8,시멘트,11.0,상,오전(06-12),0,1,0,0,0
2026-10-06,화,10,경부선,349.8,기타,9.1,상,새벽(00-06),0,0,0,0,0
2026-02-08,일,2,경부선,285.0,컨테이너,5.3,하,오후(12-18),0,1,0,1,1
2026-06-25,목,6,영동선,105.8,철강,12.5,하,오후(12-18),0,0,1,0,0
2026-08-17,월,8,호남선,232.6,컨테이너,18.5,상,야간(18-24),0,0,1,0,0
2026-06-16,화,6,중앙선,191.2,컨테이너,4.4,하,오전(06-12),0,0,1,0,0
2026-09-13,일,9,경부선,259.1,기타,10.3,상,새벽(00-06),0,1,0,0,0
2026-03-29,일,3,중앙선,236.6,컨테이너,10.0,상,오후(12-18),0,0,0,0,1
2026-08-10,월,8,전라선,223.0,컨테이너,13.5,하,새벽(00-06),0,0,1,0,0
2026-08-24,월,8,중앙선,231.5,유류,13.6,상,새벽(00-06),1,1,1,0,1
2026-08-20,목,8,경부선,264.4,시멘트,15.2,하,새벽(00-06),1,1,1,0,1
2026-04-16,목,4,중앙선,189.1,시멘트,23.4,상,오전(06-12),0,0,0,0,0
2026-04-22,수,4,경부선,340.6,기타,6.8,상,오전(06-12),1,1,0,0,0
2026-04-05,일,4,중앙선,190.2,시멘트,6.4,상,오후(12-18),0,1,0,0,1
2026-06-18,목,6,경부선,272.9,컨테이너,13.5,상,새벽(00-06),0,0,1,0,0
2026-08-02,일,8,전라선,157.8,석탄,20.7,상,오전(06-12),0,0,1,0,0
2026-05-13,수,5,충북선,199.4,철강,3.2,하,오후(12-18),0,0,0,0,1
2026-05-30,토,5,경부선,330.1,컨테이너,14.0,하,오전(06-12),0,1,0,0,0
2026-04-15,수,4,충북선,190.5,시멘트,10.8,하,야간(18-24),0,0,0,0,0
2026-03-21,토,3,중앙선,225.8,시멘트,17.1,하,야간(18-24),0,1,0,0,1
2026-08-28,금,8,장항선,191.5,컨테이너,15.8,하,새벽(00-06),0,1,1,0,0
2026-10-25,일,10,호남선,200.2,컨테이너,12.3,상,야간(18-24),0,0,0,0,0
2026-04-17,금,4,경부선,339.8,광석,14.9,상,야간(18-24),0,1,0,0,0
2026-11-11,수,11,부산신항선,14.9,컨테이너,8.1,하,오전(06-12),1,0,0,0,0
2026-07-28,화,7,전라선,231.9,컨테이너,16.8,하,야간(18-24),0,1,1,0,0
2026-03-03,화,3,전라선,286.5,광석,20.3,하,오전(06-12),0,1,0,0,0
2026-05-14,목,5,중앙선,140.8,시멘트,12.6,하,야간(18-24),0,0,0,0,0
2026-01-03,토,1,중앙선,137.1,광석,9.6,상,오후(12-18),0,0,0,1,0
2026-01-15,목,1,경부선,359.7,유류,11.1,하,야간(18-24),1,0,0,1,0
2026-05-03,일,5,영동선,97.5,시멘트,16.7,하,새벽(00-06),0,1,0,0,0
2026-06-15,월,6,충북선,212.4,시멘트,11.7,하,오후(12-18),0,0,1,0,0
2026-10-19,월,10,중앙선,240.1,컨테이너,4.8,상,새벽(00-06),0,0,0,0,0
2026-02-19,목,2,충북선,201.0,컨테이너,17.7,하,야간(18-24),0,0,0,1,0
2026-11-03,화,11,경부선,355.6,컨테이너,6.1,하,새벽(00-06),0,1,0,0,1
2026-03-27,금,3,경부선,283.3,시멘트,14.5,상,오전(06-12),0,0,0,0,1
2026-02-20,금,2,충북선,119.8,시멘트,1.0,하,야간(18-24),1,0,0,1,0
2026-09-13,일,9,충북선,198.7,철강,12.6,상,오전(06-12),0,1,0,0,0
2026-10-10,토,10,장항선,149.6,컨테이너,11.6,상,오후(12-18),0,1,0,0,0
2026-08-09,일,8,전라선,276.9,시멘트,1.0,상,오전(06-12),0,0,1,0,0
2026-02-12,목,2,충북선,178.0,컨테이너,14.0,상,오후(12-18),1,1,0,1,0
2026-02-12,목,2,태백선,134.0,컨테이너,5.4,상,야간(18-24),0,1,0,1,1
2026-05-23,토,5,경부선,337.9,철강,12.5,하,야간(18-24),1,0,0,0,1
2026-06-14,일,6,전라선,243.4,석탄,9.5,상,오전(06-12),0,0,1,0,1
2026-12-31,목,12,전라선,223.3,시멘트,3.1,상,오후(12-18),1,0,0,1,1
2026-04-15,수,4,경부선,377.2,시멘트,5.7,상,오전(06-12),0,0,0,0,1
2026-03-12,목,3,경부선,375.9,시멘트,6.2,하,야간(18-24),0,0,0,0,0
2026-12-12,토,12,경부선,326.4,광석,17.9,하,오후(12-18),0,0,0,1,1
2026-02-26,목,2,경부선,296.2,시멘트,17.0,하,오전(06-12),0,0,0,1,0
2026-01-10,토,1,충북선,193.9,철강,25.0,상,오전(06-12),0,0,0,1,0
2026-06-04,목,6,경부선,239.3,컨테이너,8.9,상,새벽(00-06),0,1,1,0,0
2026-05-27,수,5,전라선,242.7,시멘트,8.7,하,야간(18-24),1,0,0,0,0
2026-08-15,토,8,경부선,349.8,시멘트,12.8,상,새벽(00-06),0,0,1,0,0
2026-11-17,화,11,경부선,287.1,컨테이너,9.9,하,새벽(00-06),0,1,0,0,0
2026-12-07,월,12,중앙선,227.4,시멘트,8.5,하,오전(06-12),1,1,0,1,1
2026-04-16,목,4,경부선,319.1,시멘트,12.3,상,오후(12-18),0,0,0,0,0
2026-12-24,목,12,영동선,101.6,컨테이너,16.2,하,오후(12-18),1,1,0,1,0
2026-08-19,수,8,중앙선,227.0,기타,1.0,상,새벽(00-06),1,0,1,0,1
2026-01-26,월,1,경부선,276.8,컨테이너,8.6,하,새벽(00-06),0,0,0,1,0
2026-12-09,수,12,경부선,355.0,광석,3.6,상,새벽(00-06),0,1,0,1,0
2026-02-20,금,2,중앙선,123.9,시멘트,11.1,상,오후(12-18),0,0,0,1,0
2026-08-03,월,8,충북선,168.4,컨테이너,14.6,하,야간(18-24),0,0,1,0,0
2026-10-16,금,10,장항선,180.5,컨테이너,18.7,하,야간(18-24),0,1,0,0,0
2026-04-02,목,4,중앙선,174.4,석탄,9.4,상,오전(06-12),0,0,0,0,0
2026-04-09,목,4,충북선,171.0,철강,12.6,상,오전(06-12),0,0,0,0,0
2026-06-23,화,6,중앙선,190.5,석탄,1.9,하,오전(06-12),0,0,1,0,1
2026-11-19,목,11,태백선,156.6,시멘트,6.8,상,야간(18-24),0,1,0,0,0
2026-03-23,월,3,충북선,175.3,컨테이너,13.2,하,오후(12-18),0,0,0,0,1
2026-08-31,월,8,경부선,338.3,철강,3.8,상,새벽(00-06),0,0,1,0,0
2026-06-15,월,6,전라선,238.2,유류,19.4,하,새벽(00-06),0,0,1,0,0
2026-02-10,화,2,태백선,126.1,시멘트,15.1,하,오전(06-12),1,0,0,1,0
2026-09-17,목,9,중앙선,182.7,유류,6.6,하,오전(06-12),0,0,0,0,0
2026-10-31,토,10,영동선,113.5,석탄,3.1,하,야간(18-24),0,0,0,0,0
2026-07-30,목,7,부산신항선,10.1,시멘트,7.7,상,새벽(00-06),0,0,1,0,0
2026-03-06,금,3,경부선,364.7,석탄,6.6,하,야간(18-24),0,0,0,0,0
2026-02-26,목,2,장항선,181.5,컨테이너,4.7,하,야간(18-24),0,1,0,1,0
2026-06-04,목,6,충북선,170.7,컨테이너,3.6,하,오전(06-12),0,1,1,0,0
2026-07-04,토,7,충북선,126.2,철강,10.6,하,새벽(00-06),0,0,1,0,0
2026-07-21,화,7,충북선,184.9,기타,16.4,상,새벽(00-06),1,0,1,0,0
2026-03-30,월,3,태백선,123.9,시멘트,7.7,하,오후(12-18),0,0,0,0,0
2026-07-02,목,7,충북선,135.2,컨테이너,14.7,하,새벽(00-06),0,1,1,0,0
2026-04-18,토,4,충북선,202.5,컨테이너,10.0,하,야간(18-24),0,0,0,0,1
2026-09-08,화,9,경부선,348.1,시멘트,15.7,하,야간(18-24),1,0,0,0,0
2026-10-18,일,10,중앙선,227.5,석탄,7.3,하,야간(18-24),0,0,0,0,0
2026-08-27,목,8,부산신항선,12.0,컨테이너,13.7,하,오후(12-18),0,0,1,0,0
2026-01-01,목,1,전라선,226.6,컨테이너,12.7,상,새벽(00-06),0,0,0,1,0
2026-12-29,화,12,경부선,309.0,철강,20.2,하,오후(12-18),0,0,0,1,0
2026-01-09,금,1,부산신항선,12.9,컨테이너,15.4,하,오후(12-18),0,0,0,1,0
2026-12-31,목,12,태백선,158.2,시멘트,13.5,상,새벽(00-06),0,1,0,1,0
2026-01-12,월,1,충북선,159.6,철강,3.2,상,새벽(00-06),0,0,0,1,0
2026-07-08,수,7,경부선,403.1,컨테이너,8.8,상,오전(06-12),0,1,1,0,0
2026-02-08,일,2,충북선,156.4,시멘트,7.2,하,오전(06-12),0,0,0,1,1
2026-02-04,수,2,경부선,264.4,컨테이너,7.1,하,새벽(00-06),0,1,0,1,1
2026-09-07,월,9,중앙선,133.0,시멘트,12.1,하,오전(06-12),0,1,0,0,1
2026-09-23,수,9,충북선,119.1,광석,13.4,상,야간(18-24),0,0,0,0,0
2026-02-13,금,2,부산신항선,9.4,석탄,13.7,하,오전(06-12),1,0,0,1,0
2026-12-23,수,12,중앙선,185.2,컨테이너,19.6,상,새벽(00-06),0,0,0,1,0
2026-04-27,월,4,태백선,149.2,컨테이너,14.9,하,오전(06-12),1,0,0,0,0
2026-04-27,월,4,부산신항선,10.5,컨테이너,4.6,하,오전(06-12),1,0,0,0,0
2026-04-19,일,4,경부선,353.9,광석,13.2,상,야간(18-24),0,0,0,0,0
2026-06-18,목,6,경부선,322.0,철강,15.5,하,오전(06-12),0,1,1,0,1
2026-03-06,금,3,전라선,229.8,석탄,19.6,하,새벽(00-06),0,1,0,0,1
2026-06-05,금,6,장항선,168.0,컨테이너,11.1,상,새벽(00-06),0,1,1,0,0
2026-03-18,수,3,중앙선,243.1,광석,11.1,하,새벽(00-06),1,0,0,0,0
2026-01-19,월,1,전라선,183.5,철강,18.5,상,오후(12-18),0,0,0,1,0
2026-05-15,금,5,충북선,168.8,컨테이너,13.1,하,새벽(00-06),0,0,0,0,0
2026-09-03,목,9,전라선,224.0,시멘트,2.4,상,야간(18-24),0,0,0,0,0
2026-10-06,화,10,전라선,252.9,시멘트,1.1,하,오후(12-18),0,1,0,0,0
2026-05-09,토,5,경부선,319.4,시멘트,23.0,상,오후(12-18),0,0,0,0,0
2026-04-29,수,4,경부선,320.5,시멘트,1.7,하,새벽(00-06),1,1,0,0,0
2026-10-15,목,10,경부선,309.5,컨테이너,11.0,상,새벽(00-06),0,0,0,0,0
2026-09-06,일,9,호남선,243.0,석탄,17.3,하,오전(06-12),0,0,0,0,0
2026-10-31,토,10,부산신항선,10.6,석탄,1.4,상,오전(06-12),0,0,0,0,0
2026-11-27,금,11,장항선,219.0,시멘트,5.5,하,오전(06-12),0,0,0,0,0
2026-10-27,화,10,경부선,331.1,시멘트,4.5,하,오후(12-18),0,1,0,0,1
2026-12-08,화,12,충북선,161.8,컨테이너,22.8,하,야간(18-24),0,0,0,1,0
2026-06-02,화,6,경부선,314.4,시멘트,24.1,상,오후(12-18),0,0,1,0,0
2026-05-25,월,5,중앙선,213.0,철강,7.6,상,새벽(00-06),0,1,0,0,0
2026-04-28,화,4,경부선,296.7,시멘트,15.5,상,새벽(00-06),0,0,0,0,0
2026-03-27,금,3,태백선,138.4,광석,13.8,상,야간(18-24),0,0,0,0,0
2026-10-01,목,10,경부선,320.5,철강,10.3,하,새벽(00-06),0,0,0,0,1
2026-09-18,금,9,전라선,239.2,철강,2.2,상,새벽(00-06),0,1,0,0,0
2026-10-20,화,10,영동선,115.1,시멘트,25.0,상,야간(18-24),0,0,0,0,0
2026-03-03,화,3,전라선,241.5,컨테이너,1.1,하,새벽(00-06),0,0,0,0,0
2026-06-29,월,6,경부선,324.0,광석,13.3,하,오후(12-18),0,1,1,0,0
2026-03-23,월,3,부산신항선,15.3,석탄,8.1,상,새벽(00-06),0,0,0,0,0
2026-11-22,일,11,충북선,171.9,광석,18.0,상,오후(12-18),0,0,0,0,0
2026-04-08,수,4,중앙선,284.5,석탄,17.1,상,새벽(00-06),0,0,0,0,0
2026-02-22,일,2,전라선,230.9,시멘트,6.1,상,야간(18-24),0,1,0,1,1
2026-07-28,화,7,부산신항선,13.5,컨테이너,7.3,상,새벽(00-06),1,1,1,0,0
2026-11-17,화,11,중앙선,167.9,시멘트,2.7,상,오전(06-12),0,1,0,0,0
2026-12-01,화,12,충북선,196.3,시멘트,13.2,상,야간(18-24),0,1,0,1,0
2026-02-05,목,2,중앙선,168.7,광석,16.3,상,오후(12-18),0,0,0,1,0
2026-04-29,수,4,경부선,338.4,유류,9.4,하,오전(06-12),0,0,0,0,0
2026-02-26,목,2,장항선,174.3,시멘트,10.5,상,오전(06-12),0,0,0,1,0
2026-04-23,목,4,경부선,338.3,시멘트,23.4,하,오전(06-12),1,0,0,0,0
2026-07-14,화,7,중앙선,185.1,컨테이너,17.6,하,야간(18-24),0,0,1,0,0
2026-04-13,월,4,중앙선,165.7,시멘트,20.1,상,오후(12-18),0,1,0,0,0
2026-01-25,일,1,경부선,309.3,기타,1.0,하,오전(06-12),1,0,0,1,0
2026-07-06,월,7,중앙선,247.3,철강,15.3,하,오전(06-12),0,0,1,0,1
2026-01-20,화,1,충북선,173.0,시멘트,13.5,하,오전(06-12),0,1,0,1,0
2026-03-24,화,3,중앙선,148.2,유류,4.5,하,야간(18-24),0,0,0,0,0
2026-01-01,목,1,경부선,364.0,컨테이너,5.7,하,새벽(00-06),0,0,0,1,0
2026-02-01,일,2,태백선,117.7,기타,10.7,하,오전(06-12),0,0,0,1,0
2026-06-09,화,6,영동선,121.0,석탄,3.9,상,새벽(00-06),1,0,1,0,0
2026-11-07,토,11,중앙선,212.7,컨테이너,7.2,상,오후(12-18),0,0,0,0,0
2026-10-10,토,10,중앙선,214.9,석탄,9.2,하,야간(18-24),0,0,0,0,0
2026-02-06,금,2,경부선,394.3,컨테이너,15.4,하,오후(12-18),0,1,0,1,0
2026-01-13,화,1,경부선,287.1,석탄,7.8,하,야간(18-24),0,1,0,1,0
2026-05-04,월,5,중앙선,214.7,컨테이너,9.3,상,야간(18-24),0,1,0,0,1
2026-08-27,목,8,호남선,239.7,컨테이너,18.1,상,야간(18-24),0,0,1,0,0
2026-09-30,수,9,전라선,210.1,석탄,1.4,상,오전(06-12),0,1,0,0,0
2026-10-28,수,10,중앙선,167.2,시멘트,13.4,하,새벽(00-06),1,0,0,0,0
2026-05-05,화,5,영동선,105.5,컨테이너,14.3,상,오전(06-12),0,0,0,0,0
2026-03-03,화,3,중앙선,204.7,유류,14.5,하,야간(18-24),0,0,0,0,1
2026-01-10,토,1,경부선,263.8,컨테이너,9.0,하,오전(06-12),0,0,0,1,0
2026-02-23,월,2,중앙선,212.6,석탄,5.6,하,오전(06-12),0,0,0,1,0
2026-01-24,토,1,경부선,263.9,시멘트,21.1,상,오후(12-18),0,0,0,1,0
2026-11-11,수,11,부산신항선,14.5,컨테이너,6.9,하,새벽(00-06),0,0,0,0,1
2026-04-08,수,4,중앙선,211.3,기타,5.3,상,오후(12-18),0,0,0,0,0
2026-10-28,수,10,전라선,286.8,시멘트,12.1,하,오후(12-18),0,0,0,0,0
2026-07-21,화,7,중앙선,216.7,컨테이너,7.6,상,야간(18-24),1,1,1,0,0
2026-07-16,목,7,부산신항선,9.7,시멘트,18.3,하,오후(12-18),1,1,1,0,1
2026-06-15,월,6,충북선,141.3,시멘트,10.4,상,새벽(00-06),0,1,1,0,0
2026-10-27,화,10,중앙선,201.7,컨테이너,19.1,하,오전(06-12),0,1,0,0,0
2026-01-16,금,1,경부선,319.0,컨테이너,14.7,상,오전(06-12),0,0,0,1,0
2026-02-03,화,2,부산신항선,14.2,시멘트,9.7,하,오전(06-12),0,1,0,1,0
2026-06-04,목,6,충북선,138.1,석탄,18.7,하,야간(18-24),0,0,1,0,0
2026-05-24,일,5,경부선,401.0,컨테이너,8.1,상,오후(12-18),0,0,0,0,0
2026-07-19,일,7,부산신항선,14.4,시멘트,10.1,하,오후(12-18),0,0,1,0,1
2026-09-27,일,9,경부선,312.1,컨테이너,15.2,하,오후(12-18),0,1,0,0,1
2026-08-03,월,8,중앙선,256.2,컨테이너,13.4,하,오후(12-18),0,0,1,0,0
2026-04-04,토,4,충북선,141.7,석탄,8.0,하,야간(18-24),0,1,0,0,0
2026-04-30,목,4,중앙선,200.5,컨테이너,2.8,하,새벽(00-06),0,0,0,0,0
2026-10-02,금,10,중앙선,148.6,컨테이너,11.9,상,새벽(00-06),0,1,0,0,0
2026-03-15,일,3,경부선,394.1,컨테이너,7.6,상,새벽(00-06),1,0,0,0,0
2026-07-04,토,7,경부선,254.3,석탄,12.2,하,야간(18-24),0,0,1,0,1
2026-07-16,목,7,경부선,262.6,시멘트,9.5,상,야간(18-24),1,0,1,0,0
2026-10-01,목,10,경부선,294.8,시멘트,7.7,상,야간(18-24),0,1,0,0,0
2026-09-18,금,9,호남선,241.3,석탄,10.4,하,새벽(00-06),0,0,0,0,0
2026-06-19,금,6,충북선,185.2,석탄,11.6,상,야간(18-24),0,1,1,0,0
2026-04-23,목,4,중앙선,197.6,컨테이너,16.2,하,야간(18-24),0,0,0,0,0
2026-05-15,금,5,중앙선,229.0,컨테이너,14.5,하,새벽(00-06),0,1,0,0,0
2026-05-31,일,5,전라선,225.9,컨테이너,24.6,하,오후(12-18),0,0,0,0,1
2026-03-22,일,3,경부선,337.1,유류,12.8,하,야간(18-24),0,1,0,0,0
2026-08-17,월,8,경부선,386.3,컨테이너,8.0,상,오전(06-12),0,0,1,0,0
2026-03-18,수,3,전라선,222.0,컨테이너,11.0,상,야간(18-24),0,1,0,0,0
2026-08-25,화,8,중앙선,166.5,시멘트,15.4,하,오전(06-12),0,0,1,0,1
2026-10-02,금,10,장항선,189.0,시멘트,18.0,하,오전(06-12),0,1,0,0,1
2026-12-18,금,12,부산신항선,12.8,유류,20.0,하,새벽(00-06),0,0,0,1,0
2026-02-13,금,2,태백선,137.7,시멘트,5.9,상,새벽(00-06),0,1,0,1,0
2026-10-05,월,10,경부선,360.3,컨테이너,19.7,상,오후(12-18),0,0,0,0,1
2026-02-01,일,2,경부선,312.1,시멘트,11.7,하,오전(06-12),0,0,0,1,0
2026-05-04,월,5,경부선,325.3,철강,6.4,상,오전(06-12),0,0,0,0,0
2026-03-06,금,3,장항선,187.1,기타,10.8,하,야간(18-24),0,0,0,0,0
2026-03-01,일,3,부산신항선,11.5,석탄,19.3,상,새벽(00-06),1,0,0,0,0
2026-03-06,금,3,호남선,248.5,시멘트,14.7,하,오전(06-12),0,1,0,0,0
2026-01-17,토,1,중앙선,206.2,컨테이너,4.7,하,야간(18-24),0,0,0,1,0
2026-10-28,수,10,태백선,129.4,기타,4.8,상,야간(18-24),1,0,0,0,0
2026-01-23,금,1,충북선,174.5,석탄,4.6,상,야간(18-24),0,0,0,1,0
2026-05-26,화,5,태백선,155.7,컨테이너,7.6,하,오전(06-12),0,0,0,0,0
2026-09-13,일,9,충북선,180.7,시멘트,12.5,하,새벽(00-06),0,0,0,0,0
2026-12-28,월,12,경부선,349.0,시멘트,5.2,하,야간(18-24),0,0,0,1,0
2026-11-08,일,11,경부선,260.3,컨테이너,9.4,상,야간(18-24),0,1,0,0,1
2026-02-20,금,2,호남선,145.9,철강,20.4,상,오후(12-18),0,0,0,1,0
2026-12-27,일,12,중앙선,237.9,석탄,21.7,상,오전(06-12),0,0,0,1,1
2026-08-27,목,8,중앙선,208.7,컨테이너,21.3,상,오후(12-18),1,0,1,0,0
2026-03-07,토,3,중앙선,192.5,기타,1.2,상,오후(12-18),0,1,0,0,0
2026-06-13,토,6,중앙선,217.6,광석,22.0,하,야간(18-24),0,1,1,0,0
2026-12-02,수,12,호남선,256.4,컨테이너,12.6,하,새벽(00-06),0,1,0,1,1
2026-05-24,일,5,경부선,376.7,시멘트,12.5,상,새벽(00-06),1,0,0,0,0
2026-03-09,월,3,경부선,358.7,광석,18.2,하,오전(06-12),0,0,0,0,0
2026-11-16,월,11,장항선,161.9,시멘트,16.2,하,야간(18-24),0,0,0,0,0
2026-12-14,월,12,충북선,142.4,기타,1.0,상,야간(18-24),0,1,0,1,0
2026-12-23,수,12,경부선,224.7,컨테이너,8.3,상,새벽(00-06),0,0,0,1,0
2026-12-15,화,12,경부선,345.5,철강,9.8,하,오전(06-12),1,1,0,1,0
2026-11-15,일,11,경부선,364.5,시멘트,4.0,하,오후(12-18),0,0,0,0,1
2026-06-15,월,6,경부선,367.8,시멘트,18.0,상,새벽(00-06),0,0,1,0,0
2026-03-12,목,3,경부선,347.2,철강,20.6,상,야간(18-24),0,0,0,0,0
2026-08-14,금,8,경부선,314.0,컨테이너,11.9,상,오전(06-12),0,0,1,0,0
2026-03-22,일,3,전라선,212.5,컨테이너,13.8,상,야간(18-24),0,1,0,0,0
2026-06-22,월,6,태백선,119.0,컨테이너,11.9,상,오전(06-12),1,0,1,0,0
2026-08-28,금,8,부산신항선,10.1,컨테이너,12.6,상,야간(18-24),0,0,1,0,0
2026-12-12,토,12,중앙선,159.1,컨테이너,18.7,하,새벽(00-06),0,0,0,1,1
2026-04-16,목,4,중앙선,254.8,시멘트,1.4,하,오전(06-12),0,0,0,0,0
2026-04-02,목,4,영동선,90.3,컨테이너,14.9,상,오전(06-12),0,0,0,0,0
2026-09-26,토,9,장항선,175.7,컨테이너,12.1,하,새벽(00-06),0,0,0,0,0
2026-01-03,토,1,충북선,112.9,컨테이너,7.7,하,오후(12-18),0,1,0,1,0
2026-07-26,일,7,경부선,332.1,유류,9.0,상,야간(18-24),0,0,1,0,0
2026-09-30,수,9,중앙선,193.2,컨테이너,23.0,상,오전(06-12),0,1,0,0,0
2026-07-21,화,7,충북선,152.4,철강,4.0,하,야간(18-24),0,0,1,0,1
2026-05-21,목,5,충북선,138.0,컨테이너,11.0,상,새벽(00-06),0,0,0,0,0
2026-10-30,금,10,경부선,320.3,컨테이너,21.8,상,새벽(00-06),1,1,0,0,0
2026-05-16,토,5,호남선,194.6,시멘트,4.4,상,새벽(00-06),0,0,0,0,0
2026-09-17,목,9,충북선,157.9,시멘트,9.3,상,야간(18-24),1,0,0,0,0
2026-06-19,금,6,충북선,210.2,시멘트,12.3,하,새벽(00-06),0,0,1,0,0
2026-01-10,토,1,경부선,327.1,석탄,14.5,하,새벽(00-06),0,0,0,1,0
2026-07-13,월,7,장항선,190.3,컨테이너,11.5,하,새벽(00-06),0,0,1,0,0
2026-01-19,월,1,전라선,215.5,컨테이너,6.6,상,오전(06-12),0,0,0,1,0
2026-12-06,일,12,경부선,288.8,유류,14.7,상,오전(06-12),0,0,0,1,0
2026-08-08,토,8,충북선,160.7,컨테이너,11.4,상,오전(06-12),0,0,1,0,0
2026-05-16,토,5,전라선,304.5,철강,15.8,상,야간(18-24),0,1,0,0,0
2026-06-27,토,6,태백선,129.8,시멘트,17.5,하,오전(06-12),1,0,1,0,0
2026-08-15,토,8,경부선,334.7,컨테이너,3.1,상,새벽(00-06),0,0,1,0,1
2026-04-05,일,4,부산신항선,8.1,컨테이너,18.2,하,오후(12-18),0,0,0,0,1
2026-04-16,목,4,중앙선,96.9,시멘트,10.5,하,새벽(00-06),0,0,0,0,0
2026-06-02,화,6,경부선,288.6,시멘트,17.0,상,새벽(00-06),0,0,1,0,0
2026-04-05,일,4,경부선,415.4,기타,15.0,상,야간(18-24),0,0,0,0,1
2026-10-04,일,10,경부선,344.0,컨테이너,23.1,상,새벽(00-06),0,0,0,0,1
2026-02-07,토,2,경부선,385.8,광석,12.0,하,야간(18-24),0,1,0,1,0
2026-10-29,목,10,중앙선,181.1,컨테이너,9.6,하,오후(12-18),0,0,0,0,0
2026-05-08,금,5,장항선,132.5,컨테이너,8.9,상,야간(18-24),1,0,0,0,0
2026-07-24,금,7,경부선,275.9,시멘트,5.8,하,오전(06-12),0,0,1,0,0
2026-02-27,금,2,영동선,115.8,기타,16.8,하,오후(12-18),0,1,0,1,0
2026-05-21,목,5,경부선,329.7,시멘트,5.4,상,오후(12-18),0,0,0,0,0
2026-10-03,토,10,충북선,161.0,철강,16.8,상,야간(18-24),0,0,0,0,0
2026-04-09,목,4,호남선,194.9,시멘트,10.7,하,오전(06-12),0,0,0,0,0
2026-02-18,수,2,태백선,154.3,유류,1.4,하,오후(12-18),0,1,0,1,1
2026-07-10,금,7,전라선,214.4,유류,20.9,하,오전(06-12),0,0,1,0,0
2026-03-01,일,3,전라선,238.6,석탄,1.0,상,새벽(00-06),0,1,0,0,0
2026-04-25,토,4,경부선,328.0,석탄,11.5,상,새벽(00-06),0,0,0,0,0
2026-06-14,일,6,경부선,305.5,시멘트,13.4,하,야간(18-24),0,0,1,0,0
2026-07-25,토,7,중앙선,162.5,기타,1.0,상,오후(12-18),0,1,1,0,0
2026-08-22,토,8,경부선,303.1,시멘트,14.6,하,오후(12-18),0,0,1,0,1
2026-09-04,금,9,중앙선,258.9,컨테이너,8.0,하,오후(12-18),0,0,0,0,0
2026-11-05,목,11,경부선,364.7,유류,10.5,상,새벽(00-06),0,0,0,0,0
2026-01-25,일,1,부산신항선,13.7,석탄,20.1,상,새벽(00-06),0,0,0,1,0
2026-05-13,수,5,부산신항선,8.2,시멘트,12.9,상,오후(12-18),0,0,0,0,0
2026-01-01,목,1,태백선,106.7,석탄,9.9,상,오후(12-18),0,0,0,1,0
2026-01-04,일,1,전라선,262.3,시멘트,11.0,상,오후(12-18),0,1,0,1,1
2026-03-19,목,3,경부선,356.4,시멘트,22.7,하,오전(06-12),0,1,0,0,0
2026-08-07,금,8,경부선,325.7,컨테이너,14.4,하,오후(12-18),0,0,1,0,0
2026-11-23,월,11,전라선,218.3,유류,6.7,하,오후(12-18),0,1,0,0,0
2026-10-10,토,10,충북선,124.7,석탄,9.1,상,오전(06-12),0,0,0,0,0
2026-08-24,월,8,중앙선,223.7,유류,4.9,하,오후(12-18),0,1,1,0,0
2026-10-12,월,10,중앙선,234.8,컨테이너,9.3,하,새벽(00-06),0,1,0,0,0
2026-03-04,수,3,중앙선,169.5,기타,21.6,하,새벽(00-06),0,0,0,0,0
2026-11-03,화,11,경부선,289.7,시멘트,11.0,상,야간(18-24),0,0,0,0,0
2026-11-21,토,11,중앙선,236.7,시멘트,4.0,하,오전(06-12),0,1,0,0,0
2026-02-04,수,2,중앙선,170.8,기타,14.6,상,야간(18-24),0,1,0,1,1
2026-06-21,일,6,충북선,205.8,석탄,9.6,하,오후(12-18),0,0,1,0,0
2026-10-30,금,10,호남선,205.5,광석,15.4,상,오전(06-12),0,0,0,0,0
2026-06-23,화,6,충북선,151.6,석탄,10.5,하,야간(18-24),0,1,1,0,0
2026-11-03,화,11,전라선,230.8,컨테이너,20.7,하,새벽(00-06),0,0,0,0,1
2026-12-08,화,12,장항선,171.9,시멘트,6.5,하,새벽(00-06),0,0,0,1,0
2026-06-23,화,6,경부선,365.2,유류,5.0,하,오전(06-12),0,0,1,0,0
2026-01-22,목,1,전라선,256.0,시멘트,17.6,상,오후(12-18),0,1,0,1,0
2026-05-05,화,5,중앙선,231.4,석탄,1.0,하,새벽(00-06),0,0,0,0,1
2026-03-20,금,3,충북선,165.9,컨테이너,11.0,하,오전(06-12),0,0,0,0,0
2026-06-23,화,6,경부선,301.9,시멘트,16.8,하,야간(18-24),0,1,1,0,0
2026-08-02,일,8,부산신항선,10.6,유류,1.0,하,야간(18-24),1,0,1,0,0
2026-06-19,금,6,호남선,197.6,광석,12.4,하,야간(18-24),0,0,1,0,0
2026-03-13,금,3,경부선,378.9,컨테이너,3.0,상,새벽(00-06),0,1,0,0,0
2026-04-20,월,4,경부선,360.3,컨테이너,1.0,상,야간(18-24),0,0,0,0,0
2026-09-06,일,9,경부선,316.5,컨테이너,5.6,상,야간(18-24),0,0,0,0,0
2026-01-10,토,1,장항선,161.1,컨테이너,10.9,하,새벽(00-06),0,1,0,1,0
2026-03-20,금,3,충북선,199.8,유류,7.8,상,새벽(00-06),1,0,0,0,0
2026-11-22,일,11,경부선,325.7,시멘트,18.6,상,새벽(00-06),0,0,0,0,0
2026-02-06,금,2,태백선,132.9,컨테이너,12.5,상,야간(18-24),0,1,0,1,1
2026-06-01,월,6,중앙선,247.5,철강,9.1,상,오후(12-18),0,0,1,0,0
2026-03-17,화,3,중앙선,175.5,철강,4.1,상,새벽(00-06),0,1,0,0,0
2026-02-08,일,2,중앙선,182.1,시멘트,13.3,상,새벽(00-06),1,1,0,1,0
2026-06-04,목,6,충북선,155.5,광석,24.4,상,야간(18-24),0,1,1,0,0
2026-07-10,금,7,중앙선,147.2,시멘트,7.8,상,오후(12-18),0,1,1,0,0
2026-03-06,금,3,경부선,332.8,컨테이너,8.5,상,야간(18-24),0,0,0,0,0
2026-01-29,목,1,중앙선,166.6,광석,5.6,하,새벽(00-06),0,0,0,1,0
2026-02-19,목,2,부산신항선,8.9,컨테이너,19.1,상,야간(18-24),1,1,0,1,1
2026-08-26,수,8,충북선,143.7,기타,17.6,상,새벽(00-06),0,1,1,0,0
2026-11-11,수,11,부산신항선,8.8,석탄,9.3,하,오전(06-12),1,0,0,0,0
2026-03-07,토,3,충북선,140.3,광석,8.4,하,야간(18-24),1,0,0,0,0
2026-04-27,월,4,장항선,184.5,컨테이너,6.3,하,오전(06-12),0,0,0,0,0
2026-05-06,수,5,중앙선,187.9,시멘트,10.3,상,오후(12-18),0,1,0,0,1
2026-05-12,화,5,장항선,180.6,유류,18.1,하,오전(06-12),0,0,0,0,0
2026-03-31,화,3,경부선,414.4,유류,12.2,하,오후(12-18),0,0,0,0,0
2026-01-21,수,1,경부선,314.0,유류,19.7,하,오전(06-12),0,0,0,1,0
2026-07-11,토,7,경부선,344.4,컨테이너,7.7,상,오전(06-12),0,0,1,0,0
2026-05-11,월,5,경부선,348.9,석탄,1.0,상,새벽(00-06),0,1,0,0,0
2026-05-05,화,5,호남선,206.6,시멘트,25.0,하,야간(18-24),1,0,0,0,0
2026-04-07,화,4,영동선,113.9,컨테이너,13.3,하,야간(18-24),0,1,0,0,0
2026-12-06,일,12,장항선,180.0,시멘트,16.7,상,야간(18-24),0,0,0,1,1
2026-08-11,화,8,경부선,328.3,철강,7.3,하,야간(18-24),0,0,1,0,0
2026-06-02,화,6,부산신항선,8.8,시멘트,3.8,하,오후(12-18),0,1,1,0,0
2026-03-16,월,3,전라선,214.6,컨테이너,12.9,하,새벽(00-06),0,0,0,0,1
2026-10-20,화,10,중앙선,193.9,철강,1.0,하,새벽(00-06),0,0,0,0,0
2026-11-21,토,11,충북선,112.0,기타,10.4,하,야간(18-24),0,0,0,0,1
2026-01-12,월,1,전라선,274.3,시멘트,18.1,하,오전(06-12),0,0,0,1,1
2026-12-06,일,12,경부선,406.6,유류,14.7,상,새벽(00-06),0,1,0,1,0
2026-09-13,일,9,충북선,165.6,유류,13.5,상,새벽(00-06),1,0,0,0,0
2026-02-06,금,2,전라선,249.4,컨테이너,22.5,하,야간(18-24),0,1,0,1,0
2026-10-02,금,10,경부선,363.4,석탄,14.3,하,새벽(00-06),0,0,0,0,0
2026-02-09,월,2,중앙선,146.9,광석,1.0,하,오전(06-12),0,0,0,1,0
2026-01-19,월,1,충북선,184.5,철강,11.1,상,오후(12-18),0,1,0,1,0
2026-02-12,목,2,전라선,216.6,컨테이너,23.6,상,오후(12-18),0,0,0,1,0
2026-06-17,수,6,영동선,144.2,시멘트,10.1,상,새벽(00-06),0,0,1,0,0
2026-08-15,토,8,태백선,131.7,철강,23.2,상,오후(12-18),0,0,1,0,0
2026-05-29,금,5,충북선,184.0,석탄,18.1,상,오전(06-12),0,0,0,0,0
2026-02-14,토,2,충북선,156.8,컨테이너,9.5,상,새벽(00-06),0,0,0,1,1
2026-03-14,토,3,충북선,216.2,컨테이너,5.5,하,오후(12-18),0,1,0,0,1
2026-11-08,일,11,충북선,148.5,철강,14.0,상,야간(18-24),0,1,0,0,0
2026-12-18,금,12,경부선,366.8,시멘트,19.6,상,야간(18-24),0,1,0,1,0
2026-10-03,토,10,전라선,248.2,기타,2.5,하,새벽(00-06),0,0,0,0,0
2026-02-07,토,2,전라선,241.5,시멘트,12.7,하,새벽(00-06),0,1,0,1,1
2026-10-27,화,10,충북선,167.0,유류,1.0,하,오전(06-12),1,0,0,0,1
2026-09-10,목,9,부산신항선,8.6,컨테이너,10.0,하,새벽(00-06),0,0,0,0,0
2026-07-12,일,7,전라선,151.8,유류,2.1,상,새벽(00-06),0,0,1,0,0
2026-02-22,일,2,중앙선,230.9,유류,15.4,하,새벽(00-06),0,0,0,1,0
2026-12-30,수,12,경부선,300.6,시멘트,7.9,상,새벽(00-06),1,1,0,1,0
2026-06-11,목,6,경부선,367.0,컨테이너,18.9,하,오전(06-12),0,0,1,0,1
2026-01-17,토,1,중앙선,205.6,광석,8.8,하,새벽(00-06),0,1,0,1,0
2026-03-18,수,3,중앙선,235.3,철강,8.2,상,새벽(00-06),0,0,0,0,0
2026-05-27,수,5,경부선,352.3,시멘트,2.3,하,새벽(00-06),1,0,0,0,0
2026-01-23,금,1,경부선,221.6,시멘트,14.3,하,오전(06-12),0,1,0,1,1
2026-04-29,수,4,경부선,344.8,광석,15.0,하,오전(06-12),0,1,0,0,0
2026-06-20,토,6,장항선,172.7,철강,17.6,하,새벽(00-06),0,0,1,0,0
2026-12-13,일,12,장항선,202.9,시멘트,15.9,상,오전(06-12),0,0,0,1,0
2026-02-01,일,2,중앙선,214.0,시멘트,14.4,하,새벽(00-06),1,0,0,1,1
2026-07-30,목,7,경부선,344.3,컨테이너,15.6,하,야간(18-24),0,0,1,0,0
2026-12-01,화,12,경부선,309.3,유류,16.2,상,오전(06-12),0,0,0,1,0
2026-10-22,목,10,경부선,283.7,유류,17.4,상,오후(12-18),0,0,0,0,0
2026-12-04,금,12,중앙선,178.1,시멘트,2.8,하,오후(12-18),0,0,0,1,1
2026-03-04,수,3,경부선,248.2,컨테이너,9.2,상,오후(12-18),0,0,0,0,0
2026-10-20,화,10,중앙선,172.6,컨테이너,2.3,상,오후(12-18),0,1,0,0,0
2026-12-24,목,12,영동선,87.8,컨테이너,14.0,상,오전(06-12),0,0,0,1,0
2026-04-30,목,4,충북선,125.4,광석,21.8,상,오전(06-12),0,0,0,0,0
2026-07-02,목,7,태백선,137.8,철강,17.4,하,오전(06-12),0,0,1,0,0
2026-07-13,월,7,경부선,341.6,시멘트,8.4,하,새벽(00-06),0,1,1,0,0
2026-06-30,화,6,경부선,318.9,컨테이너,15.0,하,오전(06-12),0,0,1,0,0
2026-04-16,목,4,호남선,195.7,컨테이너,14.1,상,오전(06-12),0,0,0,0,0
2026-12-21,월,12,중앙선,160.1,석탄,13.4,상,새벽(00-06),1,1,0,1,0
2026-12-16,수,12,전라선,219.9,컨테이너,4.2,하,야간(18-24),0,0,0,1,0
2026-05-19,화,5,영동선,97.5,시멘트,19.9,하,새벽(00-06),0,0,0,0,0
2026-10-21,수,10,충북선,159.7,기타,4.9,상,새벽(00-06),0,1,0,0,0
2026-05-26,화,5,중앙선,140.0,시멘트,9.8,하,오후(12-18),0,0,0,0,1
2026-10-18,일,10,충북선,178.8,철강,17.8,하,야간(18-24),1,0,0,0,0
2026-08-02,일,8,경부선,297.5,컨테이너,9.8,상,오전(06-12),1,0,1,0,1
2026-06-21,일,6,경부선,335.3,컨테이너,12.5,하,오후(12-18),0,1,1,0,1
2026-02-16,월,2,경부선,355.7,광석,12.7,상,새벽(00-06),0,0,0,1,0
2026-08-27,목,8,부산신항선,11.6,유류,12.4,하,야간(18-24),0,0,1,0,0
2026-04-28,화,4,전라선,253.4,철강,12.7,상,오후(12-18),0,0,0,0,0
2026-03-21,토,3,중앙선,121.0,시멘트,13.3,상,새벽(00-06),0,1,0,0,0
2026-03-12,목,3,경부선,300.5,컨테이너,12.4,상,오후(12-18),0,0,0,0,0
2026-12-25,금,12,전라선,262.5,시멘트,6.6,상,새벽(00-06),0,0,0,1,0
2026-02-07,토,2,부산신항선,12.1,컨테이너,2.7,하,오전(06-12),0,0,0,1,1
2026-10-19,월,10,중앙선,258.0,컨테이너,18.0,상,오전(06-12),0,0,0,0,0
2026-11-13,금,11,중앙선,253.0,시멘트,18.3,상,오후(12-18),0,0,0,0,1
2026-01-12,월,1,태백선,141.5,컨테이너,14.0,상,야간(18-24),0,0,0,1,1
2026-08-04,화,8,부산신항선,9.8,컨테이너,14.0,상,오전(06-12),0,0,1,0,0
2026-07-30,목,7,부산신항선,7.7,컨테이너,6.5,상,오후(12-18),0,0,1,0,0
2026-05-11,월,5,중앙선,176.6,시멘트,1.0,상,오후(12-18),0,0,0,0,0
2026-09-01,화,9,경부선,303.9,유류,10.5,상,새벽(00-06),0,1,0,0,0
2026-05-30,토,5,중앙선,172.5,광석,1.0,상,오후(12-18),0,0,0,0,1
2026-06-10,수,6,중앙선,161.2,컨테이너,13.1,하,야간(18-24),1,0,1,0,0
2026-06-07,일,6,부산신항선,11.8,컨테이너,19.8,상,오후(12-18),0,0,1,0,1
2026-10-20,화,10,경부선,388.1,유류,8.3,상,오전(06-12),0,0,0,0,0
2026-08-20,목,8,충북선,184.6,컨테이너,8.6,하,오후(12-18),0,0,1,0,0
2026-05-19,화,5,부산신항선,9.6,철강,6.0,하,야간(18-24),0,1,0,0,0
2026-12-05,토,12,영동선,125.0,컨테이너,12.3,상,새벽(00-06),0,1,0,1,0
2026-10-20,화,10,전라선,239.8,석탄,11.8,상,새벽(00-06),0,0,0,0,1
2026-12-07,월,12,호남선,207.2,컨테이너,5.9,상,오후(12-18),0,0,0,1,0
2026-09-24,목,9,경부선,316.1,철강,17.5,상,새벽(00-06),0,0,0,0,0
2026-05-23,토,5,중앙선,186.3,시멘트,25.0,상,야간(18-24),0,0,0,0,1
2026-10-10,토,10,경부선,346.2,컨테이너,19.1,하,오전(06-12),1,0,0,0,0
2026-05-01,금,5,영동선,111.9,시멘트,11.3,하,새벽(00-06),0,0,0,0,0
2026-04-09,목,4,부산신항선,8.4,시멘트,11.3,하,야간(18-24),1,1,0,0,1
2026-06-14,일,6,경부선,289.1,기타,8.9,하,새벽(00-06),0,0,1,0,0
2026-12-20,일,12,경부선,332.4,시멘트,8.8,상,오전(06-12),0,0,0,1,0
2026-07-27,월,7,중앙선,208.3,컨테이너,17.7,하,오전(06-12),0,0,1,0,0
2026-05-21,목,5,경부선,307.7,시멘트,18.0,하,야간(18-24),0,0,0,0,0
2026-06-18,목,6,태백선,112.9,컨테이너,5.0,상,새벽(00-06),0,0,1,0,1
2026-04-17,금,4,경부선,370.2,유류,14.2,하,오후(12-18),0,0,0,0,0
2026-08-29,토,8,장항선,200.4,유류,18.7,하,야간(18-24),0,1,1,0,0
2026-05-08,금,5,충북선,111.6,컨테이너,9.9,하,오후(12-18),1,0,0,0,1
2026-07-22,수,7,중앙선,240.2,시멘트,10.7,하,새벽(00-06),1,1,1,0,0
2026-05-15,금,5,경부선,311.8,석탄,16.2,하,새벽(00-06),0,0,0,0,0
2026-04-28,화,4,영동선,112.6,컨테이너,16.3,상,오전(06-12),0,0,0,0,0
2026-12-21,월,12,충북선,189.8,석탄,14.6,하,오전(06-12),0,0,0,1,0
2026-05-07,목,5,중앙선,251.1,시멘트,13.5,하,오전(06-12),0,0,0,0,0
2026-01-26,월,1,중앙선,228.4,시멘트,14.3,하,오전(06-12),0,0,0,1,0
2026-05-19,화,5,부산신항선,11.3,시멘트,10.3,하,오후(12-18),0,1,0,0,0
2026-07-14,화,7,태백선,108.0,시멘트,5.3,상,오후(12-18),0,0,1,0,0
2026-02-04,수,2,장항선,139.1,석탄,2.7,하,오후(12-18),0,0,0,1,0
2026-04-22,수,4,충북선,183.3,시멘트,15.6,상,새벽(00-06),0,0,0,0,0
2026-03-02,월,3,부산신항선,14.6,철강,12.6,상,오전(06-12),0,0,0,0,0
2026-07-02,목,7,중앙선,164.8,시멘트,14.7,하,야간(18-24),0,0,1,0,0
2026-09-21,월,9,전라선,221.3,석탄,7.0,상,야간(18-24),0,1,0,0,0
2026-12-20,일,12,중앙선,173.8,컨테이너,12.6,상,새벽(00-06),0,0,0,1,0
2026-05-23,토,5,충북선,146.7,시멘트,12.5,하,새벽(00-06),0,0,0,0,1
2026-11-12,목,11,영동선,125.9,시멘트,19.7,상,오후(12-18),0,1,0,0,0
2026-03-20,금,3,영동선,113.1,컨테이너,17.1,상,오전(06-12),0,0,0,0,1
2026-10-12,월,10,충북선,155.6,컨테이너,7.6,상,오전(06-12),1,0,0,0,1
2026-07-25,토,7,충북선,227.7,시멘트,15.0,상,새벽(00-06),0,0,1,0,1
2026-10-04,일,10,부산신항선,6.3,컨테이너,7.5,하,오전(06-12),0,1,0,0,0
2026-10-03,토,10,영동선,118.0,시멘트,1.0,하,새벽(00-06),0,0,0,0,0
2026-07-14,화,7,장항선,158.6,시멘트,22.4,하,새벽(00-06),0,1,1,0,0
2026-04-04,토,4,경부선,313.9,석탄,9.8,상,오전(06-12),1,1,0,0,1
2026-07-12,일,7,중앙선,198.5,기타,18.2,하,야간(18-24),1,0,1,0,1
2026-10-29,목,10,부산신항선,13.1,유류,8.0,상,야간(18-24),0,0,0,0,0
2026-12-21,월,12,장항선,174.4,기타,7.2,하,새벽(00-06),0,0,0,1,1
2026-12-05,토,12,전라선,218.4,기타,8.7,상,새벽(00-06),0,0,0,1,0
2026-03-08,일,3,전라선,221.0,컨테이너,13.5,하,새벽(00-06),0,0,0,0,0
2026-08-07,금,8,중앙선,155.5,컨테이너,13.1,상,야간(18-24),0,1,1,0,0
2026-02-08,일,2,중앙선,215.4,컨테이너,15.0,상,새벽(00-06),0,1,0,1,0
2026-09-02,수,9,장항선,185.2,컨테이너,9.0,상,야간(18-24),0,0,0,0,1
2026-12-29,화,12,중앙선,208.5,유류,12.2,상,오후(12-18),0,1,0,1,0
2026-01-20,화,1,전라선,227.3,광석,6.9,하,야간(18-24),0,0,0,1,0
2026-08-28,금,8,전라선,223.6,시멘트,20.8,상,새벽(00-06),0,0,1,0,0
2026-12-12,토,12,태백선,159.0,광석,4.1,하,오후(12-18),0,1,0,1,0
2026-11-06,금,11,중앙선,229.1,철강,7.1,상,새벽(00-06),0,1,0,0,0
2026-05-24,일,5,전라선,271.8,시멘트,9.5,상,오후(12-18),0,1,0,0,0
2026-02-07,토,2,경부선,335.1,컨테이너,25.0,하,오후(12-18),0,0,0,1,0
2026-12-04,금,12,경부선,374.3,기타,16.6,하,야간(18-24),1,0,0,1,0
2026-12-03,목,12,중앙선,178.7,석탄,6.9,하,오후(12-18),0,0,0,1,0
2026-07-31,금,7,경부선,312.2,시멘트,16.9,상,야간(18-24),0,1,1,0,0
2026-12-24,목,12,호남선,238.1,컨테이너,15.1,상,오전(06-12),0,0,0,1,0
2026-01-02,금,1,부산신항선,13.1,철강,13.6,상,오후(12-18),0,1,0,1,0
2026-08-14,금,8,경부선,308.6,철강,16.2,하,새벽(00-06),0,0,1,0,0
2026-01-15,목,1,태백선,114.6,시멘트,12.3,하,새벽(00-06),0,1,0,1,0
2026-12-08,화,12,충북선,156.2,기타,13.0,하,새벽(00-06),0,0,0,1,0
2026-09-06,일,9,전라선,208.9,시멘트,2.7,하,새벽(00-06),0,0,0,0,0
2026-11-30,월,11,부산신항선,15.8,광석,20.7,상,새벽(00-06),0,0,0,0,0
2026-07-25,토,7,충북선,180.3,석탄,9.3,상,새벽(00-06),0,1,1,0,0
2026-01-31,토,1,경부선,289.6,철강,4.6,하,새벽(00-06),0,0,0,1,0
2026-01-10,토,1,경부선,278.4,광석,9.0,하,오후(12-18),0,0,0,1,1
2026-05-03,일,5,중앙선,166.1,유류,9.2,상,오전(06-12),0,0,0,0,0
2026-09-29,화,9,호남선,194.2,컨테이너,7.2,상,야간(18-24),0,0,0,0,0
2026-02-25,수,2,충북선,157.1,유류,16.7,상,오전(06-12),0,0,0,1,1
2026-11-08,일,11,중앙선,232.3,시멘트,17.8,하,새벽(00-06),0,1,0,0,1
2026-03-29,일,3,경부선,281.5,컨테이너,1.0,상,야간(18-24),1,0,0,0,1
2026-07-01,수,7,부산신항선,17.5,석탄,8.9,하,야간(18-24),0,0,1,0,0
2026-03-16,월,3,중앙선,160.3,시멘트,9.3,상,오전(06-12),0,0,0,0,0
2026-06-20,토,6,전라선,187.1,시멘트,11.0,하,새벽(00-06),0,1,1,0,0
2026-06-15,월,6,전라선,280.0,시멘트,22.2,하,야간(18-24),0,0,1,0,0
2026-01-02,금,1,경부선,373.1,컨테이너,7.1,하,야간(18-24),0,0,0,1,1
2026-07-27,월,7,경부선,312.9,컨테이너,21.4,하,야간(18-24),0,1,1,0,0
2026-10-15,목,10,중앙선,206.6,철강,11.1,하,오전(06-12),0,1,0,0,0
2026-12-08,화,12,중앙선,207.5,컨테이너,21.4,상,새벽(00-06),0,0,0,1,0
2026-05-01,금,5,전라선,233.5,석탄,10.1,하,오전(06-12),0,0,0,0,0
2026-11-18,수,11,태백선,109.6,시멘트,9.4,하,오후(12-18),0,0,0,0,0
2026-11-17,화,11,경부선,220.9,컨테이너,11.9,상,새벽(00-06),0,1,0,0,0
2026-12-27,일,12,충북선,140.2,컨테이너,19.8,하,새벽(00-06),1,1,0,1,0
2026-05-17,일,5,경부선,392.8,시멘트,12.9,하,야간(18-24),0,0,0,0,0
2026-11-07,토,11,경부선,394.4,유류,13.3,상,새벽(00-06),0,1,0,0,0
2026-07-26,일,7,장항선,174.4,광석,15.8,하,새벽(00-06),1,1,1,0,1
2026-01-22,목,1,장항선,160.4,시멘트,6.7,상,오후(12-18),0,1,0,1,0
2026-04-09,목,4,장항선,185.2,컨테이너,14.0,상,야간(18-24),0,0,0,0,0
2026-09-03,목,9,경부선,337.8,시멘트,8.2,하,야간(18-24),1,1,0,0,0
2026-02-28,토,2,충북선,176.3,시멘트,20.8,하,새벽(00-06),0,0,0,1,0
2026-06-08,월,6,중앙선,104.9,시멘트,14.5,하,오후(12-18),0,0,1,0,0
2026-10-10,토,10,영동선,157.2,시멘트,16.2,하,야간(18-24),0,0,0,0,0
2026-02-24,화,2,전라선,263.4,석탄,1.0,하,오후(12-18),0,0,0,1,0
2026-07-01,수,7,호남선,203.3,컨테이너,16.2,하,새벽(00-06),0,1,1,0,0
2026-03-20,금,3,경부선,291.5,광석,10.9,상,오후(12-18),0,0,0,0,0
2026-07-15,수,7,중앙선,227.9,시멘트,3.4,상,오전(06-12),0,0,1,0,0
2026-03-29,일,3,장항선,189.5,시멘트,12.6,상,오전(06-12),0,0,0,0,0
2026-12-19,토,12,중앙선,196.5,광석,2.9,상,오전(06-12),0,0,0,1,0
2026-01-28,수,1,충북선,172.8,시멘트,15.7,하,새벽(00-06),0,1,0,1,0
2026-12-18,금,12,충북선,158.5,컨테이너,20.6,상,야간(18-24),0,0,0,1,0
2026-10-17,토,10,영동선,115.8,컨테이너,1.3,상,오전(06-12),0,0,0,0,1
2026-11-09,월,11,경부선,349.3,철강,11.8,상,새벽(00-06),0,0,0,0,0
2026-11-07,토,11,호남선,216.8,시멘트,11.0,상,오전(06-12),0,0,0,0,1
2026-03-10,화,3,중앙선,203.5,시멘트,1.0,상,오후(12-18),0,0,0,0,0
2026-12-06,일,12,중앙선,242.1,컨테이너,17.5,상,오후(12-18),0,1,0,1,0
2026-08-05,수,8,충북선,121.4,컨테이너,15.8,하,야간(18-24),0,1,1,0,0
2026-12-18,금,12,경부선,288.3,시멘트,24.2,하,야간(18-24),0,0,0,1,0
2026-11-17,화,11,영동선,110.2,시멘트,15.0,상,오후(12-18),0,0,0,0,1
2026-07-31,금,7,부산신항선,8.4,시멘트,6.7,하,오후(12-18),0,1,1,0,0
2026-05-17,일,5,영동선,103.9,시멘트,15.1,상,오후(12-18),0,1,0,0,0
2026-02-12,목,2,영동선,129.1,철강,19.7,상,오전(06-12),0,1,0,1,0
2026-02-06,금,2,전라선,224.9,석탄,9.2,상,오전(06-12),0,0,0,1,0
2026-05-23,토,5,중앙선,129.3,석탄,17.1,하,오전(06-12),0,0,0,0,1
2026-10-24,토,10,태백선,127.0,시멘트,1.0,상,야간(18-24),1,0,0,0,0
2026-07-04,토,7,경부선,322.5,컨테이너,20.9,상,오후(12-18),0,1,1,0,0
2026-06-25,목,6,태백선,136.3,시멘트,16.8,하,새벽(00-06),0,0,1,0,0
2026-03-31,화,3,중앙선,212.8,컨테이너,1.0,상,야간(18-24),0,0,0,0,0
2026-07-26,일,7,전라선,243.6,철강,14.3,상,야간(18-24),0,0,1,0,1
2026-08-21,금,8,중앙선,188.4,시멘트,1.0,상,새벽(00-06),0,0,1,0,0
2026-12-25,금,12,중앙선,151.5,시멘트,8.3,하,야간(18-24),1,0,0,1,0
2026-09-24,목,9,경부선,302.6,유류,16.1,상,오전(06-12),1,0,0,0,0
2026-08-10,월,8,중앙선,171.5,시멘트,11.2,하,새벽(00-06),0,0,1,0,1
2026-11-29,일,11,중앙선,183.3,컨테이너,19.5,하,오후(12-18),0,0,0,0,0
2026-06-05,금,6,경부선,347.8,광석,12.4,하,새벽(00-06),0,0,1,0,0
2026-12-08,화,12,경부선,336.4,시멘트,11.8,상,오후(12-18),0,0,0,1,1
2026-05-16,토,5,충북선,181.9,시멘트,18.6,상,야간(18-24),0,1,0,0,1
2026-02-16,월,2,중앙선,179.9,컨테이너,10.0,하,오전(06-12),0,0,0,1,1
2026-06-02,화,6,태백선,165.7,시멘트,11.8,하,오전(06-12),1,1,1,0,0
2026-02-16,월,2,경부선,347.1,시멘트,12.6,하,새벽(00-06),0,0,0,1,0
2026-02-13,금,2,충북선,164.1,유류,11.6,하,오전(06-12),0,0,0,1,0
2026-11-18,수,11,경부선,344.3,철강,19.0,상,오후(12-18),0,1,0,0,0
2026-10-18,일,10,충북선,144.4,시멘트,8.0,하,야간(18-24),0,0,0,0,1
2026-03-22,일,3,충북선,108.6,철강,7.0,하,야간(18-24),0,0,0,0,0
2026-11-02,월,11,충북선,146.1,유류,5.6,하,오전(06-12),0,0,0,0,0
2026-01-26,월,1,중앙선,219.5,컨테이너,1.0,상,오전(06-12),0,1,0,1,0
2026-04-14,화,4,충북선,163.3,시멘트,20.9,하,오전(06-12),0,0,0,0,0
2026-09-15,화,9,경부선,314.7,컨테이너,6.6,하,오후(12-18),0,0,0,0,0
2026-04-21,화,4,중앙선,163.6,컨테이너,10.6,하,새벽(00-06),0,0,0,0,0
2026-09-24,목,9,중앙선,124.8,철강,21.3,상,오전(06-12),0,0,0,0,0
2026-11-16,월,11,전라선,272.1,철강,11.1,하,오전(06-12),0,0,0,0,0
2026-01-25,일,1,중앙선,186.0,유류,15.1,상,오후(12-18),1,0,0,1,1
2026-01-09,금,1,장항선,171.0,시멘트,3.5,하,새벽(00-06),0,0,0,1,0
2026-12-10,목,12,중앙선,169.8,컨테이너,20.4,하,오전(06-12),0,0,0,1,0
2026-07-09,목,7,경부선,370.4,컨테이너,11.3,상,야간(18-24),1,0,1,0,0
2026-07-04,토,7,경부선,355.5,컨테이너,5.9,하,야간(18-24),0,0,1,0,0
2026-06-19,금,6,경부선,281.5,시멘트,5.9,하,오전(06-12),1,1,1,0,0
2026-06-08,월,6,충북선,190.4,시멘트,22.1,상,야간(18-24),0,0,1,0,0
2026-09-09,수,9,태백선,132.6,석탄,8.5,하,야간(18-24),0,0,0,0,0
2026-07-31,금,7,장항선,167.4,컨테이너,6.0,상,야간(18-24),1,1,1,0,0
2026-03-01,일,3,중앙선,183.0,컨테이너,9.4,하,야간(18-24),0,1,0,0,0
2026-08-17,월,8,경부선,288.9,컨테이너,12.3,하,오후(12-18),1,0,1,0,0
2026-09-01,화,9,태백선,109.1,철강,12.9,하,야간(18-24),0,0,0,0,0
2026-02-11,수,2,경부선,351.2,컨테이너,14.7,상,새벽(00-06),0,0,0,1,0
2026-05-18,월,5,중앙선,185.6,컨테이너,13.4,상,오전(06-12),0,0,0,0,0
2026-10-16,금,10,태백선,147.8,시멘트,15.9,하,야간(18-24),0,0,0,0,0
2026-08-14,금,8,중앙선,203.4,컨테이너,10.4,하,새벽(00-06),0,0,1,0,0
2026-02-19,목,2,경부선,342.1,시멘트,24.4,상,새벽(00-06),0,1,0,1,0
2026-01-15,목,1,경부선,238.4,유류,9.1,상,오전(06-12),1,0,0,1,0
2026-08-01,토,8,충북선,139.6,컨테이너,20.1,상,오후(12-18),0,0,1,0,0
2026-06-18,목,6,경부선,343.0,컨테이너,8.4,하,오후(12-18),1,0,1,0,0
2026-12-17,목,12,전라선,191.2,컨테이너,3.4,하,오후(12-18),0,0,0,1,1
2026-07-10,금,7,중앙선,206.4,컨테이너,2.0,상,새벽(00-06),0,0,1,0,0
2026-12-06,일,12,중앙선,144.6,광석,13.8,하,야간(18-24),0,0,0,1,0
2026-03-20,금,3,경부선,320.9,석탄,19.0,상,새벽(00-06),0,0,0,0,0
2026-06-13,토,6,태백선,167.7,시멘트,5.1,하,야간(18-24),0,0,1,0,0
2026-02-20,금,2,중앙선,220.4,시멘트,6.7,상,오전(06-12),0,0,0,1,0
2026-07-29,수,7,전라선,173.9,컨테이너,14.3,상,새벽(00-06),0,0,1,0,1
2026-03-10,화,3,중앙선,223.0,시멘트,12.0,상,오전(06-12),1,1,0,0,0
2026-06-29,월,6,경부선,393.1,컨테이너,8.5,하,오후(12-18),0,0,1,0,0
2026-05-06,수,5,중앙선,291.2,유류,4.3,상,야간(18-24),0,1,0,0,0
2026-03-09,월,3,충북선,173.2,철강,13.9,하,오후(12-18),0,0,0,0,0
2026-02-05,목,2,중앙선,145.5,컨테이너,15.9,하,야간(18-24),1,0,0,1,0
2026-07-06,월,7,태백선,144.2,철강,15.0,상,오전(06-12),0,0,1,0,0
2026-12-12,토,12,부산신항선,15.4,컨테이너,12.2,상,새벽(00-06),0,0,0,1,0
2026-03-14,토,3,장항선,175.9,컨테이너,5.7,하,오전(06-12),0,0,0,0,0
2026-05-28,목,5,충북선,187.4,컨테이너,13.9,하,오후(12-18),1,0,0,0,0
2026-03-23,월,3,충북선,140.3,컨테이너,13.4,상,새벽(00-06),0,0,0,0,0
2026-10-23,금,10,충북선,170.6,컨테이너,4.1,상,새벽(00-06),0,0,0,0,0
2026-06-01,월,6,경부선,220.6,광석,10.2,상,오후(12-18),1,1,1,0,0
2026-12-22,화,12,장항선,160.6,컨테이너,14.2,상,오전(06-12),0,0,0,1,1
2026-03-31,화,3,태백선,135.4,시멘트,11.5,하,야간(18-24),0,0,0,0,0
2026-01-30,금,1,경부선,305.7,컨테이너,1.0,상,새벽(00-06),1,1,0,1,0
2026-08-01,토,8,부산신항선,6.7,컨테이너,8.2,상,오전(06-12),0,0,1,0,0
2026-08-26,수,8,태백선,125.5,컨테이너,7.8,상,오전(06-12),0,0,1,0,1
2026-12-28,월,12,중앙선,204.8,컨테이너,15.4,하,야간(18-24),0,0,0,1,0
2026-11-15,일,11,부산신항선,10.3,시멘트,25.0,하,새벽(00-06),0,0,0,0,1
2026-11-19,목,11,경부선,322.6,컨테이너,12.8,하,새벽(00-06),0,0,0,0,0
2026-08-20,목,8,경부선,349.5,컨테이너,4.8,하,새벽(00-06),0,0,1,0,0
2026-05-12,화,5,중앙선,181.3,석탄,11.0,상,야간(18-24),0,0,0,0,0
2026-06-06,토,6,충북선,195.3,광석,12.1,하,새벽(00-06),1,0,1,0,0
2026-02-18,수,2,중앙선,158.7,컨테이너,16.5,상,야간(18-24),0,0,0,1,0
2026-06-07,일,6,호남선,256.4,석탄,19.5,하,오전(06-12),0,0,1,0,0
2026-05-14,목,5,경부선,364.7,석탄,20.3,하,야간(18-24),0,0,0,0,1
2026-01-14,수,1,경부선,306.0,시멘트,15.2,하,오전(06-12),0,0,0,1,0
2026-03-16,월,3,충북선,154.1,석탄,12.0,하,오전(06-12),0,0,0,0,0
2026-07-15,수,7,경부선,328.5,시멘트,20.9,하,야간(18-24),0,1,1,0,0
2026-05-15,금,5,전라선,247.4,광석,9.9,하,새벽(00-06),0,0,0,0,0
2026-12-29,화,12,중앙선,231.6,컨테이너,12.3,하,오후(12-18),0,0,0,1,1
2026-06-24,수,6,영동선,89.7,시멘트,10.5,상,야간(18-24),1,0,1,0,0
2026-12-16,수,12,전라선,242.5,석탄,1.0,상,새벽(00-06),1,0,0,1,0
2026-08-30,일,8,경부선,235.5,광석,19.6,상,야간(18-24),0,0,1,0,0
2026-01-15,목,1,경부선,313.1,시멘트,16.1,하,새벽(00-06),1,0,0,1,1
2026-03-16,월,3,경부선,378.4,기타,1.0,상,새벽(00-06),0,0,0,0,0
2026-09-15,화,9,호남선,172.8,석탄,18.0,상,새벽(00-06),0,0,0,0,0
2026-07-18,토,7,전라선,181.4,석탄,10.2,상,오후(12-18),0,0,1,0,1
2026-04-21,화,4,중앙선,201.0,유류,17.9,하,새벽(00-06),0,0,0,0,0
2026-07-10,금,7,경부선,375.7,철강,12.5,상,오전(06-12),0,0,1,0,0
2026-11-26,목,11,부산신항선,11.6,시멘트,3.9,하,오후(12-18),0,0,0,0,0
2026-05-22,금,5,경부선,244.0,철강,12.2,하,새벽(00-06),0,0,0,0,0
2026-01-17,토,1,전라선,178.9,컨테이너,6.6,상,새벽(00-06),1,1,0,1,0
2026-04-24,금,4,장항선,181.6,광석,4.7,하,새벽(00-06),0,0,0,0,0
2026-12-08,화,12,중앙선,152.0,유류,17.2,하,새벽(00-06),1,0,0,1,0
2026-10-06,화,10,충북선,164.7,석탄,14.3,상,오전(06-12),0,0,0,0,0
2026-11-02,월,11,경부선,328.0,컨테이너,21.0,상,오전(06-12),1,0,0,0,0
2026-11-29,일,11,중앙선,176.2,컨테이너,9.6,상,야간(18-24),0,0,0,0,0
2026-02-12,목,2,영동선,137.0,컨테이너,6.2,하,오후(12-18),0,0,0,1,0
2026-04-14,화,4,전라선,247.1,컨테이너,15.8,하,야간(18-24),0,0,0,0,0
2026-01-22,목,1,태백선,159.7,석탄,7.0,하,야간(18-24),0,0,0,1,0
2026-01-02,금,1,충북선,184.3,유류,10.1,상,야간(18-24),0,0,0,1,0
2026-11-01,일,11,경부선,314.2,석탄,15.2,하,새벽(00-06),0,0,0,0,1
2026-12-08,화,12,전라선,223.6,시멘트,11.2,상,새벽(00-06),1,0,0,1,0
2026-02-26,목,2,중앙선,182.9,기타,9.1,상,오전(06-12),0,1,0,1,0
2026-09-21,월,9,경부선,347.4,유류,3.6,상,오전(06-12),0,1,0,0,1
2026-07-15,수,7,중앙선,170.5,석탄,17.6,상,야간(18-24),0,0,1,0,0
2026-01-26,월,1,충북선,204.4,시멘트,9.8,하,오전(06-12),0,1,0,1,0
2026-12-01,화,12,전라선,207.0,석탄,15.7,상,야간(18-24),0,0,0,1,0
2026-11-15,일,11,경부선,328.8,시멘트,14.9,상,새벽(00-06),0,0,0,0,0
2026-07-27,월,7,부산신항선,9.9,컨테이너,18.5,상,오후(12-18),0,1,1,0,0
2026-09-16,수,9,중앙선,177.5,석탄,10.6,하,오후(12-18),0,0,0,0,0
2026-05-25,월,5,경부선,407.1,석탄,9.9,상,새벽(00-06),0,0,0,0,0
2026-10-17,토,10,경부선,302.6,시멘트,5.4,하,야간(18-24),0,0,0,0,0
2026-06-12,금,6,장항선,173.5,광석,8.7,상,오후(12-18),0,0,1,0,0
2026-12-28,월,12,중앙선,170.1,유류,14.0,상,새벽(00-06),0,0,0,1,1
2026-01-24,토,1,중앙선,194.7,시멘트,7.1,하,오전(06-12),0,0,0,1,0
2026-03-04,수,3,경부선,316.1,컨테이너,13.9,상,오후(12-18),0,0,0,0,1
2026-12-20,일,12,전라선,195.8,컨테이너,20.8,하,오후(12-18),0,0,0,1,1
2026-04-16,목,4,장항선,171.1,석탄,9.3,하,오전(06-12),0,0,0,0,0
2026-04-24,금,4,중앙선,214.6,유류,4.1,상,오후(12-18),0,0,0,0,0
2026-10-16,금,10,호남선,233.9,시멘트,9.5,상,새벽(00-06),0,0,0,0,0
2026-03-11,수,3,경부선,321.2,컨테이너,3.5,상,오전(06-12),0,0,0,0,0
2026-07-07,화,7,경부선,322.6,컨테이너,20.0,상,새벽(00-06),0,1,1,0,0
2026-04-15,수,4,충북선,152.3,컨테이너,12.5,하,오전(06-12),0,0,0,0,0
2026-03-14,토,3,전라선,214.3,석탄,7.6,상,새벽(00-06),0,1,0,0,0
2026-12-18,금,12,경부선,283.4,시멘트,8.6,하,오후(12-18),0,0,0,1,0
2026-03-14,토,3,충북선,122.4,컨테이너,4.9,상,야간(18-24),0,0,0,0,0
2026-02-04,수,2,중앙선,168.7,시멘트,18.1,상,야간(18-24),0,1,0,1,1
2026-09-03,목,9,충북선,183.9,유류,23.0,상,오전(06-12),0,0,0,0,0
2026-11-13,금,11,전라선,216.7,시멘트,3.0,상,오후(12-18),0,1,0,0,1
2026-02-16,월,2,영동선,104.6,컨테이너,18.3,하,야간(18-24),0,0,0,1,0
2026-09-16,수,9,중앙선,180.5,시멘트,10.5,상,오전(06-12),0,0,0,0,1
2026-07-17,금,7,전라선,266.7,광석,19.6,상,오전(06-12),0,1,1,0,0
2026-10-30,금,10,충북선,138.1,컨테이너,1.0,상,새벽(00-06),0,0,0,0,0
2026-02-16,월,2,중앙선,203.0,컨테이너,13.4,하,새벽(00-06),0,0,0,1,1
2026-12-23,수,12,경부선,317.5,시멘트,9.6,하,야간(18-24),0,0,0,1,0
2026-08-14,금,8,영동선,110.8,컨테이너,16.0,상,새벽(00-06),0,0,1,0,0
2026-11-04,수,11,경부선,330.0,광석,12.4,상,새벽(00-06),0,0,0,0,1
2026-05-13,수,5,장항선,180.7,철강,12.1,하,오후(12-18),0,0,0,0,0
2026-12-11,금,12,경부선,351.9,컨테이너,11.4,상,야간(18-24),0,0,0,1,0
2026-08-17,월,8,장항선,179.0,유류,21.4,하,새벽(00-06),0,1,1,0,0
2026-02-16,월,2,경부선,390.0,석탄,11.0,하,오후(12-18),0,0,0,1,0
2026-12-03,목,12,영동선,110.5,시멘트,17.2,하,오전(06-12),0,0,0,1,0
2026-10-18,일,10,전라선,178.3,컨테이너,15.8,하,새벽(00-06),0,0,0,0,0
2026-04-20,월,4,경부선,345.7,석탄,17.3,하,오전(06-12),0,0,0,0,0
2026-07-19,일,7,전라선,241.2,광석,5.9,상,야간(18-24),0,1,1,0,1
2026-05-22,금,5,충북선,162.1,컨테이너,16.2,상,새벽(00-06),0,0,0,0,1
2026-07-18,토,7,중앙선,184.2,시멘트,14.0,하,새벽(00-06),0,1,1,0,0
2026-12-19,토,12,경부선,235.6,광석,4.9,하,야간(18-24),0,1,0,1,0
2026-11-25,수,11,전라선,171.0,시멘트,10.7,하,야간(18-24),0,0,0,0,0
2026-03-20,금,3,전라선,278.8,컨테이너,25.0,하,오전(06-12),1,0,0,0,0
2026-12-21,월,12,중앙선,172.8,컨테이너,9.6,하,새벽(00-06),0,0,0,1,0
2026-06-09,화,6,부산신항선,13.5,석탄,9.8,상,새벽(00-06),0,0,1,0,0
2026-09-15,화,9,경부선,256.1,석탄,14.7,상,새벽(00-06),0,1,0,0,0
2026-10-06,화,10,경부선,278.3,컨테이너,8.8,하,새벽(00-06),0,0,0,0,0
2026-06-26,금,6,충북선,178.3,컨테이너,12.8,상,오후(12-18),0,1,1,0,0
2026-06-16,화,6,경부선,316.1,시멘트,9.3,하,새벽(00-06),1,0,1,0,1
2026-06-16,화,6,경부선,341.7,석탄,14.4,하,새벽(00-06),0,1,1,0,0
2026-11-11,수,11,충북선,161.0,컨테이너,11.6,상,오후(12-18),0,1,0,0,0
2026-05-22,금,5,경부선,311.9,시멘트,23.7,하,새벽(00-06),0,0,0,0,1
2026-04-13,월,4,경부선,293.0,시멘트,12.3,상,새벽(00-06),0,0,0,0,1
2026-05-12,화,5,전라선,193.6,컨테이너,10.7,하,오후(12-18),0,0,0,0,0
2026-03-13,금,3,충북선,196.4,컨테이너,18.2,상,새벽(00-06),0,0,0,0,0
2026-05-23,토,5,태백선,166.8,광석,3.7,하,오후(12-18),0,0,0,0,0
2026-02-11,수,2,충북선,135.3,유류,22.2,하,새벽(00-06),0,1,0,1,0
2026-02-02,월,2,중앙선,154.7,컨테이너,6.1,하,새벽(00-06),1,0,0,1,1
2026-09-22,화,9,경부선,306.3,유류,19.2,상,오전(06-12),0,1,0,0,0
2026-01-29,목,1,장항선,186.4,석탄,20.7,상,오후(12-18),0,0,0,1,1
2026-07-27,월,7,경부선,312.9,기타,8.8,하,새벽(00-06),1,1,1,0,1
2026-10-12,월,10,경부선,340.2,기타,9.4,상,야간(18-24),0,0,0,0,1
2026-09-22,화,9,태백선,134.5,석탄,11.3,하,야간(18-24),1,0,0,0,0
2026-06-12,금,6,전라선,226.0,시멘트,15.7,하,오전(06-12),0,1,1,0,0
2026-03-12,목,3,충북선,221.6,컨테이너,6.0,상,새벽(00-06),0,0,0,0,0
2026-12-06,일,12,경부선,299.2,시멘트,11.3,상,새벽(00-06),0,0,0,1,0
2026-11-01,일,11,경부선,385.8,시멘트,10.1,하,야간(18-24),0,0,0,0,0
2026-08-12,수,8,중앙선,243.9,석탄,5.1,하,새벽(00-06),0,0,1,0,0
2026-02-01,일,2,장항선,189.7,컨테이너,5.7,하,새벽(00-06),0,0,0,1,0
2026-01-13,화,1,중앙선,125.9,유류,12.8,상,오전(06-12),0,0,0,1,0
2026-04-26,일,4,경부선,321.4,기타,12.7,하,새벽(00-06),0,1,0,0,0
2026-02-27,금,2,경부선,299.6,컨테이너,7.4,상,새벽(00-06),0,1,0,1,0
2026-11-11,수,11,충북선,161.8,석탄,12.5,상,새벽(00-06),0,0,0,0,0
2026-03-17,화,3,전라선,197.5,철강,8.1,하,오후(12-18),1,0,0,0,0
2026-04-14,화,4,경부선,350.5,시멘트,19.8,하,새벽(00-06),1,1,0,0,1
2026-12-23,수,12,경부선,359.6,광석,11.4,상,야간(18-24),1,0,0,1,0
2026-10-26,월,10,경부선,367.0,시멘트,18.6,상,오전(06-12),1,0,0,0,0
2026-03-21,토,3,경부선,304.9,컨테이너,1.8,하,새벽(00-06),0,0,0,0,0
2026-05-20,수,5,충북선,134.8,시멘트,13.9,하,야간(18-24),0,0,0,0,0
2026-07-08,수,7,경부선,334.3,시멘트,15.6,상,오후(12-18),0,0,1,0,0
2026-08-31,월,8,전라선,282.1,컨테이너,11.2,상,오후(12-18),0,0,1,0,1
2026-12-08,화,12,장항선,181.0,철강,8.8,하,새벽(00-06),0,0,0,1,1
2026-11-14,토,11,영동선,116.6,석탄,11.1,하,오후(12-18),0,0,0,0,0
2026-12-23,수,12,호남선,202.3,시멘트,16.5,상,야간(18-24),0,0,0,1,0
2026-01-15,목,1,경부선,300.1,시멘트,4.7,하,야간(18-24),0,0,0,1,0
2026-03-28,토,3,경부선,346.5,시멘트,16.2,상,오후(12-18),0,1,0,0,0
2026-07-25,토,7,중앙선,189.6,시멘트,13.9,상,오전(06-12),1,1,1,0,0
2026-01-18,일,1,전라선,241.5,시멘트,10.4,상,야간(18-24),0,0,0,1,0
2026-05-10,일,5,경부선,340.5,컨테이너,10.7,하,새벽(00-06),0,0,0,0,0
2026-02-26,목,2,중앙선,205.5,유류,12.4,상,오전(06-12),0,0,0,1,0
2026-12-07,월,12,중앙선,212.8,광석,22.0,하,오후(12-18),1,0,0,1,0
2026-01-24,토,1,경부선,286.1,시멘트,14.1,하,오전(06-12),0,0,0,1,1
2026-02-24,화,2,전라선,202.0,철강,6.3,상,새벽(00-06),0,1,0,1,0
2026-03-13,금,3,전라선,228.1,광석,9.4,상,새벽(00-06),0,0,0,0,0
2026-02-24,화,2,충북선,160.8,컨테이너,5.1,상,새벽(00-06),0,0,0,1,0
2026-07-27,월,7,부산신항선,9.0,컨테이너,1.0,상,야간(18-24),0,0,1,0,1
2026-05-13,수,5,경부선,329.8,컨테이너,5.0,상,오후(12-18),0,1,0,0,0
2026-11-30,월,11,경부선,356.5,시멘트,12.7,하,야간(18-24),0,0,0,0,0
2026-04-06,월,4,중앙선,234.9,컨테이너,19.6,하,야간(18-24),1,0,0,0,0
2026-07-16,목,7,전라선,271.8,시멘트,18.0,하,오전(06-12),0,0,1,0,0
2026-08-29,토,8,충북선,128.4,시멘트,5.1,상,오후(12-18),0,0,1,0,0
2026-08-17,월,8,경부선,273.7,컨테이너,7.2,하,오전(06-12),1,1,1,0,0
2026-10-18,일,10,호남선,201.0,시멘트,6.4,상,야간(18-24),0,0,0,0,0
2026-03-15,일,3,중앙선,196.1,컨테이너,1.0,하,오후(12-18),0,1,0,0,0
2026-07-05,일,7,중앙선,185.0,시멘트,11.0,상,야간(18-24),0,1,1,0,1
2026-10-20,화,10,충북선,147.5,컨테이너,16.8,하,야간(18-24),0,1,0,0,0
2026-11-12,목,11,호남선,200.6,컨테이너,10.5,상,새벽(00-06),0,0,0,0,0
2026-08-14,금,8,전라선,243.9,컨테이너,4.4,상,오후(12-18),1,0,1,0,0
2026-08-26,수,8,호남선,175.0,철강,6.9,하,새벽(00-06),0,0,1,0,0
2026-11-12,목,11,경부선,413.9,컨테이너,10.0,하,오전(06-12),1,0,0,0,0
2026-08-17,월,8,충북선,161.8,석탄,16.6,상,새벽(00-06),1,1,1,0,0
2026-12-13,일,12,태백선,156.5,유류,10.9,상,오전(06-12),0,0,0,1,0
2026-02-16,월,2,충북선,146.8,시멘트,15.8,상,야간(18-24),0,0,0,1,0
2026-05-07,목,5,중앙선,213.4,컨테이너,11.5,하,새벽(00-06),0,0,0,0,0
2026-02-10,화,2,영동선,111.3,석탄,13.4,하,새벽(00-06),0,0,0,1,0
2026-02-03,화,2,경부선,354.5,컨테이너,6.4,상,오전(06-12),0,0,0,1,0
2026-06-22,월,6,중앙선,186.3,유류,7.9,상,새벽(00-06),0,0,1,0,1
2026-03-24,화,3,부산신항선,15.3,철강,4.5,상,새벽(00-06),0,0,0,0,0
2026-05-29,금,5,부산신항선,6.1,시멘트,15.6,하,오후(12-18),0,0,0,0,0
2026-06-09,화,6,영동선,124.0,컨테이너,10.3,하,오후(12-18),0,0,1,0,0
2026-08-15,토,8,부산신항선,11.0,석탄,1.0,하,오전(06-12),1,1,1,0,1
2026-12-12,토,12,경부선,279.5,시멘트,14.9,상,새벽(00-06),0,0,0,1,0
2026-11-07,토,11,호남선,257.0,컨테이너,17.8,상,오전(06-12),0,0,0,0,1
2026-05-19,화,5,중앙선,258.0,철강,7.1,상,야간(18-24),1,0,0,0,1
2026-04-29,수,4,전라선,167.2,컨테이너,14.9,상,오전(06-12),1,1,0,0,1
2026-10-09,금,10,중앙선,199.5,광석,10.7,하,오전(06-12),0,0,0,0,0
2026-02-15,일,2,태백선,149.6,유류,1.0,하,오전(06-12),0,0,0,1,0
2026-07-17,금,7,충북선,172.3,컨테이너,23.7,하,새벽(00-06),0,1,1,0,0
2026-06-04,목,6,태백선,165.8,컨테이너,10.8,하,새벽(00-06),0,0,1,0,1
2026-03-08,일,3,경부선,372.5,시멘트,13.2,하,오후(12-18),0,0,0,0,0
2026-08-14,금,8,경부선,330.8,철강,8.3,상,새벽(00-06),0,1,1,0,0
2026-04-28,화,4,중앙선,273.0,컨테이너,10.2,하,오후(12-18),0,0,0,0,0
2026-03-09,월,3,경부선,357.7,컨테이너,13.0,상,오전(06-12),0,1,0,0,1
2026-08-27,목,8,전라선,218.9,석탄,5.7,상,오전(06-12),0,0,1,0,0
2026-03-05,목,3,중앙선,174.0,컨테이너,22.2,상,오전(06-12),1,0,0,0,1
2026-09-03,목,9,충북선,192.4,컨테이너,17.0,하,새벽(00-06),0,0,0,0,1
2026-03-01,일,3,경부선,288.5,철강,15.1,상,오전(06-12),0,1,0,0,0
2026-06-08,월,6,경부선,303.8,시멘트,11.1,상,오전(06-12),0,0,1,0,0
2026-10-22,목,10,충북선,155.3,시멘트,7.4,상,오후(12-18),0,1,0,0,0
2026-03-25,수,3,중앙선,205.7,컨테이너,18.2,상,야간(18-24),1,0,0,0,0
2026-10-08,목,10,경부선,312.5,시멘트,15.7,하,야간(18-24),0,0,0,0,0
2026-09-21,월,9,경부선,267.5,시멘트,9.6,하,오전(06-12),0,0,0,0,0
2026-11-26,목,11,경부선,366.7,시멘트,5.5,상,새벽(00-06),0,0,0,0,0
2026-03-03,화,3,충북선,151.2,기타,2.5,하,새벽(00-06),1,1,0,0,0
2026-09-19,토,9,경부선,401.0,컨테이너,12.2,하,새벽(00-06),1,0,0,0,0
2026-12-08,화,12,중앙선,203.9,시멘트,10.5,상,새벽(00-06),0,0,0,1,1
2026-10-06,화,10,전라선,267.4,유류,19.1,상,새벽(00-06),0,0,0,0,0
2026-03-10,화,3,충북선,177.1,컨테이너,18.0,상,오후(12-18),0,0,0,0,0
2026-10-28,수,10,충북선,194.2,광석,12.2,상,오전(06-12),0,1,0,0,0
2026-02-09,월,2,경부선,343.0,시멘트,11.5,하,새벽(00-06),0,0,0,1,0
2026-08-03,월,8,호남선,214.1,컨테이너,5.1,하,오후(12-18),1,1,1,0,0
2026-07-01,수,7,중앙선,231.6,컨테이너,18.4,상,야간(18-24),0,0,1,0,0
2026-07-13,월,7,경부선,419.6,컨테이너,11.7,하,새벽(00-06),0,0,1,0,0
2026-07-09,목,7,부산신항선,9.8,광석,15.6,상,새벽(00-06),0,0,1,0,0
2026-01-12,월,1,전라선,253.2,광석,19.1,상,오전(06-12),0,0,0,1,0
2026-07-05,일,7,충북선,161.2,시멘트,8.6,상,새벽(00-06),0,1,1,0,0
2026-12-08,화,12,부산신항선,12.1,컨테이너,7.0,상,새벽(00-06),0,0,0,1,1
2026-06-09,화,6,경부선,321.9,시멘트,25.0,상,오후(12-18),0,0,1,0,0
2026-04-12,일,4,태백선,92.3,시멘트,15.6,상,오후(12-18),0,1,0,0,0
2026-12-30,수,12,전라선,223.4,컨테이너,10.3,상,야간(18-24),0,0,0,1,1
2026-02-06,금,2,중앙선,228.3,컨테이너,19.4,하,새벽(00-06),0,0,0,1,0
2026-06-27,토,6,경부선,289.6,시멘트,10.2,하,야간(18-24),0,0,1,0,0
2026-07-07,화,7,경부선,357.0,시멘트,14.0,하,새벽(00-06),0,0,1,0,0
2026-06-24,수,6,호남선,212.8,석탄,8.6,상,오전(06-12),0,0,1,0,0
2026-12-03,목,12,경부선,312.5,시멘트,11.9,상,새벽(00-06),0,0,0,1,0
2026-06-03,수,6,경부선,356.4,컨테이너,10.4,상,새벽(00-06),0,0,1,0,1
2026-12-22,화,12,전라선,249.8,컨테이너,7.5,하,야간(18-24),0,1,0,1,0
2026-01-25,일,1,전라선,242.0,석탄,13.5,상,새벽(00-06),1,0,0,1,1
2026-09-25,금,9,경부선,360.8,석탄,8.2,하,새벽(00-06),1,0,0,0,0
2026-08-05,수,8,태백선,139.6,컨테이너,15.5,상,오후(12-18),0,1,1,0,0
2026-03-29,일,3,충북선,120.2,유류,10.2,하,새벽(00-06),0,1,0,0,0
2026-03-25,수,3,태백선,127.9,석탄,1.7,상,오후(12-18),0,1,0,0,0
2026-09-20,일,9,경부선,248.0,컨테이너,15.7,상,야간(18-24),0,1,0,0,0
2026-08-21,금,8,경부선,346.5,컨테이너,15.8,상,새벽(00-06),0,0,1,0,0
2026-08-12,수,8,충북선,183.7,기타,25.0,하,새벽(00-06),0,0,1,0,0
2026-01-19,월,1,경부선,357.9,시멘트,12.1,상,오전(06-12),0,1,0,1,1
2026-08-07,금,8,충북선,173.5,컨테이너,13.1,하,야간(18-24),0,0,1,0,1
2026-12-25,금,12,경부선,358.9,시멘트,14.9,상,야간(18-24),0,0,0,1,0
2026-01-07,수,1,장항선,148.1,컨테이너,18.1,상,야간(18-24),0,0,0,1,0
2026-06-21,일,6,부산신항선,10.3,철강,17.7,하,오후(12-18),0,1,1,0,0
2026-06-30,화,6,태백선,107.2,철강,13.9,하,오전(06-12),0,1,1,0,1
2026-11-24,화,11,호남선,199.2,철강,11.8,상,야간(18-24),0,1,0,0,0
2026-04-14,화,4,부산신항선,15.4,석탄,17.1,하,야간(18-24),0,0,0,0,0
2026-06-23,화,6,중앙선,231.6,석탄,11.6,하,새벽(00-06),0,0,1,0,0
2026-09-19,토,9,중앙선,216.5,컨테이너,4.3,하,오후(12-18),0,0,0,0,1
2026-01-23,금,1,부산신항선,10.1,유류,3.0,하,야간(18-24),0,0,0,1,0
2026-10-20,화,10,호남선,183.4,컨테이너,10.2,상,야간(18-24),0,0,0,0,0
2026-10-28,수,10,영동선,112.6,컨테이너,12.7,상,오후(12-18),0,1,0,0,1
2026-09-20,일,9,장항선,201.8,기타,25.0,상,오후(12-18),0,0,0,0,0
2026-08-25,화,8,경부선,336.6,기타,11.3,상,야간(18-24),1,1,1,0,1
2026-09-30,수,9,호남선,168.6,시멘트,12.3,하,새벽(00-06),0,0,0,0,1
2026-10-13,화,10,호남선,210.8,시멘트,9.6,상,오후(12-18),0,0,0,0,0
2026-11-26,목,11,전라선,172.0,컨테이너,15.7,하,야간(18-24),0,0,0,0,1
2026-06-06,토,6,태백선,151.6,석탄,13.7,하,오후(12-18),0,0,1,0,0
2026-06-16,화,6,충북선,144.0,컨테이너,8.2,상,야간(18-24),0,0,1,0,0
2026-08-21,금,8,호남선,177.6,컨테이너,5.9,하,새벽(00-06),0,1,1,0,0
2026-03-12,목,3,경부선,352.9,시멘트,9.6,하,새벽(00-06),0,0,0,0,0
2026-11-09,월,11,태백선,146.7,광석,6.9,상,새벽(00-06),0,0,0,0,0
2026-10-09,금,10,경부선,329.5,기타,10.6,하,새벽(00-06),1,0,0,0,0
2026-08-19,수,8,중앙선,270.0,기타,12.8,상,오후(12-18),0,0,1,0,0
2026-04-21,화,4,경부선,345.6,철강,9.0,하,오전(06-12),1,1,0,0,0
2026-05-07,목,5,중앙선,170.7,컨테이너,20.7,상,새벽(00-06),0,0,0,0,0
2026-06-08,월,6,경부선,341.0,컨테이너,19.0,상,오후(12-18),0,1,1,0,0
2026-08-30,일,8,호남선,201.0,시멘트,10.6,하,오후(12-18),0,0,1,0,1
2026-10-11,일,10,충북선,193.0,컨테이너,6.2,하,새벽(00-06),0,1,0,0,0
2026-09-03,목,9,부산신항선,11.4,석탄,11.8,하,오전(06-12),1,0,0,0,1
2026-12-06,일,12,경부선,335.4,시멘트,11.2,상,오후(12-18),0,1,0,1,1
2026-12-17,목,12,경부선,262.5,광석,11.6,상,새벽(00-06),0,0,0,1,0
2026-09-15,화,9,장항선,180.8,시멘트,9.6,상,야간(18-24),0,0,0,0,0
2026-05-16,토,5,전라선,227.7,시멘트,5.7,상,오후(12-18),0,0,0,0,0
2026-08-07,금,8,충북선,135.7,철강,12.2,상,오후(12-18),0,1,1,0,0
2026-06-05,금,6,태백선,131.1,시멘트,9.9,하,새벽(00-06),0,0,1,0,0
2026-08-18,화,8,태백선,144.2,컨테이너,10.4,하,오후(12-18),0,0,1,0,0
2026-10-24,토,10,충북선,161.2,석탄,12.6,하,새벽(00-06),0,0,0,0,0
2026-05-15,금,5,영동선,88.6,시멘트,11.6,하,야간(18-24),0,0,0,0,0
2026-07-04,토,7,전라선,221.2,컨테이너,12.4,상,새벽(00-06),0,1,1,0,1
2026-01-17,토,1,전라선,215.4,시멘트,9.6,상,새벽(00-06),0,0,0,1,0
2026-09-26,토,9,중앙선,200.1,광석,14.2,하,오후(12-18),0,1,0,0,0
2026-06-28,일,6,경부선,323.6,컨테이너,7.7,하,오전(06-12),0,0,1,0,0
2026-06-17,수,6,경부선,303.7,시멘트,5.5,하,오전(06-12),0,0,1,0,0
2026-07-14,화,7,장항선,170.6,컨테이너,6.7,상,새벽(00-06),0,1,1,0,0
2026-03-20,금,3,전라선,231.4,시멘트,7.9,상,야간(18-24),0,1,0,0,0
2026-08-07,금,8,중앙선,227.0,기타,4.3,상,오전(06-12),0,0,1,0,0
2026-09-29,화,9,충북선,168.3,컨테이너,1.8,상,오전(06-12),0,0,0,0,1
2026-05-08,금,5,경부선,377.1,유류,15.0,하,새벽(00-06),0,0,0,0,0
2026-02-17,화,2,경부선,365.5,유류,19.6,상,오후(12-18),0,0,0,1,0
2026-05-22,금,5,호남선,245.6,컨테이너,15.3,상,오후(12-18),0,1,0,0,0
2026-03-14,토,3,중앙선,241.2,철강,9.1,상,새벽(00-06),0,0,0,0,0
2026-05-17,일,5,경부선,382.7,기타,1.7,상,새벽(00-06),0,0,0,0,1
2026-08-17,월,8,중앙선,152.9,기타,13.2,상,오후(12-18),0,1,1,0,0
2026-02-11,수,2,중앙선,216.0,시멘트,2.4,하,새벽(00-06),0,0,0,1,0
2026-09-30,수,9,전라선,265.9,컨테이너,11.5,하,야간(18-24),0,0,0,0,0
2026-03-23,월,3,영동선,130.8,컨테이너,7.2,하,새벽(00-06),0,0,0,0,1
2026-11-23,월,11,충북선,142.0,컨테이너,1.0,하,새벽(00-06),0,0,0,0,0
2026-09-25,금,9,충북선,177.7,시멘트,20.9,상,새벽(00-06),0,1,0,0,0
2026-04-10,금,4,중앙선,195.9,시멘트,4.5,하,오후(12-18),0,1,0,0,0
2026-07-25,토,7,충북선,207.5,석탄,9.9,하,새벽(00-06),0,0,1,0,0
2026-02-10,화,2,중앙선,144.7,철강,11.2,하,새벽(00-06),0,0,0,1,0
2026-02-06,금,2,경부선,289.4,컨테이너,9.2,상,새벽(00-06),0,0,0,1,0
2026-12-15,화,12,태백선,99.3,광석,14.8,하,새벽(00-06),0,0,0,1,0
2026-10-20,화,10,중앙선,198.4,컨테이너,7.6,상,새벽(00-06),0,0,0,0,0
2026-02-26,목,2,중앙선,272.5,컨테이너,14.3,하,오전(06-12),0,0,0,1,0
2026-04-14,화,4,경부선,318.4,유류,13.9,상,오후(12-18),0,0,0,0,0
2026-03-14,토,3,태백선,137.5,컨테이너,3.7,하,새벽(00-06),0,0,0,0,0
2026-05-25,월,5,경부선,342.2,컨테이너,13.4,하,오전(06-12),0,0,0,0,1
2026-04-17,금,4,중앙선,189.2,기타,5.7,하,야간(18-24),0,0,0,0,0
2026-04-30,목,4,태백선,142.8,광석,5.0,상,오후(12-18),0,0,0,0,0
2026-07-13,월,7,중앙선,207.0,유류,13.7,상,야간(18-24),0,0,1,0,0
2026-03-11,수,3,호남선,187.1,컨테이너,9.5,상,새벽(00-06),0,1,0,0,0
2026-11-19,목,11,경부선,316.4,컨테이너,14.2,하,오전(06-12),0,0,0,0,0
2026-09-23,수,9,전라선,251.7,컨테이너,14.3,하,새벽(00-06),0,0,0,0,1
2026-10-05,월,10,영동선,123.7,컨테이너,3.4,하,야간(18-24),0,0,0,0,0
2026-03-03,화,3,충북선,193.8,기타,16.4,하,야간(18-24),0,0,0,0,0
2026-09-16,수,9,전라선,239.5,컨테이너,13.7,상,오후(12-18),0,1,0,0,0
2026-11-02,월,11,중앙선,205.8,철강,8.5,상,오전(06-12),0,0,0,0,0
2026-03-05,목,3,장항선,194.6,컨테이너,11.2,하,오전(06-12),1,1,0,0,0
2026-10-02,금,10,부산신항선,8.8,시멘트,16.6,하,야간(18-24),0,0,0,0,0
2026-05-11,월,5,전라선,210.3,컨테이너,10.1,상,오후(12-18),1,1,0,0,0
2026-10-15,목,10,호남선,205.1,컨테이너,24.7,하,야간(18-24),0,0,0,0,0
2026-06-24,수,6,충북선,129.4,컨테이너,20.9,상,오후(12-18),0,1,1,0,0
2026-10-20,화,10,충북선,171.5,광석,12.7,하,새벽(00-06),0,0,0,0,0
2026-02-23,월,2,중앙선,230.0,석탄,10.6,하,야간(18-24),1,1,0,1,0
2026-05-23,토,5,전라선,208.1,석탄,10.9,하,새벽(00-06),0,0,0,0,0
2026-04-10,금,4,부산신항선,11.9,컨테이너,8.4,상,야간(18-24),0,1,0,0,0
2026-04-01,수,4,전라선,210.5,철강,12.8,하,오전(06-12),0,0,0,0,1
2026-04-23,목,4,경부선,279.5,석탄,16.1,하,오후(12-18),0,0,0,0,0
2026-05-20,수,5,충북선,212.7,시멘트,3.9,상,새벽(00-06),0,1,0,0,0
2026-02-16,월,2,장항선,159.6,석탄,15.9,상,새벽(00-06),0,0,0,1,0
2026-09-16,수,9,호남선,176.2,유류,17.6,상,야간(18-24),0,0,0,0,0
2026-07-20,월,7,경부선,328.8,기타,15.4,상,오후(12-18),0,1,1,0,0
2026-10-30,금,10,경부선,330.9,기타,11.2,상,야간(18-24),0,0,0,0,1
2026-09-15,화,9,중앙선,216.7,시멘트,15.2,하,오후(12-18),0,0,0,0,0
2026-02-24,화,2,경부선,400.2,컨테이너,19.8,하,새벽(00-06),1,0,0,1,1
2026-01-26,월,1,영동선,98.1,컨테이너,11.7,하,새벽(00-06),0,0,0,1,0
2026-06-04,목,6,중앙선,173.1,컨테이너,12.1,하,오전(06-12),0,0,1,0,0
2026-06-25,목,6,충북선,201.5,컨테이너,24.8,상,오전(06-12),1,0,1,0,0
2026-03-29,일,3,경부선,357.8,시멘트,13.8,상,오전(06-12),0,0,0,0,1
2026-10-13,화,10,중앙선,221.3,석탄,6.0,상,새벽(00-06),1,0,0,0,1
2026-08-01,토,8,영동선,101.0,시멘트,17.2,하,야간(18-24),0,1,1,0,1
2026-10-01,목,10,중앙선,232.7,석탄,14.4,상,새벽(00-06),0,1,0,0,0
2026-02-09,월,2,경부선,352.3,기타,8.1,하,오후(12-18),0,1,0,1,0
2026-10-25,일,10,경부선,327.8,컨테이너,5.4,상,오후(12-18),0,0,0,0,0
2026-03-17,화,3,영동선,101.0,컨테이너,13.4,하,오후(12-18),0,1,0,0,0
2026-06-13,토,6,영동선,111.4,석탄,11.6,상,오후(12-18),1,0,1,0,0
2026-06-10,수,6,경부선,386.1,시멘트,4.5,하,야간(18-24),0,0,1,0,1
2026-10-27,화,10,충북선,134.0,시멘트,11.5,상,오후(12-18),0,0,0,0,0
2026-04-12,일,4,경부선,288.2,유류,11.1,상,새벽(00-06),0,0,0,0,0
2026-03-29,일,3,충북선,145.6,컨테이너,11.6,하,새벽(00-06),0,0,0,0,0
2026-05-04,월,5,경부선,303.8,시멘트,14.9,상,야간(18-24),0,0,0,0,0
2026-05-12,화,5,태백선,135.2,광석,1.4,상,오전(06-12),0,0,0,0,1
2026-03-08,일,3,호남선,232.2,시멘트,5.3,하,오후(12-18),1,0,0,0,0
2026-03-06,금,3,경부선,338.7,시멘트,9.1,하,오전(06-12),0,0,0,0,0
2026-03-26,목,3,중앙선,195.4,컨테이너,20.0,하,오후(12-18),0,0,0,0,0
2026-06-20,토,6,경부선,331.3,시멘트,25.0,상,오전(06-12),0,1,1,0,1
2026-05-06,수,5,중앙선,215.1,컨테이너,12.0,상,오전(06-12),0,0,0,0,0
2026-05-24,일,5,경부선,252.9,시멘트,12.3,하,야간(18-24),0,1,0,0,1
2026-09-20,일,9,경부선,363.1,시멘트,1.0,하,오전(06-12),0,1,0,0,0
2026-03-29,일,3,영동선,97.4,기타,17.4,상,새벽(00-06),0,0,0,0,0
2026-11-29,일,11,경부선,302.5,석탄,14.7,하,오전(06-12),0,0,0,0,0
2026-10-02,금,10,태백선,142.3,컨테이너,13.7,상,새벽(00-06),1,1,0,0,1
2026-03-05,목,3,경부선,317.2,유류,4.5,하,새벽(00-06),0,1,0,0,0
2026-04-25,토,4,충북선,173.5,컨테이너,23.9,상,오후(12-18),0,0,0,0,1
2026-03-08,일,3,중앙선,198.3,철강,21.1,상,새벽(00-06),0,1,0,0,1
2026-04-10,금,4,호남선,201.0,컨테이너,13.8,하,오전(06-12),0,0,0,0,0
2026-05-14,목,5,경부선,381.4,철강,18.0,하,오후(12-18),0,0,0,0,0
2026-02-17,화,2,경부선,348.5,광석,12.3,하,새벽(00-06),0,0,0,1,0
2026-01-06,화,1,장항선,185.6,컨테이너,16.9,상,새벽(00-06),0,0,0,1,0
2026-06-10,수,6,전라선,250.2,시멘트,4.2,하,오후(12-18),0,0,1,0,0
2026-09-13,일,9,전라선,208.2,시멘트,1.0,하,야간(18-24),0,0,0,0,0
2026-04-21,화,4,경부선,407.2,컨테이너,4.4,상,오전(06-12),1,0,0,0,1
2026-11-11,수,11,경부선,276.7,시멘트,7.2,하,새벽(00-06),0,0,0,0,0
2026-05-15,금,5,태백선,137.8,석탄,8.1,하,야간(18-24),1,0,0,0,0
2026-11-25,수,11,충북선,154.1,컨테이너,14.7,상,야간(18-24),0,1,0,0,0
2026-03-28,토,3,충북선,153.2,컨테이너,10.5,상,야간(18-24),0,0,0,0,0
2026-07-16,목,7,중앙선,177.4,철강,11.8,하,새벽(00-06),0,0,1,0,0
2026-10-06,화,10,경부선,289.3,석탄,4.9,하,야간(18-24),0,0,0,0,0
2026-01-22,목,1,호남선,237.9,컨테이너,4.4,상,야간(18-24),1,1,0,1,0
2026-12-06,일,12,전라선,193.3,기타,12.2,상,새벽(00-06),0,1,0,1,0
2026-05-14,목,5,경부선,359.5,광석,8.7,상,오후(12-18),1,0,0,0,0
2026-07-01,수,7,호남선,224.4,기타,12.0,하,새벽(00-06),1,0,1,0,1
2026-08-18,화,8,충북선,151.8,시멘트,15.3,상,오전(06-12),0,0,1,0,0
2026-08-23,일,8,중앙선,211.9,컨테이너,21.8,하,오후(12-18),0,1,1,0,0
2026-01-09,금,1,중앙선,187.8,컨테이너,11.9,상,새벽(00-06),0,1,0,1,0
2026-11-13,금,11,전라선,196.4,광석,22.9,상,야간(18-24),0,0,0,0,0
2026-08-16,일,8,중앙선,155.1,광석,14.4,상,야간(18-24),0,1,1,0,1
2026-12-31,목,12,충북선,177.7,철강,16.1,상,야간(18-24),0,1,0,1,0
2026-06-22,월,6,전라선,247.5,시멘트,18.3,상,새벽(00-06),0,1,1,0,1
2026-08-12,수,8,경부선,329.9,시멘트,16.3,하,오후(12-18),1,0,1,0,0
2026-06-10,수,6,호남선,198.4,석탄,7.2,하,야간(18-24),1,0,1,0,0
2026-11-21,토,11,중앙선,186.6,컨테이너,18.5,하,새벽(00-06),0,0,0,0,0
2026-10-31,토,10,중앙선,181.9,시멘트,9.8,상,오후(12-18),0,1,0,0,0
2026-11-28,토,11,전라선,177.0,석탄,13.8,하,새벽(00-06),0,1,0,0,0
2026-07-04,토,7,충북선,162.8,철강,12.8,하,오후(12-18),0,1,1,0,0
2026-10-16,금,10,중앙선,211.6,시멘트,18.9,하,오후(12-18),0,0,0,0,0
2026-05-11,월,5,전라선,231.4,철강,14.4,하,야간(18-24),0,0,0,0,0
2026-06-18,목,6,부산신항선,15.9,컨테이너,3.7,상,오전(06-12),1,0,1,0,0
2026-10-05,월,10,장항선,159.5,컨테이너,24.5,상,야간(18-24),1,1,0,0,0
2026-01-30,금,1,태백선,122.3,컨테이너,17.0,하,새벽(00-06),0,0,0,1,1
2026-09-17,목,9,경부선,325.5,컨테이너,8.7,상,오후(12-18),1,0,0,0,0
2026-01-06,화,1,중앙선,201.8,시멘트,5.2,상,야간(18-24),0,0,0,1,0
2026-07-31,금,7,충북선,113.8,시멘트,17.7,하,오후(12-18),1,1,1,0,1
2026-06-24,수,6,경부선,344.3,시멘트,5.9,하,야간(18-24),0,1,1,0,1
2026-06-21,일,6,장항선,184.6,시멘트,16.8,상,오후(12-18),1,0,1,0,0
2026-06-30,화,6,중앙선,119.1,시멘트,18.4,상,오후(12-18),0,0,1,0,0
2026-06-29,월,6,경부선,315.5,철강,8.1,하,야간(18-24),0,0,1,0,0
2026-05-29,금,5,경부선,287.9,컨테이너,7.6,상,오전(06-12),0,0,0,0,0
2026-06-14,일,6,경부선,302.1,시멘트,9.2,상,오후(12-18),0,1,1,0,0
2026-07-27,월,7,중앙선,146.5,컨테이너,6.1,하,오후(12-18),0,0,1,0,0
2026-10-06,화,10,충북선,171.7,컨테이너,13.4,상,야간(18-24),0,0,0,0,0
2026-07-21,화,7,충북선,205.3,시멘트,14.2,상,오전(06-12),0,1,1,0,0
2026-08-23,일,8,경부선,330.8,유류,16.4,상,오전(06-12),0,0,1,0,0
2026-11-02,월,11,경부선,233.8,컨테이너,7.0,상,새벽(00-06),0,0,0,0,0
2026-12-28,월,12,태백선,141.2,시멘트,17.0,상,야간(18-24),1,0,0,1,1
2026-02-09,월,2,경부선,312.4,컨테이너,6.1,하,오전(06-12),0,0,0,1,0
2026-09-18,금,9,충북선,133.8,컨테이너,17.0,상,오후(12-18),0,1,0,0,0
2026-03-24,화,3,충북선,170.1,유류,3.1,하,새벽(00-06),0,1,0,0,0
2026-03-13,금,3,충북선,183.3,시멘트,21.4,하,오후(12-18),0,0,0,0,0
2026-10-17,토,10,부산신항선,8.6,석탄,8.9,하,오전(06-12),1,1,0,0,1
2026-01-26,월,1,충북선,120.2,유류,15.6,상,오후(12-18),0,0,0,1,0
2026-11-06,금,11,영동선,79.6,시멘트,16.1,하,오후(12-18),0,0,0,0,0
2026-10-09,금,10,부산신항선,8.6,컨테이너,4.4,상,오후(12-18),0,0,0,0,0
2026-12-30,수,12,경부선,314.0,철강,17.0,하,새벽(00-06),1,1,0,1,0
2026-09-01,화,9,경부선,299.6,철강,8.7,상,야간(18-24),0,0,0,0,1
2026-11-15,일,11,중앙선,169.4,시멘트,10.2,상,오후(12-18),1,0,0,0,0
2026-02-13,금,2,중앙선,213.2,석탄,8.0,하,새벽(00-06),0,0,0,1,0
2026-11-21,토,11,충북선,172.9,시멘트,21.7,상,오전(06-12),0,0,0,0,0
2026-02-28,토,2,경부선,328.2,컨테이너,5.0,상,야간(18-24),0,0,0,1,0
2026-04-25,토,4,경부선,352.9,석탄,14.6,상,야간(18-24),0,0,0,0,0
2026-02-16,월,2,중앙선,170.3,컨테이너,8.3,상,야간(18-24),0,0,0,1,0
2026-05-27,수,5,전라선,196.6,컨테이너,18.5,상,야간(18-24),0,0,0,0,0
2026-10-01,목,10,전라선,213.7,시멘트,25.0,하,오전(06-12),0,0,0,0,0
2026-04-08,수,4,영동선,100.9,석탄,8.2,상,오전(06-12),0,1,0,0,0
2026-10-28,수,10,경부선,238.1,유류,12.8,하,야간(18-24),0,0,0,0,0
2026-08-10,월,8,중앙선,174.2,석탄,9.7,상,오전(06-12),0,0,1,0,0
2026-08-18,화,8,영동선,126.4,철강,18.2,상,오후(12-18),0,0,1,0,1
2026-12-09,수,12,전라선,253.4,컨테이너,10.5,상,오후(12-18),0,0,0,1,1
2026-06-07,일,6,충북선,174.4,시멘트,17.4,하,새벽(00-06),0,1,1,0,0
2026-05-06,수,5,충북선,164.6,컨테이너,9.6,상,오전(06-12),0,0,0,0,0
2026-12-30,수,12,경부선,378.2,시멘트,25.0,상,새벽(00-06),0,0,0,1,0
2026-07-23,목,7,부산신항선,7.4,석탄,1.0,상,새벽(00-06),0,0,1,0,1
2026-08-13,목,8,충북선,137.2,컨테이너,14.3,상,오전(06-12),0,0,1,0,0
2026-04-19,일,4,충북선,189.4,광석,11.9,상,새벽(00-06),1,0,0,0,1
2026-03-20,금,3,충북선,162.0,시멘트,11.7,상,새벽(00-06),1,0,0,0,0
2026-03-03,화,3,중앙선,169.8,석탄,13.7,하,새벽(00-06),0,1,0,0,0
2026-03-23,월,3,경부선,342.3,시멘트,12.4,하,오후(12-18),0,0,0,0,0
2026-03-13,금,3,장항선,170.8,철강,13.3,하,야간(18-24),0,0,0,0,0
2026-09-30,수,9,충북선,140.4,시멘트,14.4,하,오전(06-12),0,0,0,0,0
2026-01-22,목,1,경부선,285.6,컨테이너,22.5,하,오후(12-18),0,0,0,1,1
2026-08-18,화,8,중앙선,204.6,광석,1.0,하,오후(12-18),0,0,1,0,1
2026-12-13,일,12,호남선,213.3,석탄,23.1,하,오후(12-18),0,0,0,1,0
2026-10-07,수,10,중앙선,246.4,시멘트,25.0,하,야간(18-24),1,0,0,0,0
2026-05-28,목,5,중앙선,183.1,석탄,1.5,상,오후(12-18),0,1,0,0,0
2026-01-22,목,1,충북선,153.6,컨테이너,12.3,하,오전(06-12),0,1,0,1,0
2026-11-01,일,11,장항선,208.4,철강,20.2,하,야간(18-24),0,1,0,0,0
2026-01-02,금,1,전라선,259.0,시멘트,17.5,하,오후(12-18),0,0,0,1,0
2026-09-06,일,9,태백선,138.4,철강,22.1,상,오전(06-12),0,0,0,0,0
2026-09-02,수,9,경부선,257.8,컨테이너,14.2,하,오후(12-18),0,1,0,0,1
2026-03-12,목,3,호남선,187.9,철강,1.0,상,새벽(00-06),0,0,0,0,0
2026-09-28,월,9,부산신항선,7.4,광석,19.8,하,오후(12-18),0,0,0,0,0
2026-03-06,금,3,충북선,162.2,기타,15.8,하,야간(18-24),0,0,0,0,0
2026-03-24,화,3,충북선,148.6,철강,20.8,하,오후(12-18),0,1,0,0,0
2026-10-24,토,10,경부선,384.3,석탄,2.8,하,새벽(00-06),0,1,0,0,1
2026-12-24,목,12,중앙선,138.3,시멘트,4.7,상,오전(06-12),0,0,0,1,0
2026-04-07,화,4,경부선,273.7,컨테이너,12.1,상,야간(18-24),0,0,0,0,0
2026-12-03,목,12,경부선,330.0,시멘트,20.0,하,오전(06-12),0,1,0,1,0
2026-11-30,월,11,영동선,117.6,시멘트,21.7,상,야간(18-24),0,0,0,0,0
2026-10-08,목,10,경부선,216.7,컨테이너,7.6,상,새벽(00-06),0,0,0,0,0
2026-02-21,토,2,충북선,117.9,석탄,9.6,하,오후(12-18),0,0,0,1,1
2026-04-20,월,4,중앙선,184.1,컨테이너,25.0,하,새벽(00-06),0,1,0,0,0
2026-09-05,토,9,중앙선,240.8,시멘트,8.7,하,오후(12-18),0,1,0,0,0
2026-12-31,목,12,중앙선,259.4,시멘트,16.1,하,야간(18-24),1,0,0,1,0
2026-10-25,일,10,중앙선,178.8,유류,9.3,상,오후(12-18),0,1,0,0,0
2026-06-03,수,6,충북선,157.0,컨테이너,14.8,상,오전(06-12),0,0,1,0,1
2026-03-27,금,3,호남선,187.3,컨테이너,6.8,상,야간(18-24),0,0,0,0,0
2026-12-17,목,12,중앙선,215.5,시멘트,7.0,하,오전(06-12),0,0,0,1,0
2026-04-11,토,4,영동선,132.7,시멘트,9.8,상,오후(12-18),0,1,0,0,0
2026-05-05,화,5,전라선,267.1,컨테이너,8.7,상,오전(06-12),0,1,0,0,1
2026-12-19,토,12,충북선,160.6,석탄,10.2,상,오전(06-12),0,0,0,1,1
2026-07-25,토,7,경부선,286.7,광석,15.2,하,오후(12-18),0,0,1,0,0
2026-04-07,화,4,경부선,320.5,철강,23.3,상,오전(06-12),0,0,0,0,0
2026-01-02,금,1,태백선,163.1,컨테이너,8.5,상,새벽(00-06),0,1,0,1,0
2026-06-06,토,6,충북선,151.3,컨테이너,6.1,상,새벽(00-06),0,0,1,0,1
2026-12-26,토,12,중앙선,129.8,시멘트,12.1,하,새벽(00-06),0,0,0,1,1
2026-06-07,일,6,장항선,172.4,석탄,6.9,하,야간(18-24),1,0,1,0,0
2026-09-13,일,9,중앙선,183.5,기타,2.2,상,야간(18-24),0,0,0,0,0
2026-04-03,금,4,장항선,143.2,컨테이너,18.4,하,오후(12-18),0,1,0,0,0
2026-10-11,일,10,중앙선,201.4,시멘트,12.5,상,야간(18-24),0,0,0,0,0
2026-10-11,일,10,부산신항선,12.1,기타,13.1,상,새벽(00-06),0,0,0,0,0
2026-08-11,화,8,경부선,394.6,컨테이너,1.0,상,야간(18-24),0,1,1,0,0
2026-10-09,금,10,경부선,266.9,기타,8.5,상,새벽(00-06),1,1,0,0,0
2026-07-31,금,7,전라선,251.3,시멘트,3.5,하,새벽(00-06),0,1,1,0,0
2026-05-19,화,5,경부선,358.9,철강,11.9,하,새벽(00-06),1,0,0,0,0
2026-09-27,일,9,호남선,221.2,시멘트,12.8,상,오전(06-12),0,0,0,0,0
2026-11-01,일,11,전라선,199.2,유류,12.8,하,오후(12-18),0,0,0,0,0
2026-11-03,화,11,경부선,277.6,광석,8.0,상,새벽(00-06),0,1,0,0,0
2026-03-19,목,3,경부선,324.1,컨테이너,6.9,하,오전(06-12),0,1,0,0,0
2026-09-04,금,9,호남선,210.5,철강,10.8,하,오후(12-18),0,0,0,0,0
2026-01-02,금,1,충북선,147.3,컨테이너,14.1,하,야간(18-24),0,1,0,1,0
2026-07-28,화,7,부산신항선,14.5,컨테이너,8.5,상,새벽(00-06),0,0,1,0,0
2026-07-28,화,7,경부선,304.2,시멘트,6.4,하,새벽(00-06),0,1,1,0,0
2026-05-13,수,5,호남선,160.9,시멘트,6.6,상,오후(12-18),0,0,0,0,0
2026-12-29,화,12,충북선,155.7,시멘트,8.0,상,오후(12-18),0,0,0,1,0
2026-11-19,목,11,전라선,243.8,컨테이너,9.3,상,오전(06-12),0,0,0,0,1
2026-01-15,목,1,중앙선,205.3,컨테이너,5.4,상,오전(06-12),0,0,0,1,0
2026-03-18,수,3,경부선,333.6,컨테이너,9.3,상,오전(06-12),0,0,0,0,0
2026-03-17,화,3,호남선,245.5,컨테이너,19.4,상,오전(06-12),0,0,0,0,0
2026-11-24,화,11,영동선,93.1,컨테이너,10.2,상,야간(18-24),0,0,0,0,0
2026-07-09,목,7,중앙선,178.5,유류,4.6,하,야간(18-24),0,0,1,0,0
2026-09-24,목,9,호남선,246.8,컨테이너,1.0,하,오후(12-18),1,1,0,0,0
2026-10-23,금,10,경부선,241.5,광석,23.0,상,새벽(00-06),0,1,0,0,0
2026-10-08,목,10,경부선,318.1,컨테이너,18.8,상,야간(18-24),0,1,0,0,0
2026-02-02,월,2,경부선,369.4,시멘트,13.7,하,새벽(00-06),0,0,0,1,1
2026-02-21,토,2,중앙선,235.8,컨테이너,19.0,상,야간(18-24),0,0,0,1,1
2026-05-25,월,5,경부선,346.6,컨테이너,15.2,상,오후(12-18),0,1,0,0,0
2026-05-04,월,5,중앙선,217.3,석탄,11.5,하,오후(12-18),0,1,0,0,0
2026-09-30,수,9,경부선,278.6,컨테이너,4.6,하,오전(06-12),0,0,0,0,0
2026-02-27,금,2,전라선,270.6,시멘트,23.5,상,오전(06-12),0,0,0,1,0
2026-05-16,토,5,태백선,111.5,시멘트,9.4,하,새벽(00-06),0,0,0,0,1
2026-03-28,토,3,전라선,195.2,철강,9.7,상,새벽(00-06),1,0,0,0,0
2026-03-10,화,3,경부선,335.7,시멘트,12.2,하,오전(06-12),0,0,0,0,1
2026-03-05,목,3,장항선,169.7,컨테이너,12.3,상,새벽(00-06),0,1,0,0,0
2026-03-13,금,3,경부선,328.5,컨테이너,15.4,상,오전(06-12),0,0,0,0,0
2026-07-25,토,7,장항선,188.2,시멘트,14.8,상,야간(18-24),0,0,1,0,0
2026-05-30,토,5,충북선,205.8,기타,8.5,상,새벽(00-06),1,0,0,0,0
2026-06-08,월,6,중앙선,208.5,컨테이너,12.2,상,오후(12-18),0,0,1,0,1
2026-06-24,수,6,경부선,295.5,컨테이너,15.3,상,새벽(00-06),0,0,1,0,0
2026-09-28,월,9,태백선,149.0,시멘트,8.0,상,오후(12-18),1,0,0,0,0
2026-11-11,수,11,호남선,187.4,광석,20.7,하,오후(12-18),1,1,0,0,0
2026-07-12,일,7,전라선,256.8,컨테이너,11.9,하,오후(12-18),0,0,1,0,1
2026-08-23,일,8,영동선,110.8,철강,21.6,상,새벽(00-06),0,0,1,0,0
2026-09-27,일,9,호남선,218.2,철강,3.6,상,새벽(00-06),0,0,0,0,0
2026-09-09,수,9,경부선,249.0,컨테이너,15.9,하,새벽(00-06),0,0,0,0,0
2026-02-19,목,2,전라선,161.9,철강,6.7,상,야간(18-24),0,0,0,1,0
2026-12-25,금,12,중앙선,140.8,시멘트,8.2,하,오전(06-12),0,1,0,1,0
2026-03-02,월,3,중앙선,254.4,컨테이너,17.4,하,오후(12-18),1,0,0,0,0
2026-05-31,일,5,경부선,274.3,컨테이너,10.6,상,오전(06-12),1,0,0,0,1
2026-08-27,목,8,영동선,120.8,컨테이너,25.0,하,오전(06-12),0,1,1,0,0
2026-05-28,목,5,전라선,210.1,컨테이너,15.1,상,오전(06-12),1,1,0,0,0
2026-03-30,월,3,경부선,310.6,철강,7.8,상,새벽(00-06),0,0,0,0,0
2026-12-04,금,12,중앙선,191.7,석탄,15.1,상,오전(06-12),0,0,0,1,0
2026-01-27,화,1,중앙선,250.8,유류,10.6,하,새벽(00-06),0,0,0,1,0
2026-03-31,화,3,장항선,191.3,시멘트,17.0,하,새벽(00-06),0,0,0,0,1
2026-12-29,화,12,호남선,217.8,시멘트,10.2,하,오전(06-12),0,1,0,1,0
2026-09-24,목,9,중앙선,238.7,컨테이너,14.4,상,야간(18-24),0,1,0,0,0
2026-02-01,일,2,중앙선,171.1,철강,13.2,하,새벽(00-06),0,0,0,1,0
2026-10-03,토,10,충북선,188.0,컨테이너,12.5,하,새벽(00-06),0,0,0,0,1
2026-12-20,일,12,중앙선,224.8,컨테이너,18.3,하,새벽(00-06),0,0,0,1,0
2026-02-05,목,2,충북선,183.5,석탄,1.2,상,야간(18-24),0,0,0,1,0
2026-06-01,월,6,경부선,314.0,철강,12.6,하,새벽(00-06),0,1,1,0,1
2026-06-20,토,6,경부선,302.7,컨테이너,7.8,상,야간(18-24),0,0,1,0,0
2026-02-17,화,2,중앙선,162.9,시멘트,3.9,하,오전(06-12),0,0,0,1,1
2026-03-15,일,3,부산신항선,8.2,컨테이너,7.0,하,오전(06-12),0,0,0,0,0
2026-03-05,목,3,중앙선,161.2,철강,8.3,상,오전(06-12),1,0,0,0,1
2026-03-09,월,3,경부선,334.9,철강,10.6,상,오전(06-12),0,0,0,0,0
2026-05-28,목,5,전라선,222.5,철강,14.0,하,오전(06-12),0,0,0,0,1
2026-06-19,금,6,호남선,219.0,컨테이너,15.3,하,오전(06-12),0,1,1,0,1
2026-03-28,토,3,중앙선,210.4,시멘트,9.5,상,야간(18-24),1,0,0,0,1
2026-04-16,목,4,경부선,277.8,컨테이너,21.5,상,오후(12-18),0,0,0,0,0
2026-03-12,목,3,전라선,196.7,시멘트,9.8,하,야간(18-24),1,0,0,0,1
2026-10-18,일,10,중앙선,185.3,기타,1.0,하,야간(18-24),0,0,0,0,0
2026-03-19,목,3,전라선,206.1,컨테이너,9.9,상,오전(06-12),0,1,0,0,0
2026-11-28,토,11,경부선,285.0,시멘트,12.3,하,야간(18-24),0,0,0,0,0
2026-07-16,목,7,경부선,388.0,컨테이너,1.0,상,오전(06-12),0,1,1,0,1
2026-10-20,화,10,중앙선,139.6,시멘트,19.2,상,오후(12-18),0,1,0,0,0
2026-08-21,금,8,전라선,290.1,시멘트,11.4,하,오후(12-18),1,0,1,0,0
2026-04-08,수,4,중앙선,203.4,시멘트,5.1,하,오후(12-18),0,0,0,0,1
2026-08-08,토,8,경부선,359.6,석탄,6.2,상,오전(06-12),0,0,1,0,0
2026-04-11,토,4,중앙선,223.7,기타,16.6,하,새벽(00-06),0,0,0,0,1
2026-02-13,금,2,장항선,191.9,철강,17.3,하,야간(18-24),0,0,0,1,1
2026-04-03,금,4,경부선,386.7,기타,8.1,상,새벽(00-06),0,0,0,0,1
2026-04-11,토,4,전라선,196.9,컨테이너,3.9,하,새벽(00-06),0,1,0,0,0
2026-02-19,목,2,전라선,224.7,기타,12.8,하,새벽(00-06),0,0,0,1,0
2026-01-09,금,1,중앙선,163.5,컨테이너,13.9,하,오후(12-18),0,1,0,1,0
2026-12-11,금,12,영동선,84.4,컨테이너,15.4,상,오전(06-12),0,0,0,1,0
2026-07-07,화,7,부산신항선,8.6,시멘트,8.6,하,야간(18-24),0,0,1,0,0
2026-05-27,수,5,중앙선,258.8,컨테이너,11.3,하,오후(12-18),1,0,0,0,0
2026-12-06,일,12,경부선,313.3,철강,12.1,상,야간(18-24),0,1,0,1,0
2026-03-24,화,3,중앙선,262.7,컨테이너,17.8,하,새벽(00-06),0,0,0,0,0
2026-05-28,목,5,경부선,403.6,시멘트,20.0,하,오전(06-12),0,0,0,0,1
2026-11-06,금,11,충북선,236.2,컨테이너,21.6,상,오후(12-18),0,0,0,0,0
2026-08-19,수,8,부산신항선,16.3,컨테이너,19.8,하,새벽(00-06),0,0,1,0,0
2026-05-26,화,5,부산신항선,17.7,유류,22.9,하,오전(06-12),1,0,0,0,0
2026-04-04,토,4,중앙선,204.7,시멘트,18.1,상,야간(18-24),0,0,0,0,1
2026-01-13,화,1,중앙선,201.3,컨테이너,8.5,하,오후(12-18),0,0,0,1,0
2026-02-01,일,2,경부선,332.0,철강,21.2,하,야간(18-24),0,1,0,1,0
2026-03-01,일,3,충북선,161.3,유류,3.7,상,오후(12-18),0,0,0,0,0
2026-10-15,목,10,경부선,326.2,시멘트,25.0,하,새벽(00-06),0,0,0,0,0
2026-08-22,토,8,호남선,227.0,컨테이너,6.1,상,야간(18-24),0,0,1,0,0
2026-06-08,월,6,태백선,126.2,기타,17.3,하,야간(18-24),0,0,1,0,0
2026-10-13,화,10,경부선,265.1,시멘트,20.7,상,오전(06-12),1,0,0,0,0
2026-02-28,토,2,전라선,240.3,컨테이너,14.8,하,새벽(00-06),0,0,0,1,0
2026-03-18,수,3,충북선,144.0,컨테이너,1.0,하,새벽(00-06),0,0,0,0,0
2026-05-24,일,5,장항선,167.8,컨테이너,6.3,하,야간(18-24),0,1,0,0,0
2026-12-01,화,12,중앙선,188.3,광석,14.1,상,새벽(00-06),1,0,0,1,0
2026-08-13,목,8,경부선,305.3,광석,15.8,하,새벽(00-06),0,0,1,0,0
2026-11-07,토,11,충북선,189.1,시멘트,10.9,상,오전(06-12),0,0,0,0,0
2026-04-01,수,4,경부선,313.5,석탄,12.4,상,야간(18-24),0,0,0,0,0
2026-11-06,금,11,충북선,190.3,유류,3.2,상,오전(06-12),0,1,0,0,0
2026-01-27,화,1,경부선,328.4,시멘트,22.6,하,오전(06-12),0,0,0,1,0
2026-03-25,수,3,전라선,226.7,석탄,9.7,상,오후(12-18),0,1,0,0,0
2026-07-10,금,7,태백선,138.7,기타,16.7,상,야간(18-24),0,1,1,0,0
2026-01-19,월,1,경부선,268.5,컨테이너,20.4,상,오전(06-12),0,0,0,1,0
2026-11-10,화,11,중앙선,205.1,컨테이너,5.1,하,새벽(00-06),0,1,0,0,0
2026-11-13,금,11,전라선,254.9,철강,12.8,상,새벽(00-06),0,1,0,0,0
2026-07-17,금,7,경부선,359.8,석탄,13.7,상,새벽(00-06),1,0,1,0,1
2026-04-22,수,4,충북선,127.5,컨테이너,10.5,상,새벽(00-06),0,0,0,0,0
2026-02-06,금,2,전라선,183.8,컨테이너,17.6,상,오전(06-12),0,1,0,1,0
2026-08-14,금,8,중앙선,174.5,석탄,8.0,상,새벽(00-06),0,0,1,0,1
2026-07-16,목,7,태백선,163.2,시멘트,12.3,하,야간(18-24),0,0,1,0,0
2026-10-05,월,10,충북선,166.8,광석,9.8,하,새벽(00-06),0,0,0,0,0
2026-08-08,토,8,충북선,141.9,유류,25.0,하,야간(18-24),0,0,1,0,1
2026-02-16,월,2,경부선,262.1,시멘트,8.0,하,새벽(00-06),0,1,0,1,1
2026-02-14,토,2,경부선,292.8,석탄,16.5,상,오전(06-12),0,0,0,1,1
2026-10-13,화,10,경부선,290.1,석탄,22.8,하,야간(18-24),0,0,0,0,0
2026-02-28,토,2,부산신항선,13.4,컨테이너,6.5,하,야간(18-24),0,0,0,1,0
2026-12-09,수,12,부산신항선,13.6,시멘트,12.6,상,새벽(00-06),0,1,0,1,0
2026-02-08,일,2,장항선,158.6,시멘트,6.1,하,야간(18-24),0,0,0,1,1
2026-09-23,수,9,경부선,350.3,광석,1.0,하,야간(18-24),1,1,0,0,1
2026-12-22,화,12,충북선,177.6,유류,7.3,상,오전(06-12),0,0,0,1,1
2026-06-11,목,6,장항선,156.0,컨테이너,8.6,상,오후(12-18),0,0,1,0,0
2026-01-21,수,1,전라선,226.9,유류,8.9,상,오전(06-12),0,1,0,1,0
2026-11-16,월,11,경부선,333.8,석탄,10.2,하,오전(06-12),0,0,0,0,0
2026-03-10,화,3,부산신항선,11.1,컨테이너,12.0,하,새벽(00-06),0,0,0,0,1
2026-07-12,일,7,경부선,251.8,시멘트,4.8,하,새벽(00-06),0,0,1,0,0
2026-12-26,토,12,경부선,325.4,유류,14.1,하,오전(06-12),1,0,0,1,0
2026-09-29,화,9,부산신항선,12.5,시멘트,19.3,상,새벽(00-06),0,0,0,0,0
2026-01-17,토,1,중앙선,248.6,석탄,20.0,하,새벽(00-06),0,0,0,1,0
2026-10-27,화,10,중앙선,169.9,시멘트,10.4,상,새벽(00-06),0,1,0,0,0
2026-02-28,토,2,충북선,147.7,시멘트,17.4,상,오후(12-18),0,1,0,1,0
2026-10-01,목,10,영동선,106.7,시멘트,7.9,하,오후(12-18),0,0,0,0,0
2026-08-15,토,8,경부선,331.8,시멘트,9.9,하,야간(18-24),0,0,1,0,0
2026-04-16,목,4,장항선,181.5,광석,14.4,하,야간(18-24),0,0,0,0,1
2026-06-04,목,6,중앙선,214.5,시멘트,10.0,하,야간(18-24),0,0,1,0,0
2026-02-13,금,2,경부선,275.2,컨테이너,4.4,하,새벽(00-06),0,1,0,1,0
2026-12-27,일,12,중앙선,207.2,시멘트,17.0,상,오전(06-12),1,0,0,1,0
2026-03-28,토,3,충북선,142.7,철강,7.0,하,오후(12-18),0,0,0,0,0
2026-04-23,목,4,경부선,314.5,시멘트,8.9,하,새벽(00-06),0,0,0,0,0
2026-07-03,금,7,중앙선,253.1,철강,18.3,하,새벽(00-06),0,0,1,0,0
2026-09-03,목,9,충북선,126.3,컨테이너,15.2,상,야간(18-24),1,0,0,0,0
2026-07-04,토,7,충북선,154.3,시멘트,13.1,하,오전(06-12),0,0,1,0,0
2026-07-04,토,7,전라선,191.2,유류,3.2,하,오전(06-12),0,0,1,0,0
2026-08-01,토,8,태백선,138.6,시멘트,5.0,상,오후(12-18),0,1,1,0,1
2026-11-10,화,11,중앙선,230.0,석탄,14.4,상,야간(18-24),0,0,0,0,1
2026-05-25,월,5,중앙선,199.2,석탄,15.8,하,야간(18-24),0,0,0,0,0
2026-10-31,토,10,중앙선,189.2,철강,13.5,상,야간(18-24),0,1,0,0,0
2026-10-15,목,10,충북선,194.5,시멘트,9.2,하,새벽(00-06),0,0,0,0,0
2026-12-17,목,12,경부선,333.4,석탄,9.0,하,오후(12-18),0,0,0,1,0
2026-11-30,월,11,중앙선,222.0,시멘트,13.3,상,새벽(00-06),0,0,0,0,0
2026-10-19,월,10,경부선,348.8,시멘트,4.5,상,야간(18-24),0,0,0,0,0
2026-04-01,수,4,중앙선,92.6,시멘트,12.6,하,새벽(00-06),0,0,0,0,0
2026-10-10,토,10,영동선,108.6,시멘트,3.7,상,오전(06-12),1,0,0,0,0
2026-09-26,토,9,충북선,134.3,컨테이너,5.7,상,야간(18-24),1,0,0,0,1
2026-04-16,목,4,중앙선,164.3,철강,13.1,상,오후(12-18),0,0,0,0,0
2026-09-05,토,9,충북선,198.2,시멘트,15.5,하,새벽(00-06),0,0,0,0,1
2026-04-03,금,4,전라선,218.2,컨테이너,14.1,상,새벽(00-06),0,0,0,0,0
2026-07-10,금,7,중앙선,259.5,컨테이너,5.3,하,오전(06-12),0,1,1,0,0
2026-10-18,일,10,중앙선,144.0,석탄,1.0,하,오후(12-18),0,1,0,0,0
2026-03-10,화,3,전라선,196.9,시멘트,12.0,상,오후(12-18),1,0,0,0,0
2026-05-03,일,5,경부선,350.7,철강,1.0,상,새벽(00-06),0,0,0,0,0
2026-10-18,일,10,충북선,152.8,시멘트,17.7,하,오후(12-18),0,1,0,0,0
2026-06-15,월,6,충북선,169.0,유류,5.5,하,오전(06-12),0,1,1,0,1
2026-12-17,목,12,장항선,177.4,컨테이너,25.0,상,야간(18-24),0,0,0,1,0
2026-01-03,토,1,영동선,107.7,석탄,6.2,상,오후(12-18),0,0,0,1,0
2026-09-21,월,9,장항선,173.5,시멘트,14.8,상,야간(18-24),0,0,0,0,0
2026-10-25,일,10,충북선,165.8,컨테이너,7.6,하,새벽(00-06),0,0,0,0,1
2026-12-02,수,12,경부선,345.9,광석,11.0,상,야간(18-24),0,0,0,1,1
2026-02-27,금,2,충북선,201.7,유류,13.1,하,야간(18-24),0,0,0,1,0
2026-12-26,토,12,태백선,131.4,컨테이너,17.2,상,오전(06-12),0,0,0,1,0
2026-05-24,일,5,호남선,198.4,컨테이너,18.1,상,야간(18-24),1,0,0,0,0
2026-05-09,토,5,태백선,125.1,유류,16.4,상,오후(12-18),0,0,0,0,0
2026-05-10,일,5,경부선,379.0,컨테이너,18.2,하,야간(18-24),0,0,0,0,0
2026-08-21,금,8,전라선,250.1,광석,8.3,하,야간(18-24),0,0,1,0,0
2026-08-29,토,8,부산신항선,5.0,컨테이너,15.9,상,야간(18-24),0,0,1,0,0
2026-06-22,월,6,전라선,171.1,시멘트,10.0,상,새벽(00-06),0,0,1,0,0
2026-01-26,월,1,전라선,204.5,컨테이너,17.9,상,새벽(00-06),0,0,0,1,1
2026-12-27,일,12,중앙선,201.4,시멘트,12.7,하,오전(06-12),0,0,0,1,0
2026-03-23,월,3,충북선,160.5,컨테이너,15.7,하,오후(12-18),0,0,0,0,1
2026-02-04,수,2,중앙선,211.3,시멘트,13.7,상,새벽(00-06),0,0,0,1,0
2026-08-07,금,8,경부선,313.2,광석,16.6,하,오전(06-12),0,1,1,0,0
2026-05-31,일,5,태백선,163.4,컨테이너,7.2,상,새벽(00-06),0,0,0,0,1
2026-08-13,목,8,호남선,227.5,석탄,2.6,하,야간(18-24),0,1,1,0,0
2026-11-16,월,11,태백선,137.1,컨테이너,17.9,상,오후(12-18),0,1,0,0,0
2026-02-05,목,2,중앙선,233.4,시멘트,20.1,상,새벽(00-06),0,1,0,1,0
2026-04-14,화,4,경부선,254.2,컨테이너,11.3,상,새벽(00-06),0,0,0,0,0
2026-07-08,수,7,경부선,316.8,석탄,16.9,상,야간(18-24),0,0,1,0,0
2026-10-15,목,10,태백선,138.3,철강,2.2,하,오전(06-12),0,1,0,0,0
2026-08-08,토,8,전라선,247.5,유류,8.3,하,오후(12-18),0,0,1,0,1
2026-05-20,수,5,영동선,84.1,광석,12.5,하,야간(18-24),0,0,0,0,0
2026-08-11,화,8,중앙선,184.2,컨테이너,1.6,하,야간(18-24),0,0,1,0,0
2026-12-24,목,12,충북선,171.3,컨테이너,2.8,상,새벽(00-06),0,0,0,1,1
2026-06-25,목,6,장항선,189.1,컨테이너,12.9,상,오후(12-18),1,0,1,0,0
2026-11-19,목,11,경부선,367.6,철강,8.4,상,야간(18-24),1,0,0,0,0
2026-10-12,월,10,영동선,121.2,컨테이너,9.9,하,새벽(00-06),0,1,0,0,0
2026-04-20,월,4,충북선,159.8,철강,9.6,상,오후(12-18),0,1,0,0,0
2026-04-02,목,4,경부선,347.2,기타,4.3,하,야간(18-24),0,0,0,0,0
2026-10-09,금,10,경부선,312.1,컨테이너,10.7,하,새벽(00-06),1,1,0,0,0
2026-03-17,화,3,부산신항선,11.0,컨테이너,11.9,하,오전(06-12),1,0,0,0,0
2026-05-03,일,5,전라선,253.2,시멘트,8.5,상,새벽(00-06),0,0,0,0,1
2026-03-27,금,3,장항선,178.7,시멘트,9.0,상,새벽(00-06),0,0,0,0,0
2026-08-10,월,8,장항선,186.8,시멘트,10.8,상,새벽(00-06),0,0,1,0,0
2026-04-18,토,4,중앙선,226.9,컨테이너,16.9,상,오전(06-12),0,1,0,0,0
2026-08-29,토,8,장항선,193.8,유류,11.4,하,오후(12-18),0,0,1,0,1
2026-12-08,화,12,호남선,239.0,석탄,1.0,하,야간(18-24),0,0,0,1,0
2026-10-30,금,10,경부선,413.3,컨테이너,4.8,하,야간(18-24),1,1,0,0,0
2026-12-13,일,12,장항선,193.7,컨테이너,17.6,상,야간(18-24),0,0,0,1,0
2026-01-09,금,1,중앙선,177.2,철강,7.9,상,야간(18-24),0,0,0,1,0
2026-06-16,화,6,중앙선,211.2,컨테이너,11.5,상,새벽(00-06),0,0,1,0,1
2026-03-22,일,3,중앙선,209.7,유류,23.5,하,오전(06-12),0,0,0,0,1
2026-12-02,수,12,태백선,147.8,시멘트,15.8,하,야간(18-24),0,0,0,1,0
2026-09-17,목,9,경부선,380.0,광석,1.0,하,야간(18-24),0,1,0,0,0
2026-04-27,월,4,중앙선,134.4,철강,20.7,상,오전(06-12),0,0,0,0,0
2026-07-25,토,7,전라선,274.8,광석,12.9,상,오후(12-18),0,0,1,0,0
2026-08-09,일,8,경부선,394.2,철강,14.2,하,야간(18-24),0,0,1,0,0
2026-06-30,화,6,장항선,191.0,시멘트,13.8,하,오후(12-18),1,0,1,0,0
2026-06-23,화,6,호남선,223.0,컨테이너,17.5,상,야간(18-24),1,1,1,0,1
2026-01-21,수,1,경부선,310.5,철강,11.5,상,야간(18-24),0,0,0,1,0
2026-06-15,월,6,경부선,320.5,시멘트,3.1,상,오후(12-18),1,0,1,0,0
2026-05-08,금,5,영동선,120.3,시멘트,13.9,상,새벽(00-06),0,1,0,0,0
2026-10-26,월,10,경부선,345.5,시멘트,3.7,하,야간(18-24),0,0,0,0,0
2026-11-12,목,11,경부선,349.0,컨테이너,22.9,상,야간(18-24),0,0,0,0,0
2026-10-01,목,10,호남선,223.9,시멘트,9.8,하,새벽(00-06),0,0,0,0,0
2026-01-12,월,1,부산신항선,13.3,컨테이너,11.7,하,야간(18-24),0,1,0,1,0
2026-11-04,수,11,전라선,253.0,시멘트,7.9,상,새벽(00-06),0,1,0,0,0
2026-05-25,월,5,충북선,135.7,시멘트,14.0,상,야간(18-24),0,0,0,0,0
2026-06-01,월,6,부산신항선,13.1,유류,14.7,상,야간(18-24),0,1,1,0,0
2026-12-11,금,12,전라선,285.2,시멘트,7.9,하,새벽(00-06),0,0,0,1,0
2026-11-13,금,11,전라선,228.6,광석,14.7,상,야간(18-24),0,1,0,0,0
2026-01-19,월,1,태백선,165.5,기타,12.4,상,새벽(00-06),0,0,0,1,0
2026-05-12,화,5,전라선,201.9,컨테이너,11.4,하,야간(18-24),0,0,0,0,0
2026-10-01,목,10,충북선,160.6,시멘트,7.5,하,오후(12-18),0,0,0,0,1
2026-07-16,목,7,중앙선,170.9,컨테이너,25.0,상,오전(06-12),0,0,1,0,1
2026-04-05,일,4,충북선,195.8,유류,19.1,하,야간(18-24),0,0,0,0,0
2026-07-11,토,7,충북선,202.3,시멘트,16.4,상,새벽(00-06),0,0,1,0,0
2026-11-13,금,11,중앙선,189.8,컨테이너,18.8,상,오전(06-12),0,0,0,0,1
2026-03-23,월,3,중앙선,234.3,컨테이너,13.8,상,오후(12-18),0,1,0,0,0
2026-09-30,수,9,장항선,212.6,석탄,9.9,하,새벽(00-06),0,0,0,0,0
2026-09-26,토,9,중앙선,192.1,컨테이너,1.0,상,새벽(00-06),0,0,0,0,1
2026-11-20,금,11,경부선,325.4,시멘트,4.7,하,오후(12-18),0,1,0,0,0
2026-04-19,일,4,경부선,349.5,유류,25.0,하,오전(06-12),0,0,0,0,1
2026-03-20,금,3,경부선,286.5,컨테이너,19.0,하,오전(06-12),0,0,0,0,1
2026-07-19,일,7,장항선,181.8,석탄,13.2,상,오후(12-18),0,0,1,0,0
2026-07-13,월,7,중앙선,268.3,석탄,2.5,하,오전(06-12),0,0,1,0,0
2026-05-30,토,5,경부선,300.2,컨테이너,15.8,상,새벽(00-06),0,0,0,0,1
2026-10-12,월,10,장항선,196.7,컨테이너,10.3,하,새벽(00-06),0,0,0,0,0
2026-10-19,월,10,경부선,341.2,컨테이너,16.2,하,새벽(00-06),0,0,0,0,1
2026-03-31,화,3,경부선,313.6,기타,5.3,하,오후(12-18),1,1,0,0,0
2026-10-18,일,10,태백선,139.9,석탄,9.1,하,새벽(00-06),0,1,0,0,0
2026-03-26,목,3,충북선,205.1,시멘트,17.3,하,야간(18-24),0,1,0,0,0
2026-05-29,금,5,장항선,190.7,유류,23.6,하,새벽(00-06),0,0,0,0,1
2026-01-10,토,1,태백선,149.7,컨테이너,8.0,하,오전(06-12),0,0,0,1,1
2026-05-05,화,5,호남선,248.2,컨테이너,6.0,하,야간(18-24),1,1,0,0,0
2026-12-16,수,12,경부선,308.6,컨테이너,18.1,상,새벽(00-06),0,0,0,1,0
2026-06-11,목,6,장항선,158.7,철강,4.4,하,오후(12-18),0,0,1,0,0
2026-09-17,목,9,전라선,282.5,시멘트,4.9,하,새벽(00-06),0,0,0,0,0
2026-02-09,월,2,경부선,325.7,석탄,13.6,하,야간(18-24),0,0,0,1,0
2026-08-20,목,8,호남선,230.5,컨테이너,24.5,상,새벽(00-06),0,1,1,0,1
2026-05-16,토,5,중앙선,166.6,철강,6.9,하,새벽(00-06),0,0,0,0,0
2026-09-29,화,9,부산신항선,11.8,철강,9.8,상,오후(12-18),0,1,0,0,0
2026-12-05,토,12,충북선,133.9,시멘트,12.7,상,오전(06-12),0,0,0,1,1
2026-07-14,화,7,충북선,162.9,컨테이너,9.2,하,야간(18-24),0,0,1,0,0
2026-02-07,토,2,경부선,294.3,석탄,1.4,상,야간(18-24),0,1,0,1,0
2026-06-23,화,6,부산신항선,8.0,컨테이너,16.8,상,야간(18-24),0,1,1,0,0
2026-02-14,토,2,충북선,153.7,컨테이너,13.1,상,새벽(00-06),0,0,0,1,0
2026-06-14,일,6,경부선,228.5,석탄,14.2,하,오후(12-18),0,1,1,0,0
2026-01-23,금,1,경부선,273.8,시멘트,11.1,하,새벽(00-06),0,0,0,1,0
2026-08-22,토,8,장항선,195.2,철강,21.1,상,새벽(00-06),0,1,1,0,0
2026-04-24,금,4,경부선,334.1,컨테이너,9.0,상,새벽(00-06),1,0,0,0,1
2026-03-15,일,3,충북선,134.4,컨테이너,5.5,하,오전(06-12),0,0,0,0,0
2026-01-07,수,1,전라선,245.8,석탄,22.0,상,오전(06-12),0,1,0,1,0
2026-11-21,토,11,경부선,285.1,석탄,1.0,상,야간(18-24),1,0,0,0,1
2026-11-02,월,11,충북선,179.3,시멘트,11.1,하,오전(06-12),1,0,0,0,0
2026-10-24,토,10,경부선,315.6,시멘트,11.5,상,새벽(00-06),0,1,0,0,0
2026-01-22,목,1,호남선,200.1,컨테이너,11.3,하,새벽(00-06),0,0,0,1,0
2026-05-08,금,5,태백선,133.7,시멘트,2.7,하,오후(12-18),0,0,0,0,0
2026-12-21,월,12,경부선,422.6,기타,4.9,상,오후(12-18),0,1,0,1,1
2026-07-31,금,7,충북선,142.3,컨테이너,17.7,하,새벽(00-06),0,0,1,0,0
2026-02-16,월,2,중앙선,201.2,시멘트,20.3,상,오후(12-18),0,1,0,1,1
2026-02-21,토,2,호남선,227.7,컨테이너,9.5,하,야간(18-24),0,0,0,1,0
2026-04-07,화,4,중앙선,159.6,컨테이너,6.4,상,새벽(00-06),0,0,0,0,0
2026-12-21,월,12,충북선,121.4,철강,1.3,하,야간(18-24),0,1,0,1,1
2026-03-03,화,3,호남선,193.2,시멘트,17.6,상,야간(18-24),0,1,0,0,0
2026-11-26,목,11,경부선,350.6,컨테이너,18.0,하,야간(18-24),0,0,0,0,0
2026-09-05,토,9,충북선,152.7,시멘트,1.0,하,새벽(00-06),1,0,0,0,1
2026-12-03,목,12,경부선,311.0,컨테이너,1.0,상,새벽(00-06),0,0,0,1,0
2026-10-29,목,10,충북선,184.1,시멘트,12.8,하,오후(12-18),0,0,0,0,0
2026-05-02,토,5,중앙선,165.1,철강,13.6,상,오전(06-12),1,0,0,0,0
2026-10-30,금,10,영동선,108.5,컨테이너,9.1,하,새벽(00-06),0,1,0,0,0
2026-03-03,화,3,중앙선,140.3,시멘트,11.8,상,오전(06-12),0,0,0,0,0
2026-04-17,금,4,경부선,333.0,시멘트,10.5,하,오전(06-12),1,0,0,0,0
2026-03-19,목,3,태백선,140.1,유류,12.2,상,새벽(00-06),0,1,0,0,0
2026-02-18,수,2,태백선,151.4,컨테이너,6.6,상,새벽(00-06),0,0,0,1,0
2026-02-02,월,2,전라선,195.0,시멘트,11.9,하,야간(18-24),0,0,0,1,1
2026-03-10,화,3,장항선,175.8,컨테이너,8.0,상,오전(06-12),0,0,0,0,1
2026-02-13,금,2,경부선,269.1,컨테이너,7.5,상,새벽(00-06),0,1,0,1,0
2026-05-19,화,5,충북선,155.1,컨테이너,1.0,하,야간(18-24),0,0,0,0,0
2026-01-27,화,1,경부선,379.5,철강,10.9,상,야간(18-24),0,0,0,1,0
2026-01-23,금,1,경부선,307.4,컨테이너,16.8,하,오전(06-12),0,0,0,1,0
2026-12-28,월,12,호남선,174.1,광석,10.0,상,새벽(00-06),0,1,0,1,0
2026-02-02,월,2,전라선,209.0,시멘트,9.9,상,오후(12-18),0,0,0,1,0
2026-01-28,수,1,경부선,255.8,유류,19.5,하,오후(12-18),0,0,0,1,0
2026-01-11,일,1,경부선,268.4,컨테이너,18.1,상,야간(18-24),0,0,0,1,0
2026-02-18,수,2,호남선,225.0,컨테이너,22.4,하,새벽(00-06),0,0,0,1,0
2026-07-12,일,7,경부선,262.3,철강,25.0,하,오후(12-18),0,1,1,0,0
2026-10-29,목,10,경부선,332.7,시멘트,12.4,하,새벽(00-06),0,0,0,0,0
2026-09-26,토,9,경부선,321.2,시멘트,5.1,상,야간(18-24),0,0,0,0,1
2026-07-31,금,7,경부선,298.9,철강,8.9,상,새벽(00-06),0,0,1,0,1
2026-02-01,일,2,중앙선,201.3,석탄,15.4,상,오전(06-12),1,0,0,1,0
2026-10-10,토,10,영동선,95.7,유류,20.6,상,오후(12-18),0,1,0,0,0
2026-01-14,수,1,중앙선,222.7,컨테이너,5.7,상,야간(18-24),1,0,0,1,0
2026-08-19,수,8,충북선,143.8,시멘트,13.5,상,오후(12-18),0,0,1,0,0
2026-05-30,토,5,장항선,171.9,시멘트,7.2,하,오전(06-12),0,1,0,0,0
2026-11-18,수,11,충북선,148.7,시멘트,11.1,상,야간(18-24),1,0,0,0,1
2026-04-23,목,4,전라선,250.1,시멘트,11.0,상,오후(12-18),0,0,0,0,0
2026-08-22,토,8,전라선,245.7,철강,14.3,하,오전(06-12),0,0,1,0,0
2026-06-10,수,6,충북선,95.8,유류,24.2,하,야간(18-24),1,0,1,0,1
2026-07-10,금,7,전라선,237.0,컨테이너,14.9,하,오전(06-12),1,1,1,0,0
2026-12-09,수,12,장항선,144.7,컨테이너,9.4,하,오후(12-18),0,0,0,1,0
2026-09-18,금,9,전라선,219.2,컨테이너,8.4,상,오전(06-12),1,0,0,0,0
2026-06-01,월,6,장항선,177.4,컨테이너,10.9,상,새벽(00-06),0,0,1,0,0
2026-06-13,토,6,경부선,306.1,석탄,6.8,상,오전(06-12),0,0,1,0,0
2026-09-15,화,9,전라선,244.4,시멘트,12.8,상,오전(06-12),0,1,0,0,0
2026-05-07,목,5,전라선,251.0,시멘트,1.0,상,새벽(00-06),1,0,0,0,0
2026-03-03,화,3,중앙선,166.2,광석,10.7,상,오전(06-12),0,0,0,0,0
2026-06-20,토,6,부산신항선,8.2,광석,11.2,하,오후(12-18),0,0,1,0,0
2026-01-25,일,1,중앙선,192.0,시멘트,5.0,상,새벽(00-06),0,0,0,1,1
2026-03-03,화,3,경부선,258.5,시멘트,9.7,하,오후(12-18),0,1,0,0,0
2026-06-03,수,6,태백선,126.0,컨테이너,18.7,하,오전(06-12),0,0,1,0,0
2026-10-18,일,10,경부선,374.1,시멘트,19.2,상,새벽(00-06),0,0,0,0,1
2026-10-13,화,10,중앙선,140.6,시멘트,8.8,상,새벽(00-06),0,0,0,0,0
2026-04-06,월,4,중앙선,181.4,컨테이너,15.1,상,오후(12-18),0,0,0,0,0
2026-06-04,목,6,부산신항선,8.8,철강,3.0,상,오전(06-12),0,0,1,0,0
2026-02-26,목,2,중앙선,263.5,시멘트,10.2,상,야간(18-24),0,0,0,1,0
2026-10-03,토,10,전라선,213.3,컨테이너,13.4,상,오후(12-18),0,1,0,0,0
2026-03-31,화,3,장항선,170.0,석탄,21.2,하,야간(18-24),1,1,0,0,0
2026-10-19,월,10,충북선,135.5,시멘트,19.2,상,새벽(00-06),0,0,0,0,0
2026-11-04,수,11,호남선,208.4,컨테이너,13.3,상,오후(12-18),0,1,0,0,1
2026-09-09,수,9,장항선,185.0,컨테이너,6.5,하,오후(12-18),0,0,0,0,0
2026-05-01,금,5,중앙선,162.3,컨테이너,20.2,상,오전(06-12),0,0,0,0,0
2026-12-14,월,12,호남선,232.9,시멘트,10.0,하,야간(18-24),1,1,0,1,0
2026-09-08,화,9,충북선,168.1,시멘트,14.7,하,오전(06-12),0,0,0,0,0
2026-08-24,월,8,경부선,354.3,컨테이너,11.3,하,새벽(00-06),0,0,1,0,0
2026-11-09,월,11,경부선,307.1,유류,24.0,상,오후(12-18),0,0,0,0,0
2026-11-18,수,11,충북선,167.4,철강,8.3,하,새벽(00-06),0,0,0,0,0
2026-01-29,목,1,경부선,311.7,시멘트,17.5,상,새벽(00-06),0,1,0,1,1
2026-11-18,수,11,충북선,197.7,유류,11.5,하,오후(12-18),0,0,0,0,0
2026-10-07,수,10,중앙선,197.4,시멘트,15.4,상,새벽(00-06),0,1,0,0,0
2026-03-17,화,3,충북선,161.5,컨테이너,21.7,하,오후(12-18),0,0,0,0,0
2026-04-23,목,4,경부선,301.9,시멘트,1.0,상,오전(06-12),1,0,0,0,1
2026-10-02,금,10,태백선,125.2,컨테이너,11.6,하,야간(18-24),0,0,0,0,0
2026-03-21,토,3,중앙선,201.6,시멘트,6.6,하,오전(06-12),0,1,0,0,0
2026-06-15,월,6,경부선,353.0,기타,14.7,상,오전(06-12),0,1,1,0,0
2026-09-09,수,9,중앙선,169.3,시멘트,16.1,상,오전(06-12),1,1,0,0,1
2026-08-26,수,8,중앙선,197.7,컨테이너,9.2,상,오후(12-18),0,0,1,0,0
2026-11-29,일,11,충북선,165.9,컨테이너,8.9,하,새벽(00-06),0,0,0,0,1
2026-02-10,화,2,충북선,170.3,유류,13.2,하,오전(06-12),0,1,0,1,1
2026-04-18,토,4,경부선,251.9,컨테이너,4.4,하,새벽(00-06),0,0,0,0,1
2026-12-26,토,12,부산신항선,7.8,광석,14.0,하,오전(06-12),1,1,0,1,0
2026-07-27,월,7,중앙선,145.5,컨테이너,7.1,상,야간(18-24),0,0,1,0,1
2026-04-01,수,4,경부선,321.5,철강,16.4,상,오후(12-18),0,0,0,0,0
2026-04-16,목,4,장항선,161.6,컨테이너,4.1,상,오전(06-12),0,0,0,0,0
2026-05-04,월,5,전라선,214.5,컨테이너,8.6,하,새벽(00-06),0,0,0,0,0
2026-07-22,수,7,전라선,193.6,컨테이너,7.5,하,오후(12-18),0,0,1,0,0
2026-04-14,화,4,중앙선,179.2,컨테이너,10.2,하,야간(18-24),0,1,0,0,0
2026-08-15,토,8,중앙선,154.0,컨테이너,20.3,하,오전(06-12),0,0,1,0,0
2026-06-12,금,6,충북선,180.2,컨테이너,17.1,하,야간(18-24),0,0,1,0,0
2026-08-11,화,8,경부선,339.4,시멘트,9.1,하,오전(06-12),0,1,1,0,0
2026-02-26,목,2,중앙선,198.6,시멘트,9.1,하,새벽(00-06),1,0,0,1,0
2026-08-16,일,8,영동선,105.3,컨테이너,17.3,하,야간(18-24),0,0,1,0,0
2026-12-04,금,12,전라선,168.3,석탄,5.0,하,오후(12-18),0,0,0,1,1
2026-02-19,목,2,중앙선,177.3,철강,12.1,하,오전(06-12),0,1,0,1,0
2026-04-30,목,4,경부선,289.7,기타,8.4,하,야간(18-24),0,0,0,0,0
2026-09-11,금,9,장항선,184.5,시멘트,11.0,하,야간(18-24),0,0,0,0,0
2026-08-14,금,8,경부선,345.0,시멘트,16.9,하,야간(18-24),0,0,1,0,1
2026-09-04,금,9,경부선,333.2,기타,8.0,하,오후(12-18),0,0,0,0,0
2026-07-24,금,7,경부선,370.7,광석,17.8,하,오후(12-18),0,0,1,0,0
2026-09-07,월,9,전라선,212.4,광석,25.0,하,오전(06-12),0,0,0,0,0
2026-08-11,화,8,충북선,146.1,시멘트,15.6,상,오전(06-12),0,0,1,0,0
2026-01-28,수,1,경부선,361.7,석탄,11.5,하,새벽(00-06),0,0,0,1,0
2026-10-02,금,10,경부선,326.8,광석,18.9,상,야간(18-24),0,0,0,0,0
2026-06-13,토,6,충북선,155.1,시멘트,5.3,하,새벽(00-06),1,0,1,0,1
2026-01-19,월,1,충북선,207.5,컨테이너,21.1,상,야간(18-24),0,0,0,1,0
2026-05-30,토,5,전라선,246.7,기타,7.5,상,새벽(00-06),0,0,0,0,0
2026-06-08,월,6,경부선,312.6,유류,25.0,상,새벽(00-06),0,1,1,0,0
2026-02-01,일,2,전라선,208.8,컨테이너,7.7,하,새벽(00-06),0,0,0,1,0
2026-12-30,수,12,호남선,241.4,컨테이너,16.0,상,오전(06-12),0,0,0,1,0
2026-03-23,월,3,충북선,166.5,유류,2.6,상,새벽(00-06),0,0,0,0,0
2026-05-01,금,5,경부선,321.2,컨테이너,10.7,상,새벽(00-06),0,0,0,0,0
2026-06-10,수,6,전라선,249.7,석탄,5.5,하,오후(12-18),0,0,1,0,1
2026-10-31,토,10,중앙선,224.1,컨테이너,3.4,하,오전(06-12),0,1,0,0,0
2026-09-29,화,9,경부선,342.2,컨테이너,19.2,상,새벽(00-06),0,1,0,0,0
2026-10-09,금,10,중앙선,224.2,철강,4.6,하,오전(06-12),1,1,0,0,0
2026-03-28,토,3,부산신항선,12.0,기타,7.6,상,새벽(00-06),0,0,0,0,0
2026-11-05,목,11,중앙선,212.7,시멘트,6.9,상,야간(18-24),0,1,0,0,0
2026-10-30,금,10,태백선,120.9,컨테이너,18.8,상,야간(18-24),0,1,0,0,1
2026-06-19,금,6,충북선,206.6,컨테이너,18.1,상,오전(06-12),0,1,1,0,0
2026-07-19,일,7,충북선,130.5,컨테이너,19.6,하,새벽(00-06),0,0,1,0,1
2026-01-14,수,1,경부선,332.6,광석,7.3,하,새벽(00-06),0,0,0,1,0
2026-10-05,월,10,충북선,127.9,시멘트,20.1,하,오후(12-18),0,0,0,0,1
2026-12-17,목,12,경부선,316.3,광석,7.2,하,새벽(00-06),0,0,0,1,0
2026-06-22,월,6,중앙선,173.3,유류,7.5,상,오후(12-18),0,1,1,0,0
2026-07-17,금,7,경부선,325.6,시멘트,7.8,상,새벽(00-06),0,0,1,0,0
2026-07-02,목,7,중앙선,205.3,컨테이너,8.0,상,오후(12-18),0,0,1,0,0
2026-01-31,토,1,충북선,137.4,기타,11.5,하,오전(06-12),0,1,0,1,0
2026-08-15,토,8,경부선,319.0,컨테이너,7.0,하,새벽(00-06),0,1,1,0,0
2026-09-21,월,9,경부선,375.9,유류,13.4,하,새벽(00-06),0,0,0,0,0
2026-12-05,토,12,영동선,90.1,시멘트,1.0,상,오후(12-18),0,1,0,1,0
2026-12-06,일,12,경부선,286.0,컨테이너,13.4,상,오후(12-18),0,0,0,1,0
2026-06-29,월,6,중앙선,223.4,시멘트,5.5,하,오후(12-18),1,0,1,0,0
2026-12-17,목,12,중앙선,196.0,시멘트,8.0,하,오전(06-12),0,0,0,1,0
2026-07-12,일,7,중앙선,198.6,석탄,8.1,상,오후(12-18),0,0,1,0,0
2026-08-23,일,8,전라선,260.1,시멘트,17.7,하,새벽(00-06),0,1,1,0,0
2026-08-08,토,8,경부선,288.4,컨테이너,15.0,하,오후(12-18),0,1,1,0,0
2026-12-31,목,12,중앙선,175.1,시멘트,11.0,하,야간(18-24),0,0,0,1,0
2026-09-27,일,9,충북선,145.2,시멘트,7.7,상,새벽(00-06),1,0,0,0,1
2026-02-13,금,2,중앙선,181.1,광석,16.7,하,야간(18-24),0,1,0,1,0
2026-01-27,화,1,호남선,241.7,광석,22.8,하,야간(18-24),0,0,0,1,0
2026-05-30,토,5,영동선,84.3,석탄,11.8,하,야간(18-24),0,0,0,0,0
2026-07-08,수,7,경부선,272.4,기타,2.4,하,새벽(00-06),0,1,1,0,0
2026-09-02,수,9,중앙선,145.5,시멘트,7.8,상,야간(18-24),0,1,0,0,0
2026-06-25,목,6,경부선,376.3,컨테이너,15.4,하,새벽(00-06),0,1,1,0,0
2026-07-07,화,7,경부선,295.6,컨테이너,9.3,상,오전(06-12),0,0,1,0,1
2026-12-03,목,12,중앙선,181.9,유류,6.8,상,오전(06-12),0,1,0,1,0
2026-05-03,일,5,충북선,120.9,시멘트,6.6,하,새벽(00-06),0,1,0,0,0
2026-06-30,화,6,중앙선,184.1,유류,12.6,하,오전(06-12),0,0,1,0,1
2026-07-23,목,7,경부선,354.9,시멘트,2.8,상,야간(18-24),0,1,1,0,1
2026-06-20,토,6,경부선,330.3,컨테이너,11.8,상,새벽(00-06),0,1,1,0,0
2026-12-20,일,12,영동선,108.2,시멘트,12.5,상,오전(06-12),0,0,0,1,1
2026-12-18,금,12,호남선,169.1,시멘트,9.3,하,야간(18-24),1,0,0,1,0
2026-07-07,화,7,경부선,307.1,시멘트,5.7,하,새벽(00-06),0,1,1,0,1
2026-06-14,일,6,전라선,233.8,유류,18.1,상,야간(18-24),0,1,1,0,0
2026-08-03,월,8,중앙선,158.6,석탄,4.0,하,야간(18-24),0,0,1,0,0
2026-03-08,일,3,전라선,249.0,시멘트,13.0,상,새벽(00-06),0,0,0,0,0
2026-06-05,금,6,충북선,183.4,철강,16.4,하,오전(06-12),0,0,1,0,0
2026-03-21,토,3,부산신항선,9.0,컨테이너,13.0,하,새벽(00-06),0,1,0,0,0
2026-02-22,일,2,경부선,349.2,유류,19.4,상,야간(18-24),0,0,0,1,0
2026-02-04,수,2,중앙선,189.5,컨테이너,5.2,상,새벽(00-06),0,1,0,1,0
2026-08-03,월,8,영동선,127.0,석탄,7.3,하,오전(06-12),0,0,1,0,0
2026-01-01,목,1,경부선,401.6,시멘트,9.2,하,오후(12-18),0,0,0,1,0
2026-08-24,월,8,경부선,276.5,컨테이너,25.0,하,오후(12-18),0,0,1,0,0
2026-06-07,일,6,전라선,252.5,석탄,15.0,하,오후(12-18),0,0,1,0,1
2026-05-14,목,5,장항선,205.7,시멘트,16.2,하,새벽(00-06),0,0,0,0,0
2026-10-08,목,10,전라선,200.3,석탄,15.9,하,오후(12-18),0,0,0,0,0
2026-07-16,목,7,장항선,168.1,시멘트,12.5,상,오후(12-18),0,0,1,0,0
2026-09-25,금,9,전라선,211.8,컨테이너,18.3,하,오전(06-12),0,0,0,0,0
2026-09-16,수,9,경부선,314.9,컨테이너,1.0,하,오후(12-18),0,0,0,0,0
2026-01-12,월,1,충북선,152.4,석탄,13.7,상,새벽(00-06),0,0,0,1,0
2026-03-20,금,3,장항선,175.6,시멘트,14.6,상,새벽(00-06),0,0,0,0,1
2026-07-28,화,7,태백선,152.3,시멘트,18.1,상,새벽(00-06),0,0,1,0,1
2026-12-23,수,12,경부선,244.4,컨테이너,5.1,상,오전(06-12),0,0,0,1,0
2026-02-26,목,2,경부선,281.2,컨테이너,5.5,하,새벽(00-06),0,1,0,1,0
2026-02-08,일,2,장항선,193.0,석탄,5.9,하,새벽(00-06),1,1,0,1,0
2026-12-10,목,12,경부선,342.3,유류,15.1,상,오전(06-12),0,1,0,1,0
2026-12-19,토,12,경부선,277.9,시멘트,15.2,하,오후(12-18),0,1,0,1,0
2026-03-03,화,3,태백선,146.7,시멘트,6.3,하,오전(06-12),0,0,0,0,1
2026-05-27,수,5,충북선,194.5,시멘트,23.5,상,야간(18-24),0,0,0,0,0
2026-08-17,월,8,중앙선,191.6,석탄,13.7,상,오전(06-12),0,0,1,0,0
2026-03-13,금,3,경부선,279.9,철강,12.7,상,오전(06-12),0,0,0,0,0
2026-04-30,목,4,경부선,355.2,컨테이너,10.8,상,새벽(00-06),0,0,0,0,0
2026-05-25,월,5,장항선,214.1,철강,17.6,상,야간(18-24),1,0,0,0,0
2026-08-23,일,8,중앙선,162.3,컨테이너,14.3,상,오후(12-18),1,0,1,0,0
2026-04-23,목,4,경부선,321.8,컨테이너,23.3,하,새벽(00-06),0,1,0,0,0
2026-05-31,일,5,중앙선,231.5,컨테이너,4.7,하,새벽(00-06),0,0,0,0,1
2026-04-16,목,4,경부선,324.8,컨테이너,2.7,하,새벽(00-06),0,0,0,0,0
2026-10-05,월,10,경부선,250.3,컨테이너,7.6,하,오전(06-12),0,0,0,0,0
2026-02-25,수,2,경부선,337.9,컨테이너,15.3,하,새벽(00-06),1,0,0,1,0
2026-03-26,목,3,충북선,136.8,컨테이너,9.4,하,야간(18-24),0,0,0,0,0
2026-04-02,목,4,경부선,269.4,컨테이너,19.6,하,오전(06-12),0,0,0,0,0
2026-11-27,금,11,중앙선,132.8,컨테이너,9.6,하,야간(18-24),0,0,0,0,0
2026-12-11,금,12,중앙선,235.0,시멘트,18.5,상,새벽(00-06),1,0,0,1,0
2026-07-02,목,7,중앙선,164.1,유류,7.0,하,오전(06-12),0,1,1,0,0
2026-02-27,금,2,경부선,333.5,시멘트,19.1,상,야간(18-24),1,0,0,1,0
2026-10-03,토,10,경부선,343.4,컨테이너,20.2,상,새벽(00-06),0,1,0,0,0
2026-06-29,월,6,경부선,326.7,시멘트,8.6,상,야간(18-24),0,0,1,0,0
2026-11-07,토,11,중앙선,203.7,시멘트,14.9,상,새벽(00-06),0,1,0,0,0
2026-05-12,화,5,전라선,240.8,컨테이너,13.6,상,오전(06-12),0,0,0,0,0
2026-12-31,목,12,경부선,325.7,시멘트,15.1,하,야간(18-24),0,0,0,1,0
2026-10-22,목,10,장항선,164.4,컨테이너,19.7,하,새벽(00-06),0,0,0,0,0
2026-03-23,월,3,전라선,203.9,시멘트,17.8,하,새벽(00-06),0,0,0,0,0
2026-09-22,화,9,경부선,316.0,석탄,15.1,상,새벽(00-06),0,0,0,0,0
2026-04-15,수,4,경부선,315.2,시멘트,16.0,상,새벽(00-06),0,1,0,0,0
2026-05-08,금,5,경부선,337.4,컨테이너,4.4,하,오전(06-12),0,1,0,0,0
2026-04-02,목,4,경부선,364.3,컨테이너,11.8,하,오후(12-18),1,1,0,0,0
2026-09-07,월,9,충북선,169.9,유류,5.4,상,새벽(00-06),0,1,0,0,1
2026-04-06,월,4,경부선,287.8,석탄,11.9,상,오후(12-18),0,0,0,0,0
2026-08-22,토,8,장항선,136.0,석탄,18.7,상,오후(12-18),0,0,1,0,0
2026-08-01,토,8,중앙선,166.4,광석,12.0,하,야간(18-24),0,0,1,0,0
2026-10-02,금,10,전라선,189.1,시멘트,1.0,상,야간(18-24),0,0,0,0,0
2026-12-29,화,12,장항선,165.0,컨테이너,5.7,하,야간(18-24),0,0,0,1,0
2026-01-04,일,1,충북선,167.4,철강,15.5,하,새벽(00-06),0,0,0,1,1
2026-12-28,월,12,호남선,210.3,컨테이너,8.8,상,새벽(00-06),1,0,0,1,0
2026-02-09,월,2,영동선,137.7,석탄,16.7,하,오후(12-18),1,1,0,1,0
2026-07-12,일,7,중앙선,210.2,시멘트,4.8,하,새벽(00-06),0,0,1,0,1
2026-05-05,화,5,경부선,396.6,컨테이너,14.3,하,새벽(00-06),0,0,0,0,0
2026-08-22,토,8,중앙선,218.3,컨테이너,14.6,하,야간(18-24),0,0,1,0,0
2026-09-21,월,9,경부선,363.6,시멘트,16.7,상,오전(06-12),0,0,0,0,0
2026-11-10,화,11,충북선,152.3,시멘트,8.1,상,오전(06-12),0,0,0,0,0
2026-05-27,수,5,중앙선,155.7,컨테이너,16.7,하,오전(06-12),0,0,0,0,0
2026-12-07,월,12,중앙선,177.6,컨테이너,21.0,상,새벽(00-06),0,1,0,1,1
2026-04-28,화,4,장항선,179.4,시멘트,1.0,하,새벽(00-06),0,0,0,0,0
2026-03-16,월,3,경부선,295.1,철강,12.3,하,야간(18-24),0,0,0,0,0
2026-05-19,화,5,충북선,136.3,철강,1.2,상,새벽(00-06),0,0,0,0,0
2026-07-12,일,7,중앙선,207.9,석탄,6.8,상,오전(06-12),0,1,1,0,0
2026-09-01,화,9,장항선,159.5,시멘트,7.3,하,새벽(00-06),0,0,0,0,0
2026-10-31,토,10,충북선,123.0,시멘트,11.6,상,새벽(00-06),0,1,0,0,0
2026-03-24,화,3,경부선,275.3,컨테이너,14.3,상,새벽(00-06),0,0,0,0,0
2026-04-21,화,4,전라선,222.4,컨테이너,17.4,상,새벽(00-06),0,0,0,0,0
2026-12-09,수,12,경부선,280.6,컨테이너,13.6,상,오후(12-18),0,0,0,1,0
2026-06-10,수,6,전라선,222.6,유류,16.0,상,새벽(00-06),0,0,1,0,0
2026-03-30,월,3,충북선,176.3,시멘트,5.5,상,오전(06-12),0,0,0,0,0
2026-12-26,토,12,중앙선,213.4,컨테이너,18.3,하,오후(12-18),0,0,0,1,0
2026-06-13,토,6,전라선,209.6,시멘트,1.0,하,오전(06-12),0,0,1,0,0
2026-12-26,토,12,태백선,109.4,컨테이너,21.2,하,새벽(00-06),0,0,0,1,0
2026-12-02,수,12,장항선,168.1,시멘트,20.1,상,새벽(00-06),0,0,0,1,0
2026-11-27,금,11,충북선,177.7,석탄,16.5,하,새벽(00-06),0,0,0,0,0
2026-08-01,토,8,전라선,256.1,철강,25.0,상,새벽(00-06),0,0,1,0,0
2026-10-19,월,10,중앙선,205.7,석탄,1.2,상,오전(06-12),0,1,0,0,1
2026-12-17,목,12,장항선,203.6,광석,16.7,상,오전(06-12),0,0,0,1,0
2026-04-09,목,4,태백선,170.1,컨테이너,12.8,하,새벽(00-06),0,0,0,0,0
2026-01-14,수,1,경부선,300.9,석탄,13.5,하,새벽(00-06),0,1,0,1,0
2026-04-28,화,4,경부선,379.7,유류,5.0,상,오후(12-18),0,1,0,0,0
2026-08-21,금,8,경부선,309.8,컨테이너,14.4,상,새벽(00-06),0,0,1,0,1
2026-07-19,일,7,경부선,361.0,철강,14.1,상,오전(06-12),0,0,1,0,0
2026-01-30,금,1,중앙선,218.1,광석,7.9,하,야간(18-24),0,1,0,1,0
2026-07-24,금,7,경부선,241.1,석탄,11.6,하,야간(18-24),0,0,1,0,0
2026-03-05,목,3,충북선,137.1,컨테이너,4.1,하,오전(06-12),1,0,0,0,0
2026-07-04,토,7,경부선,271.3,컨테이너,9.6,상,오전(06-12),0,1,1,0,0
2026-07-30,목,7,경부선,248.9,석탄,17.8,하,야간(18-24),0,1,1,0,0
2026-08-21,금,8,전라선,255.8,유류,17.9,상,오후(12-18),0,0,1,0,1
2026-05-31,일,5,중앙선,265.7,컨테이너,16.6,상,오후(12-18),0,0,0,0,0
2026-05-30,토,5,중앙선,184.3,컨테이너,17.8,하,오후(12-18),0,0,0,0,0
2026-09-05,토,9,장항선,196.7,컨테이너,17.8,하,야간(18-24),0,0,0,0,1
2026-10-01,목,10,영동선,132.1,시멘트,8.1,상,새벽(00-06),0,1,0,0,1
2026-10-22,목,10,충북선,166.5,철강,14.0,하,오후(12-18),0,1,0,0,0
2026-05-02,토,5,경부선,319.2,시멘트,18.5,하,오전(06-12),0,0,0,0,0
2026-06-04,목,6,경부선,310.4,시멘트,3.7,상,오전(06-12),0,0,1,0,0
2026-05-01,금,5,영동선,117.9,시멘트,3.7,하,새벽(00-06),0,0,0,0,0
2026-07-12,일,7,전라선,255.6,시멘트,3.4,상,야간(18-24),1,0,1,0,0
2026-02-16,월,2,장항선,188.8,석탄,1.3,상,새벽(00-06),1,1,0,1,0
2026-06-06,토,6,전라선,242.2,컨테이너,5.7,상,오후(12-18),0,0,1,0,0
2026-03-10,화,3,경부선,318.2,컨테이너,8.8,하,야간(18-24),0,0,0,0,0
2026-07-14,화,7,중앙선,137.5,유류,21.1,하,새벽(00-06),0,0,1,0,0
2026-11-07,토,11,장항선,197.6,시멘트,9.4,상,오전(06-12),0,0,0,0,0
2026-12-26,토,12,태백선,109.8,컨테이너,2.9,상,오전(06-12),1,0,0,1,1
2026-06-12,금,6,경부선,345.0,시멘트,13.0,하,오전(06-12),0,1,1,0,0
2026-01-21,수,1,충북선,180.2,석탄,10.9,하,새벽(00-06),0,1,0,1,0
2026-03-25,수,3,경부선,274.6,컨테이너,7.3,상,오후(12-18),0,1,0,0,0
2026-02-08,일,2,호남선,193.0,시멘트,8.5,상,오후(12-18),0,0,0,1,0
2026-10-05,월,10,경부선,405.1,컨테이너,18.4,하,새벽(00-06),0,0,0,0,0
2026-12-26,토,12,전라선,227.0,유류,3.5,상,오전(06-12),0,1,0,1,0
2026-07-22,수,7,경부선,271.4,시멘트,2.0,하,오전(06-12),0,0,1,0,0
2026-03-06,금,3,충북선,181.3,유류,14.8,상,오전(06-12),1,0,0,0,0
2026-01-08,목,1,전라선,206.2,철강,8.3,상,야간(18-24),0,1,0,1,1
2026-12-23,수,12,중앙선,126.1,유류,21.3,상,오전(06-12),0,1,0,1,0
2026-04-26,일,4,태백선,145.9,시멘트,11.1,상,새벽(00-06),0,0,0,0,0
2026-02-10,화,2,부산신항선,7.9,컨테이너,11.4,하,오전(06-12),0,1,0,1,0
2026-03-06,금,3,태백선,141.9,광석,16.7,하,오후(12-18),0,0,0,0,0
2026-04-04,토,4,중앙선,164.9,유류,2.0,상,오전(06-12),0,1,0,0,0
2026-08-28,금,8,전라선,250.6,유류,14.0,하,새벽(00-06),0,0,1,0,0
2026-11-22,일,11,충북선,165.9,기타,9.8,하,새벽(00-06),0,1,0,0,0
2026-04-11,토,4,충북선,96.6,시멘트,18.2,상,야간(18-24),0,0,0,0,0
2026-09-08,화,9,중앙선,206.7,시멘트,8.1,상,새벽(00-06),0,0,0,0,0
2026-01-24,토,1,충북선,154.1,철강,13.1,하,새벽(00-06),0,0,0,1,0
2026-01-04,일,1,경부선,376.9,컨테이너,9.8,하,야간(18-24),0,0,0,1,1
2026-01-21,수,1,중앙선,207.1,철강,14.5,상,오후(12-18),0,0,0,1,0
2026-12-03,목,12,경부선,350.4,유류,10.5,하,새벽(00-06),0,0,0,1,0
2026-08-01,토,8,경부선,291.8,시멘트,13.6,하,새벽(00-06),0,0,1,0,0
2026-10-21,수,10,경부선,288.6,시멘트,22.5,하,오전(06-12),0,0,0,0,0
2026-01-08,목,1,경부선,319.2,석탄,10.3,하,오후(12-18),0,1,0,1,0
2026-01-09,금,1,장항선,172.4,광석,14.4,상,새벽(00-06),0,0,0,1,0
2026-11-06,금,11,충북선,194.8,컨테이너,25.0,하,오후(12-18),0,0,0,0,0
2026-02-07,토,2,경부선,314.1,컨테이너,14.3,상,새벽(00-06),0,0,0,1,0
2026-02-26,목,2,장항선,155.1,석탄,1.0,하,새벽(00-06),0,0,0,1,1
2026-07-09,목,7,부산신항선,8.1,유류,8.0,하,오후(12-18),0,1,1,0,0
2026-08-10,월,8,부산신항선,13.5,석탄,4.8,상,오후(12-18),1,1,1,0,1
2026-03-25,수,3,태백선,132.2,시멘트,17.5,상,오후(12-18),0,0,0,0,1
2026-06-12,금,6,영동선,106.5,컨테이너,11.4,상,새벽(00-06),0,0,1,0,1
2026-09-04,금,9,충북선,187.8,시멘트,18.4,상,오전(06-12),0,0,0,0,0
2026-06-11,목,6,영동선,96.1,광석,15.7,상,새벽(00-06),0,0,1,0,0
2026-05-20,수,5,호남선,152.3,시멘트,15.6,상,새벽(00-06),1,0,0,0,1
2026-01-27,화,1,중앙선,163.4,시멘트,4.7,하,오전(06-12),0,0,0,1,0
2026-06-14,일,6,태백선,140.3,시멘트,15.0,상,오전(06-12),0,0,1,0,1
2026-10-21,수,10,장항선,174.6,시멘트,20.2,상,야간(18-24),0,0,0,0,0
2026-08-17,월,8,장항선,148.4,시멘트,3.3,하,야간(18-24),0,0,1,0,0
2026-11-22,일,11,부산신항선,13.6,철강,10.1,상,오후(12-18),0,0,0,0,0
2026-02-16,월,2,중앙선,199.0,시멘트,14.1,상,야간(18-24),0,0,0,1,0
2026-01-05,월,1,중앙선,206.9,시멘트,12.6,상,새벽(00-06),1,1,0,1,0
2026-07-20,월,7,충북선,171.8,시멘트,20.6,상,야간(18-24),0,0,1,0,0
2026-03-07,토,3,전라선,190.4,유류,16.4,상,새벽(00-06),0,0,0,0,0
2026-08-05,수,8,부산신항선,11.5,컨테이너,14.4,상,오전(06-12),1,0,1,0,0
2026-11-26,목,11,부산신항선,13.3,컨테이너,16.9,하,새벽(00-06),0,0,0,0,1
2026-05-04,월,5,전라선,263.6,시멘트,16.6,상,오전(06-12),0,0,0,0,0
2026-07-20,월,7,호남선,226.2,기타,12.2,하,오후(12-18),0,0,1,0,0
2026-09-06,일,9,경부선,340.7,석탄,9.9,상,새벽(00-06),0,0,0,0,1
2026-02-24,화,2,호남선,164.8,석탄,17.9,상,야간(18-24),0,0,0,1,0
2026-11-24,화,11,경부선,319.6,시멘트,7.5,하,야간(18-24),0,0,0,0,0
2026-03-16,월,3,충북선,137.4,컨테이너,11.6,상,오후(12-18),0,0,0,0,1
2026-10-23,금,10,경부선,371.5,기타,5.1,하,새벽(00-06),0,0,0,0,0
2026-08-29,토,8,충북선,189.6,시멘트,16.4,상,오후(12-18),0,0,1,0,1
2026-02-21,토,2,중앙선,160.0,철강,19.4,상,새벽(00-06),0,1,0,1,0
2026-09-22,화,9,경부선,318.4,유류,6.4,하,새벽(00-06),0,0,0,0,1
2026-03-13,금,3,전라선,236.9,석탄,11.1,상,새벽(00-06),0,0,0,0,0
2026-08-07,금,8,전라선,256.4,컨테이너,9.1,하,오전(06-12),0,1,1,0,1
2026-12-17,목,12,경부선,253.2,컨테이너,18.5,하,새벽(00-06),0,0,0,1,0
2026-12-14,월,12,전라선,163.1,컨테이너,20.5,상,오전(06-12),0,1,0,1,0
2026-11-15,일,11,경부선,321.7,기타,9.1,하,오전(06-12),0,0,0,0,1
2026-06-30,화,6,경부선,218.9,유류,1.0,상,야간(18-24),0,1,1,0,0
2026-07-24,금,7,경부선,326.5,시멘트,18.9,하,야간(18-24),0,0,1,0,0
2026-04-20,월,4,충북선,176.1,광석,12.3,하,야간(18-24),0,0,0,0,0
2026-12-03,목,12,장항선,204.3,컨테이너,12.3,상,새벽(00-06),0,0,0,1,0
2026-06-24,수,6,충북선,145.7,컨테이너,17.8,하,야간(18-24),0,0,1,0,0
2026-10-09,금,10,장항선,182.8,컨테이너,9.8,상,오후(12-18),1,1,0,0,1
2026-05-12,화,5,충북선,177.6,유류,8.2,하,새벽(00-06),0,0,0,0,0
2026-09-28,월,9,장항선,156.1,컨테이너,9.9,상,오전(06-12),1,1,0,0,0
2026-03-23,월,3,영동선,123.5,컨테이너,14.9,상,오전(06-12),0,0,0,0,1
2026-09-25,금,9,중앙선,202.9,컨테이너,17.3,상,오전(06-12),0,1,0,0,0
2026-01-17,토,1,경부선,296.0,시멘트,21.8,하,야간(18-24),1,0,0,1,1
2026-02-08,일,2,경부선,325.9,시멘트,14.4,하,오전(06-12),0,0,0,1,0
2026-05-09,토,5,충북선,157.8,컨테이너,11.1,하,새벽(00-06),0,1,0,0,0
2026-06-25,목,6,충북선,180.8,철강,17.3,상,오후(12-18),0,0,1,0,0
2026-09-17,목,9,경부선,305.8,기타,6.2,상,야간(18-24),0,1,0,0,0
2026-05-12,화,5,부산신항선,11.3,컨테이너,20.5,하,오후(12-18),0,1,0,0,0
2026-01-07,수,1,호남선,192.7,광석,13.3,상,오전(06-12),0,1,0,1,0
2026-04-29,수,4,경부선,282.7,유류,10.6,하,야간(18-24),1,1,0,0,0
2026-06-10,수,6,경부선,327.1,유류,6.2,상,새벽(00-06),0,0,1,0,0
2026-07-18,토,7,경부선,284.3,컨테이너,15.8,하,오후(12-18),0,0,1,0,1
2026-08-24,월,8,중앙선,221.3,유류,10.3,하,야간(18-24),0,1,1,0,0
2026-04-01,수,4,태백선,147.3,시멘트,11.4,상,야간(18-24),0,0,0,0,0
2026-08-11,화,8,충북선,142.2,컨테이너,2.0,상,새벽(00-06),0,0,1,0,1
2026-08-19,수,8,경부선,328.8,철강,9.4,상,야간(18-24),0,0,1,0,0
2026-10-11,일,10,중앙선,166.4,컨테이너,8.6,상,새벽(00-06),0,0,0,0,1
2026-07-10,금,7,경부선,256.0,철강,14.5,하,오전(06-12),1,1,1,0,1
2026-10-23,금,10,중앙선,172.4,석탄,10.4,하,오후(12-18),0,1,0,0,0
2026-03-22,일,3,중앙선,191.5,시멘트,1.0,상,새벽(00-06),0,0,0,0,0
2026-09-17,목,9,전라선,245.0,컨테이너,9.5,하,새벽(00-06),0,0,0,0,0
2026-01-17,토,1,충북선,165.0,유류,3.3,하,오전(06-12),0,1,0,1,0
2026-02-07,토,2,부산신항선,13.3,컨테이너,5.7,상,새벽(00-06),1,0,0,1,1
2026-11-12,목,11,경부선,281.0,유류,18.0,상,오전(06-12),0,1,0,0,0
2026-06-23,화,6,장항선,172.1,석탄,1.9,상,오후(12-18),0,0,1,0,0
2026-08-15,토,8,경부선,386.0,컨테이너,13.8,상,오후(12-18),0,1,1,0,1
2026-08-09,일,8,중앙선,125.7,시멘트,9.0,상,야간(18-24),0,0,1,0,1
2026-09-11,금,9,부산신항선,9.2,기타,7.8,상,야간(18-24),0,0,0,0,1
2026-03-31,화,3,전라선,197.3,광석,6.1,상,야간(18-24),0,1,0,0,0
2026-03-07,토,3,경부선,312.4,컨테이너,13.9,하,오전(06-12),1,0,0,0,0
2026-01-16,금,1,중앙선,178.1,컨테이너,14.6,상,새벽(00-06),0,0,0,1,1
2026-11-12,목,11,전라선,247.5,컨테이너,1.6,상,오후(12-18),0,0,0,0,0
2026-03-23,월,3,호남선,214.6,철강,18.9,하,야간(18-24),0,0,0,0,0
2026-07-29,수,7,충북선,128.7,컨테이너,4.9,하,야간(18-24),0,1,1,0,0
2026-06-16,화,6,경부선,296.7,컨테이너,14.3,하,오후(12-18),0,0,1,0,0
2026-03-01,일,3,중앙선,193.3,시멘트,4.9,상,야간(18-24),0,1,0,0,0
2026-06-01,월,6,경부선,349.8,기타,9.2,하,오전(06-12),0,0,1,0,1
2026-01-31,토,1,경부선,417.5,컨테이너,4.3,하,오전(06-12),0,0,0,1,0
2026-03-06,금,3,충북선,178.9,철강,8.8,상,새벽(00-06),0,0,0,0,0
2026-02-20,금,2,장항선,159.4,컨테이너,10.8,상,오후(12-18),0,0,0,1,0
2026-10-28,수,10,경부선,316.4,석탄,5.1,상,오전(06-12),0,0,0,0,0
2026-07-27,월,7,장항선,183.2,시멘트,13.9,하,새벽(00-06),0,0,1,0,1
2026-12-04,금,12,전라선,213.8,광석,14.7,하,새벽(00-06),1,1,0,1,0
2026-06-09,화,6,장항선,189.0,철강,25.0,상,오전(06-12),0,0,1,0,0
2026-03-15,일,3,경부선,229.3,컨테이너,17.6,상,오전(06-12),1,1,0,0,0
2026-08-11,화,8,중앙선,212.7,시멘트,19.1,하,야간(18-24),0,0,1,0,0
2026-12-06,일,12,경부선,301.1,컨테이너,1.4,하,야간(18-24),0,0,0,1,0
2026-07-14,화,7,경부선,315.8,컨테이너,1.0,상,오전(06-12),0,0,1,0,0
2026-01-07,수,1,중앙선,244.6,기타,10.2,하,오전(06-12),0,0,0,1,0
2026-04-21,화,4,중앙선,149.1,시멘트,22.7,상,새벽(00-06),0,0,0,0,0
2026-12-04,금,12,경부선,331.1,유류,25.0,하,오전(06-12),0,1,0,1,1
2026-07-09,목,7,경부선,352.0,컨테이너,7.9,하,오후(12-18),0,0,1,0,0
2026-12-14,월,12,부산신항선,11.1,유류,8.5,하,오후(12-18),0,0,0,1,0
2026-07-05,일,7,장항선,147.3,유류,15.3,하,새벽(00-06),0,0,1,0,0
2026-01-05,월,1,중앙선,240.6,석탄,10.8,상,오후(12-18),0,0,0,1,1
2026-11-15,일,11,호남선,202.9,컨테이너,11.0,상,야간(18-24),0,1,0,0,0
2026-10-06,화,10,경부선,299.1,유류,15.8,상,새벽(00-06),0,0,0,0,0
2026-09-19,토,9,중앙선,182.4,광석,25.0,상,야간(18-24),0,1,0,0,0
2026-12-21,월,12,태백선,127.9,컨테이너,19.8,하,새벽(00-06),0,0,0,1,1
2026-03-13,금,3,중앙선,151.6,광석,23.2,하,오전(06-12),1,0,0,0,0
2026-11-27,금,11,경부선,326.8,유류,1.0,하,오전(06-12),0,0,0,0,0
2026-03-26,목,3,중앙선,172.4,컨테이너,18.4,하,새벽(00-06),0,0,0,0,0
2026-12-21,월,12,중앙선,216.8,시멘트,6.3,하,새벽(00-06),0,0,0,1,0
2026-03-11,수,3,충북선,174.2,컨테이너,22.1,하,새벽(00-06),0,1,0,0,0
2026-07-20,월,7,중앙선,250.2,시멘트,20.1,상,새벽(00-06),0,0,1,0,1
2026-10-16,금,10,중앙선,185.9,유류,15.6,상,오후(12-18),0,1,0,0,0
2026-01-29,목,1,경부선,288.1,유류,7.5,하,새벽(00-06),0,0,0,1,0
2026-01-25,일,1,충북선,124.6,컨테이너,9.1,하,새벽(00-06),0,1,0,1,1
2026-11-07,토,11,경부선,407.9,시멘트,9.6,상,오후(12-18),1,1,0,0,0
2026-01-23,금,1,태백선,148.7,시멘트,16.6,하,오후(12-18),0,0,0,1,0
2026-08-13,목,8,장항선,165.8,시멘트,14.4,상,오후(12-18),0,0,1,0,0
2026-12-09,수,12,중앙선,252.6,철강,20.5,상,오전(06-12),0,0,0,1,1
2026-08-13,목,8,장항선,206.7,석탄,21.7,하,야간(18-24),0,1,1,0,0
2026-06-25,목,6,경부선,266.1,컨테이너,6.9,상,새벽(00-06),0,0,1,0,0
2026-06-02,화,6,중앙선,166.9,시멘트,14.9,상,야간(18-24),0,0,1,0,0
2026-08-21,금,8,중앙선,188.7,유류,14.8,하,오전(06-12),0,0,1,0,0
2026-07-28,화,7,중앙선,155.8,컨테이너,11.4,상,야간(18-24),0,1,1,0,0
2026-07-03,금,7,장항선,177.7,시멘트,17.7,상,새벽(00-06),0,0,1,0,0
2026-02-26,목,2,영동선,120.5,기타,14.9,하,야간(18-24),0,0,0,1,0
2026-08-30,일,8,중앙선,145.2,유류,8.6,하,야간(18-24),0,0,1,0,0
2026-09-28,월,9,중앙선,203.6,석탄,11.1,상,새벽(00-06),0,0,0,0,0
2026-09-16,수,9,충북선,190.5,컨테이너,9.9,상,오전(06-12),0,0,0,0,0
2026-01-28,수,1,경부선,336.2,석탄,7.6,하,새벽(00-06),1,0,0,1,0
2026-09-14,월,9,경부선,317.2,석탄,11.5,하,새벽(00-06),0,0,0,0,0
2026-09-24,목,9,영동선,99.8,시멘트,4.2,상,오전(06-12),1,0,0,0,0
2026-03-08,일,3,장항선,196.2,컨테이너,14.8,상,오전(06-12),0,0,0,0,1
2026-11-06,금,11,호남선,178.8,시멘트,20.4,하,오전(06-12),0,1,0,0,0
2026-07-11,토,7,경부선,329.9,시멘트,12.3,상,오전(06-12),0,1,1,0,0
2026-06-22,월,6,경부선,321.2,기타,17.7,상,오전(06-12),0,0,1,0,0
2026-09-21,월,9,중앙선,232.7,철강,12.9,하,새벽(00-06),0,0,0,0,0
2026-07-06,월,7,호남선,193.6,컨테이너,5.9,하,새벽(00-06),0,0,1,0,0
2026-07-18,토,7,경부선,300.3,컨테이너,24.0,상,오전(06-12),1,0,1,0,0
2026-04-24,금,4,경부선,270.5,시멘트,1.0,상,새벽(00-06),0,1,0,0,0
2026-12-05,토,12,경부선,337.7,시멘트,12.1,하,야간(18-24),0,1,0,1,0
2026-12-20,일,12,장항선,171.1,컨테이너,7.4,하,오후(12-18),0,0,0,1,1
2026-02-17,화,2,장항선,162.4,광석,21.5,하,야간(18-24),0,0,0,1,0
2026-09-25,금,9,전라선,206.4,광석,13.3,하,오전(06-12),0,0,0,0,0
2026-01-09,금,1,경부선,341.7,광석,25.0,하,새벽(00-06),1,0,0,1,0
2026-05-15,금,5,전라선,196.3,시멘트,12.2,상,새벽(00-06),0,1,0,0,0
2026-12-21,월,12,중앙선,157.8,유류,7.4,하,오전(06-12),0,1,0,1,0
2026-03-05,목,3,경부선,356.1,석탄,1.7,하,야간(18-24),0,1,0,0,0
2026-05-18,월,5,중앙선,187.5,시멘트,18.6,하,오후(12-18),0,1,0,0,0
2026-03-22,일,3,충북선,185.2,컨테이너,7.0,상,야간(18-24),0,0,0,0,1
2026-09-23,수,9,중앙선,180.7,컨테이너,9.5,하,야간(18-24),0,0,0,0,0
2026-06-19,금,6,영동선,109.8,컨테이너,19.4,상,오전(06-12),0,0,1,0,1
2026-08-05,수,8,중앙선,198.8,광석,18.3,하,오전(06-12),0,1,1,0,1
2026-12-11,금,12,중앙선,241.9,석탄,8.3,상,새벽(00-06),0,0,0,1,0
2026-07-10,금,7,전라선,268.6,기타,9.3,하,오후(12-18),0,1,1,0,0
2026-09-25,금,9,전라선,264.0,시멘트,1.5,하,오후(12-18),0,1,0,0,0
2026-02-05,목,2,경부선,295.0,컨테이너,1.0,하,새벽(00-06),0,1,0,1,0
2026-03-20,금,3,충북선,136.6,시멘트,16.6,하,야간(18-24),0,0,0,0,0
2026-12-12,토,12,경부선,350.6,컨테이너,17.2,상,야간(18-24),0,0,0,1,0
2026-11-10,화,11,중앙선,241.5,광석,14.1,하,야간(18-24),0,0,0,0,0
2026-08-28,금,8,전라선,264.3,컨테이너,13.1,하,새벽(00-06),0,0,1,0,0
2026-05-19,화,5,충북선,161.6,컨테이너,7.8,상,야간(18-24),0,0,0,0,0
2026-03-14,토,3,중앙선,218.8,시멘트,20.8,상,오후(12-18),0,1,0,0,0
2026-11-07,토,11,경부선,350.0,철강,1.3,상,새벽(00-06),0,0,0,0,0
2026-10-14,수,10,충북선,165.0,시멘트,9.2,상,새벽(00-06),0,0,0,0,1
2026-03-30,월,3,중앙선,200.0,컨테이너,13.0,상,새벽(00-06),0,1,0,0,0
2026-08-04,화,8,부산신항선,10.9,철강,12.0,하,새벽(00-06),0,0,1,0,0
2026-08-14,금,8,충북선,141.6,컨테이너,12.0,하,오후(12-18),0,0,1,0,0
2026-06-24,수,6,태백선,121.8,시멘트,8.9,하,야간(18-24),0,0,1,0,1
2026-12-05,토,12,중앙선,168.7,석탄,15.2,상,야간(18-24),0,0,0,1,0
2026-02-15,일,2,태백선,103.5,컨테이너,4.7,하,새벽(00-06),0,1,0,1,0
2026-04-05,일,4,경부선,325.9,시멘트,11.1,상,오후(12-18),0,0,0,0,0
2026-02-04,수,2,중앙선,191.9,컨테이너,14.6,상,새벽(00-06),0,0,0,1,0
2026-09-10,목,9,경부선,350.7,컨테이너,10.0,하,새벽(00-06),0,0,0,0,0
2026-08-24,월,8,경부선,370.6,석탄,12.0,상,야간(18-24),0,0,1,0,0
2026-12-27,일,12,부산신항선,14.6,컨테이너,13.3,상,야간(18-24),0,1,0,1,0
2026-07-17,금,7,전라선,272.0,컨테이너,1.4,하,야간(18-24),0,1,1,0,0
2026-02-24,화,2,충북선,142.4,석탄,2.0,상,오전(06-12),0,0,0,1,0
2026-06-14,일,6,충북선,125.5,철강,12.8,상,오후(12-18),0,1,1,0,0
2026-02-02,월,2,충북선,184.6,유류,8.3,상,오전(06-12),0,0,0,1,0
2026-09-02,수,9,충북선,195.9,유류,8.7,하,오후(12-18),0,0,0,0,1
2026-09-04,금,9,태백선,166.6,시멘트,15.4,상,새벽(00-06),0,0,0,0,0
2026-11-10,화,11,충북선,173.4,시멘트,6.1,상,새벽(00-06),0,0,0,0,0
2026-05-05,화,5,장항선,139.7,시멘트,1.0,상,야간(18-24),0,0,0,0,1
2026-04-24,금,4,경부선,334.8,철강,21.9,하,오전(06-12),0,0,0,0,0
2026-01-27,화,1,영동선,118.1,시멘트,19.3,상,야간(18-24),0,1,0,1,0
2026-06-01,월,6,경부선,370.3,기타,19.2,하,새벽(00-06),0,1,1,0,1
2026-06-23,화,6,중앙선,243.3,석탄,5.3,상,야간(18-24),0,1,1,0,0
2026-10-03,토,10,부산신항선,13.3,컨테이너,11.5,하,야간(18-24),0,1,0,0,0
2026-10-03,토,10,경부선,296.7,철강,4.4,상,새벽(00-06),1,0,0,0,0
2026-02-21,토,2,경부선,279.0,컨테이너,11.6,하,오전(06-12),0,0,0,1,0
2026-04-15,수,4,중앙선,212.0,광석,9.9,상,야간(18-24),0,0,0,0,0
2026-07-06,월,7,중앙선,165.6,시멘트,5.5,상,새벽(00-06),0,0,1,0,0
2026-05-03,일,5,호남선,245.1,석탄,15.0,상,오전(06-12),0,0,0,0,0
2026-01-10,토,1,태백선,101.4,석탄,10.4,상,새벽(00-06),0,0,0,1,0
2026-11-05,목,11,중앙선,213.1,컨테이너,22.3,하,새벽(00-06),0,0,0,0,1
2026-09-24,목,9,영동선,114.6,철강,12.5,상,새벽(00-06),0,1,0,0,0
2026-07-09,목,7,충북선,156.1,컨테이너,1.0,상,새벽(00-06),0,0,1,0,0
2026-04-26,일,4,부산신항선,7.8,시멘트,1.1,상,새벽(00-06),1,0,0,0,1
2026-11-04,수,11,경부선,237.7,컨테이너,24.6,상,야간(18-24),1,0,0,0,1
2026-01-13,화,1,중앙선,174.7,유류,9.8,하,새벽(00-06),0,0,0,1,0
2026-06-12,금,6,경부선,299.6,유류,13.4,하,새벽(00-06),0,0,1,0,0
2026-10-20,화,10,경부선,364.7,컨테이너,12.1,하,야간(18-24),0,1,0,0,1
2026-12-14,월,12,전라선,205.9,유류,20.5,하,야간(18-24),0,1,0,1,0
2026-04-02,목,4,경부선,338.3,광석,1.0,하,오전(06-12),0,0,0,0,0
2026-08-26,수,8,충북선,129.0,컨테이너,20.0,하,오전(06-12),0,0,1,0,0
2026-03-11,수,3,전라선,243.8,기타,19.6,하,오전(06-12),0,1,0,0,1
2026-02-12,목,2,경부선,230.7,컨테이너,12.0,상,야간(18-24),1,1,0,1,0
2026-05-09,토,5,중앙선,266.6,유류,14.5,상,야간(18-24),0,0,0,0,0
2026-11-20,금,11,전라선,225.2,시멘트,9.8,하,새벽(00-06),0,0,0,0,0
2026-09-09,수,9,부산신항선,5.0,기타,1.9,상,오전(06-12),1,0,0,0,0
2026-06-28,일,6,중앙선,168.2,컨테이너,15.5,하,오후(12-18),1,1,1,0,0
2026-04-14,화,4,영동선,96.7,시멘트,13.5,하,야간(18-24),0,0,0,0,0
2026-02-21,토,2,태백선,122.4,유류,13.6,상,새벽(00-06),0,0,0,1,1
2026-04-09,목,4,전라선,218.5,철강,14.9,상,야간(18-24),0,1,0,0,0
2026-02-25,수,2,중앙선,170.1,시멘트,8.4,상,야간(18-24),0,0,0,1,1
2026-03-10,화,3,전라선,204.9,석탄,21.0,하,오전(06-12),0,1,0,0,0
2026-09-08,화,9,태백선,112.3,석탄,12.0,상,오전(06-12),1,0,0,0,1
2026-02-18,수,2,중앙선,222.1,컨테이너,15.3,상,오전(06-12),0,0,0,1,0
2026-01-18,일,1,영동선,127.8,컨테이너,10.4,상,야간(18-24),0,0,0,1,1
2026-07-17,금,7,부산신항선,9.8,컨테이너,18.3,하,오전(06-12),0,0,1,0,1
2026-04-15,수,4,중앙선,192.7,컨테이너,12.6,상,야간(18-24),0,1,0,0,0
2026-06-15,월,6,전라선,195.6,유류,11.5,상,야간(18-24),0,0,1,0,0
2026-02-21,토,2,충북선,163.1,시멘트,19.2,상,오후(12-18),0,0,0,1,1
2026-03-18,수,3,장항선,184.2,시멘트,1.7,상,새벽(00-06),0,0,0,0,1
2026-06-10,수,6,태백선,131.1,컨테이너,10.3,하,오전(06-12),1,1,1,0,0
2026-09-09,수,9,경부선,336.0,유류,8.3,상,새벽(00-06),0,0,0,0,0
2026-06-01,월,6,경부선,332.5,컨테이너,14.2,하,새벽(00-06),0,0,1,0,0
2026-07-17,금,7,중앙선,156.4,컨테이너,13.9,하,오후(12-18),0,0,1,0,0
2026-07-10,금,7,부산신항선,14.2,유류,11.9,상,오전(06-12),0,0,1,0,0
2026-04-09,목,4,중앙선,186.0,컨테이너,7.7,상,새벽(00-06),0,0,0,0,0
2026-04-13,월,4,부산신항선,15.6,철강,11.9,상,오후(12-18),0,0,0,0,0
2026-06-05,금,6,중앙선,208.0,시멘트,13.9,상,새벽(00-06),0,0,1,0,0
2026-01-12,월,1,경부선,399.0,철강,10.9,하,야간(18-24),1,0,0,1,1
2026-09-08,화,9,부산신항선,14.1,컨테이너,18.6,상,오후(12-18),1,0,0,0,1
2026-08-13,목,8,충북선,167.0,시멘트,15.7,상,새벽(00-06),0,0,1,0,0
2026-04-22,수,4,중앙선,168.0,시멘트,12.1,상,야간(18-24),1,0,0,0,1
2026-05-17,일,5,경부선,292.1,석탄,1.0,하,새벽(00-06),0,0,0,0,1
2026-04-30,목,4,경부선,341.5,유류,10.7,상,새벽(00-06),1,0,0,0,0
2026-08-26,수,8,경부선,325.9,컨테이너,15.8,하,오전(06-12),0,0,1,0,0
2026-10-05,월,10,중앙선,172.7,석탄,10.3,상,새벽(00-06),0,1,0,0,1
2026-02-09,월,2,충북선,182.1,컨테이너,13.8,상,야간(18-24),1,0,0,1,0
2026-05-31,일,5,중앙선,194.7,철강,10.7,상,야간(18-24),0,1,0,0,0
2026-01-06,화,1,경부선,353.8,광석,13.4,상,야간(18-24),0,1,0,1,0
2026-06-15,월,6,경부선,281.2,컨테이너,20.4,하,오전(06-12),1,1,1,0,0
2026-04-01,수,4,중앙선,228.3,컨테이너,16.7,하,새벽(00-06),0,0,0,0,1
2026-05-03,일,5,영동선,117.3,철강,4.2,하,오전(06-12),0,1,0,0,0
2026-06-16,화,6,중앙선,235.2,유류,2.1,상,새벽(00-06),0,0,1,0,0
2026-04-29,수,4,경부선,359.3,석탄,14.7,하,야간(18-24),1,0,0,0,0
2026-05-24,일,5,충북선,159.2,시멘트,19.0,상,새벽(00-06),0,0,0,0,1
2026-10-07,수,10,부산신항선,10.1,철강,2.0,상,새벽(00-06),0,0,0,0,0
2026-10-23,금,10,장항선,215.3,컨테이너,10.7,하,오후(12-18),0,0,0,0,0
2026-01-03,토,1,태백선,129.7,기타,25.0,상,오후(12-18),0,0,0,1,0
2026-05-18,월,5,호남선,226.9,유류,10.4,상,야간(18-24),0,0,0,0,0
2026-11-06,금,11,충북선,151.8,유류,25.0,상,야간(18-24),1,0,0,0,0
2026-07-13,월,7,영동선,81.9,유류,7.1,상,오전(06-12),0,0,1,0,0
2026-03-16,월,3,경부선,271.1,광석,8.1,상,야간(18-24),0,0,0,0,0
2026-08-05,수,8,태백선,143.6,컨테이너,7.8,하,야간(18-24),0,1,1,0,0
2026-02-22,일,2,태백선,149.5,광석,4.3,상,야간(18-24),0,0,0,1,1
2026-01-08,목,1,부산신항선,11.8,컨테이너,1.9,상,야간(18-24),0,1,0,1,0
2026-08-19,수,8,중앙선,233.4,시멘트,10.7,상,오후(12-18),0,0,1,0,0
2026-07-08,수,7,장항선,187.4,시멘트,12.9,상,새벽(00-06),0,1,1,0,0
2026-10-04,일,10,경부선,289.2,컨테이너,7.7,상,야간(18-24),1,0,0,0,1
2026-05-06,수,5,충북선,176.2,시멘트,9.1,상,오전(06-12),0,0,0,0,0
2026-11-08,일,11,중앙선,199.2,시멘트,20.7,하,야간(18-24),0,0,0,0,1
2026-06-03,수,6,충북선,146.9,컨테이너,17.8,상,오전(06-12),0,0,1,0,0
2026-09-27,일,9,전라선,243.6,시멘트,10.4,하,오전(06-12),0,0,0,0,0
2026-02-06,금,2,중앙선,196.1,시멘트,14.6,하,야간(18-24),0,0,0,1,1
2026-02-05,목,2,경부선,296.0,석탄,2.2,하,오전(06-12),0,1,0,1,0
2026-10-13,화,10,중앙선,187.1,시멘트,13.6,하,새벽(00-06),0,1,0,0,0
2026-11-01,일,11,전라선,271.8,철강,11.6,하,야간(18-24),0,0,0,0,0
2026-12-10,목,12,전라선,270.8,철강,9.8,하,새벽(00-06),0,0,0,1,0
2026-04-29,수,4,전라선,235.0,석탄,12.2,상,야간(18-24),0,0,0,0,0
2026-01-09,금,1,경부선,322.5,컨테이너,11.2,상,야간(18-24),0,0,0,1,0
2026-12-24,목,12,태백선,106.8,시멘트,4.1,상,오전(06-12),0,0,0,1,0
2026-08-08,토,8,전라선,281.0,시멘트,22.1,하,오후(12-18),0,0,1,0,0
2026-04-01,수,4,경부선,361.7,컨테이너,17.7,상,새벽(00-06),0,0,0,0,1
2026-10-06,화,10,중앙선,219.6,광석,9.7,상,야간(18-24),0,0,0,0,0
2026-11-26,목,11,중앙선,113.7,컨테이너,1.4,하,오전(06-12),1,0,0,0,1
2026-04-14,화,4,중앙선,194.7,기타,1.0,상,새벽(00-06),0,0,0,0,0
2026-10-08,목,10,경부선,315.1,컨테이너,24.0,하,야간(18-24),0,0,0,0,0
2026-10-15,목,10,경부선,347.5,철강,11.0,상,오전(06-12),0,0,0,0,0
2026-07-03,금,7,경부선,302.2,컨테이너,16.6,상,야간(18-24),0,0,1,0,0
2026-08-19,수,8,경부선,310.9,광석,6.3,하,오전(06-12),0,0,1,0,0
2026-04-09,목,4,경부선,345.0,유류,10.2,하,야간(18-24),0,1,0,0,0
2026-12-06,일,12,태백선,120.0,컨테이너,10.5,상,오후(12-18),0,1,0,1,0
2026-12-25,금,12,충북선,146.9,컨테이너,13.4,상,오후(12-18),0,0,0,1,0
2026-12-25,금,12,중앙선,200.1,시멘트,12.5,하,새벽(00-06),0,0,0,1,0
2026-09-27,일,9,전라선,269.6,컨테이너,6.5,하,오후(12-18),0,0,0,0,1
2026-01-16,금,1,충북선,181.5,컨테이너,6.4,하,오전(06-12),1,0,0,1,1
2026-05-14,목,5,경부선,363.2,기타,11.5,상,오후(12-18),1,0,0,0,0
2026-06-12,금,6,경부선,322.7,석탄,1.5,상,야간(18-24),0,0,1,0,0
2026-12-17,목,12,경부선,380.0,컨테이너,7.1,상,오후(12-18),1,0,0,1,0
2026-07-19,일,7,충북선,117.8,시멘트,11.1,하,오전(06-12),0,1,1,0,1
2026-07-15,수,7,중앙선,264.1,컨테이너,14.4,상,야간(18-24),0,0,1,0,0
2026-02-23,월,2,중앙선,268.6,철강,21.0,상,오후(12-18),0,0,0,1,0
2026-10-17,토,10,충북선,172.7,컨테이너,9.1,하,야간(18-24),1,0,0,0,0
2026-05-03,일,5,영동선,122.3,시멘트,12.2,상,야간(18-24),0,0,0,0,0
2026-02-03,화,2,중앙선,192.0,컨테이너,1.0,하,새벽(00-06),0,0,0,1,0
2026-12-27,일,12,충북선,156.1,기타,14.0,상,오전(06-12),0,0,0,1,0
2026-03-11,수,3,중앙선,171.9,컨테이너,6.5,하,새벽(00-06),0,1,0,0,0
2026-01-06,화,1,전라선,227.9,철강,10.2,하,오후(12-18),0,0,0,1,1
2026-01-29,목,1,전라선,246.1,시멘트,14.9,하,오전(06-12),0,0,0,1,0
2026-06-15,월,6,전라선,242.0,유류,15.1,상,오후(12-18),0,0,1,0,0
2026-02-07,토,2,경부선,399.7,컨테이너,3.3,상,새벽(00-06),0,1,0,1,0
2026-11-04,수,11,중앙선,196.8,유류,16.8,하,오후(12-18),0,0,0,0,0
2026-07-07,화,7,장항선,149.8,기타,11.8,하,새벽(00-06),0,1,1,0,0
2026-04-29,수,4,중앙선,250.9,컨테이너,19.6,상,오전(06-12),0,1,0,0,1
2026-01-02,금,1,영동선,91.5,컨테이너,20.8,상,오전(06-12),0,0,0,1,0
2026-06-25,목,6,중앙선,173.7,기타,21.6,하,오후(12-18),0,1,1,0,0
2026-02-25,수,2,중앙선,202.8,시멘트,3.5,하,오전(06-12),0,0,0,1,0
2026-12-23,수,12,중앙선,207.9,유류,14.4,상,오후(12-18),0,0,0,1,0
2026-04-17,금,4,중앙선,142.7,유류,2.5,상,새벽(00-06),0,0,0,0,0
2026-06-23,화,6,태백선,120.6,컨테이너,19.8,상,오후(12-18),0,0,1,0,1
2026-01-07,수,1,경부선,261.0,컨테이너,20.7,하,오전(06-12),1,0,0,1,0
2026-02-17,화,2,충북선,176.8,시멘트,17.9,상,새벽(00-06),0,0,0,1,0
2026-03-17,화,3,충북선,190.9,시멘트,9.5,상,야간(18-24),1,0,0,0,0
2026-01-19,월,1,태백선,111.1,시멘트,15.3,상,야간(18-24),0,0,0,1,0
2026-09-22,화,9,충북선,186.2,철강,8.7,하,새벽(00-06),0,0,0,0,0
2026-12-12,토,12,호남선,231.5,시멘트,12.1,상,새벽(00-06),0,0,0,1,0
2026-12-26,토,12,부산신항선,8.6,철강,11.4,상,야간(18-24),0,0,0,1,0
2026-04-08,수,4,중앙선,123.9,컨테이너,1.0,하,야간(18-24),0,0,0,0,0
2026-10-15,목,10,태백선,114.1,시멘트,7.1,상,오전(06-12),0,1,0,0,0
2026-07-03,금,7,호남선,193.3,컨테이너,25.0,상,야간(18-24),0,0,1,0,0
2026-01-17,토,1,경부선,381.9,컨테이너,11.5,하,새벽(00-06),0,0,0,1,0
2026-02-03,화,2,충북선,158.3,컨테이너,13.0,상,새벽(00-06),0,0,0,1,0
2026-07-19,일,7,경부선,279.9,광석,11.9,상,새벽(00-06),0,0,1,0,0
2026-06-04,목,6,전라선,233.8,시멘트,9.5,상,오후(12-18),0,0,1,0,0
2026-01-04,일,1,경부선,268.4,컨테이너,12.2,하,오후(12-18),0,1,0,1,0
2026-12-06,일,12,전라선,244.8,석탄,9.6,하,오후(12-18),1,1,0,1,0
2026-09-24,목,9,중앙선,159.1,석탄,1.0,하,새벽(00-06),0,1,0,0,0
2026-07-03,금,7,충북선,140.5,시멘트,16.7,상,새벽(00-06),0,0,1,0,0
2026-12-27,일,12,경부선,335.2,컨테이너,21.7,상,오전(06-12),0,0,0,1,0
2026-12-21,월,12,전라선,281.9,컨테이너,5.0,상,오전(06-12),0,0,0,1,0
2026-12-22,화,12,중앙선,270.2,컨테이너,9.5,상,오전(06-12),0,0,0,1,0
2026-04-05,일,4,충북선,135.3,시멘트,21.0,상,오후(12-18),0,0,0,0,0
2026-11-18,수,11,중앙선,172.4,컨테이너,7.4,하,오전(06-12),0,0,0,0,0
2026-07-04,토,7,경부선,340.8,석탄,14.3,하,야간(18-24),0,0,1,0,0
2026-09-23,수,9,중앙선,234.2,광석,25.0,하,야간(18-24),0,0,0,0,0
2026-11-10,화,11,호남선,154.1,컨테이너,15.8,상,오전(06-12),0,0,0,0,0
2026-03-01,일,3,경부선,323.7,컨테이너,12.4,상,야간(18-24),0,0,0,0,0
2026-06-13,토,6,전라선,214.8,광석,17.3,상,오전(06-12),0,0,1,0,0
2026-02-17,화,2,경부선,243.2,시멘트,16.7,상,오전(06-12),0,0,0,1,0
2026-04-13,월,4,전라선,189.3,철강,8.0,하,오후(12-18),0,0,0,0,0
2026-05-31,일,5,경부선,297.5,유류,1.6,하,야간(18-24),0,0,0,0,1
2026-11-09,월,11,중앙선,195.4,석탄,15.6,하,새벽(00-06),0,0,0,0,0
2026-11-11,수,11,중앙선,228.6,철강,16.5,하,새벽(00-06),0,1,0,0,0
2026-05-23,토,5,경부선,334.4,시멘트,10.2,상,야간(18-24),0,0,0,0,1
2026-05-01,금,5,중앙선,226.5,광석,21.9,상,오전(06-12),0,1,0,0,0
2026-07-13,월,7,중앙선,194.2,석탄,20.7,하,야간(18-24),0,0,1,0,0
2026-11-29,일,11,충북선,143.7,컨테이너,16.6,상,오전(06-12),0,0,0,0,0
2026-12-23,수,12,영동선,107.0,시멘트,10.3,하,야간(18-24),0,0,0,1,0
2026-03-24,화,3,중앙선,217.6,컨테이너,1.0,하,새벽(00-06),0,0,0,0,0
2026-03-10,화,3,부산신항선,13.7,시멘트,11.0,하,야간(18-24),1,0,0,0,0
2026-09-15,화,9,중앙선,188.1,컨테이너,1.0,상,야간(18-24),0,0,0,0,0
2026-04-21,화,4,경부선,283.0,석탄,1.0,상,야간(18-24),1,0,0,0,0
2026-03-14,토,3,경부선,333.6,시멘트,15.9,하,새벽(00-06),0,0,0,0,0
2026-01-12,월,1,중앙선,210.0,시멘트,19.0,하,오전(06-12),1,0,0,1,0
2026-05-28,목,5,중앙선,236.4,석탄,1.0,상,새벽(00-06),0,0,0,0,0
2026-05-24,일,5,태백선,121.9,컨테이너,10.5,상,야간(18-24),0,0,0,0,0
2026-07-25,토,7,전라선,209.4,컨테이너,11.9,상,새벽(00-06),0,0,1,0,0
2026-03-15,일,3,충북선,180.2,시멘트,10.2,하,오전(06-12),0,0,0,0,1
2026-09-18,금,9,중앙선,179.0,시멘트,3.7,상,새벽(00-06),0,0,0,0,0
2026-09-06,일,9,중앙선,177.6,광석,20.0,하,오후(12-18),0,0,0,0,1
2026-06-18,목,6,충북선,192.7,시멘트,3.9,상,오후(12-18),0,0,1,0,0
2026-03-08,일,3,경부선,265.4,시멘트,1.0,하,새벽(00-06),0,0,0,0,1
2026-07-05,일,7,경부선,402.4,광석,3.8,하,오후(12-18),0,0,1,0,0
2026-09-04,금,9,중앙선,171.9,철강,14.9,하,새벽(00-06),0,0,0,0,0
2026-05-17,일,5,경부선,354.9,컨테이너,10.4,상,야간(18-24),0,0,0,0,1
2026-04-07,화,4,전라선,226.1,시멘트,7.4,상,야간(18-24),0,1,0,0,1
2026-07-04,토,7,경부선,331.1,유류,15.2,상,새벽(00-06),0,1,1,0,0
2026-05-10,일,5,경부선,309.7,시멘트,14.0,상,오전(06-12),0,0,0,0,0
2026-05-27,수,5,부산신항선,13.2,컨테이너,1.0,상,오후(12-18),1,0,0,0,0
2026-05-08,금,5,영동선,104.6,시멘트,15.1,하,야간(18-24),0,0,0,0,0
2026-04-21,화,4,중앙선,173.2,컨테이너,19.1,하,야간(18-24),0,0,0,0,0
2026-09-19,토,9,중앙선,256.8,시멘트,11.3,상,오전(06-12),1,0,0,0,0
2026-06-17,수,6,장항선,180.2,기타,10.6,상,오전(06-12),0,0,1,0,0
2026-06-20,토,6,경부선,293.2,기타,23.4,하,새벽(00-06),0,0,1,0,1
2026-08-27,목,8,중앙선,141.1,석탄,7.7,상,오전(06-12),0,1,1,0,0
2026-05-12,화,5,경부선,394.8,유류,11.0,하,야간(18-24),0,0,0,0,0
2026-02-06,금,2,중앙선,174.0,유류,14.0,상,야간(18-24),1,0,0,1,0
2026-11-08,일,11,영동선,140.7,기타,12.3,하,오전(06-12),0,1,0,0,0
2026-01-21,수,1,장항선,187.6,유류,10.4,하,새벽(00-06),0,1,0,1,0
2026-07-28,화,7,영동선,111.9,광석,12.5,하,오후(12-18),0,0,1,0,0
2026-04-08,수,4,장항선,183.0,컨테이너,21.4,하,오전(06-12),0,0,0,0,1
2026-03-20,금,3,충북선,216.7,컨테이너,16.8,상,야간(18-24),0,0,0,0,1
2026-01-16,금,1,장항선,135.8,컨테이너,11.6,상,오후(12-18),0,1,0,1,0
2026-11-25,수,11,전라선,235.8,석탄,6.8,상,오후(12-18),0,0,0,0,1
2026-06-06,토,6,중앙선,184.0,광석,7.6,상,오전(06-12),0,1,1,0,0
2026-05-06,수,5,중앙선,185.8,기타,17.7,하,오후(12-18),0,0,0,0,0
2026-09-28,월,9,충북선,165.0,유류,2.4,상,오후(12-18),1,0,0,0,1
2026-01-15,목,1,경부선,309.5,유류,25.0,상,오후(12-18),0,1,0,1,0
2026-07-26,일,7,중앙선,199.9,시멘트,11.8,상,오후(12-18),0,0,1,0,0
2026-06-30,화,6,경부선,319.3,시멘트,3.7,하,야간(18-24),1,1,1,0,0
2026-07-22,수,7,충북선,128.5,석탄,13.1,상,새벽(00-06),0,1,1,0,0
2026-02-15,일,2,경부선,335.5,컨테이너,7.2,상,새벽(00-06),0,1,0,1,0
2026-12-14,월,12,중앙선,218.4,철강,9.5,하,새벽(00-06),0,0,0,1,0
2026-03-29,일,3,중앙선,174.3,석탄,2.9,하,오후(12-18),0,1,0,0,0
2026-09-05,토,9,경부선,394.9,컨테이너,10.6,하,오전(06-12),1,0,0,0,0
2026-09-30,수,9,영동선,129.8,석탄,1.0,상,오전(06-12),0,0,0,0,0
2026-05-06,수,5,중앙선,222.8,시멘트,8.4,하,새벽(00-06),0,0,0,0,1
2026-02-17,화,2,중앙선,222.4,철강,7.0,하,야간(18-24),0,1,0,1,0
2026-04-19,일,4,경부선,321.4,유류,9.0,하,오후(12-18),0,1,0,0,0
2026-10-22,목,10,태백선,158.3,컨테이너,7.4,상,새벽(00-06),0,0,0,0,0
2026-11-27,금,11,충북선,200.6,유류,12.2,하,오전(06-12),0,0,0,0,0
2026-12-08,화,12,중앙선,221.6,컨테이너,17.3,상,오전(06-12),0,0,0,1,0
2026-03-24,화,3,경부선,297.4,시멘트,14.2,상,야간(18-24),0,0,0,0,0
2026-08-10,월,8,장항선,178.8,시멘트,19.8,상,야간(18-24),0,1,1,0,0
2026-02-25,수,2,호남선,222.5,철강,9.0,상,야간(18-24),0,0,0,1,0
2026-09-17,목,9,중앙선,222.6,광석,13.9,상,오전(06-12),1,0,0,0,0
2026-06-01,월,6,경부선,317.1,컨테이너,14.2,하,야간(18-24),0,1,1,0,0
2026-09-18,금,9,경부선,297.5,철강,18.9,하,새벽(00-06),0,0,0,0,0
2026-09-08,화,9,경부선,383.6,유류,7.6,하,오후(12-18),0,0,0,0,0
2026-12-29,화,12,전라선,197.2,기타,16.7,상,오전(06-12),0,1,0,1,0
2026-06-28,일,6,영동선,95.7,컨테이너,6.9,하,오전(06-12),0,1,1,0,1
2026-05-05,화,5,영동선,89.9,컨테이너,8.6,상,새벽(00-06),0,0,0,0,0
2026-07-12,일,7,장항선,160.7,시멘트,9.8,상,새벽(00-06),0,0,1,0,0
2026-03-01,일,3,경부선,370.1,광석,14.7,상,야간(18-24),0,0,0,0,0
2026-02-10,화,2,영동선,129.0,컨테이너,5.5,상,오후(12-18),0,1,0,1,0
2026-07-09,목,7,중앙선,190.7,시멘트,6.3,상,야간(18-24),0,0,1,0,1
2026-10-29,목,10,중앙선,210.7,기타,8.1,상,오후(12-18),0,0,0,0,0
2026-07-14,화,7,전라선,229.1,시멘트,12.3,상,새벽(00-06),0,0,1,0,0
2026-10-13,화,10,경부선,272.5,석탄,6.4,하,새벽(00-06),0,1,0,0,0
2026-03-06,금,3,태백선,179.9,기타,13.6,하,오후(12-18),0,0,0,0,0
2026-06-14,일,6,영동선,130.4,시멘트,9.9,상,새벽(00-06),0,1,1,0,1
2026-08-12,수,8,장항선,186.7,컨테이너,15.9,하,새벽(00-06),0,0,1,0,0
2026-05-07,목,5,장항선,162.5,컨테이너,12.4,상,오전(06-12),0,1,0,0,1
2026-01-06,화,1,중앙선,185.4,석탄,22.5,상,오후(12-18),0,1,0,1,1
2026-01-27,화,1,경부선,292.5,컨테이너,12.7,상,오후(12-18),0,1,0,1,0
2026-12-05,토,12,장항선,181.6,컨테이너,4.7,하,새벽(00-06),0,0,0,1,1
2026-08-09,일,8,충북선,169.0,컨테이너,10.7,하,야간(18-24),0,0,1,0,0
2026-04-07,화,4,부산신항선,9.6,시멘트,12.1,하,야간(18-24),0,0,0,0,0
2026-04-05,일,4,경부선,262.0,유류,6.5,상,야간(18-24),0,0,0,0,0
2026-01-15,목,1,중앙선,267.9,시멘트,21.1,하,새벽(00-06),0,1,0,1,1
2026-12-11,금,12,중앙선,201.6,철강,10.1,상,야간(18-24),1,0,0,1,0
2026-02-09,월,2,전라선,243.1,기타,8.1,하,오전(06-12),0,1,0,1,0
2026-10-05,월,10,장항선,171.2,철강,13.1,하,새벽(00-06),0,0,0,0,0
2026-03-29,일,3,호남선,169.1,석탄,6.6,하,오후(12-18),0,1,0,0,0
2026-05-03,일,5,중앙선,190.4,컨테이너,17.8,하,야간(18-24),0,1,0,0,0
2026-04-10,금,4,중앙선,182.0,시멘트,16.6,상,오전(06-12),0,1,0,0,1
2026-10-28,수,10,경부선,348.6,컨테이너,12.8,하,새벽(00-06),0,0,0,0,1
2026-01-12,월,1,경부선,356.4,시멘트,15.5,하,새벽(00-06),0,1,0,1,0
2026-05-09,토,5,중앙선,220.1,기타,9.0,상,오후(12-18),1,1,0,0,0
2026-04-12,일,4,충북선,186.0,컨테이너,3.0,하,야간(18-24),0,0,0,0,0
2026-04-10,금,4,중앙선,256.4,컨테이너,10.0,하,새벽(00-06),0,1,0,0,1
2026-03-12,목,3,중앙선,206.9,유류,9.0,상,새벽(00-06),0,1,0,0,0
2026-11-30,월,11,충북선,188.8,기타,1.0,하,야간(18-24),0,0,0,0,0
2026-05-19,화,5,태백선,145.4,철강,5.7,상,야간(18-24),0,0,0,0,0
2026-06-02,화,6,경부선,244.2,컨테이너,4.6,하,야간(18-24),1,0,1,0,0
2026-05-21,목,5,중앙선,187.9,시멘트,5.7,상,새벽(00-06),0,0,0,0,0
2026-12-24,목,12,전라선,203.4,시멘트,20.0,하,야간(18-24),0,0,0,1,0
2026-05-04,월,5,장항선,184.2,석탄,15.1,상,오전(06-12),0,1,0,0,0
2026-05-05,화,5,태백선,119.7,석탄,17.8,상,오전(06-12),0,0,0,0,0
2026-04-30,목,4,경부선,344.4,철강,15.1,상,오전(06-12),0,0,0,0,0
2026-04-30,목,4,충북선,185.8,컨테이너,18.5,하,야간(18-24),0,1,0,0,0
2026-02-02,월,2,부산신항선,14.2,기타,12.2,하,새벽(00-06),0,0,0,1,0
2026-08-09,일,8,중앙선,250.0,컨테이너,21.1,상,야간(18-24),0,0,1,0,1
2026-01-10,토,1,중앙선,134.6,컨테이너,4.6,하,야간(18-24),0,0,0,1,0
2026-03-24,화,3,영동선,91.8,유류,11.6,하,야간(18-24),0,0,0,0,0
2026-03-15,일,3,경부선,437.3,시멘트,5.9,하,오전(06-12),0,0,0,0,1
2026-04-17,금,4,전라선,259.7,시멘트,19.5,상,오전(06-12),0,0,0,0,0
2026-10-04,일,10,태백선,140.0,컨테이너,14.5,하,새벽(00-06),0,1,0,0,0
2026-08-07,금,8,경부선,321.5,컨테이너,19.1,상,오전(06-12),1,1,1,0,1
2026-12-28,월,12,전라선,227.7,컨테이너,3.6,상,새벽(00-06),0,0,0,1,1
2026-05-09,토,5,중앙선,125.6,철강,8.4,상,오후(12-18),0,0,0,0,0
2026-12-05,토,12,태백선,120.1,컨테이너,1.3,상,야간(18-24),0,1,0,1,1
2026-01-17,토,1,부산신항선,10.3,기타,14.2,상,야간(18-24),0,0,0,1,0
2026-07-04,토,7,부산신항선,8.5,철강,9.4,상,오전(06-12),0,0,1,0,0
2026-10-19,월,10,경부선,296.8,유류,16.5,상,오전(06-12),0,1,0,0,0
2026-07-14,화,7,장항선,230.8,유류,12.2,하,오전(06-12),0,0,1,0,0
2026-12-07,월,12,호남선,201.9,철강,1.0,상,야간(18-24),0,0,0,1,0
2026-04-25,토,4,충북선,168.3,시멘트,2.0,하,새벽(00-06),0,1,0,0,0
2026-01-13,화,1,충북선,167.4,광석,12.5,상,오전(06-12),0,1,0,1,0
2026-10-10,토,10,경부선,343.8,시멘트,14.8,하,새벽(00-06),0,1,0,0,1
2026-01-25,일,1,태백선,126.0,컨테이너,1.0,상,야간(18-24),0,1,0,1,0
2026-10-07,수,10,경부선,370.1,시멘트,11.5,상,오전(06-12),0,1,0,0,1
2026-09-25,금,9,중앙선,208.8,컨테이너,5.9,하,야간(18-24),0,0,0,0,0
2026-11-05,목,11,호남선,176.0,석탄,5.3,하,야간(18-24),0,0,0,0,0
2026-06-24,수,6,호남선,205.5,기타,8.1,하,야간(18-24),0,0,1,0,0
2026-11-23,월,11,영동선,107.2,석탄,12.7,상,오전(06-12),0,0,0,0,1
2026-03-03,화,3,중앙선,185.7,컨테이너,7.8,하,야간(18-24),0,0,0,0,0
2026-06-08,월,6,경부선,340.6,컨테이너,1.0,상,오전(06-12),0,0,1,0,0
2026-02-14,토,2,중앙선,215.5,시멘트,12.7,상,오전(06-12),0,0,0,1,0
2026-10-07,수,10,경부선,340.9,컨테이너,9.9,하,오전(06-12),0,0,0,0,1
2026-09-18,금,9,부산신항선,11.6,시멘트,6.4,하,오후(12-18),0,0,0,0,0
2026-10-22,목,10,충북선,163.4,철강,10.2,하,새벽(00-06),1,0,0,0,0
2026-10-06,화,10,중앙선,118.0,석탄,9.9,하,오전(06-12),0,0,0,0,0
2026-04-23,목,4,경부선,351.3,석탄,12.3,하,야간(18-24),0,0,0,0,0
2026-01-25,일,1,중앙선,210.4,시멘트,10.5,상,새벽(00-06),0,0,0,1,0
2026-12-06,일,12,태백선,115.8,컨테이너,13.0,하,새벽(00-06),0,1,0,1,0
2026-06-29,월,6,전라선,237.8,석탄,11.7,상,야간(18-24),0,1,1,0,0
2026-02-04,수,2,경부선,346.1,시멘트,16.9,하,야간(18-24),1,0,0,1,1
2026-12-05,토,12,경부선,367.0,컨테이너,21.5,상,새벽(00-06),1,0,0,1,1
2026-12-29,화,12,중앙선,211.2,석탄,11.9,하,오전(06-12),1,1,0,1,0
2026-06-12,금,6,경부선,333.1,시멘트,8.3,상,오전(06-12),0,1,1,0,0
2026-10-09,금,10,호남선,231.9,컨테이너,3.4,하,새벽(00-06),0,0,0,0,1
2026-01-14,수,1,전라선,220.2,시멘트,15.9,하,새벽(00-06),1,0,0,1,0
2026-02-04,수,2,경부선,336.7,컨테이너,6.6,하,새벽(00-06),0,1,0,1,1
2026-04-11,토,4,장항선,167.2,철강,25.0,상,오후(12-18),0,1,0,0,0
2026-08-28,금,8,중앙선,232.2,컨테이너,25.0,하,오전(06-12),0,1,1,0,0
2026-02-18,수,2,경부선,255.8,유류,10.7,하,오전(06-12),0,0,0,1,0
2026-01-13,화,1,충북선,181.7,시멘트,2.0,하,새벽(00-06),0,0,0,1,0
2026-09-02,수,9,경부선,320.9,컨테이너,15.9,상,새벽(00-06),1,0,0,0,0
2026-10-09,금,10,중앙선,227.1,컨테이너,24.6,하,오후(12-18),0,0,0,0,0
2026-09-27,일,9,태백선,119.9,광석,4.1,상,오후(12-18),0,0,0,0,0
2026-10-19,월,10,호남선,210.4,시멘트,23.4,상,야간(18-24),0,0,0,0,0
2026-10-21,수,10,중앙선,195.4,철강,1.0,하,새벽(00-06),0,0,0,0,0
2026-08-08,토,8,충북선,172.1,유류,3.3,하,새벽(00-06),0,0,1,0,0
2026-07-09,목,7,경부선,278.3,컨테이너,13.9,상,오후(12-18),0,0,1,0,0
2026-11-09,월,11,충북선,177.2,시멘트,18.1,상,오전(06-12),0,0,0,0,1
2026-05-08,금,5,경부선,246.4,석탄,11.6,상,오전(06-12),0,1,0,0,1
2026-02-05,목,2,충북선,144.6,유류,14.7,하,오후(12-18),0,0,0,1,1
2026-10-02,금,10,경부선,257.7,시멘트,18.6,상,오전(06-12),0,0,0,0,0
2026-04-11,토,4,호남선,228.9,기타,19.3,하,오전(06-12),0,1,0,0,0
2026-12-24,목,12,부산신항선,11.8,시멘트,8.3,하,오전(06-12),0,0,0,1,0
2026-06-01,월,6,중앙선,209.3,유류,6.8,상,오전(06-12),0,0,1,0,0
2026-11-07,토,11,장항선,209.1,컨테이너,18.3,하,새벽(00-06),0,0,0,0,1
2026-01-16,금,1,경부선,307.6,시멘트,14.7,하,새벽(00-06),0,0,0,1,0
2026-08-29,토,8,전라선,247.7,컨테이너,15.5,하,오후(12-18),1,0,1,0,1
2026-06-13,토,6,경부선,322.8,광석,8.0,하,새벽(00-06),0,0,1,0,1
2026-06-18,목,6,경부선,316.8,컨테이너,15.8,상,새벽(00-06),0,0,1,0,0
2026-04-07,화,4,전라선,268.6,철강,5.4,상,오전(06-12),0,1,0,0,0
2026-12-21,월,12,중앙선,266.2,컨테이너,13.5,하,오전(06-12),0,1,0,1,0
2026-05-24,일,5,충북선,150.5,컨테이너,12.7,하,새벽(00-06),0,1,0,0,0
2026-11-07,토,11,충북선,182.1,컨테이너,12.7,상,야간(18-24),0,0,0,0,0
2026-06-05,금,6,경부선,333.0,철강,16.7,상,새벽(00-06),0,0,1,0,0
2026-01-18,일,1,경부선,333.4,컨테이너,5.9,상,야간(18-24),0,1,0,1,0
2026-11-17,화,11,충북선,167.5,유류,16.1,하,야간(18-24),0,1,0,0,0
2026-03-09,월,3,충북선,153.0,철강,12.1,상,새벽(00-06),0,0,0,0,0
2026-04-09,목,4,경부선,176.8,기타,7.3,하,새벽(00-06),0,0,0,0,1
2026-11-11,수,11,중앙선,247.0,석탄,4.1,상,새벽(00-06),0,1,0,0,0
2026-11-23,월,11,충북선,143.9,석탄,23.3,상,야간(18-24),0,1,0,0,0
2026-12-01,화,12,전라선,222.2,시멘트,11.6,상,야간(18-24),0,0,0,1,0
2026-06-05,금,6,태백선,131.1,컨테이너,9.9,상,오후(12-18),0,0,1,0,1
2026-10-04,일,10,중앙선,165.9,시멘트,5.1,상,야간(18-24),0,0,0,0,0
2026-04-30,목,4,충북선,167.3,유류,18.5,상,야간(18-24),0,0,0,0,0
2026-09-28,월,9,충북선,160.2,컨테이너,18.1,상,오후(12-18),1,0,0,0,0
2026-07-03,금,7,중앙선,168.2,컨테이너,16.9,하,야간(18-24),0,0,1,0,0
2026-01-19,월,1,경부선,326.2,시멘트,11.6,하,오전(06-12),0,1,0,1,1
2026-06-02,화,6,경부선,318.9,유류,16.5,상,오전(06-12),0,1,1,0,0
2026-06-20,토,6,태백선,154.1,컨테이너,7.1,하,오후(12-18),0,0,1,0,1
2026-04-04,토,4,경부선,266.6,유류,13.3,하,오후(12-18),1,0,0,0,1
2026-05-17,일,5,충북선,141.2,컨테이너,11.7,하,오전(06-12),0,1,0,0,0
2026-07-03,금,7,충북선,179.4,시멘트,13.6,상,오전(06-12),0,0,1,0,0
2026-01-19,월,1,중앙선,170.9,기타,1.1,상,새벽(00-06),0,0,0,1,1
2026-02-25,수,2,태백선,117.4,시멘트,23.2,하,새벽(00-06),0,0,0,1,1
2026-10-07,수,10,전라선,211.7,시멘트,21.7,하,오전(06-12),0,0,0,0,0
2026-05-09,토,5,경부선,316.2,광석,5.1,하,오전(06-12),0,0,0,0,1
2026-08-11,화,8,장항선,177.7,컨테이너,15.5,상,새벽(00-06),1,0,1,0,0
2026-07-26,일,7,충북선,156.1,컨테이너,3.1,하,새벽(00-06),0,0,1,0,0
2026-07-21,화,7,중앙선,157.3,기타,12.5,하,새벽(00-06),0,0,1,0,0
2026-05-31,일,5,전라선,252.6,시멘트,1.0,하,야간(18-24),1,0,0,0,1
2026-06-26,금,6,전라선,269.2,기타,10.2,하,오후(12-18),0,1,1,0,0
2026-10-28,수,10,중앙선,126.4,유류,9.1,하,새벽(00-06),1,0,0,0,1
2026-12-19,토,12,영동선,86.5,시멘트,18.9,상,오후(12-18),0,1,0,1,0
2026-04-04,토,4,전라선,259.5,시멘트,22.0,상,오전(06-12),0,1,0,0,0
2026-09-02,수,9,충북선,200.5,시멘트,22.1,상,오후(12-18),0,0,0,0,0
2026-12-20,일,12,경부선,235.0,컨테이너,18.9,상,야간(18-24),1,0,0,1,1
2026-01-03,토,1,경부선,352.8,시멘트,12.5,상,오전(06-12),0,0,0,1,0
2026-10-14,수,10,중앙선,250.6,유류,14.3,상,새벽(00-06),0,0,0,0,1
2026-07-01,수,7,충북선,139.7,기타,14.3,하,야간(18-24),0,0,1,0,0
2026-12-20,일,12,충북선,200.8,기타,4.9,상,새벽(00-06),1,0,0,1,0
2026-07-31,금,7,장항선,176.0,기타,18.9,하,야간(18-24),0,1,1,0,1
2026-11-02,월,11,경부선,332.8,컨테이너,16.1,상,야간(18-24),0,1,0,0,0
2026-03-02,월,3,전라선,207.8,시멘트,16.4,하,오전(06-12),1,0,0,0,0
2026-02-21,토,2,태백선,155.5,컨테이너,1.0,하,야간(18-24),0,0,0,1,1
2026-12-05,토,12,장항선,196.3,석탄,14.7,상,야간(18-24),0,1,0,1,0
2026-07-12,일,7,장항선,214.1,광석,18.0,하,야간(18-24),1,0,1,0,0
2026-07-23,목,7,부산신항선,14.9,유류,11.9,상,새벽(00-06),0,0,1,0,0
2026-03-04,수,3,경부선,319.8,유류,9.0,하,새벽(00-06),1,0,0,0,1
2026-03-24,화,3,전라선,322.7,시멘트,3.8,상,오전(06-12),0,0,0,0,0
2026-10-26,월,10,영동선,130.1,시멘트,3.4,상,오후(12-18),0,0,0,0,0
2026-04-21,화,4,충북선,174.8,컨테이너,12.9,상,오전(06-12),0,0,0,0,0
2026-08-02,일,8,경부선,280.3,시멘트,10.6,하,새벽(00-06),0,0,1,0,1
2026-04-26,일,4,영동선,86.8,컨테이너,10.5,하,오전(06-12),0,0,0,0,0
2026-04-07,화,4,경부선,262.4,철강,21.2,하,새벽(00-06),0,1,0,0,0
2026-03-02,월,3,중앙선,160.6,시멘트,4.5,상,오전(06-12),0,1,0,0,0
2026-12-06,일,12,경부선,375.3,석탄,9.9,상,새벽(00-06),1,1,0,1,0
2026-12-10,목,12,중앙선,210.3,유류,22.2,상,오전(06-12),0,1,0,1,0
2026-02-12,목,2,중앙선,171.8,컨테이너,10.1,하,오후(12-18),0,0,0,1,0
2026-05-09,토,5,중앙선,188.5,석탄,12.4,상,오전(06-12),0,1,0,0,1
2026-07-25,토,7,호남선,201.8,유류,10.9,상,새벽(00-06),0,0,1,0,0
2026-05-20,수,5,중앙선,221.3,기타,16.2,하,오전(06-12),0,0,0,0,0
2026-09-21,월,9,충북선,139.3,컨테이너,1.0,상,새벽(00-06),0,0,0,0,1
2026-04-05,일,4,부산신항선,11.6,석탄,10.8,하,새벽(00-06),0,0,0,0,0
2026-01-22,목,1,태백선,141.5,시멘트,12.3,상,오후(12-18),0,0,0,1,0
2026-05-03,일,5,경부선,286.2,컨테이너,6.0,상,오후(12-18),0,1,0,0,0
2026-08-07,금,8,경부선,383.7,컨테이너,14.1,상,오전(06-12),0,0,1,0,0
2026-03-07,토,3,충북선,153.9,시멘트,16.7,하,야간(18-24),0,0,0,0,0
2026-10-25,일,10,태백선,115.6,컨테이너,14.7,상,야간(18-24),0,1,0,0,1
2026-01-05,월,1,충북선,182.6,석탄,22.7,상,야간(18-24),0,0,0,1,0
2026-01-25,일,1,경부선,322.4,컨테이너,9.4,하,오전(06-12),0,0,0,1,1
2026-07-05,일,7,전라선,241.7,컨테이너,15.0,하,오전(06-12),0,0,1,0,0
2026-07-06,월,7,전라선,193.9,철강,14.9,상,오후(12-18),0,0,1,0,1
2026-04-18,토,4,충북선,181.6,컨테이너,10.6,하,오후(12-18),0,0,0,0,0
2026-04-05,일,4,태백선,178.9,컨테이너,18.8,상,오후(12-18),0,1,0,0,0
2026-01-26,월,1,장항선,154.3,컨테이너,13.7,하,오전(06-12),0,0,0,1,0
2026-08-30,일,8,전라선,240.0,시멘트,4.8,하,새벽(00-06),0,1,1,0,0
2026-05-19,화,5,전라선,205.8,시멘트,16.5,상,야간(18-24),0,0,0,0,0
2026-02-13,금,2,전라선,310.1,유류,9.0,하,오전(06-12),0,1,0,1,0
2026-05-26,화,5,충북선,192.3,석탄,10.1,상,오후(12-18),0,0,0,0,0
2026-12-09,수,12,중앙선,203.2,컨테이너,10.5,상,오전(06-12),0,0,0,1,0
2026-04-06,월,4,전라선,192.6,컨테이너,16.4,상,오전(06-12),0,0,0,0,1
2026-11-23,월,11,충북선,136.6,유류,18.5,하,오후(12-18),0,0,0,0,0
2026-04-05,일,4,중앙선,219.4,컨테이너,11.0,하,오후(12-18),0,1,0,0,0
2026-03-09,월,3,경부선,265.7,컨테이너,10.7,상,새벽(00-06),0,0,0,0,0
2026-04-06,월,4,전라선,189.5,컨테이너,1.0,상,새벽(00-06),0,0,0,0,0
2026-04-28,화,4,전라선,229.7,철강,7.7,상,새벽(00-06),0,0,0,0,0
2026-02-14,토,2,중앙선,198.0,철강,6.3,하,오후(12-18),0,0,0,1,0
2026-08-03,월,8,중앙선,206.6,시멘트,13.9,하,오전(06-12),0,0,1,0,0
2026-05-02,토,5,경부선,302.6,컨테이너,11.4,상,새벽(00-06),0,0,0,0,0
2026-09-20,일,9,영동선,123.6,철강,6.5,하,새벽(00-06),0,1,0,0,0
2026-06-29,월,6,태백선,118.3,컨테이너,12.9,하,야간(18-24),0,0,1,0,0
2026-06-11,목,6,충북선,177.0,시멘트,11.6,하,새벽(00-06),0,0,1,0,1
2026-06-21,일,6,중앙선,200.8,유류,1.0,상,오전(06-12),0,1,1,0,0
2026-02-27,금,2,전라선,247.4,컨테이너,18.6,상,오전(06-12),1,1,0,1,1
2026-09-18,금,9,충북선,190.8,시멘트,18.1,하,오전(06-12),0,0,0,0,0
2026-02-08,일,2,영동선,103.0,석탄,10.6,하,새벽(00-06),0,1,0,1,0
2026-09-21,월,9,경부선,293.8,석탄,14.1,상,오후(12-18),1,0,0,0,0
2026-12-31,목,12,경부선,252.7,시멘트,10.0,상,새벽(00-06),0,1,0,1,0
2026-10-06,화,10,충북선,110.8,시멘트,2.4,상,오후(12-18),0,0,0,0,0
2026-06-16,화,6,경부선,313.2,시멘트,25.0,상,오전(06-12),0,0,1,0,0
2026-04-25,토,4,충북선,158.6,시멘트,16.5,하,오전(06-12),0,0,0,0,0
2026-11-15,일,11,장항선,157.9,시멘트,17.6,하,오전(06-12),0,1,0,0,0
2026-04-04,토,4,경부선,285.4,컨테이너,10.3,상,야간(18-24),0,0,0,0,0
2026-06-26,금,6,중앙선,246.6,컨테이너,18.8,하,오전(06-12),0,0,1,0,0
2026-10-09,금,10,전라선,255.7,시멘트,3.8,하,새벽(00-06),0,1,0,0,0
2026-12-03,목,12,태백선,110.3,시멘트,10.5,하,오전(06-12),0,1,0,1,1
2026-12-03,목,12,중앙선,177.8,시멘트,16.4,하,오전(06-12),0,0,0,1,0
2026-02-02,월,2,경부선,336.4,석탄,8.2,상,새벽(00-06),0,0,0,1,0
2026-11-24,화,11,충북선,145.6,기타,17.5,하,야간(18-24),0,0,0,0,1
2026-02-11,수,2,중앙선,165.0,석탄,13.8,하,새벽(00-06),0,0,0,1,0
2026-08-02,일,8,장항선,172.8,철강,13.3,하,야간(18-24),0,0,1,0,0
2026-12-06,일,12,충북선,188.6,컨테이너,7.7,하,오전(06-12),0,1,0,1,0
2026-08-28,금,8,경부선,367.5,철강,14.4,하,오후(12-18),0,1,1,0,1
2026-12-12,토,12,장항선,164.9,시멘트,23.6,하,오후(12-18),0,0,0,1,0
2026-05-06,수,5,충북선,172.8,유류,13.1,상,새벽(00-06),0,0,0,0,0
2026-04-25,토,4,경부선,319.9,기타,15.3,상,오전(06-12),0,0,0,0,0
2026-04-30,목,4,충북선,136.1,컨테이너,16.2,상,새벽(00-06),0,0,0,0,0
2026-05-10,일,5,호남선,200.8,광석,5.1,상,새벽(00-06),1,1,0,0,0
2026-09-07,월,9,전라선,191.5,석탄,11.2,하,오후(12-18),0,1,0,0,0
2026-06-15,월,6,중앙선,234.0,철강,11.0,하,새벽(00-06),1,0,1,0,0
2026-09-27,일,9,전라선,276.0,시멘트,1.0,하,오후(12-18),0,0,0,0,1
2026-06-01,월,6,경부선,303.8,시멘트,16.7,하,오전(06-12),0,1,1,0,0
2026-04-23,목,4,충북선,145.1,철강,6.4,상,야간(18-24),0,0,0,0,0
2026-03-11,수,3,충북선,187.7,컨테이너,16.1,하,야간(18-24),1,0,0,0,1
2026-07-21,화,7,경부선,368.8,시멘트,7.5,상,새벽(00-06),0,0,1,0,0
2026-11-24,화,11,중앙선,154.3,컨테이너,24.3,상,야간(18-24),0,0,0,0,0
2026-11-10,화,11,호남선,204.5,컨테이너,10.3,상,새벽(00-06),0,1,0,0,1
2026-04-03,금,4,경부선,317.8,철강,23.5,하,오전(06-12),0,0,0,0,0
2026-06-24,수,6,장항선,164.2,철강,11.0,상,야간(18-24),0,0,1,0,0
2026-09-15,화,9,전라선,241.0,유류,11.7,상,새벽(00-06),0,0,0,0,0
2026-08-12,수,8,충북선,143.8,철강,21.4,하,오후(12-18),0,0,1,0,0
2026-01-25,일,1,경부선,298.6,석탄,6.5,하,새벽(00-06),0,0,0,1,0
2026-08-04,화,8,경부선,316.1,광석,12.3,하,야간(18-24),0,0,1,0,0
2026-01-15,목,1,경부선,260.6,시멘트,15.2,상,오전(06-12),0,0,0,1,1
2026-02-12,목,2,충북선,109.9,석탄,14.4,상,새벽(00-06),0,0,0,1,0
2026-08-27,목,8,영동선,123.6,유류,12.3,하,새벽(00-06),0,0,1,0,0
2026-02-07,토,2,부산신항선,8.4,철강,11.4,상,오후(12-18),1,0,0,1,1
2026-05-04,월,5,경부선,405.6,철강,17.1,하,오후(12-18),0,0,0,0,0
2026-08-03,월,8,경부선,399.1,시멘트,13.1,하,오후(12-18),0,0,1,0,0
2026-08-28,금,8,경부선,299.9,시멘트,17.8,상,오전(06-12),0,1,1,0,0
2026-06-12,금,6,영동선,144.9,석탄,14.4,하,오전(06-12),0,0,1,0,0
2026-02-04,수,2,경부선,357.7,석탄,15.9,하,오후(12-18),0,0,0,1,0
2026-10-19,월,10,경부선,294.4,시멘트,18.8,상,새벽(00-06),0,0,0,0,0
2026-12-13,일,12,충북선,96.8,컨테이너,10.1,상,새벽(00-06),0,0,0,1,0
2026-11-21,토,11,충북선,178.5,컨테이너,18.6,상,새벽(00-06),0,0,0,0,0
2026-10-01,목,10,경부선,321.5,시멘트,11.1,상,야간(18-24),0,0,0,0,0
2026-05-27,수,5,전라선,242.3,컨테이너,3.6,하,오전(06-12),0,1,0,0,0
2026-11-16,월,11,경부선,311.0,시멘트,10.0,상,새벽(00-06),0,0,0,0,0
2026-06-28,일,6,경부선,274.4,컨테이너,7.7,상,야간(18-24),0,0,1,0,1
2026-02-19,목,2,경부선,303.1,컨테이너,14.3,하,오전(06-12),1,0,0,1,0
2026-11-07,토,11,중앙선,218.0,유류,10.3,상,새벽(00-06),0,0,0,0,0
2026-04-27,월,4,영동선,104.5,시멘트,12.8,상,오전(06-12),1,0,0,0,0
2026-12-09,수,12,충북선,152.3,철강,18.1,하,야간(18-24),0,0,0,1,0
2026-05-15,금,5,장항선,149.2,컨테이너,20.9,상,야간(18-24),0,0,0,0,0
2026-11-14,토,11,중앙선,196.5,컨테이너,13.8,상,오후(12-18),1,0,0,0,1
2026-07-16,목,7,전라선,196.0,컨테이너,18.5,하,야간(18-24),0,0,1,0,0
2026-06-20,토,6,영동선,123.6,컨테이너,10.9,상,오전(06-12),0,1,1,0,0
2026-04-19,일,4,중앙선,167.6,컨테이너,2.6,상,야간(18-24),0,0,0,0,1
2026-11-02,월,11,영동선,105.4,시멘트,4.9,상,야간(18-24),0,1,0,0,0
2026-01-23,금,1,충북선,215.4,컨테이너,10.8,상,오전(06-12),0,1,0,1,0
2026-06-21,일,6,장항선,173.5,철강,16.8,하,오전(06-12),0,0,1,0,0
2026-05-15,금,5,경부선,302.6,시멘트,10.8,상,새벽(00-06),0,0,0,0,1
2026-07-18,토,7,충북선,175.9,컨테이너,19.1,상,오후(12-18),1,1,1,0,0
2026-04-03,금,4,충북선,116.7,유류,23.0,상,새벽(00-06),0,0,0,0,0
2026-08-31,월,8,호남선,239.5,시멘트,6.7,하,오전(06-12),0,1,1,0,0
2026-05-21,목,5,부산신항선,13.6,시멘트,24.7,하,야간(18-24),0,1,0,0,0
2026-03-10,화,3,중앙선,211.7,시멘트,2.2,하,오전(06-12),0,0,0,0,1
2026-03-13,금,3,호남선,123.8,석탄,23.1,하,새벽(00-06),0,1,0,0,0
2026-09-12,토,9,부산신항선,9.8,시멘트,11.8,하,새벽(00-06),0,1,0,0,0
2026-04-06,월,4,충북선,129.5,광석,10.6,하,야간(18-24),0,0,0,0,0
2026-04-23,목,4,경부선,365.2,시멘트,12.0,하,오후(12-18),0,0,0,0,0
2026-08-17,월,8,경부선,362.3,시멘트,7.2,상,오후(12-18),0,1,1,0,1
2026-05-01,금,5,경부선,335.7,유류,21.0,상,오전(06-12),0,0,0,0,0
2026-05-22,금,5,경부선,272.1,석탄,7.8,하,오전(06-12),0,1,0,0,0
2026-03-31,화,3,영동선,132.2,기타,8.6,상,오후(12-18),0,1,0,0,0
2026-05-07,목,5,경부선,309.7,철강,3.7,상,야간(18-24),1,0,0,0,0
2026-09-10,목,9,전라선,283.6,시멘트,7.6,하,오전(06-12),0,0,0,0,0
2026-07-14,화,7,충북선,167.9,석탄,7.8,상,오전(06-12),0,0,1,0,0
2026-12-31,목,12,충북선,174.0,시멘트,7.4,하,오전(06-12),0,1,0,1,0
2026-10-09,금,10,경부선,301.8,컨테이너,10.9,하,오후(12-18),0,0,0,0,0
2026-01-07,수,1,충북선,196.5,시멘트,5.3,하,새벽(00-06),0,0,0,1,0
2026-05-19,화,5,충북선,176.5,컨테이너,21.6,하,오전(06-12),1,0,0,0,0
2026-04-16,목,4,충북선,197.4,석탄,11.1,하,오전(06-12),0,0,0,0,0
2026-08-03,월,8,경부선,327.3,석탄,14.2,하,야간(18-24),0,1,1,0,0
2026-04-07,화,4,전라선,228.0,광석,17.2,하,오전(06-12),0,0,0,0,0
2026-12-19,토,12,경부선,344.0,컨테이너,24.1,상,오후(12-18),0,0,0,1,0
2026-04-20,월,4,충북선,197.4,시멘트,17.5,상,오전(06-12),1,0,0,0,0
2026-07-10,금,7,중앙선,228.9,시멘트,10.5,상,야간(18-24),0,1,1,0,0
2026-02-14,토,2,경부선,325.7,시멘트,5.6,상,야간(18-24),0,0,0,1,0
2026-11-29,일,11,장항선,142.5,컨테이너,14.0,하,새벽(00-06),0,1,0,0,0
2026-11-29,일,11,경부선,352.6,시멘트,18.4,하,새벽(00-06),0,1,0,0,0
2026-10-17,토,10,호남선,172.2,석탄,12.9,하,오후(12-18),1,0,0,0,1
2026-05-09,토,5,부산신항선,10.7,컨테이너,12.4,상,오후(12-18),1,0,0,0,0
2026-01-22,목,1,중앙선,189.2,석탄,13.3,하,오후(12-18),0,0,0,1,1
2026-09-17,목,9,중앙선,143.7,컨테이너,1.0,하,오전(06-12),0,0,0,0,0
2026-06-06,토,6,경부선,335.1,시멘트,12.9,상,오후(12-18),1,1,1,0,1
2026-12-28,월,12,부산신항선,17.1,광석,16.4,상,오후(12-18),0,1,0,1,0
2026-09-12,토,9,충북선,153.5,컨테이너,11.7,하,오전(06-12),0,0,0,0,0
2026-07-16,목,7,경부선,350.8,컨테이너,18.7,상,오전(06-12),0,0,1,0,0
2026-12-27,일,12,충북선,220.2,광석,18.9,상,야간(18-24),0,1,0,1,0
2026-10-20,화,10,경부선,354.7,컨테이너,9.0,상,오전(06-12),1,0,0,0,0
2026-06-17,수,6,충북선,145.2,시멘트,14.7,상,새벽(00-06),0,0,1,0,0
2026-01-07,수,1,충북선,167.2,시멘트,12.3,상,야간(18-24),0,0,0,1,0
2026-02-03,화,2,경부선,339.4,석탄,1.0,하,오후(12-18),0,0,0,1,0
2026-06-11,목,6,태백선,164.2,석탄,10.9,상,오후(12-18),0,0,1,0,0
2026-07-25,토,7,경부선,368.8,석탄,5.8,하,야간(18-24),0,0,1,0,0
2026-01-12,월,1,충북선,92.1,광석,12.8,상,새벽(00-06),0,0,0,1,0
2026-02-16,월,2,충북선,139.9,시멘트,16.1,하,오후(12-18),0,1,0,1,0
2026-09-15,화,9,영동선,108.7,시멘트,10.7,하,새벽(00-06),0,0,0,0,0
2026-10-02,금,10,중앙선,157.8,기타,6.6,상,야간(18-24),0,1,0,0,0
2026-01-11,일,1,부산신항선,5.0,컨테이너,13.4,하,새벽(00-06),0,0,0,1,1
2026-07-05,일,7,중앙선,167.9,광석,25.0,상,새벽(00-06),0,1,1,0,0
2026-01-30,금,1,태백선,135.4,광석,1.0,하,새벽(00-06),0,1,0,1,0
2026-09-22,화,9,경부선,299.2,기타,13.4,하,오전(06-12),0,1,0,0,0
2026-11-01,일,11,전라선,199.5,컨테이너,8.7,상,새벽(00-06),0,0,0,0,0
2026-11-14,토,11,경부선,321.9,시멘트,9.4,하,오전(06-12),0,0,0,0,0
2026-08-07,금,8,영동선,114.9,유류,11.4,하,오후(12-18),1,0,1,0,1
2026-08-18,화,8,호남선,196.5,컨테이너,9.9,하,새벽(00-06),0,0,1,0,0
2026-12-05,토,12,중앙선,241.3,시멘트,15.6,상,야간(18-24),0,1,0,1,0
2026-08-12,수,8,충북선,162.7,컨테이너,10.5,하,야간(18-24),0,0,1,0,1
2026-06-12,금,6,충북선,139.5,컨테이너,1.0,하,새벽(00-06),0,0,1,0,1
2026-10-03,토,10,경부선,275.2,유류,19.7,하,새벽(00-06),1,0,0,0,1
2026-08-04,화,8,전라선,223.0,기타,18.8,상,오후(12-18),0,0,1,0,0
2026-11-04,수,11,전라선,262.8,컨테이너,8.4,하,오전(06-12),0,1,0,0,0
2026-07-11,토,7,충북선,140.7,컨테이너,12.3,상,오전(06-12),1,0,1,0,0
2026-11-14,토,11,경부선,344.0,시멘트,19.3,상,오후(12-18),0,1,0,0,1
2026-01-17,토,1,부산신항선,10.9,컨테이너,18.2,하,오후(12-18),0,0,0,1,0
2026-01-14,수,1,경부선,399.9,석탄,20.1,상,오후(12-18),0,0,0,1,1
2026-02-06,금,2,충북선,171.1,철강,14.2,하,야간(18-24),0,1,0,1,0
2026-07-23,목,7,경부선,292.3,시멘트,16.6,하,오후(12-18),1,0,1,0,0
2026-09-16,수,9,경부선,349.7,철강,20.5,하,새벽(00-06),0,0,0,0,0
2026-03-20,금,3,경부선,351.0,컨테이너,9.9,하,새벽(00-06),0,1,0,0,0
2026-02-26,목,2,중앙선,179.4,컨테이너,14.6,상,오후(12-18),0,0,0,1,0
2026-11-11,수,11,충북선,132.2,철강,1.0,상,오후(12-18),0,0,0,0,0
2026-10-01,목,10,충북선,174.7,컨테이너,2.5,하,야간(18-24),0,0,0,0,0
2026-08-25,화,8,전라선,231.3,컨테이너,15.0,하,오전(06-12),0,1,1,0,0
2026-06-28,일,6,전라선,183.9,석탄,15.9,상,오후(12-18),1,0,1,0,0
2026-06-03,수,6,경부선,330.4,컨테이너,9.7,상,야간(18-24),0,0,1,0,0
2026-01-08,목,1,경부선,294.7,시멘트,8.4,상,오전(06-12),0,0,0,1,0
2026-03-10,화,3,충북선,123.4,유류,9.9,하,새벽(00-06),0,1,0,0,0
2026-11-24,화,11,전라선,218.8,컨테이너,13.2,하,야간(18-24),0,0,0,0,0
2026-05-04,월,5,충북선,193.4,시멘트,1.0,하,야간(18-24),0,1,0,0,0
2026-09-15,화,9,경부선,368.5,컨테이너,14.8,하,새벽(00-06),0,0,0,0,1
2026-09-14,월,9,장항선,198.5,석탄,12.2,하,오전(06-12),0,1,0,0,1
2026-04-23,목,4,경부선,331.0,시멘트,13.5,하,오후(12-18),0,0,0,0,0
2026-03-16,월,3,충북선,176.2,유류,11.3,상,새벽(00-06),0,0,0,0,0
2026-09-10,목,9,경부선,324.1,컨테이너,3.7,하,새벽(00-06),0,1,0,0,0
2026-02-04,수,2,전라선,196.2,철강,5.4,하,새벽(00-06),0,0,0,1,0
2026-06-30,화,6,중앙선,161.6,유류,21.1,하,오후(12-18),0,1,1,0,1
2026-11-21,토,11,전라선,211.2,철강,8.1,상,새벽(00-06),1,1,0,0,0
2026-09-17,목,9,경부선,376.3,철강,16.8,하,새벽(00-06),0,0,0,0,0
2026-10-06,화,10,충북선,188.2,컨테이너,5.5,하,새벽(00-06),0,0,0,0,0
2026-01-31,토,1,경부선,277.0,시멘트,11.9,하,오후(12-18),0,0,0,1,0
2026-03-14,토,3,전라선,231.0,시멘트,9.4,상,야간(18-24),0,0,0,0,1
2026-04-11,토,4,경부선,304.1,컨테이너,10.3,하,오후(12-18),0,0,0,0,0
2026-04-17,금,4,경부선,314.0,시멘트,10.0,상,새벽(00-06),0,0,0,0,0
2026-03-12,목,3,전라선,213.3,석탄,20.7,하,야간(18-24),0,0,0,0,0
2026-12-21,월,12,경부선,376.4,시멘트,23.6,하,야간(18-24),0,0,0,1,1
2026-03-02,월,3,경부선,319.4,기타,13.4,상,새벽(00-06),1,0,0,0,0
2026-09-16,수,9,태백선,139.8,석탄,9.5,상,야간(18-24),0,0,0,0,1
2026-08-03,월,8,장항선,184.1,시멘트,4.0,하,오전(06-12),0,0,1,0,0
2026-08-11,화,8,태백선,114.9,시멘트,3.6,하,새벽(00-06),0,0,1,0,0
2026-03-20,금,3,중앙선,197.1,시멘트,20.7,하,오후(12-18),0,0,0,0,0
2026-04-23,목,4,충북선,187.9,시멘트,3.2,하,오전(06-12),0,1,0,0,0
2026-08-10,월,8,장항선,209.1,컨테이너,9.4,하,야간(18-24),1,1,1,0,0
2026-04-20,월,4,경부선,274.3,시멘트,12.9,상,오전(06-12),0,1,0,0,0
2026-09-11,금,9,전라선,183.8,석탄,1.0,하,야간(18-24),0,1,0,0,0
2026-01-15,목,1,경부선,322.7,시멘트,4.5,상,야간(18-24),0,0,0,1,0
2026-01-27,화,1,부산신항선,13.9,컨테이너,4.0,하,새벽(00-06),0,1,0,1,1
2026-09-23,수,9,충북선,170.3,컨테이너,8.0,상,오후(12-18),0,0,0,0,0
2026-08-14,금,8,중앙선,217.1,시멘트,13.6,하,오전(06-12),0,0,1,0,0
2026-01-16,금,1,중앙선,145.7,컨테이너,18.2,하,새벽(00-06),1,1,0,1,0
2026-11-25,수,11,경부선,297.3,철강,8.0,하,오전(06-12),0,0,0,0,1
2026-01-02,금,1,중앙선,116.4,석탄,9.2,상,야간(18-24),1,0,0,1,0
2026-12-15,화,12,전라선,225.1,컨테이너,11.3,하,오후(12-18),0,1,0,1,0
2026-09-24,목,9,충북선,107.2,기타,7.2,상,오후(12-18),0,0,0,0,0
2026-12-27,일,12,충북선,194.6,석탄,14.5,상,새벽(00-06),0,0,0,1,0
2026-12-13,일,12,경부선,382.4,컨테이너,14.7,상,오후(12-18),0,0,0,1,0
2026-04-25,토,4,전라선,233.6,유류,1.0,상,야간(18-24),0,1,0,0,1
2026-10-04,일,10,중앙선,140.4,철강,15.8,상,야간(18-24),1,1,0,0,0
2026-03-18,수,3,경부선,335.2,시멘트,12.8,상,야간(18-24),0,1,0,0,0
2026-06-22,월,6,호남선,254.7,컨테이너,13.6,상,새벽(00-06),0,0,1,0,0
2026-03-29,일,3,충북선,173.2,유류,19.1,상,야간(18-24),1,0,0,0,0
2026-06-27,토,6,충북선,190.9,컨테이너,1.3,상,야간(18-24),0,0,1,0,1
2026-11-15,일,11,영동선,102.5,시멘트,4.5,하,새벽(00-06),0,0,0,0,1
2026-06-09,화,6,중앙선,162.8,유류,11.6,상,오후(12-18),0,0,1,0,0
2026-02-03,화,2,호남선,206.4,철강,1.0,하,오전(06-12),1,0,0,1,1
2026-04-29,수,4,전라선,171.6,석탄,10.7,상,오후(12-18),1,1,0,0,0
2026-10-15,목,10,충북선,217.9,컨테이너,17.1,상,새벽(00-06),0,0,0,0,0
2026-07-10,금,7,경부선,325.8,컨테이너,14.4,상,오후(12-18),0,1,1,0,0
2026-07-24,금,7,경부선,354.9,유류,12.5,하,새벽(00-06),0,1,1,0,0
2026-06-07,일,6,중앙선,177.1,철강,10.6,하,야간(18-24),0,0,1,0,1
2026-04-17,금,4,경부선,258.5,유류,9.4,상,새벽(00-06),0,0,0,0,0
2026-08-07,금,8,경부선,377.2,컨테이너,9.1,상,새벽(00-06),0,0,1,0,0
2026-08-20,목,8,충북선,133.2,광석,13.4,하,새벽(00-06),0,0,1,0,0
2026-11-24,화,11,전라선,239.9,컨테이너,2.7,상,오전(06-12),0,0,0,0,0
2026-08-14,금,8,경부선,337.9,컨테이너,20.8,하,오후(12-18),0,1,1,0,0
2026-12-30,수,12,전라선,231.6,유류,7.6,하,오전(06-12),0,1,0,1,0
2026-10-29,목,10,호남선,188.6,시멘트,15.3,상,오전(06-12),0,0,0,0,0
2026-01-29,목,1,전라선,224.9,석탄,12.5,하,야간(18-24),0,0,0,1,1
2026-05-24,일,5,장항선,160.6,시멘트,5.1,하,오후(12-18),0,1,0,0,0
2026-05-21,목,5,전라선,253.7,유류,19.8,하,오전(06-12),1,1,0,0,1
2026-01-02,금,1,경부선,343.1,컨테이너,18.5,상,오전(06-12),1,1,0,1,1
2026-03-07,토,3,중앙선,192.6,컨테이너,2.6,하,야간(18-24),0,0,0,0,0
2026-10-06,화,10,호남선,194.0,석탄,11.6,하,새벽(00-06),0,0,0,0,0
2026-05-09,토,5,전라선,292.6,유류,13.2,상,새벽(00-06),0,0,0,0,0
2026-02-23,월,2,장항선,153.6,광석,1.0,하,오전(06-12),0,1,0,1,0
2026-04-15,수,4,영동선,86.6,시멘트,1.0,하,오후(12-18),0,0,0,0,0
2026-04-11,토,4,경부선,316.9,철강,7.0,하,새벽(00-06),0,0,0,0,0
2026-03-05,목,3,중앙선,184.3,시멘트,4.1,하,야간(18-24),0,1,0,0,0
2026-02-06,금,2,충북선,188.7,컨테이너,5.7,상,새벽(00-06),1,1,0,1,0
2026-10-06,화,10,경부선,346.0,컨테이너,4.1,하,오후(12-18),0,1,0,0,0
2026-10-28,수,10,충북선,162.0,컨테이너,11.3,하,새벽(00-06),0,0,0,0,0
2026-07-01,수,7,장항선,189.6,컨테이너,6.6,하,야간(18-24),0,1,1,0,0
2026-08-13,목,8,충북선,173.4,컨테이너,18.7,상,오전(06-12),0,0,1,0,1
2026-12-02,수,12,중앙선,266.9,컨테이너,13.1,하,새벽(00-06),0,1,0,1,0
2026-11-04,수,11,전라선,237.0,유류,16.8,하,새벽(00-06),0,1,0,0,0
2026-01-12,월,1,경부선,293.0,컨테이너,1.9,상,오전(06-12),0,1,0,1,1
2026-12-14,월,12,부산신항선,11.2,유류,8.2,상,오전(06-12),0,0,0,1,0
2026-01-25,일,1,경부선,215.5,유류,12.8,상,새벽(00-06),0,0,0,1,0
2026-01-10,토,1,태백선,134.8,시멘트,14.7,하,오후(12-18),0,0,0,1,0
2026-05-28,목,5,중앙선,231.6,철강,8.1,하,오전(06-12),1,0,0,0,1
2026-09-30,수,9,중앙선,214.4,컨테이너,9.0,하,오전(06-12),0,0,0,0,0
2026-01-30,금,1,중앙선,203.7,컨테이너,9.7,하,새벽(00-06),0,1,0,1,0
2026-04-17,금,4,경부선,346.2,석탄,10.2,상,오전(06-12),0,0,0,0,0
2026-04-06,월,4,중앙선,231.9,시멘트,25.0,상,야간(18-24),0,0,0,0,1
2026-05-26,화,5,태백선,164.0,시멘트,13.9,하,오전(06-12),0,1,0,0,0
2026-12-26,토,12,장항선,188.5,광석,12.2,상,야간(18-24),0,0,0,1,1
2026-05-01,금,5,경부선,307.6,철강,4.4,하,새벽(00-06),0,0,0,0,0
2026-03-18,수,3,전라선,160.0,시멘트,4.6,상,새벽(00-06),0,0,0,0,0
2026-02-14,토,2,태백선,155.1,컨테이너,10.7,하,야간(18-24),0,0,0,1,0
2026-03-14,토,3,태백선,145.8,유류,18.8,상,오후(12-18),0,0,0,0,1
2026-02-18,수,2,중앙선,198.6,기타,10.8,상,오후(12-18),0,0,0,1,0
2026-07-29,수,7,경부선,292.7,석탄,11.1,하,오전(06-12),0,1,1,0,0
2026-06-03,수,6,호남선,232.3,철강,7.5,하,야간(18-24),0,0,1,0,0
2026-07-01,수,7,중앙선,184.3,시멘트,1.5,상,야간(18-24),0,0,1,0,0
2026-10-31,토,10,중앙선,192.1,컨테이너,14.6,하,새벽(00-06),0,1,0,0,0
2026-07-31,금,7,장항선,178.5,광석,10.5,상,새벽(00-06),0,0,1,0,0
2026-02-26,목,2,경부선,338.2,석탄,14.7,하,야간(18-24),0,1,0,1,0
2026-05-18,월,5,태백선,112.5,시멘트,12.9,상,새벽(00-06),0,0,0,0,0
2026-04-25,토,4,경부선,342.7,석탄,6.2,상,오전(06-12),0,1,0,0,0
2026-10-29,목,10,전라선,207.8,시멘트,13.4,하,새벽(00-06),0,0,0,0,0
2026-04-23,목,4,영동선,99.5,컨테이너,4.3,상,오전(06-12),0,0,0,0,1
2026-02-20,금,2,영동선,123.1,석탄,13.3,하,오전(06-12),1,1,0,1,1
2026-09-26,토,9,호남선,183.3,컨테이너,11.6,상,새벽(00-06),0,0,0,0,0
2026-06-06,토,6,부산신항선,13.3,컨테이너,21.2,상,새벽(00-06),0,1,1,0,1
2026-02-04,수,2,경부선,324.3,컨테이너,6.8,하,오전(06-12),0,0,0,1,0
2026-09-09,수,9,영동선,85.1,시멘트,4.0,하,오전(06-12),0,0,0,0,0
2026-03-18,수,3,호남선,242.3,광석,9.5,상,오후(12-18),0,0,0,0,0
2026-11-13,금,11,충북선,169.1,컨테이너,15.7,하,오후(12-18),0,1,0,0,0
2026-10-31,토,10,중앙선,207.1,시멘트,1.0,상,새벽(00-06),0,1,0,0,1
2026-05-15,금,5,경부선,360.5,철강,17.3,상,오전(06-12),0,0,0,0,0
2026-07-22,수,7,충북선,198.8,유류,10.7,상,야간(18-24),0,0,1,0,0
2026-07-27,월,7,전라선,235.4,철강,5.1,상,오후(12-18),0,1,1,0,1
2026-08-27,목,8,중앙선,214.9,기타,9.8,하,야간(18-24),0,1,1,0,1
2026-01-26,월,1,중앙선,206.3,석탄,7.6,상,야간(18-24),0,0,0,1,0
2026-04-29,수,4,충북선,152.7,철강,4.6,하,오전(06-12),0,0,0,0,0
2026-03-04,수,3,경부선,256.9,시멘트,1.0,상,새벽(00-06),0,0,0,0,1
2026-09-12,토,9,호남선,213.6,컨테이너,16.4,상,새벽(00-06),0,0,0,0,1
2026-01-26,월,1,경부선,375.4,시멘트,8.6,상,새벽(00-06),0,0,0,1,0
2026-07-08,수,7,경부선,343.5,철강,9.7,상,오후(12-18),0,0,1,0,0
2026-09-23,수,9,경부선,277.5,석탄,17.1,상,새벽(00-06),0,0,0,0,0
2026-12-13,일,12,태백선,157.5,철강,12.3,상,야간(18-24),0,1,0,1,0
2026-04-16,목,4,태백선,129.3,석탄,2.6,상,오후(12-18),0,0,0,0,0
2026-01-03,토,1,경부선,236.5,철강,16.0,하,야간(18-24),0,0,0,1,0
2026-09-22,화,9,경부선,360.9,컨테이너,20.9,상,오후(12-18),0,1,0,0,0
2026-01-01,목,1,중앙선,160.2,컨테이너,15.0,상,새벽(00-06),0,1,0,1,0
2026-01-25,일,1,경부선,391.4,시멘트,6.8,하,새벽(00-06),0,0,0,1,0
2026-12-28,월,12,전라선,263.8,컨테이너,3.2,하,야간(18-24),0,1,0,1,0
2026-11-11,수,11,경부선,311.1,광석,6.6,하,새벽(00-06),0,0,0,0,0
2026-09-16,수,9,충북선,172.8,컨테이너,12.6,상,야간(18-24),0,1,0,0,0
2026-11-01,일,11,중앙선,278.1,컨테이너,20.6,상,새벽(00-06),0,0,0,0,0
2026-01-28,수,1,중앙선,228.3,석탄,7.4,상,오후(12-18),0,0,0,1,0
2026-02-02,월,2,중앙선,201.6,컨테이너,8.1,상,오전(06-12),0,0,0,1,0
2026-04-20,월,4,경부선,435.8,시멘트,18.1,하,오후(12-18),0,0,0,0,1
2026-01-09,금,1,경부선,324.9,컨테이너,9.4,하,야간(18-24),0,0,0,1,0
2026-11-21,토,11,경부선,343.5,컨테이너,22.3,상,새벽(00-06),0,1,0,0,1
2026-01-21,수,1,경부선,282.8,철강,11.1,상,야간(18-24),0,0,0,1,0
2026-07-18,토,7,영동선,84.7,시멘트,19.0,상,오후(12-18),0,0,1,0,0
2026-11-08,일,11,경부선,308.7,시멘트,14.3,상,오전(06-12),0,0,0,0,0
2026-09-26,토,9,중앙선,194.6,컨테이너,16.2,상,야간(18-24),0,0,0,0,0
2026-03-27,금,3,경부선,333.4,시멘트,10.9,상,야간(18-24),0,0,0,0,0
2026-06-21,일,6,장항선,151.2,시멘트,11.3,하,새벽(00-06),0,0,1,0,1
2026-07-20,월,7,호남선,224.7,컨테이너,14.5,상,새벽(00-06),0,1,1,0,0
2026-10-08,목,10,장항선,163.0,철강,16.8,상,야간(18-24),0,0,0,0,0
2026-06-05,금,6,충북선,176.5,시멘트,15.2,상,오후(12-18),0,0,1,0,1
2026-04-15,수,4,장항선,198.3,광석,1.4,하,오전(06-12),0,0,0,0,0
2026-10-18,일,10,중앙선,179.5,철강,13.5,하,새벽(00-06),0,0,0,0,0
2026-11-20,금,11,태백선,116.2,시멘트,8.1,하,오전(06-12),1,1,0,0,1
2026-06-28,일,6,장항선,210.5,컨테이너,8.7,하,새벽(00-06),0,1,1,0,0
2026-01-11,일,1,경부선,355.1,철강,14.7,하,새벽(00-06),0,0,0,1,1
2026-07-02,목,7,중앙선,198.6,시멘트,22.2,하,오전(06-12),0,1,1,0,0
2026-11-21,토,11,경부선,378.9,유류,10.6,상,새벽(00-06),0,0,0,0,1
2026-12-28,월,12,경부선,323.5,시멘트,23.8,하,오후(12-18),0,0,0,1,0
2026-05-27,수,5,태백선,123.1,컨테이너,5.4,하,오후(12-18),0,1,0,0,0
2026-02-24,화,2,경부선,280.1,유류,19.4,상,오후(12-18),0,0,0,1,0
2026-07-28,화,7,전라선,226.2,철강,14.6,상,새벽(00-06),0,0,1,0,0
2026-10-31,토,10,영동선,121.4,컨테이너,13.3,하,새벽(00-06),0,1,0,0,0
2026-12-11,금,12,중앙선,241.9,석탄,20.3,하,야간(18-24),0,1,0,1,0
2026-01-19,월,1,중앙선,194.1,시멘트,8.2,하,오후(12-18),0,0,0,1,0
2026-04-17,금,4,충북선,191.6,시멘트,19.7,상,새벽(00-06),0,1,0,0,0
2026-06-24,수,6,장항선,175.3,유류,10.8,하,오후(12-18),0,1,1,0,0
2026-02-05,목,2,경부선,288.9,컨테이너,8.1,상,오전(06-12),0,0,0,1,0
2026-11-20,금,11,경부선,267.9,컨테이너,4.0,하,새벽(00-06),0,1,0,0,0
2026-02-10,화,2,충북선,148.6,컨테이너,21.5,하,야간(18-24),1,0,0,1,0
2026-08-31,월,8,호남선,176.5,광석,18.8,하,오전(06-12),0,0,1,0,0
2026-12-02,수,12,중앙선,263.6,컨테이너,9.1,하,오전(06-12),0,0,0,1,1
2026-09-08,화,9,중앙선,208.7,석탄,15.3,상,야간(18-24),0,0,0,0,0
2026-10-06,화,10,영동선,108.4,철강,12.8,상,새벽(00-06),1,0,0,0,0
2026-04-07,화,4,경부선,389.1,유류,9.9,상,오후(12-18),0,0,0,0,0
2026-10-30,금,10,경부선,268.1,컨테이너,17.8,하,새벽(00-06),1,1,0,0,0
2026-06-02,화,6,충북선,157.9,컨테이너,8.2,하,야간(18-24),0,1,1,0,0
2026-01-23,금,1,경부선,400.2,기타,1.0,하,오전(06-12),0,0,0,1,0
2026-05-14,목,5,경부선,314.4,시멘트,13.6,하,야간(18-24),0,0,0,0,0
2026-05-08,금,5,충북선,222.5,컨테이너,12.4,상,오전(06-12),0,0,0,0,0
2026-07-10,금,7,전라선,253.0,컨테이너,8.4,상,야간(18-24),0,0,1,0,0
2026-04-07,화,4,충북선,193.9,유류,6.6,하,야간(18-24),0,1,0,0,0
2026-06-18,목,6,중앙선,240.0,광석,2.6,상,새벽(00-06),0,1,1,0,0
2026-06-06,토,6,충북선,161.3,시멘트,9.8,하,오후(12-18),1,1,1,0,0
2026-04-30,목,4,충북선,149.1,시멘트,6.7,상,새벽(00-06),0,1,0,0,0
2026-09-12,토,9,장항선,177.3,석탄,17.8,상,새벽(00-06),0,0,0,0,0
2026-04-22,수,4,장항선,159.9,컨테이너,15.1,상,오전(06-12),1,0,0,0,0
2026-10-07,수,10,전라선,227.4,광석,9.1,상,오후(12-18),1,1,0,0,0
2026-04-02,목,4,부산신항선,10.6,컨테이너,15.1,상,새벽(00-06),0,1,0,0,0
2026-11-12,목,11,태백선,169.3,컨테이너,11.4,상,오후(12-18),0,0,0,0,0
2026-05-14,목,5,경부선,343.9,컨테이너,10.4,상,야간(18-24),0,0,0,0,0
2026-01-15,목,1,호남선,267.3,컨테이너,11.7,하,오전(06-12),0,0,0,1,0
2026-02-24,화,2,부산신항선,5.0,시멘트,22.6,상,새벽(00-06),0,1,0,1,0
2026-10-22,목,10,중앙선,150.7,철강,15.9,하,오후(12-18),1,0,0,0,0
2026-11-15,일,11,경부선,306.0,시멘트,10.2,하,새벽(00-06),0,0,0,0,0
2026-03-19,목,3,충북선,198.6,석탄,17.4,상,새벽(00-06),0,0,0,0,0
2026-08-08,토,8,중앙선,189.5,컨테이너,17.1,상,새벽(00-06),0,0,1,0,0
2026-07-29,수,7,장항선,150.2,시멘트,13.6,하,새벽(00-06),0,1,1,0,0
2026-02-18,수,2,충북선,155.2,시멘트,10.0,하,오후(12-18),0,1,0,1,1
2026-06-14,일,6,경부선,272.3,시멘트,9.6,상,오전(06-12),0,0,1,0,0
2026-09-11,금,9,경부선,264.5,컨테이너,5.5,상,야간(18-24),0,0,0,0,0
2026-12-20,일,12,부산신항선,16.6,철강,13.1,상,오후(12-18),0,1,0,1,0
2026-11-06,금,11,경부선,306.1,컨테이너,8.3,상,야간(18-24),0,0,0,0,0
2026-02-05,목,2,전라선,234.6,컨테이너,9.4,하,오후(12-18),0,1,0,1,0
2026-03-28,토,3,경부선,316.5,컨테이너,15.7,하,새벽(00-06),0,0,0,0,1
2026-06-09,화,6,중앙선,184.5,석탄,22.1,상,새벽(00-06),0,0,1,0,1
2026-02-24,화,2,충북선,140.3,컨테이너,14.2,하,새벽(00-06),0,0,0,1,0
2026-07-28,화,7,경부선,307.8,컨테이너,11.4,하,오후(12-18),0,0,1,0,0
2026-01-04,일,1,전라선,239.5,시멘트,11.9,하,오후(12-18),0,0,0,1,0
2026-02-11,수,2,전라선,272.0,시멘트,18.8,상,새벽(00-06),0,1,0,1,1
2026-01-18,일,1,경부선,358.1,컨테이너,14.3,하,오후(12-18),0,0,0,1,1
2026-04-18,토,4,중앙선,150.6,석탄,13.2,상,새벽(00-06),1,1,0,0,0
2026-10-06,화,10,전라선,259.1,석탄,13.6,상,오후(12-18),0,0,0,0,0
2026-03-06,금,3,전라선,243.7,컨테이너,3.4,하,오전(06-12),0,1,0,0,1
2026-12-27,일,12,충북선,145.7,컨테이너,14.3,상,새벽(00-06),0,0,0,1,1
2026-04-09,목,4,장항선,183.2,시멘트,6.7,하,오전(06-12),0,1,0,0,0
2026-01-17,토,1,경부선,343.1,기타,14.4,하,야간(18-24),0,0,0,1,0
2026-05-03,일,5,경부선,322.1,철강,7.6,하,오후(12-18),0,0,0,0,0
2026-10-01,목,10,전라선,243.8,컨테이너,15.5,하,오전(06-12),0,0,0,0,0
2026-02-08,일,2,전라선,203.5,기타,11.1,상,오전(06-12),0,1,0,1,0
2026-01-27,화,1,태백선,175.4,시멘트,5.1,상,오전(06-12),0,0,0,1,0
2026-11-07,토,11,경부선,243.0,시멘트,10.3,상,새벽(00-06),0,1,0,0,0
2026-08-05,수,8,충북선,175.7,광석,25.0,상,오후(12-18),0,1,1,0,0
2026-05-06,수,5,전라선,240.4,철강,1.0,상,새벽(00-06),0,0,0,0,0
2026-10-03,토,10,경부선,345.9,시멘트,13.0,하,오전(06-12),0,1,0,0,0
2026-11-05,목,11,충북선,143.6,시멘트,5.9,상,새벽(00-06),0,0,0,0,0
2026-05-12,화,5,충북선,190.5,기타,20.3,상,야간(18-24),0,0,0,0,0
2026-07-24,금,7,경부선,315.9,컨테이너,16.9,상,새벽(00-06),0,0,1,0,0
2026-01-04,일,1,중앙선,151.8,시멘트,13.1,상,오전(06-12),0,0,0,1,1
2026-04-22,수,4,경부선,276.4,시멘트,17.5,상,오전(06-12),0,0,0,0,0
2026-08-06,목,8,부산신항선,11.0,기타,13.5,상,야간(18-24),0,0,1,0,0
2026-03-13,금,3,경부선,256.3,컨테이너,12.0,하,야간(18-24),0,1,0,0,0
2026-12-28,월,12,경부선,392.2,컨테이너,8.4,상,새벽(00-06),0,0,0,1,0
2026-12-21,월,12,경부선,362.2,시멘트,9.8,상,새벽(00-06),0,0,0,1,0
2026-04-05,일,4,경부선,393.3,컨테이너,9.2,상,오후(12-18),0,0,0,0,0
2026-05-25,월,5,경부선,389.1,석탄,12.1,하,새벽(00-06),1,0,0,0,0
2026-03-11,수,3,충북선,152.5,시멘트,1.0,상,새벽(00-06),0,0,0,0,0
2026-07-03,금,7,경부선,285.4,유류,18.2,상,새벽(00-06),0,1,1,0,0
2026-02-15,일,2,경부선,213.1,철강,23.7,하,새벽(00-06),0,0,0,1,0
2026-05-23,토,5,경부선,304.0,시멘트,9.4,하,오후(12-18),0,0,0,0,0
2026-07-22,수,7,중앙선,255.1,유류,19.0,상,오전(06-12),0,0,1,0,0
2026-08-12,수,8,경부선,287.1,컨테이너,11.2,하,오전(06-12),0,0,1,0,0
2026-08-06,목,8,충북선,156.1,시멘트,8.4,하,새벽(00-06),0,0,1,0,0
2026-03-22,일,3,전라선,212.8,시멘트,9.7,하,새벽(00-06),0,0,0,0,0
2026-10-17,토,10,전라선,240.6,컨테이너,12.5,하,야간(18-24),0,0,0,0,1
2026-09-10,목,9,경부선,371.6,컨테이너,7.7,상,오전(06-12),0,1,0,0,0
2026-10-02,금,10,태백선,104.7,시멘트,15.6,상,야간(18-24),0,1,0,0,1
2026-06-20,토,6,전라선,189.0,시멘트,8.9,상,야간(18-24),0,0,1,0,0
2026-11-22,일,11,경부선,379.7,석탄,5.6,하,오전(06-12),0,0,0,0,0
2026-05-23,토,5,중앙선,219.0,컨테이너,11.9,하,야간(18-24),0,0,0,0,0
2026-10-22,목,10,장항선,174.4,컨테이너,7.8,상,새벽(00-06),0,1,0,0,0
2026-03-16,월,3,중앙선,253.0,기타,10.0,하,오전(06-12),0,0,0,0,0
2026-04-01,수,4,중앙선,145.5,컨테이너,11.7,상,오후(12-18),0,0,0,0,0
2026-07-12,일,7,충북선,184.6,기타,4.0,상,새벽(00-06),0,0,1,0,0
2026-07-22,수,7,경부선,317.5,철강,20.8,상,오후(12-18),1,1,1,0,1
2026-09-30,수,9,영동선,118.9,석탄,16.9,상,야간(18-24),0,0,0,0,0
2026-04-19,일,4,경부선,224.7,컨테이너,8.2,하,야간(18-24),1,0,0,0,0
2026-11-15,일,11,경부선,309.8,유류,11.9,상,오전(06-12),0,0,0,0,0
2026-05-01,금,5,경부선,349.7,광석,15.8,상,오후(12-18),0,0,0,0,0
2026-07-14,화,7,중앙선,191.1,철강,13.3,하,오후(12-18),0,0,1,0,0
2026-12-07,월,12,부산신항선,14.4,석탄,23.3,하,오전(06-12),0,0,0,1,0
2026-07-16,목,7,태백선,159.9,시멘트,10.6,하,오전(06-12),0,1,1,0,0
2026-09-06,일,9,부산신항선,7.7,컨테이너,19.1,상,오후(12-18),1,1,0,0,1
2026-11-28,토,11,충북선,181.9,기타,4.0,하,오전(06-12),0,0,0,0,0
2026-12-22,화,12,중앙선,158.6,컨테이너,4.9,상,오후(12-18),0,0,0,1,1
2026-07-02,목,7,중앙선,195.2,시멘트,22.1,하,새벽(00-06),1,0,1,0,1
2026-06-02,화,6,경부선,346.4,시멘트,9.4,상,오후(12-18),0,0,1,0,0
2026-03-13,금,3,부산신항선,8.1,철강,5.0,하,오전(06-12),0,0,0,0,0
2026-07-16,목,7,중앙선,220.8,철강,11.7,상,새벽(00-06),0,0,1,0,0
2026-12-02,수,12,중앙선,175.6,석탄,19.6,하,야간(18-24),0,0,0,1,0
2026-06-27,토,6,충북선,146.8,컨테이너,7.4,상,오전(06-12),0,0,1,0,0
2026-05-08,금,5,장항선,193.7,컨테이너,11.7,상,오후(12-18),0,1,0,0,0
2026-02-09,월,2,경부선,286.8,컨테이너,1.0,상,새벽(00-06),0,0,0,1,0
2026-05-23,토,5,전라선,202.8,기타,9.2,하,새벽(00-06),0,0,0,0,0
2026-03-28,토,3,전라선,260.6,컨테이너,18.0,상,야간(18-24),1,1,0,0,1
2026-12-23,수,12,태백선,137.7,기타,7.3,상,오전(06-12),0,0,0,1,0
2026-07-12,일,7,경부선,262.0,컨테이너,4.4,하,새벽(00-06),0,1,1,0,0
2026-02-20,금,2,경부선,354.4,유류,7.3,하,오전(06-12),0,0,0,1,0
2026-01-25,일,1,중앙선,179.1,시멘트,8.3,상,오전(06-12),0,0,0,1,1
2026-11-07,토,11,태백선,107.4,유류,16.6,상,야간(18-24),0,1,0,0,0
2026-12-06,일,12,영동선,72.2,석탄,14.3,하,새벽(00-06),0,0,0,1,0
2026-10-06,화,10,충북선,183.9,철강,15.4,하,오전(06-12),0,1,0,0,0
2026-02-15,일,2,경부선,285.8,철강,12.2,하,오전(06-12),0,0,0,1,1
2026-02-05,목,2,경부선,270.4,컨테이너,8.3,상,새벽(00-06),0,1,0,1,0
2026-03-14,토,3,충북선,177.3,광석,7.3,하,오후(12-18),0,0,0,0,0
2026-10-02,금,10,경부선,352.4,석탄,14.6,하,새벽(00-06),0,0,0,0,0
2026-10-07,수,10,충북선,141.6,컨테이너,21.5,상,새벽(00-06),1,0,0,0,0
2026-11-02,월,11,태백선,153.8,컨테이너,6.4,하,오전(06-12),0,0,0,0,0
2026-02-05,목,2,중앙선,265.2,시멘트,5.9,상,오전(06-12),0,0,0,1,0
2026-02-25,수,2,중앙선,240.4,유류,5.2,하,야간(18-24),0,0,0,1,0
2026-11-25,수,11,경부선,367.8,철강,17.0,상,오후(12-18),1,1,0,0,0
2026-12-05,토,12,경부선,332.8,컨테이너,11.7,상,새벽(00-06),0,0,0,1,0
2026-09-22,화,9,전라선,216.1,석탄,15.3,상,새벽(00-06),0,0,0,0,0
2026-02-08,일,2,중앙선,191.3,컨테이너,9.0,상,오후(12-18),0,1,0,1,1
2026-01-26,월,1,경부선,337.8,컨테이너,15.7,하,새벽(00-06),0,0,0,1,1
2026-01-21,수,1,경부선,269.9,유류,10.3,하,새벽(00-06),1,1,0,1,0
2026-09-10,목,9,경부선,289.4,컨테이너,2.7,하,야간(18-24),0,0,0,0,0
2026-11-05,목,11,전라선,186.6,시멘트,17.5,상,오후(12-18),0,0,0,0,0
2026-08-19,수,8,충북선,167.2,컨테이너,11.8,상,오전(06-12),0,1,1,0,1
2026-04-06,월,4,충북선,163.4,컨테이너,10.1,하,새벽(00-06),0,0,0,0,1
2026-10-04,일,10,중앙선,170.5,컨테이너,13.7,상,야간(18-24),0,1,0,0,0
2026-01-22,목,1,경부선,353.0,컨테이너,3.3,상,오후(12-18),0,0,0,1,0
2026-10-30,금,10,중앙선,156.7,시멘트,14.6,하,오전(06-12),0,0,0,0,0
2026-11-22,일,11,경부선,292.6,광석,8.4,하,오전(06-12),0,1,0,0,0
2026-09-20,일,9,호남선,227.7,컨테이너,11.1,상,야간(18-24),0,0,0,0,0
2026-11-17,화,11,경부선,357.4,유류,18.8,상,새벽(00-06),1,1,0,0,1
2026-08-02,일,8,중앙선,165.4,석탄,15.9,하,오후(12-18),0,0,1,0,0
2026-06-20,토,6,경부선,329.5,컨테이너,10.9,상,야간(18-24),0,0,1,0,1
2026-04-28,화,4,장항선,164.0,컨테이너,11.4,하,오전(06-12),0,1,0,0,0
2026-12-03,목,12,경부선,312.3,컨테이너,1.0,하,야간(18-24),0,1,0,1,0
2026-09-12,토,9,호남선,211.8,철강,7.1,하,새벽(00-06),0,0,0,0,0
2026-03-11,수,3,경부선,342.6,철강,13.0,하,오후(12-18),0,0,0,0,0
2026-12-16,수,12,태백선,141.9,컨테이너,7.4,상,오전(06-12),0,1,0,1,0
2026-01-22,목,1,전라선,237.6,컨테이너,4.0,상,오전(06-12),0,1,0,1,0
2026-08-03,월,8,경부선,277.1,컨테이너,14.9,상,오후(12-18),0,1,1,0,0
2026-03-11,수,3,경부선,335.7,석탄,19.8,상,오후(12-18),0,1,0,0,1
2026-08-31,월,8,중앙선,212.6,컨테이너,7.7,하,오전(06-12),0,0,1,0,0
2026-05-31,일,5,태백선,149.3,시멘트,17.3,상,오전(06-12),0,1,0,0,0
2026-06-09,화,6,태백선,121.1,석탄,16.3,상,오전(06-12),0,1,1,0,0
2026-09-03,목,9,경부선,356.8,석탄,6.1,하,야간(18-24),0,0,0,0,0
2026-10-03,토,10,중앙선,147.2,컨테이너,7.6,하,야간(18-24),1,1,0,0,0
2026-05-19,화,5,경부선,303.0,시멘트,22.8,상,오전(06-12),0,0,0,0,0
2026-12-31,목,12,경부선,309.2,시멘트,5.3,상,오전(06-12),0,0,0,1,0
2026-07-01,수,7,전라선,191.5,유류,8.3,하,야간(18-24),0,0,1,0,0
2026-02-28,토,2,중앙선,183.1,시멘트,23.8,상,야간(18-24),1,0,0,1,1
2026-01-03,토,1,경부선,329.1,시멘트,8.6,상,오후(12-18),0,0,0,1,1
2026-03-15,일,3,태백선,99.0,컨테이너,20.1,상,오후(12-18),0,1,0,0,0
2026-09-10,목,9,장항선,171.7,석탄,5.9,상,새벽(00-06),0,0,0,0,0
2026-07-16,목,7,장항선,144.6,석탄,12.8,하,새벽(00-06),0,0,1,0,0
2026-05-04,월,5,경부선,401.9,철강,18.5,상,오전(06-12),0,0,0,0,0
2026-06-25,목,6,부산신항선,11.2,석탄,9.2,상,오전(06-12),0,1,1,0,0
2026-11-02,월,11,충북선,164.4,유류,12.6,하,오후(12-18),0,1,0,0,0
2026-07-28,화,7,충북선,167.1,유류,16.5,상,야간(18-24),0,0,1,0,0
2026-01-22,목,1,경부선,344.4,컨테이너,6.6,상,야간(18-24),1,0,0,1,1
2026-01-18,일,1,부산신항선,13.5,컨테이너,25.0,상,새벽(00-06),0,0,0,1,0
2026-06-25,목,6,충북선,122.2,광석,18.2,상,오후(12-18),0,0,1,0,0
2026-05-28,목,5,태백선,161.7,철강,9.9,하,야간(18-24),1,0,0,0,0
2026-11-07,토,11,전라선,266.8,기타,10.6,하,새벽(00-06),0,0,0,0,1
2026-08-01,토,8,장항선,178.3,시멘트,23.5,하,새벽(00-06),0,1,1,0,0
2026-10-04,일,10,전라선,225.8,기타,9.9,상,야간(18-24),0,0,0,0,0
2026-08-02,일,8,호남선,130.6,컨테이너,9.2,상,새벽(00-06),0,1,1,0,0
2026-05-07,목,5,경부선,270.4,시멘트,18.9,하,오후(12-18),0,0,0,0,0
2026-08-28,금,8,경부선,341.0,시멘트,3.6,상,오전(06-12),1,0,1,0,1
2026-08-15,토,8,전라선,265.4,컨테이너,11.5,상,오전(06-12),0,0,1,0,1
2026-09-20,일,9,충북선,179.5,컨테이너,12.5,하,야간(18-24),0,0,0,0,1
2026-03-11,수,3,충북선,159.4,컨테이너,7.8,하,오전(06-12),0,0,0,0,1
2026-08-23,일,8,전라선,287.2,컨테이너,2.6,하,오전(06-12),0,1,1,0,0
2026-04-15,수,4,충북선,186.4,광석,12.4,상,새벽(00-06),0,0,0,0,0
2026-10-16,금,10,장항선,171.7,기타,16.1,상,새벽(00-06),0,0,0,0,0
2026-10-19,월,10,중앙선,269.7,광석,7.9,상,오전(06-12),0,0,0,0,0
2026-08-17,월,8,태백선,113.6,기타,4.9,상,오후(12-18),0,0,1,0,1
2026-12-12,토,12,경부선,261.3,유류,19.5,하,새벽(00-06),0,0,0,1,0
2026-07-16,목,7,충북선,150.8,광석,15.2,하,오전(06-12),0,0,1,0,0
2026-01-10,토,1,부산신항선,8.3,컨테이너,9.8,상,오전(06-12),0,0,0,1,0
2026-08-10,월,8,경부선,305.6,컨테이너,17.5,하,야간(18-24),0,0,1,0,0
2026-10-11,일,10,중앙선,221.2,유류,13.5,상,새벽(00-06),0,1,0,0,0
2026-02-06,금,2,중앙선,192.1,시멘트,22.7,상,야간(18-24),0,0,0,1,1
2026-02-08,일,2,충북선,161.1,철강,16.0,상,야간(18-24),1,0,0,1,0
2026-04-10,금,4,중앙선,195.4,시멘트,3.7,상,새벽(00-06),0,0,0,0,1
2026-11-05,목,11,경부선,227.7,컨테이너,8.0,하,오전(06-12),0,1,0,0,0
2026-07-12,일,7,부산신항선,6.1,컨테이너,8.3,하,오후(12-18),0,0,1,0,1
2026-12-23,수,12,경부선,304.8,철강,13.9,하,새벽(00-06),0,0,0,1,0
2026-11-15,일,11,충북선,140.2,시멘트,10.2,상,야간(18-24),1,1,0,0,1
2026-07-22,수,7,충북선,155.5,시멘트,5.2,상,야간(18-24),0,0,1,0,0
2026-09-05,토,9,경부선,376.4,석탄,15.5,하,오후(12-18),0,0,0,0,0
2026-05-01,금,5,경부선,317.2,시멘트,18.0,하,새벽(00-06),0,0,0,0,1
2026-02-02,월,2,영동선,90.0,시멘트,11.4,하,새벽(00-06),0,0,0,1,0
2026-05-26,화,5,전라선,205.6,석탄,13.3,하,오전(06-12),0,0,0,0,1
2026-08-05,수,8,경부선,388.6,시멘트,6.2,상,새벽(00-06),0,0,1,0,0
2026-03-08,일,3,장항선,210.2,광석,8.9,하,야간(18-24),1,0,0,0,1
2026-03-22,일,3,충북선,176.2,시멘트,9.1,상,오전(06-12),0,1,0,0,0
2026-01-06,화,1,경부선,257.7,기타,15.4,상,오후(12-18),0,0,0,1,0
2026-09-25,금,9,전라선,238.6,유류,13.5,상,오후(12-18),0,0,0,0,0
2026-11-25,수,11,중앙선,206.7,광석,10.0,상,새벽(00-06),0,1,0,0,0
2026-10-30,금,10,경부선,321.2,철강,9.8,하,오후(12-18),0,0,0,0,0
2026-05-19,화,5,부산신항선,8.9,시멘트,1.0,하,야간(18-24),0,1,0,0,0
2026-08-05,수,8,경부선,305.7,시멘트,21.6,하,오전(06-12),0,0,1,0,1
2026-12-17,목,12,경부선,294.6,시멘트,1.0,상,오후(12-18),0,1,0,1,1
2026-08-04,화,8,경부선,274.4,컨테이너,14.5,하,새벽(00-06),0,0,1,0,1
2026-04-18,토,4,장항선,206.9,컨테이너,12.2,하,오후(12-18),1,0,0,0,0
2026-05-04,월,5,전라선,255.9,컨테이너,10.4,하,야간(18-24),0,0,0,0,0
2026-09-23,수,9,부산신항선,9.7,철강,12.0,상,오후(12-18),0,1,0,0,0
2026-06-12,금,6,경부선,334.3,컨테이너,8.0,하,새벽(00-06),0,0,1,0,0
2026-11-02,월,11,장항선,187.4,시멘트,15.9,상,오전(06-12),0,1,0,0,0
2026-11-12,목,11,충북선,219.9,컨테이너,4.1,하,야간(18-24),0,0,0,0,0
2026-01-14,수,1,중앙선,223.8,컨테이너,14.0,상,오후(12-18),0,1,0,1,1
2026-09-22,화,9,경부선,353.6,시멘트,7.9,상,오전(06-12),0,0,0,0,0
2026-05-16,토,5,태백선,136.3,유류,9.4,상,오후(12-18),0,1,0,0,0
2026-07-09,목,7,경부선,302.8,시멘트,9.6,하,새벽(00-06),0,0,1,0,0
2026-04-07,화,4,충북선,195.9,광석,11.0,하,야간(18-24),0,0,0,0,0
2026-05-15,금,5,충북선,177.6,컨테이너,15.0,상,오전(06-12),0,0,0,0,0
2026-05-01,금,5,경부선,287.0,시멘트,11.8,하,새벽(00-06),0,1,0,0,0
2026-01-19,월,1,영동선,116.6,컨테이너,17.6,하,새벽(00-06),0,0,0,1,0
2026-10-13,화,10,태백선,152.2,컨테이너,18.3,하,새벽(00-06),0,1,0,0,0
2026-02-22,일,2,중앙선,119.9,컨테이너,13.9,상,오후(12-18),1,0,0,1,1
2026-05-18,월,5,전라선,201.7,컨테이너,16.1,상,오후(12-18),0,0,0,0,1
2026-03-12,목,3,중앙선,206.0,철강,24.1,상,오후(12-18),0,1,0,0,0
2026-02-28,토,2,장항선,141.1,석탄,3.5,상,오전(06-12),0,0,0,1,0
2026-05-17,일,5,경부선,249.6,컨테이너,18.5,상,야간(18-24),0,0,0,0,0
2026-12-02,수,12,중앙선,183.8,광석,21.3,하,야간(18-24),0,1,0,1,0
2026-12-11,금,12,중앙선,210.5,석탄,14.6,상,오후(12-18),0,1,0,1,0
2026-05-20,수,5,중앙선,212.1,컨테이너,23.4,하,오후(12-18),0,0,0,0,0
2026-07-04,토,7,중앙선,248.7,시멘트,22.6,하,새벽(00-06),1,1,1,0,1
2026-12-26,토,12,경부선,323.5,컨테이너,10.0,상,야간(18-24),0,0,0,1,0
2026-03-27,금,3,영동선,104.2,유류,10.4,하,새벽(00-06),0,0,0,0,0
2026-12-11,금,12,경부선,267.9,시멘트,15.2,상,야간(18-24),0,0,0,1,0
2026-02-08,일,2,경부선,304.8,컨테이너,8.3,하,오전(06-12),0,0,0,1,0
2026-03-24,화,3,중앙선,218.1,컨테이너,25.0,하,새벽(00-06),1,1,0,0,0
2026-05-04,월,5,충북선,180.1,컨테이너,16.7,상,새벽(00-06),0,0,0,0,0
2026-01-14,수,1,경부선,330.8,시멘트,12.3,상,야간(18-24),0,0,0,1,0
2026-10-25,일,10,충북선,175.0,시멘트,3.5,하,오후(12-18),0,0,0,0,1
2026-11-09,월,11,전라선,267.7,기타,13.5,상,오전(06-12),0,0,0,0,0
2026-05-20,수,5,경부선,323.2,컨테이너,4.9,하,야간(18-24),0,0,0,0,1
2026-11-02,월,11,영동선,130.3,컨테이너,16.6,상,오전(06-12),0,1,0,0,0
2026-10-09,금,10,중앙선,167.9,컨테이너,1.0,상,야간(18-24),0,0,0,0,0
2026-10-20,화,10,충북선,159.5,시멘트,20.3,상,야간(18-24),0,0,0,0,1
2026-10-20,화,10,경부선,301.0,석탄,9.5,하,야간(18-24),0,0,0,0,0
2026-07-29,수,7,전라선,253.2,기타,1.8,하,새벽(00-06),0,0,1,0,1
2026-02-10,화,2,태백선,115.2,철강,11.9,상,야간(18-24),0,0,0,1,0
2026-12-04,금,12,경부선,307.3,컨테이너,12.1,상,오후(12-18),0,0,0,1,0
2026-08-11,화,8,경부선,245.8,광석,11.6,하,오전(06-12),1,0,1,0,1
2026-11-25,수,11,경부선,344.0,유류,20.3,상,야간(18-24),1,0,0,0,0
2026-12-17,목,12,경부선,370.1,컨테이너,14.3,상,새벽(00-06),1,1,0,1,1
2026-03-10,화,3,영동선,123.5,광석,16.8,상,새벽(00-06),0,0,0,0,0
2026-05-27,수,5,충북선,181.6,철강,10.5,하,오후(12-18),0,0,0,0,0
2026-03-12,목,3,충북선,182.3,철강,14.6,상,오후(12-18),0,0,0,0,1
2026-01-19,월,1,호남선,225.7,시멘트,4.1,하,오전(06-12),0,1,0,1,1
2026-12-19,토,12,태백선,147.8,컨테이너,13.5,상,오후(12-18),0,0,0,1,0
2026-12-04,금,12,태백선,149.1,철강,7.5,상,야간(18-24),0,1,0,1,1
2026-12-07,월,12,중앙선,170.4,시멘트,19.9,상,새벽(00-06),0,0,0,1,0
2026-11-19,목,11,중앙선,186.3,기타,12.5,상,오전(06-12),0,0,0,0,0
2026-08-25,화,8,경부선,323.0,컨테이너,16.0,상,새벽(00-06),0,0,1,0,0
2026-07-10,금,7,중앙선,181.6,시멘트,13.6,상,야간(18-24),0,1,1,0,0
2026-12-28,월,12,중앙선,138.5,철강,22.8,상,새벽(00-06),0,0,0,1,0
2026-07-21,화,7,경부선,270.8,시멘트,2.6,상,오전(06-12),0,1,1,0,0
2026-08-23,일,8,중앙선,201.3,시멘트,11.3,상,야간(18-24),0,0,1,0,0
2026-03-19,목,3,중앙선,225.0,석탄,6.2,하,오후(12-18),1,0,0,0,1
2026-09-30,수,9,중앙선,193.6,철강,1.0,상,새벽(00-06),0,0,0,0,0
2026-10-27,화,10,경부선,430.8,시멘트,5.8,하,야간(18-24),0,1,0,0,0
2026-09-05,토,9,중앙선,161.1,컨테이너,19.0,하,새벽(00-06),0,1,0,0,0
2026-07-01,수,7,중앙선,208.9,석탄,11.8,상,오전(06-12),0,1,1,0,0
2026-03-14,토,3,전라선,268.1,시멘트,10.7,상,새벽(00-06),0,1,0,0,0
2026-01-13,화,1,전라선,261.4,철강,16.6,상,오후(12-18),0,1,0,1,0
2026-08-17,월,8,경부선,346.4,석탄,12.7,상,새벽(00-06),0,0,1,0,0
2026-09-07,월,9,경부선,363.0,시멘트,15.7,상,야간(18-24),0,1,0,0,1
2026-10-10,토,10,중앙선,195.2,컨테이너,13.9,상,오후(12-18),0,0,0,0,0
2026-12-13,일,12,경부선,386.7,컨테이너,15.3,하,오전(06-12),0,0,0,1,1
2026-07-01,수,7,중앙선,238.2,컨테이너,9.3,하,야간(18-24),0,1,1,0,0
2026-10-30,금,10,영동선,97.0,시멘트,18.3,상,야간(18-24),0,0,0,0,0
2026-09-19,토,9,경부선,333.1,철강,4.7,상,오전(06-12),1,0,0,0,1
2026-04-12,일,4,중앙선,139.1,기타,11.5,하,오전(06-12),1,0,0,0,1
2026-11-05,목,11,전라선,275.1,시멘트,18.6,하,오전(06-12),0,1,0,0,0
2026-01-20,화,1,충북선,166.9,철강,11.1,하,오전(06-12),0,1,0,1,0
2026-08-07,금,8,경부선,374.2,석탄,9.4,하,야간(18-24),0,1,1,0,0
2026-12-10,목,12,경부선,315.8,시멘트,25.0,상,새벽(00-06),0,0,0,1,0
2026-08-29,토,8,호남선,161.8,시멘트,20.5,하,오전(06-12),1,1,1,0,0
2026-12-09,수,12,경부선,425.7,시멘트,12.8,상,야간(18-24),0,0,0,1,0
2026-01-21,수,1,충북선,164.6,시멘트,6.2,하,야간(18-24),0,0,0,1,0
2026-07-14,화,7,장항선,159.6,광석,1.0,하,새벽(00-06),0,0,1,0,0
2026-10-12,월,10,경부선,366.0,시멘트,16.3,하,새벽(00-06),0,0,0,0,0
2026-08-23,일,8,전라선,290.5,컨테이너,19.6,하,야간(18-24),0,0,1,0,0
2026-11-18,수,11,경부선,312.1,시멘트,14.4,상,야간(18-24),0,1,0,0,0
2026-06-18,목,6,경부선,316.2,기타,1.7,상,오후(12-18),0,0,1,0,0
2026-09-07,월,9,중앙선,201.6,컨테이너,13.0,상,오후(12-18),0,0,0,0,1
2026-06-03,수,6,영동선,93.1,기타,9.1,상,새벽(00-06),0,0,1,0,0
2026-11-15,일,11,경부선,292.6,기타,13.0,상,야간(18-24),0,0,0,0,0
2026-02-13,금,2,경부선,391.5,시멘트,23.7,하,오후(12-18),0,1,0,1,0
2026-04-03,금,4,호남선,204.9,컨테이너,16.7,상,오후(12-18),1,0,0,0,1
2026-02-05,목,2,경부선,286.7,컨테이너,15.5,상,야간(18-24),0,0,0,1,0
2026-09-14,월,9,부산신항선,9.2,컨테이너,11.7,하,야간(18-24),0,0,0,0,0
2026-03-26,목,3,전라선,261.6,시멘트,14.5,상,새벽(00-06),0,0,0,0,0
2026-04-26,일,4,충북선,111.9,철강,7.7,상,새벽(00-06),0,0,0,0,0
2026-11-02,월,11,장항선,184.7,광석,15.3,상,새벽(00-06),0,0,0,0,0
2026-05-12,화,5,전라선,303.3,컨테이너,10.8,하,야간(18-24),0,0,0,0,0
2026-02-23,월,2,경부선,401.4,시멘트,7.1,상,오전(06-12),0,0,0,1,0
2026-01-08,목,1,영동선,118.4,시멘트,16.9,상,오후(12-18),1,0,0,1,0
2026-03-24,화,3,호남선,241.1,시멘트,1.0,하,오전(06-12),0,1,0,0,0
2026-11-30,월,11,부산신항선,14.5,시멘트,8.7,상,오전(06-12),0,0,0,0,0
2026-07-20,월,7,충북선,158.2,광석,15.7,하,오전(06-12),0,0,1,0,0
2026-12-30,수,12,충북선,184.4,시멘트,19.3,상,야간(18-24),1,0,0,1,0
2026-03-20,금,3,충북선,206.0,컨테이너,14.8,하,오전(06-12),1,1,0,0,0
2026-05-09,토,5,경부선,269.6,석탄,8.0,상,야간(18-24),0,0,0,0,1
2026-03-01,일,3,중앙선,213.5,컨테이너,11.7,상,새벽(00-06),0,0,0,0,0
2026-05-26,화,5,충북선,170.3,광석,13.7,상,오전(06-12),0,0,0,0,0
2026-07-25,토,7,전라선,232.5,광석,21.4,상,새벽(00-06),1,0,1,0,1
2026-10-22,목,10,중앙선,193.8,컨테이너,17.5,상,새벽(00-06),0,0,0,0,1
2026-05-15,금,5,중앙선,201.4,시멘트,17.6,상,오후(12-18),0,1,0,0,0
2026-10-09,금,10,충북선,169.2,철강,12.4,상,새벽(00-06),0,0,0,0,0
2026-08-17,월,8,중앙선,232.5,시멘트,5.6,상,오전(06-12),0,0,1,0,0
2026-04-17,금,4,영동선,116.9,시멘트,3.6,상,새벽(00-06),0,1,0,0,0
2026-11-29,일,11,전라선,224.1,기타,10.2,하,야간(18-24),0,0,0,0,0
2026-06-08,월,6,경부선,286.6,컨테이너,16.2,상,새벽(00-06),0,0,1,0,0
2026-02-25,수,2,경부선,301.3,시멘트,9.0,상,야간(18-24),0,1,0,1,0
2026-12-18,금,12,전라선,237.2,컨테이너,15.4,하,야간(18-24),0,0,0,1,0
2026-11-30,월,11,중앙선,168.6,컨테이너,7.2,상,야간(18-24),0,1,0,0,1
2026-01-19,월,1,태백선,154.4,유류,8.2,상,오후(12-18),0,1,0,1,0
2026-11-26,목,11,경부선,337.4,철강,20.4,상,오후(12-18),0,1,0,0,0
2026-12-12,토,12,경부선,365.9,석탄,16.6,하,오후(12-18),0,0,0,1,0
2026-10-30,금,10,중앙선,170.9,컨테이너,10.2,상,야간(18-24),0,1,0,0,0
2026-04-04,토,4,전라선,204.5,유류,7.0,하,야간(18-24),0,0,0,0,0
2026-08-19,수,8,영동선,126.8,컨테이너,17.7,하,오전(06-12),0,0,1,0,0
2026-07-16,목,7,부산신항선,11.0,시멘트,17.3,상,오후(12-18),0,1,1,0,0
2026-08-15,토,8,중앙선,186.2,컨테이너,15.8,하,야간(18-24),0,0,1,0,0
2026-08-14,금,8,장항선,193.6,시멘트,10.9,하,새벽(00-06),0,0,1,0,0
2026-08-22,토,8,경부선,346.7,시멘트,5.4,하,오후(12-18),1,0,1,0,1
2026-07-07,화,7,충북선,129.9,시멘트,11.9,상,새벽(00-06),0,1,1,0,0
2026-09-10,목,9,호남선,242.8,시멘트,20.4,상,오전(06-12),0,0,0,0,0
2026-07-12,일,7,중앙선,178.9,시멘트,6.5,하,오후(12-18),0,0,1,0,0
2026-01-07,수,1,호남선,250.7,석탄,12.3,상,오전(06-12),1,0,0,1,0
2026-01-13,화,1,경부선,266.9,시멘트,21.8,하,새벽(00-06),0,0,0,1,0
2026-12-16,수,12,경부선,332.9,유류,10.2,하,야간(18-24),0,0,0,1,0
2026-11-28,토,11,충북선,156.7,컨테이너,11.2,상,새벽(00-06),1,0,0,0,0
2026-08-02,일,8,부산신항선,5.0,컨테이너,3.9,하,오전(06-12),0,0,1,0,0
2026-03-05,목,3,중앙선,216.3,컨테이너,15.7,하,새벽(00-06),1,1,0,0,0
2026-10-13,화,10,장항선,141.1,컨테이너,7.6,하,야간(18-24),0,1,0,0,1
2026-02-22,일,2,경부선,308.5,시멘트,2.7,하,오전(06-12),0,0,0,1,0
2026-05-18,월,5,장항선,201.7,컨테이너,6.3,상,야간(18-24),0,0,0,0,0
2026-05-01,금,5,충북선,148.0,컨테이너,13.3,하,오전(06-12),0,0,0,0,0
2026-01-05,월,1,경부선,284.1,컨테이너,2.5,하,오전(06-12),0,1,0,1,0
2026-10-22,목,10,전라선,253.4,시멘트,3.7,상,새벽(00-06),1,1,0,0,0
2026-07-06,월,7,전라선,221.9,철강,15.4,상,오전(06-12),0,1,1,0,0
2026-04-26,일,4,충북선,151.2,시멘트,11.6,하,야간(18-24),0,0,0,0,0
2026-07-05,일,7,경부선,371.2,기타,6.5,상,오후(12-18),0,1,1,0,0
2026-01-01,목,1,경부선,273.5,컨테이너,10.1,하,새벽(00-06),0,0,0,1,1
2026-06-09,화,6,호남선,196.7,시멘트,22.4,하,오전(06-12),0,1,1,0,0
2026-07-09,목,7,전라선,255.4,컨테이너,19.7,하,오전(06-12),0,1,1,0,0
2026-05-04,월,5,장항선,155.0,철강,11.4,하,오후(12-18),0,0,0,0,0
2026-10-31,토,10,전라선,282.7,컨테이너,16.9,상,야간(18-24),0,0,0,0,0
2026-04-02,목,4,태백선,131.2,기타,12.7,상,오후(12-18),0,0,0,0,0
2026-02-20,금,2,경부선,355.2,철강,1.4,하,야간(18-24),0,0,0,1,0
2026-07-12,일,7,중앙선,223.8,시멘트,1.0,하,오후(12-18),0,0,1,0,1
2026-11-20,금,11,전라선,224.8,시멘트,6.5,상,오전(06-12),0,1,0,0,0
2026-05-17,일,5,경부선,301.0,시멘트,2.5,상,오전(06-12),0,0,0,0,1
2026-01-18,일,1,경부선,318.5,컨테이너,13.6,하,야간(18-24),0,0,0,1,1
2026-12-21,월,12,충북선,179.1,광석,8.7,상,새벽(00-06),0,1,0,1,0
2026-06-12,금,6,태백선,115.8,철강,14.6,상,새벽(00-06),0,0,1,0,0
2026-03-05,목,3,전라선,193.3,컨테이너,14.6,하,야간(18-24),0,0,0,0,0
2026-08-13,목,8,경부선,379.6,컨테이너,16.1,하,오전(06-12),0,1,1,0,0
2026-04-27,월,4,영동선,98.8,컨테이너,6.4,하,새벽(00-06),0,0,0,0,0
2026-12-09,수,12,경부선,334.4,철강,15.1,상,야간(18-24),0,1,0,1,1
2026-04-18,토,4,경부선,312.1,시멘트,6.3,상,새벽(00-06),0,0,0,0,0
2026-07-20,월,7,영동선,107.4,석탄,16.3,상,오후(12-18),0,1,1,0,0
2026-07-18,토,7,장항선,208.2,컨테이너,19.3,하,오전(06-12),0,0,1,0,0
2026-03-30,월,3,호남선,206.1,광석,16.3,상,오후(12-18),0,0,0,0,0
2026-07-02,목,7,장항선,172.5,컨테이너,10.9,상,야간(18-24),0,1,1,0,0
2026-02-09,월,2,전라선,221.3,컨테이너,15.4,상,새벽(00-06),0,1,0,1,0
2026-08-23,일,8,경부선,300.1,광석,2.8,하,야간(18-24),0,0,1,0,0
2026-10-04,일,10,중앙선,169.8,철강,1.4,상,오후(12-18),0,0,0,0,1
2026-12-13,일,12,호남선,195.7,시멘트,14.8,하,야간(18-24),0,0,0,1,1
2026-04-29,수,4,태백선,168.8,유류,19.8,하,새벽(00-06),0,0,0,0,0
2026-04-15,수,4,중앙선,218.2,컨테이너,4.6,하,야간(18-24),0,0,0,0,0
2026-07-20,월,7,중앙선,181.2,컨테이너,12.1,상,야간(18-24),0,1,1,0,0
2026-09-10,목,9,중앙선,227.7,컨테이너,14.6,하,오후(12-18),0,0,0,0,0
2026-12-29,화,12,중앙선,137.7,컨테이너,8.3,상,야간(18-24),0,0,0,1,0
2026-01-10,토,1,태백선,163.0,석탄,10.0,상,오전(06-12),0,1,0,1,0
2026-03-28,토,3,경부선,372.0,시멘트,15.7,상,오후(12-18),0,1,0,0,0
2026-04-06,월,4,중앙선,271.6,시멘트,12.6,하,오후(12-18),0,0,0,0,1
2026-04-04,토,4,호남선,233.5,철강,12.7,상,오전(06-12),0,0,0,0,1
2026-06-19,금,6,충북선,172.2,컨테이너,6.1,하,오후(12-18),0,0,1,0,0
2026-11-15,일,11,중앙선,238.5,컨테이너,11.8,하,오전(06-12),0,0,0,0,0
2026-01-12,월,1,중앙선,171.4,시멘트,9.6,상,야간(18-24),0,0,0,1,0
2026-10-25,일,10,경부선,304.4,철강,9.9,하,야간(18-24),0,0,0,0,0
2026-08-14,금,8,경부선,317.6,시멘트,8.8,상,야간(18-24),0,0,1,0,0
2026-08-13,목,8,경부선,375.0,기타,11.8,하,오후(12-18),0,0,1,0,0
2026-09-05,토,9,경부선,286.0,유류,6.8,상,야간(18-24),0,1,0,0,0
2026-02-12,목,2,경부선,281.7,철강,12.1,상,오전(06-12),0,1,0,1,0
2026-09-30,수,9,중앙선,201.6,철강,9.8,하,오후(12-18),0,0,0,0,0
2026-04-01,수,4,경부선,348.9,시멘트,6.4,상,오전(06-12),0,0,0,0,0
2026-07-08,수,7,호남선,190.6,광석,1.0,상,오후(12-18),0,0,1,0,0
2026-09-05,토,9,경부선,347.0,시멘트,17.7,상,새벽(00-06),0,1,0,0,0
2026-08-09,일,8,중앙선,241.2,시멘트,16.5,하,야간(18-24),1,0,1,0,1
2026-04-28,화,4,부산신항선,14.2,컨테이너,7.2,상,오전(06-12),0,0,0,0,0
2026-05-25,월,5,경부선,334.3,유류,16.1,상,야간(18-24),0,0,0,0,0
2026-06-23,화,6,중앙선,190.1,시멘트,5.9,하,야간(18-24),0,0,1,0,0
2026-01-16,금,1,태백선,170.2,철강,10.2,하,오후(12-18),0,0,0,1,0
2026-09-23,수,9,충북선,161.7,기타,8.8,하,새벽(00-06),0,1,0,0,0
2026-02-06,금,2,경부선,357.8,시멘트,10.3,상,오후(12-18),0,0,0,1,0
2026-06-17,수,6,전라선,288.1,시멘트,15.9,상,야간(18-24),0,0,1,0,0
2026-08-28,금,8,전라선,254.5,컨테이너,9.6,하,오전(06-12),1,1,1,0,0
2026-01-30,금,1,중앙선,158.4,시멘트,10.0,상,오후(12-18),0,0,0,1,0
2026-12-30,수,12,경부선,270.6,석탄,16.5,하,야간(18-24),0,1,0,1,0
2026-05-18,월,5,경부선,308.3,컨테이너,12.4,상,새벽(00-06),0,0,0,0,0
2026-01-06,화,1,태백선,149.7,시멘트,8.4,상,오전(06-12),0,0,0,1,1
2026-08-29,토,8,중앙선,208.9,시멘트,13.4,하,야간(18-24),1,0,1,0,0
2026-07-23,목,7,경부선,408.5,컨테이너,18.0,상,오전(06-12),0,0,1,0,0
2026-08-22,토,8,충북선,172.2,컨테이너,18.3,상,야간(18-24),0,0,1,0,0
2026-10-02,금,10,부산신항선,9.6,컨테이너,4.1,하,오후(12-18),1,0,0,0,0
2026-06-23,화,6,경부선,274.9,철강,4.4,하,오전(06-12),1,0,1,0,0
2026-10-29,목,10,경부선,367.4,컨테이너,18.0,상,야간(18-24),1,0,0,0,0
2026-05-16,토,5,중앙선,193.1,컨테이너,10.3,상,새벽(00-06),0,0,0,0,0
2026-07-18,토,7,전라선,184.2,시멘트,1.0,하,오전(06-12),0,0,1,0,1
2026-02-27,금,2,중앙선,194.1,석탄,7.6,하,새벽(00-06),0,1,0,1,0
2026-08-15,토,8,부산신항선,7.6,철강,9.4,상,야간(18-24),0,0,1,0,0
2026-04-06,월,4,경부선,303.2,시멘트,10.1,상,새벽(00-06),0,1,0,0,1
2026-09-12,토,9,중앙선,193.5,시멘트,16.6,상,새벽(00-06),0,1,0,0,1
2026-10-20,화,10,중앙선,161.6,철강,6.4,상,새벽(00-06),0,0,0,0,0
2026-11-10,화,11,중앙선,176.2,유류,17.6,하,오후(12-18),0,0,0,0,0
2026-12-06,일,12,중앙선,167.3,석탄,13.7,하,새벽(00-06),0,0,0,1,1
2026-02-14,토,2,장항선,165.3,석탄,4.3,하,오전(06-12),0,0,0,1,0
2026-02-20,금,2,중앙선,158.0,컨테이너,10.1,하,오전(06-12),0,1,0,1,1
2026-12-05,토,12,장항선,169.9,시멘트,15.0,하,오후(12-18),0,0,0,1,1
2026-05-20,수,5,경부선,284.4,유류,12.2,하,오후(12-18),0,1,0,0,0
2026-01-10,토,1,충북선,176.0,컨테이너,14.3,하,오후(12-18),1,0,0,1,1
2026-04-15,수,4,중앙선,200.3,컨테이너,8.5,상,오후(12-18),0,0,0,0,0
2026-11-02,월,11,충북선,191.2,석탄,15.3,상,야간(18-24),0,0,0,0,0
2026-05-10,일,5,경부선,395.7,광석,9.6,하,오후(12-18),0,1,0,0,0
2026-01-29,목,1,호남선,225.1,컨테이너,25.0,하,오후(12-18),0,0,0,1,1
2026-09-21,월,9,부산신항선,11.9,유류,4.1,하,오전(06-12),0,0,0,0,0
2026-03-13,금,3,태백선,150.3,컨테이너,25.0,상,야간(18-24),0,0,0,0,0
2026-05-09,토,5,부산신항선,12.0,유류,6.3,상,야간(18-24),0,0,0,0,0
2026-01-02,금,1,경부선,322.2,유류,19.6,상,오후(12-18),0,0,0,1,0
2026-08-08,토,8,충북선,160.6,철강,17.0,상,오전(06-12),0,0,1,0,0
2026-06-12,금,6,중앙선,157.5,광석,6.5,상,새벽(00-06),0,0,1,0,0
2026-11-13,금,11,부산신항선,13.1,기타,15.6,하,야간(18-24),0,1,0,0,0
2026-05-03,일,5,경부선,318.9,광석,9.0,상,새벽(00-06),0,0,0,0,1
2026-03-16,월,3,경부선,378.2,시멘트,13.6,하,오전(06-12),0,0,0,0,0
2026-03-02,월,3,전라선,256.9,시멘트,12.9,상,오전(06-12),0,0,0,0,0
2026-03-15,일,3,경부선,295.2,컨테이너,9.9,상,오전(06-12),0,0,0,0,1
2026-06-14,일,6,전라선,266.8,컨테이너,9.4,상,오전(06-12),0,0,1,0,1
2026-02-01,일,2,경부선,217.8,석탄,14.0,하,오후(12-18),0,0,0,1,0
2026-05-27,수,5,전라선,287.3,컨테이너,6.6,상,새벽(00-06),0,1,0,0,0
2026-11-08,일,11,부산신항선,6.6,광석,6.8,상,새벽(00-06),0,1,0,0,0
2026-10-08,목,10,충북선,173.7,컨테이너,17.7,하,오후(12-18),0,1,0,0,0
2026-08-21,금,8,경부선,337.3,컨테이너,14.6,하,오후(12-18),0,1,1,0,0
2026-11-22,일,11,경부선,365.1,컨테이너,4.2,상,오후(12-18),0,0,0,0,0
2026-10-12,월,10,경부선,307.1,컨테이너,6.0,하,야간(18-24),1,1,0,0,1
2026-08-27,목,8,경부선,234.4,컨테이너,1.0,하,새벽(00-06),1,1,1,0,1
2026-11-12,목,11,충북선,153.1,시멘트,17.5,하,오전(06-12),0,0,0,0,0
2026-02-15,일,2,중앙선,185.6,컨테이너,16.1,하,오전(06-12),0,0,0,1,0
2026-10-26,월,10,경부선,238.2,철강,5.5,상,새벽(00-06),0,1,0,0,0
2026-04-18,토,4,경부선,322.0,시멘트,15.9,하,야간(18-24),0,0,0,0,0
2026-09-25,금,9,호남선,181.3,철강,23.9,하,새벽(00-06),0,1,0,0,0
2026-11-30,월,11,경부선,346.2,석탄,2.8,상,오전(06-12),0,0,0,0,0
2026-07-01,수,7,중앙선,184.7,컨테이너,8.3,하,새벽(00-06),0,0,1,0,1
2026-02-02,월,2,중앙선,261.9,컨테이너,2.6,상,오전(06-12),0,0,0,1,0
2026-05-16,토,5,경부선,310.0,유류,17.7,상,야간(18-24),0,0,0,0,0
2026-05-29,금,5,호남선,219.0,석탄,11.4,상,오후(12-18),0,0,0,0,0
2026-12-08,화,12,경부선,311.7,컨테이너,9.6,상,오후(12-18),0,0,0,1,0
2026-12-11,금,12,전라선,180.7,석탄,13.4,상,새벽(00-06),0,0,0,1,0
2026-07-27,월,7,충북선,156.2,컨테이너,8.7,하,새벽(00-06),0,0,1,0,1
2026-12-13,일,12,장항선,194.7,컨테이너,9.6,상,오후(12-18),0,0,0,1,0
2026-06-09,화,6,전라선,247.5,컨테이너,13.6,하,새벽(00-06),0,1,1,0,0
2026-05-31,일,5,장항선,173.7,철강,8.3,상,오전(06-12),1,1,0,0,0
2026-11-02,월,11,중앙선,142.3,시멘트,9.2,하,야간(18-24),0,0,0,0,0
2026-09-01,화,9,중앙선,215.9,시멘트,11.1,하,오전(06-12),0,1,0,0,0
2026-07-10,금,7,전라선,242.0,컨테이너,12.5,하,오전(06-12),0,1,1,0,0
2026-06-16,화,6,충북선,182.4,컨테이너,15.6,하,야간(18-24),0,1,1,0,0
2026-09-15,화,9,충북선,154.4,컨테이너,15.5,상,야간(18-24),0,1,0,0,1
2026-10-03,토,10,경부선,252.8,시멘트,3.0,상,새벽(00-06),1,0,0,0,1
2026-06-29,월,6,경부선,341.6,유류,20.4,하,야간(18-24),0,1,1,0,0
2026-01-12,월,1,중앙선,193.0,철강,12.4,상,오전(06-12),0,0,0,1,0
2026-02-07,토,2,경부선,375.9,컨테이너,10.0,하,야간(18-24),0,1,0,1,0
2026-02-22,일,2,중앙선,194.3,컨테이너,6.6,하,오전(06-12),0,0,0,1,0
2026-06-18,목,6,경부선,318.4,컨테이너,23.9,하,야간(18-24),0,0,1,0,0
2026-08-13,목,8,충북선,171.7,유류,25.0,하,야간(18-24),0,0,1,0,0
2026-10-21,수,10,전라선,211.5,시멘트,23.2,상,오전(06-12),0,0,0,0,0
2026-03-26,목,3,충북선,145.2,철강,12.7,하,오전(06-12),0,1,0,0,0
2026-10-15,목,10,전라선,226.5,시멘트,14.1,하,새벽(00-06),0,0,0,0,0
2026-09-01,화,9,경부선,283.4,시멘트,20.9,하,새벽(00-06),0,1,0,0,1
2026-01-19,월,1,경부선,311.0,시멘트,10.6,상,오전(06-12),0,0,0,1,0
2026-05-09,토,5,전라선,287.6,석탄,15.2,하,오전(06-12),0,0,0,0,0
2026-04-21,화,4,장항선,200.5,시멘트,13.4,하,오후(12-18),0,0,0,0,0
2026-11-20,금,11,전라선,238.6,컨테이너,23.5,상,오후(12-18),0,0,0,0,0
2026-12-03,목,12,전라선,276.0,시멘트,20.6,하,새벽(00-06),0,0,0,1,0
2026-10-27,화,10,전라선,204.7,기타,11.2,상,새벽(00-06),1,1,0,0,0
2026-07-12,일,7,전라선,304.1,컨테이너,21.2,상,새벽(00-06),0,1,1,0,1
2026-06-29,월,6,전라선,215.6,철강,12.0,상,오전(06-12),1,0,1,0,0
2026-04-24,금,4,전라선,289.5,광석,8.7,상,오전(06-12),0,0,0,0,0
2026-10-10,토,10,경부선,400.2,시멘트,10.3,상,새벽(00-06),0,0,0,0,1
2026-02-01,일,2,경부선,250.1,시멘트,12.9,상,새벽(00-06),1,0,0,1,0
2026-04-09,목,4,중앙선,244.6,컨테이너,7.3,하,새벽(00-06),0,1,0,0,0
2026-02-19,목,2,충북선,154.2,철강,8.9,하,오전(06-12),0,0,0,1,0
2026-06-30,화,6,장항선,168.2,광석,3.3,하,야간(18-24),1,0,1,0,0
2026-04-20,월,4,중앙선,211.7,기타,7.1,하,야간(18-24),0,1,0,0,0
2026-03-14,토,3,경부선,279.9,컨테이너,13.4,하,오전(06-12),1,1,0,0,0
2026-05-18,월,5,장항선,189.6,광석,18.3,하,오후(12-18),0,0,0,0,1
2026-11-11,수,11,경부선,282.6,시멘트,17.5,상,오후(12-18),0,0,0,0,0
2026-07-23,목,7,태백선,139.0,석탄,14.6,상,오전(06-12),0,1,1,0,0
2026-10-28,수,10,경부선,373.6,컨테이너,2.8,하,야간(18-24),0,1,0,0,1
2026-11-30,월,11,중앙선,206.8,컨테이너,6.8,상,새벽(00-06),0,0,0,0,0
2026-11-26,목,11,중앙선,180.7,석탄,10.8,상,오전(06-12),1,0,0,0,1
2026-05-09,토,5,중앙선,212.2,시멘트,17.8,하,야간(18-24),0,0,0,0,0
2026-11-17,화,11,경부선,263.9,기타,8.7,상,오전(06-12),0,0,0,0,0
2026-11-28,토,11,경부선,286.6,컨테이너,4.7,상,오전(06-12),0,0,0,0,0
2026-12-17,목,12,중앙선,178.2,유류,20.7,하,야간(18-24),0,0,0,1,0
2026-05-09,토,5,중앙선,220.8,시멘트,7.6,하,오전(06-12),0,0,0,0,0
2026-03-25,수,3,장항선,187.7,컨테이너,5.2,상,야간(18-24),1,0,0,0,0
2026-08-02,일,8,경부선,341.6,컨테이너,13.4,상,새벽(00-06),0,1,1,0,0
2026-12-07,월,12,중앙선,192.3,철강,11.7,상,오후(12-18),0,0,0,1,0
2026-11-25,수,11,경부선,288.7,유류,9.0,상,새벽(00-06),0,0,0,0,0
2026-07-28,화,7,호남선,245.4,컨테이너,12.0,상,오전(06-12),0,1,1,0,0
2026-02-24,화,2,장항선,165.6,시멘트,6.4,상,새벽(00-06),0,1,0,1,1
2026-06-04,목,6,영동선,116.1,시멘트,8.9,상,오후(12-18),0,1,1,0,0
2026-09-18,금,9,부산신항선,10.3,석탄,11.8,하,오후(12-18),0,0,0,0,0
2026-07-24,금,7,중앙선,213.0,석탄,1.0,상,오전(06-12),0,0,1,0,0
2026-05-07,목,5,전라선,211.2,유류,17.7,상,야간(18-24),0,0,0,0,1
2026-05-06,수,5,중앙선,230.1,컨테이너,3.8,하,야간(18-24),0,0,0,0,0
2026-01-22,목,1,부산신항선,14.7,컨테이너,6.4,하,오후(12-18),0,1,0,1,0
2026-04-16,목,4,중앙선,228.0,컨테이너,18.0,상,오후(12-18),0,0,0,0,1
2026-09-02,수,9,중앙선,198.8,광석,15.4,상,새벽(00-06),0,0,0,0,0
2026-03-30,월,3,부산신항선,9.3,시멘트,12.5,상,오전(06-12),0,0,0,0,0
2026-12-29,화,12,태백선,191.9,컨테이너,1.8,상,새벽(00-06),0,0,0,1,0
2026-01-31,토,1,영동선,94.9,철강,8.4,상,오전(06-12),1,0,0,1,0
2026-08-03,월,8,경부선,355.4,시멘트,10.7,상,새벽(00-06),0,0,1,0,1
2026-07-01,수,7,경부선,333.5,시멘트,11.1,상,오전(06-12),0,1,1,0,0
2026-11-01,일,11,중앙선,191.1,컨테이너,18.8,하,오후(12-18),0,0,0,0,0
2026-11-21,토,11,중앙선,199.8,철강,24.0,하,새벽(00-06),0,0,0,0,0
2026-07-18,토,7,중앙선,175.4,철강,15.7,상,새벽(00-06),0,1,1,0,0
2026-08-19,수,8,경부선,337.3,컨테이너,8.8,하,오후(12-18),0,0,1,0,0
2026-09-13,일,9,장항선,185.9,컨테이너,19.3,상,새벽(00-06),0,1,0,0,0
2026-07-10,금,7,경부선,427.3,컨테이너,8.5,하,오전(06-12),0,0,1,0,1
2026-03-09,월,3,전라선,261.5,석탄,1.0,하,야간(18-24),0,0,0,0,1
2026-06-06,토,6,태백선,145.8,컨테이너,4.5,하,오전(06-12),0,1,1,0,1
2026-03-30,월,3,충북선,175.7,컨테이너,1.0,상,새벽(00-06),0,1,0,0,0
2026-06-19,금,6,중앙선,257.7,시멘트,9.7,하,야간(18-24),0,1,1,0,0
2026-08-13,목,8,경부선,281.4,기타,10.9,상,오후(12-18),0,0,1,0,0
2026-03-18,수,3,경부선,312.9,시멘트,2.4,상,오후(12-18),0,1,0,0,0
2026-04-02,목,4,전라선,172.2,시멘트,6.9,하,오전(06-12),1,0,0,0,1
2026-10-28,수,10,중앙선,212.9,시멘트,3.4,하,야간(18-24),0,0,0,0,0
2026-05-18,월,5,경부선,354.1,철강,11.2,상,오전(06-12),0,0,0,0,0
2026-03-14,토,3,영동선,94.9,유류,6.9,상,오전(06-12),0,1,0,0,0
2026-09-18,금,9,전라선,272.5,기타,18.1,상,오후(12-18),0,0,0,0,0
2026-09-19,토,9,태백선,121.1,시멘트,13.0,상,새벽(00-06),0,0,0,0,0
2026-10-29,목,10,중앙선,181.3,시멘트,21.6,상,오후(12-18),0,0,0,0,0
2026-10-05,월,10,호남선,211.2,컨테이너,9.3,하,야간(18-24),0,0,0,0,1
2026-12-29,화,12,경부선,384.0,철강,24.9,상,오전(06-12),0,1,0,1,0
2026-07-29,수,7,경부선,285.9,석탄,12.0,하,새벽(00-06),0,0,1,0,0
2026-04-15,수,4,부산신항선,11.5,시멘트,8.8,하,오후(12-18),0,0,0,0,0
2026-11-11,수,11,부산신항선,12.9,시멘트,25.0,상,야간(18-24),0,1,0,0,0
2026-04-07,화,4,중앙선,213.2,컨테이너,1.0,하,새벽(00-06),0,0,0,0,0
2026-04-17,금,4,경부선,344.4,석탄,8.7,하,오후(12-18),0,1,0,0,0
2026-10-30,금,10,중앙선,220.0,컨테이너,2.0,상,새벽(00-06),1,1,0,0,1
2026-11-18,수,11,장항선,168.5,시멘트,1.0,하,야간(18-24),0,0,0,0,0
2026-05-04,월,5,태백선,169.3,컨테이너,1.0,상,새벽(00-06),0,1,0,0,1
2026-09-24,목,9,중앙선,189.4,컨테이너,15.7,상,오후(12-18),0,0,0,0,0
2026-12-03,목,12,경부선,310.4,컨테이너,4.0,상,오후(12-18),0,0,0,1,0
2026-10-19,월,10,전라선,269.8,철강,10.5,하,오전(06-12),0,0,0,0,1
2026-01-02,금,1,전라선,210.5,석탄,17.4,상,야간(18-24),0,1,0,1,0
2026-08-31,월,8,중앙선,204.5,시멘트,14.8,하,야간(18-24),0,1,1,0,0
2026-03-04,수,3,충북선,143.2,시멘트,14.5,상,오전(06-12),0,0,0,0,1
2026-11-05,목,11,영동선,147.6,유류,19.3,하,오전(06-12),0,0,0,0,0
2026-01-25,일,1,경부선,412.5,유류,21.7,상,오후(12-18),0,0,0,1,0
2026-12-29,화,12,충북선,158.5,시멘트,4.5,하,새벽(00-06),0,0,0,1,1
2026-03-06,금,3,충북선,174.3,석탄,14.9,상,오전(06-12),0,0,0,0,0
2026-06-03,수,6,충북선,161.4,철강,10.4,상,새벽(00-06),0,0,1,0,0
2026-03-27,금,3,태백선,128.5,철강,11.1,하,새벽(00-06),0,0,0,0,0
2026-10-25,일,10,충북선,164.3,컨테이너,2.9,하,오후(12-18),0,0,0,0,0
2026-05-24,일,5,충북선,160.3,시멘트,8.8,상,오전(06-12),0,0,0,0,0
2026-09-29,화,9,경부선,259.4,컨테이너,9.5,상,새벽(00-06),0,1,0,0,0
2026-01-25,일,1,전라선,237.3,철강,20.6,하,야간(18-24),0,1,0,1,0
2026-06-15,월,6,경부선,318.5,석탄,5.1,하,새벽(00-06),1,0,1,0,1
2026-11-29,일,11,경부선,332.7,기타,1.0,하,새벽(00-06),0,0,0,0,0
2026-12-05,토,12,중앙선,190.6,컨테이너,12.0,하,오전(06-12),1,0,0,1,1
2026-03-18,수,3,충북선,152.3,시멘트,4.5,하,야간(18-24),0,1,0,0,0
2026-05-24,일,5,영동선,122.9,철강,11.2,하,야간(18-24),0,1,0,0,0
2026-05-30,토,5,전라선,245.4,유류,16.0,상,오전(06-12),0,1,0,0,0
2026-07-26,일,7,태백선,163.4,유류,11.4,상,오후(12-18),0,0,1,0,0
2026-07-16,목,7,중앙선,210.6,컨테이너,9.4,하,오전(06-12),0,1,1,0,0
2026-02-08,일,2,충북선,156.4,기타,11.1,상,오후(12-18),0,0,0,1,0
2026-10-06,화,10,영동선,119.1,기타,17.1,하,오전(06-12),0,0,0,0,0
2026-03-24,화,3,중앙선,124.0,기타,5.1,상,새벽(00-06),0,1,0,0,0
2026-04-25,토,4,장항선,221.7,석탄,16.4,상,야간(18-24),0,1,0,0,0
2026-11-03,화,11,충북선,168.2,유류,6.0,상,오전(06-12),0,0,0,0,1
2026-09-09,수,9,경부선,407.6,컨테이너,15.6,상,오전(06-12),0,0,0,0,0
2026-05-25,월,5,충북선,139.6,컨테이너,2.7,하,오후(12-18),0,0,0,0,0
2026-11-30,월,11,경부선,275.5,컨테이너,15.3,상,오전(06-12),0,0,0,0,0
2026-05-24,일,5,경부선,334.8,시멘트,11.4,상,야간(18-24),0,0,0,0,0
2026-07-26,일,7,경부선,334.7,기타,12.6,하,새벽(00-06),0,0,1,0,0
2026-03-31,화,3,경부선,333.7,석탄,17.8,하,새벽(00-06),0,0,0,0,0
2026-03-08,일,3,중앙선,199.8,시멘트,7.1,상,오후(12-18),0,1,0,0,1
2026-06-29,월,6,부산신항선,8.7,철강,11.8,상,새벽(00-06),0,1,1,0,0
2026-07-25,토,7,중앙선,141.3,시멘트,13.8,하,새벽(00-06),0,0,1,0,0
2026-10-22,목,10,태백선,141.2,시멘트,10.2,하,새벽(00-06),0,1,0,0,0
2026-05-23,토,5,충북선,129.2,석탄,16.3,상,야간(18-24),0,0,0,0,0
2026-11-23,월,11,경부선,265.1,시멘트,14.0,하,야간(18-24),0,0,0,0,0
2026-08-10,월,8,경부선,305.0,석탄,8.5,상,오후(12-18),0,0,1,0,0
2026-01-26,월,1,호남선,219.0,철강,19.6,하,야간(18-24),0,0,0,1,0
2026-09-27,일,9,충북선,211.0,시멘트,15.4,상,야간(18-24),0,0,0,0,1
2026-07-29,수,7,호남선,232.7,시멘트,6.9,하,야간(18-24),0,0,1,0,0
2026-05-23,토,5,중앙선,243.5,시멘트,6.9,상,오전(06-12),0,0,0,0,1
2026-06-20,토,6,전라선,249.0,광석,10.7,상,새벽(00-06),0,1,1,0,0
2026-04-21,화,4,장항선,186.9,시멘트,14.7,하,오후(12-18),0,1,0,0,0
2026-08-13,목,8,영동선,147.4,유류,1.0,상,야간(18-24),1,1,1,0,0
2026-07-26,일,7,경부선,267.3,석탄,7.2,하,야간(18-24),0,0,1,0,1
2026-06-13,토,6,호남선,197.9,컨테이너,8.5,하,새벽(00-06),0,0,1,0,0
2026-04-15,수,4,중앙선,181.6,시멘트,3.4,상,야간(18-24),0,0,0,0,0
2026-05-26,화,5,태백선,153.4,컨테이너,5.9,상,새벽(00-06),0,0,0,0,1
2026-07-01,수,7,충북선,136.8,컨테이너,12.8,상,오전(06-12),0,1,1,0,0
2026-06-22,월,6,충북선,180.4,컨테이너,9.1,하,야간(18-24),0,0,1,0,1
2026-04-23,목,4,중앙선,213.6,철강,9.5,하,오전(06-12),0,1,0,0,0
2026-08-01,토,8,태백선,151.8,석탄,3.7,상,오후(12-18),0,1,1,0,1
2026-03-24,화,3,경부선,352.0,시멘트,10.7,하,새벽(00-06),0,0,0,0,0
2026-07-02,목,7,중앙선,247.1,시멘트,3.0,상,야간(18-24),1,0,1,0,0
2026-02-14,토,2,충북선,160.1,시멘트,20.8,하,새벽(00-06),0,0,0,1,0
2026-06-22,월,6,전라선,245.3,유류,22.5,하,오후(12-18),0,0,1,0,0
2026-10-14,수,10,중앙선,167.5,광석,9.2,상,새벽(00-06),0,1,0,0,0
2026-10-26,월,10,전라선,200.5,철강,5.3,하,새벽(00-06),0,0,0,0,1
2026-09-11,금,9,중앙선,255.1,컨테이너,17.1,상,새벽(00-06),0,0,0,0,1
2026-09-30,수,9,전라선,205.0,광석,15.6,하,새벽(00-06),0,0,0,0,0
2026-01-25,일,1,전라선,248.6,유류,23.2,하,새벽(00-06),0,1,0,1,0
2026-05-05,화,5,전라선,245.3,컨테이너,24.8,상,새벽(00-06),0,0,0,0,0
2026-08-27,목,8,태백선,159.0,시멘트,1.0,하,야간(18-24),0,1,1,0,0
2026-10-20,화,10,충북선,119.8,컨테이너,19.0,상,새벽(00-06),0,0,0,0,1
2026-08-01,토,8,경부선,355.8,철강,10.7,상,오후(12-18),1,0,1,0,0
2026-11-08,일,11,전라선,227.7,시멘트,15.3,상,오후(12-18),0,0,0,0,0
2026-04-10,금,4,경부선,296.2,컨테이너,16.7,하,야간(18-24),0,0,0,0,0
2026-02-26,목,2,경부선,310.2,컨테이너,16.4,하,오전(06-12),0,0,0,1,0
2026-02-01,일,2,장항선,200.3,시멘트,18.0,하,새벽(00-06),0,0,0,1,0
2026-08-01,토,8,중앙선,218.9,석탄,8.6,하,새벽(00-06),0,0,1,0,0
2026-08-31,월,8,중앙선,188.8,시멘트,6.3,상,새벽(00-06),1,0,1,0,0
2026-04-15,수,4,영동선,92.7,컨테이너,19.1,하,오전(06-12),0,1,0,0,0
2026-10-14,수,10,경부선,277.5,석탄,6.8,하,오후(12-18),0,0,0,0,0
2026-09-27,일,9,경부선,350.3,기타,23.2,하,야간(18-24),0,1,0,0,0
2026-05-12,화,5,경부선,269.1,컨테이너,7.4,상,야간(18-24),0,0,0,0,0
2026-03-29,일,3,경부선,315.5,시멘트,9.7,상,야간(18-24),0,0,0,0,0
2026-09-28,월,9,전라선,309.8,시멘트,10.9,상,새벽(00-06),0,0,0,0,0
2026-09-03,목,9,장항선,188.8,컨테이너,2.8,상,오후(12-18),0,1,0,0,0
2026-03-04,수,3,충북선,179.9,유류,2.8,하,새벽(00-06),0,1,0,0,1
2026-04-04,토,4,경부선,277.8,기타,17.5,상,야간(18-24),0,1,0,0,0
2026-06-27,토,6,충북선,130.6,시멘트,1.7,하,오전(06-12),0,0,1,0,1
2026-07-06,월,7,경부선,352.0,시멘트,25.0,상,오후(12-18),0,0,1,0,0
2026-03-02,월,3,전라선,220.9,컨테이너,11.4,하,오후(12-18),0,1,0,0,0
2026-12-13,일,12,충북선,190.6,석탄,5.8,하,오후(12-18),0,1,0,1,0
2026-05-22,금,5,경부선,325.9,컨테이너,14.5,하,오전(06-12),0,1,0,0,0
2026-05-20,수,5,태백선,206.6,시멘트,1.0,상,야간(18-24),0,0,0,0,0
2026-01-23,금,1,장항선,170.2,컨테이너,10.0,하,오전(06-12),0,1,0,1,1
2026-11-16,월,11,중앙선,206.9,석탄,10.8,하,야간(18-24),1,1,0,0,0
2026-03-27,금,3,충북선,141.4,광석,4.4,상,오전(06-12),0,0,0,0,0
2026-12-27,일,12,충북선,189.6,컨테이너,8.2,상,새벽(00-06),0,0,0,1,0
2026-07-01,수,7,경부선,341.8,철강,21.2,하,오전(06-12),0,1,1,0,0
2026-11-16,월,11,경부선,285.8,유류,13.1,하,새벽(00-06),0,0,0,0,0
2026-03-07,토,3,전라선,222.9,컨테이너,14.4,상,오전(06-12),1,1,0,0,0
2026-03-02,월,3,호남선,245.0,광석,7.3,상,새벽(00-06),0,0,0,0,0
2026-10-20,화,10,충북선,195.1,석탄,4.1,하,야간(18-24),0,0,0,0,0
2026-10-27,화,10,충북선,128.4,시멘트,10.6,하,오후(12-18),0,0,0,0,0
2026-07-18,토,7,전라선,218.4,석탄,1.0,하,새벽(00-06),0,1,1,0,1
2026-01-12,월,1,중앙선,260.5,컨테이너,5.4,하,오후(12-18),0,0,0,1,0
2026-12-11,금,12,경부선,317.5,컨테이너,4.5,하,야간(18-24),0,0,0,1,0
2026-05-24,일,5,중앙선,203.2,시멘트,1.0,상,새벽(00-06),0,0,0,0,0
2026-12-08,화,12,부산신항선,14.0,철강,15.9,하,오전(06-12),0,0,0,1,0
2026-11-14,토,11,장항선,155.0,광석,11.2,하,야간(18-24),0,0,0,0,0
2026-11-07,토,11,호남선,187.2,시멘트,8.3,하,새벽(00-06),0,0,0,0,0
2026-09-09,수,9,경부선,311.3,컨테이너,16.0,하,야간(18-24),0,0,0,0,0
2026-09-03,목,9,충북선,193.9,컨테이너,2.1,상,야간(18-24),0,1,0,0,0
2026-07-14,화,7,충북선,189.3,광석,3.9,상,오전(06-12),0,0,1,0,0
2026-01-10,토,1,경부선,353.0,컨테이너,18.7,하,오전(06-12),0,0,0,1,0
2026-05-22,금,5,경부선,318.6,광석,25.0,상,야간(18-24),0,1,0,0,0
2026-09-24,목,9,장항선,204.2,컨테이너,16.1,상,새벽(00-06),0,1,0,0,0
2026-10-24,토,10,전라선,227.8,컨테이너,14.8,상,오전(06-12),0,0,0,0,0
2026-07-24,금,7,전라선,249.7,컨테이너,8.5,하,새벽(00-06),0,1,1,0,0
2026-09-16,수,9,경부선,360.7,시멘트,8.6,상,오후(12-18),0,0,0,0,0
2026-01-08,목,1,충북선,206.2,시멘트,13.4,상,오후(12-18),0,1,0,1,0
2026-06-20,토,6,경부선,321.9,광석,20.2,상,야간(18-24),0,0,1,0,0
2026-07-05,일,7,경부선,309.7,시멘트,14.6,상,새벽(00-06),0,0,1,0,0
2026-11-22,일,11,충북선,196.2,컨테이너,17.7,상,오전(06-12),0,0,0,0,0
2026-04-24,금,4,중앙선,244.8,석탄,6.5,상,오후(12-18),0,1,0,0,0
2026-03-25,수,3,영동선,103.1,시멘트,15.7,하,새벽(00-06),0,0,0,0,1
2026-05-09,토,5,중앙선,158.1,석탄,8.0,상,야간(18-24),0,0,0,0,0
2026-03-04,수,3,경부선,373.0,철강,12.8,하,새벽(00-06),0,0,0,0,1
2026-07-23,목,7,경부선,258.5,기타,15.7,하,새벽(00-06),0,1,1,0,0
2026-08-23,일,8,전라선,181.6,시멘트,8.8,상,새벽(00-06),0,1,1,0,1
2026-10-20,화,10,경부선,313.5,시멘트,5.9,하,야간(18-24),0,0,0,0,1
2026-12-21,월,12,경부선,324.3,시멘트,14.2,하,오후(12-18),0,0,0,1,0
2026-01-27,화,1,중앙선,156.2,시멘트,11.2,하,야간(18-24),0,1,0,1,0
2026-04-01,수,4,경부선,329.1,시멘트,12.8,상,오후(12-18),0,0,0,0,1
2026-04-20,월,4,충북선,168.0,컨테이너,15.9,하,야간(18-24),0,0,0,0,0
2026-04-02,목,4,중앙선,176.5,컨테이너,19.8,하,오전(06-12),0,1,0,0,0
2026-10-29,목,10,경부선,401.5,기타,16.0,상,야간(18-24),0,0,0,0,0
2026-02-20,금,2,장항선,188.2,광석,15.2,상,야간(18-24),0,1,0,1,0
2026-01-11,일,1,중앙선,232.8,컨테이너,9.0,상,오전(06-12),0,0,0,1,1
2026-11-11,수,11,충북선,124.9,기타,9.9,상,새벽(00-06),1,1,0,0,1
2026-12-17,목,12,경부선,261.6,철강,14.7,하,야간(18-24),0,0,0,1,0
2026-03-24,화,3,충북선,172.8,컨테이너,9.8,상,오전(06-12),0,0,0,0,0
2026-05-02,토,5,경부선,394.4,광석,14.7,상,오후(12-18),0,1,0,0,0
2026-07-03,금,7,중앙선,158.0,기타,7.1,하,오전(06-12),0,0,1,0,0
2026-07-11,토,7,중앙선,198.3,석탄,23.6,상,오전(06-12),0,0,1,0,0
2026-12-28,월,12,영동선,91.3,철강,13.2,상,오전(06-12),0,0,0,1,0
2026-05-28,목,5,경부선,291.5,컨테이너,12.8,상,오전(06-12),0,0,0,0,0
2026-01-05,월,1,부산신항선,11.2,시멘트,9.1,하,오후(12-18),0,0,0,1,0
2026-06-04,목,6,부산신항선,9.1,철강,23.5,상,야간(18-24),0,0,1,0,0
2026-07-23,목,7,중앙선,147.6,시멘트,4.5,상,오후(12-18),0,0,1,0,0
2026-07-08,수,7,중앙선,146.8,컨테이너,7.8,상,오전(06-12),0,0,1,0,0
2026-07-06,월,7,중앙선,127.3,석탄,17.1,하,오전(06-12),0,0,1,0,0
2026-12-03,목,12,영동선,116.9,유류,13.4,하,오전(06-12),1,0,0,1,1
2026-10-22,목,10,충북선,176.2,유류,8.5,상,새벽(00-06),0,1,0,0,0
2026-04-02,목,4,충북선,176.1,컨테이너,8.7,상,오후(12-18),0,0,0,0,1
2026-05-10,일,5,경부선,283.8,시멘트,10.3,상,야간(18-24),1,1,0,0,0
2026-09-01,화,9,태백선,155.6,컨테이너,12.6,상,새벽(00-06),0,1,0,0,0
2026-05-30,토,5,경부선,348.5,석탄,21.3,상,오후(12-18),0,0,0,0,0
2026-06-06,토,6,경부선,320.5,컨테이너,15.6,하,새벽(00-06),1,0,1,0,0
2026-03-03,화,3,경부선,313.9,광석,18.1,상,야간(18-24),0,0,0,0,0
2026-04-03,금,4,중앙선,170.6,석탄,9.4,하,새벽(00-06),0,0,0,0,0
2026-09-28,월,9,부산신항선,11.2,시멘트,15.1,하,야간(18-24),0,1,0,0,0
2026-11-04,수,11,장항선,211.9,철강,2.7,하,오후(12-18),0,0,0,0,0
2026-10-14,수,10,경부선,365.7,컨테이너,13.1,하,야간(18-24),1,0,0,0,0
2026-04-23,목,4,중앙선,184.3,컨테이너,12.7,상,오후(12-18),0,0,0,0,0
2026-02-19,목,2,장항선,190.4,컨테이너,22.9,하,오후(12-18),0,0,0,1,0
2026-02-28,토,2,충북선,133.8,시멘트,21.3,하,오전(06-12),0,0,0,1,1
2026-05-24,일,5,경부선,349.4,유류,10.4,상,오전(06-12),0,0,0,0,0
2026-07-08,수,7,중앙선,164.2,컨테이너,7.1,상,새벽(00-06),0,0,1,0,0
2026-11-22,일,11,충북선,178.6,철강,7.3,상,야간(18-24),0,0,0,0,0
2026-11-25,수,11,영동선,154.3,컨테이너,10.2,상,오후(12-18),0,0,0,0,0
2026-01-01,목,1,전라선,212.3,시멘트,19.8,하,오후(12-18),0,0,0,1,0
2026-09-16,수,9,경부선,437.1,석탄,14.5,상,새벽(00-06),0,0,0,0,0
2026-04-20,월,4,전라선,244.1,유류,15.1,상,오전(06-12),0,0,0,0,0
2026-03-14,토,3,경부선,290.2,광석,16.9,하,새벽(00-06),0,1,0,0,0
2026-07-22,수,7,태백선,119.6,석탄,6.0,상,새벽(00-06),0,1,1,0,1
2026-01-13,화,1,중앙선,276.1,시멘트,7.7,상,오전(06-12),0,1,0,1,0
2026-05-02,토,5,경부선,339.9,컨테이너,15.1,상,새벽(00-06),0,0,0,0,0
2026-07-21,화,7,중앙선,173.5,컨테이너,7.3,하,오후(12-18),1,0,1,0,0
2026-04-10,금,4,경부선,312.1,광석,2.8,하,오전(06-12),0,0,0,0,1
2026-08-05,수,8,경부선,337.4,시멘트,5.5,하,오전(06-12),0,0,1,0,0
2026-06-17,수,6,충북선,161.1,시멘트,18.3,상,오후(12-18),1,0,1,0,1
2026-10-19,월,10,장항선,186.5,컨테이너,9.8,상,오후(12-18),0,1,0,0,0
2026-03-08,일,3,태백선,171.0,컨테이너,13.4,상,오전(06-12),0,0,0,0,0
2026-01-21,수,1,중앙선,153.8,철강,5.8,상,야간(18-24),0,0,0,1,0
2026-07-13,월,7,경부선,346.0,시멘트,14.3,상,오전(06-12),0,0,1,0,0
2026-04-04,토,4,중앙선,190.7,광석,10.4,상,오후(12-18),0,0,0,0,0
2026-09-15,화,9,중앙선,175.8,시멘트,14.7,하,야간(18-24),0,0,0,0,0
2026-02-04,수,2,경부선,363.1,유류,9.1,하,새벽(00-06),0,0,0,1,0
2026-07-29,수,7,부산신항선,6.2,컨테이너,15.0,상,오전(06-12),0,1,1,0,0
2026-12-28,월,12,영동선,74.3,컨테이너,8.8,하,새벽(00-06),0,0,0,1,1
2026-02-03,화,2,경부선,329.2,컨테이너,11.5,상,오전(06-12),0,0,0,1,0
2026-04-21,화,4,장항선,176.8,컨테이너,10.4,하,새벽(00-06),0,0,0,0,1
2026-11-05,목,11,전라선,188.8,기타,12.2,하,야간(18-24),0,0,0,0,0
2026-07-14,화,7,경부선,251.8,철강,13.7,상,새벽(00-06),0,0,1,0,0
2026-03-05,목,3,충북선,209.6,시멘트,9.0,하,새벽(00-06),0,0,0,0,1
2026-03-19,목,3,경부선,338.7,시멘트,11.3,하,새벽(00-06),0,0,0,0,0
2026-10-07,수,10,경부선,321.0,시멘트,13.1,하,야간(18-24),0,0,0,0,0
2026-11-11,수,11,영동선,142.7,시멘트,15.0,하,새벽(00-06),0,0,0,0,1
2026-05-12,화,5,충북선,186.9,컨테이너,11.5,상,오후(12-18),0,0,0,0,0
2026-06-22,월,6,경부선,391.0,시멘트,6.7,하,새벽(00-06),0,0,1,0,0
2026-10-13,화,10,중앙선,152.0,컨테이너,12.5,상,새벽(00-06),0,0,0,0,0
2026-03-06,금,3,호남선,177.8,광석,16.0,상,야간(18-24),0,0,0,0,0
2026-03-17,화,3,중앙선,214.9,시멘트,4.0,하,오후(12-18),0,0,0,0,0
2026-10-10,토,10,부산신항선,11.8,철강,4.1,상,오후(12-18),0,0,0,0,1
2026-03-10,화,3,태백선,160.5,광석,8.0,하,야간(18-24),0,1,0,0,0
2026-10-09,금,10,중앙선,136.2,컨테이너,10.8,상,야간(18-24),0,1,0,0,1
2026-07-01,수,7,전라선,250.5,컨테이너,1.0,상,야간(18-24),0,0,1,0,1
2026-12-28,월,12,전라선,259.1,컨테이너,15.4,하,새벽(00-06),0,0,0,1,0
2026-01-13,화,1,장항선,198.3,석탄,10.9,상,새벽(00-06),0,1,0,1,0
2026-12-12,토,12,중앙선,179.1,시멘트,1.0,하,야간(18-24),0,0,0,1,0
2026-03-24,화,3,경부선,340.9,컨테이너,5.3,상,오후(12-18),0,1,0,0,0
2026-01-13,화,1,경부선,289.2,컨테이너,10.2,하,오전(06-12),0,0,0,1,1
2026-09-22,화,9,충북선,154.0,석탄,1.4,하,오전(06-12),1,0,0,0,0
2026-07-14,화,7,장항선,158.7,철강,17.8,하,오후(12-18),0,0,1,0,1
2026-11-02,월,11,장항선,164.4,컨테이너,13.1,하,오후(12-18),0,1,0,0,0
2026-02-09,월,2,충북선,155.3,철강,16.1,상,새벽(00-06),0,1,0,1,1
2026-01-30,금,1,경부선,300.6,시멘트,5.8,상,새벽(00-06),0,0,0,1,0
2026-07-27,월,7,경부선,289.8,컨테이너,14.5,하,오전(06-12),0,0,1,0,1
2026-11-18,수,11,장항선,153.6,컨테이너,8.0,하,야간(18-24),0,1,0,0,0
2026-05-29,금,5,충북선,210.3,철강,10.8,상,오전(06-12),0,1,0,0,0
2026-10-19,월,10,장항선,169.6,석탄,14.1,하,야간(18-24),0,0,0,0,0
2026-11-27,금,11,경부선,333.4,시멘트,11.6,상,오후(12-18),1,0,0,0,0
2026-11-14,토,11,중앙선,131.7,컨테이너,16.9,하,야간(18-24),0,0,0,0,0
2026-07-05,일,7,부산신항선,14.7,시멘트,12.8,하,야간(18-24),0,0,1,0,0
2026-09-12,토,9,경부선,326.9,시멘트,9.2,상,오전(06-12),0,0,0,0,0
2026-07-11,토,7,경부선,302.4,시멘트,17.1,상,오후(12-18),0,0,1,0,0
2026-09-04,금,9,전라선,216.3,시멘트,18.3,하,오후(12-18),0,0,0,0,0
2026-07-26,일,7,충북선,183.0,시멘트,12.5,하,새벽(00-06),0,0,1,0,0
2026-07-11,토,7,호남선,134.4,컨테이너,20.0,상,새벽(00-06),0,1,1,0,0
2026-06-09,화,6,부산신항선,8.1,컨테이너,10.6,상,오후(12-18),0,0,1,0,1
2026-08-27,목,8,장항선,177.2,컨테이너,11.2,하,야간(18-24),0,0,1,0,0
2026-10-02,금,10,경부선,315.0,시멘트,12.0,하,오전(06-12),1,1,0,0,0
2026-12-02,수,12,중앙선,281.0,시멘트,11.2,상,오전(06-12),1,0,0,1,0
2026-08-12,수,8,부산신항선,9.6,석탄,10.1,하,야간(18-24),0,0,1,0,0
2026-02-06,금,2,중앙선,228.0,컨테이너,7.7,하,새벽(00-06),1,0,0,1,0
2026-08-03,월,8,영동선,137.0,시멘트,6.0,하,야간(18-24),0,0,1,0,1
2026-04-26,일,4,전라선,249.5,컨테이너,12.7,하,새벽(00-06),0,0,0,0,0
2026-01-10,토,1,경부선,293.2,컨테이너,19.2,상,새벽(00-06),1,0,0,1,0
2026-01-27,화,1,충북선,129.2,철강,16.9,상,새벽(00-06),0,0,0,1,0
2026-08-04,화,8,전라선,251.8,컨테이너,14.3,하,새벽(00-06),1,1,1,0,0
2026-12-11,금,12,경부선,386.0,컨테이너,19.5,하,새벽(00-06),0,0,0,1,0
2026-07-04,토,7,중앙선,212.4,시멘트,12.1,하,오후(12-18),0,0,1,0,0
2026-06-12,금,6,전라선,266.4,컨테이너,6.1,하,새벽(00-06),0,1,1,0,0
2026-02-02,월,2,경부선,423.9,광석,9.9,하,야간(18-24),0,0,0,1,0
2026-09-04,금,9,중앙선,222.6,기타,11.6,상,오전(06-12),0,1,0,0,0
2026-01-21,수,1,전라선,196.4,시멘트,8.9,상,오전(06-12),0,0,0,1,1
2026-11-04,수,11,장항선,180.6,컨테이너,15.7,상,오후(12-18),0,1,0,0,0
2026-10-25,일,10,충북선,195.6,시멘트,17.6,상,새벽(00-06),0,0,0,0,1
2026-12-28,월,12,호남선,202.0,시멘트,1.6,상,오후(12-18),0,0,0,1,0
2026-04-14,화,4,호남선,245.8,시멘트,11.1,상,새벽(00-06),0,0,0,0,0
2026-03-01,일,3,중앙선,191.0,컨테이너,1.0,하,야간(18-24),0,1,0,0,0
2026-04-20,월,4,경부선,333.6,컨테이너,11.5,하,오전(06-12),0,1,0,0,1
2026-10-19,월,10,장항선,172.6,컨테이너,11.4,상,새벽(00-06),0,0,0,0,0
2026-03-21,토,3,경부선,326.6,시멘트,22.7,하,오후(12-18),0,1,0,0,0
2026-11-20,금,11,태백선,139.7,시멘트,20.9,상,새벽(00-06),0,0,0,0,0
2026-02-26,목,2,충북선,121.1,유류,17.6,하,야간(18-24),1,0,0,1,0
2026-01-18,일,1,중앙선,177.8,컨테이너,6.2,상,오전(06-12),1,0,0,1,0
2026-03-22,일,3,충북선,130.5,철강,5.9,하,오전(06-12),0,0,0,0,1
2026-10-03,토,10,충북선,151.1,컨테이너,5.4,하,오전(06-12),0,0,0,0,0
2026-08-08,토,8,호남선,188.3,컨테이너,21.2,하,오전(06-12),0,0,1,0,1
2026-05-10,일,5,경부선,360.7,석탄,6.5,하,야간(18-24),0,0,0,0,0
2026-08-28,금,8,호남선,233.8,컨테이너,9.7,상,오전(06-12),0,0,1,0,1
2026-08-25,화,8,경부선,342.6,광석,6.6,하,오후(12-18),0,1,1,0,0
2026-07-22,수,7,장항선,154.2,광석,4.5,하,새벽(00-06),0,1,1,0,1
2026-07-07,화,7,부산신항선,10.3,컨테이너,14.0,하,야간(18-24),0,1,1,0,0
2026-02-07,토,2,중앙선,146.1,컨테이너,12.9,하,오전(06-12),0,0,0,1,0
2026-04-05,일,4,경부선,314.3,컨테이너,1.0,하,오전(06-12),0,0,0,0,0
2026-07-12,일,7,장항선,192.5,광석,4.2,상,새벽(00-06),0,0,1,0,0
2026-02-19,목,2,태백선,155.3,컨테이너,13.5,하,새벽(00-06),0,1,0,1,0
2026-06-23,화,6,중앙선,209.8,철강,11.6,상,오전(06-12),1,0,1,0,0
2026-02-12,목,2,충북선,192.8,컨테이너,9.6,하,야간(18-24),1,0,0,1,0
2026-10-15,목,10,장항선,184.8,시멘트,15.6,하,오전(06-12),0,1,0,0,0
2026-02-07,토,2,경부선,310.9,컨테이너,3.3,하,새벽(00-06),0,0,0,1,0
2026-02-03,화,2,충북선,183.1,철강,8.4,상,오후(12-18),0,0,0,1,0
2026-08-21,금,8,중앙선,225.0,석탄,15.1,하,오전(06-12),0,1,1,0,0
2026-03-22,일,3,경부선,299.2,컨테이너,8.1,하,새벽(00-06),1,0,0,0,0
2026-05-09,토,5,태백선,143.1,컨테이너,13.9,상,오후(12-18),1,1,0,0,0
2026-04-25,토,4,중앙선,183.0,시멘트,5.1,하,새벽(00-06),0,0,0,0,1
2026-03-21,토,3,호남선,158.0,시멘트,7.1,하,오후(12-18),0,0,0,0,1
2026-10-06,화,10,충북선,172.3,유류,1.3,하,오후(12-18),0,0,0,0,0
2026-09-10,목,9,충북선,128.9,시멘트,1.0,하,새벽(00-06),0,0,0,0,0
2026-03-29,일,3,중앙선,204.8,광석,9.1,하,오후(12-18),0,0,0,0,1
2026-09-08,화,9,중앙선,139.6,컨테이너,14.7,하,새벽(00-06),0,1,0,0,1
2026-09-18,금,9,태백선,121.1,유류,11.3,하,야간(18-24),0,1,0,0,0
2026-07-16,목,7,전라선,216.4,광석,19.0,하,새벽(00-06),0,0,1,0,0
2026-07-31,금,7,장항선,203.6,석탄,9.6,하,새벽(00-06),1,0,1,0,1
2026-12-08,화,12,중앙선,174.6,기타,1.0,상,새벽(00-06),0,1,0,1,0
2026-06-15,월,6,경부선,277.2,시멘트,14.1,상,오전(06-12),0,0,1,0,1
2026-05-21,목,5,경부선,334.8,석탄,5.5,하,새벽(00-06),0,0,0,0,0
2026-07-16,목,7,장항선,175.3,컨테이너,12.8,하,오전(06-12),0,0,1,0,0
2026-11-02,월,11,중앙선,221.0,컨테이너,1.0,상,야간(18-24),0,0,0,0,0
2026-09-16,수,9,충북선,136.0,시멘트,10.3,상,새벽(00-06),0,0,0,0,0
2026-01-28,수,1,중앙선,200.7,유류,16.2,하,새벽(00-06),0,0,0,1,0
2026-06-17,수,6,중앙선,279.7,기타,15.5,상,새벽(00-06),0,0,1,0,1
2026-09-28,월,9,전라선,222.2,시멘트,10.5,하,오후(12-18),0,0,0,0,0
2026-03-23,월,3,충북선,166.0,유류,11.7,하,오후(12-18),0,0,0,0,0
2026-12-27,일,12,영동선,84.9,철강,9.0,하,야간(18-24),0,1,0,1,0
2026-10-22,목,10,경부선,286.1,철강,10.2,상,오후(12-18),0,1,0,0,0
2026-11-06,금,11,충북선,172.8,컨테이너,15.8,하,오후(12-18),0,0,0,0,0
2026-01-30,금,1,경부선,307.0,시멘트,7.5,하,새벽(00-06),0,0,0,1,0
2026-07-31,금,7,장항선,191.9,시멘트,8.1,하,야간(18-24),0,1,1,0,0
2026-07-12,일,7,충북선,171.9,철강,2.5,상,새벽(00-06),0,0,1,0,0
2026-08-17,월,8,중앙선,147.2,시멘트,15.9,상,오후(12-18),0,0,1,0,0
2026-11-07,토,11,장항선,199.9,유류,10.1,하,야간(18-24),1,0,0,0,0
2026-05-09,토,5,중앙선,149.8,기타,4.4,하,새벽(00-06),0,0,0,0,0
2026-07-14,화,7,경부선,289.6,시멘트,16.9,상,오전(06-12),0,0,1,0,1
2026-09-06,일,9,중앙선,201.3,철강,11.4,상,새벽(00-06),0,0,0,0,0
2026-10-02,금,10,경부선,382.9,시멘트,7.2,상,야간(18-24),0,1,0,0,0
2026-10-09,금,10,부산신항선,7.6,석탄,17.0,하,오전(06-12),0,0,0,0,0
2026-05-03,일,5,전라선,233.8,시멘트,9.6,상,오전(06-12),0,1,0,0,0
2026-12-31,목,12,장항선,182.7,기타,2.3,상,오전(06-12),0,1,0,1,0
2026-01-04,일,1,부산신항선,12.6,유류,17.4,하,오후(12-18),1,0,0,1,0
2026-06-29,월,6,장항선,203.3,철강,6.6,상,오후(12-18),0,0,1,0,0
2026-08-11,화,8,중앙선,179.2,컨테이너,25.0,하,오후(12-18),1,0,1,0,0
2026-01-23,금,1,경부선,360.7,시멘트,9.0,하,야간(18-24),0,0,0,1,0
2026-06-14,일,6,중앙선,239.9,유류,1.0,하,새벽(00-06),1,0,1,0,0
2026-08-06,목,8,호남선,252.8,광석,22.2,하,새벽(00-06),0,0,1,0,0
2026-08-10,월,8,호남선,220.7,기타,11.3,상,오후(12-18),0,0,1,0,0
2026-02-13,금,2,장항선,182.7,철강,13.2,상,새벽(00-06),0,0,0,1,0
2026-04-12,일,4,경부선,301.2,철강,14.0,하,오후(12-18),0,0,0,0,0
2026-03-31,화,3,경부선,261.8,컨테이너,3.5,하,야간(18-24),0,0,0,0,0
2026-08-22,토,8,부산신항선,9.8,철강,1.0,하,오전(06-12),0,0,1,0,1
2026-05-01,금,5,경부선,324.7,시멘트,23.4,상,새벽(00-06),0,1,0,0,0
2026-07-28,화,7,충북선,158.6,유류,2.3,하,야간(18-24),0,1,1,0,0
2026-09-24,목,9,중앙선,214.2,컨테이너,21.5,상,오전(06-12),0,0,0,0,0
2026-10-19,월,10,중앙선,142.4,광석,14.8,상,새벽(00-06),0,0,0,0,0
2026-03-09,월,3,전라선,223.9,시멘트,12.7,상,오전(06-12),0,0,0,0,0
2026-11-26,목,11,호남선,258.1,컨테이너,8.9,상,새벽(00-06),0,0,0,0,0
2026-03-02,월,3,장항선,199.5,시멘트,25.0,상,새벽(00-06),0,1,0,0,0
2026-01-08,목,1,중앙선,214.9,석탄,7.5,상,새벽(00-06),0,0,0,1,0
2026-01-17,토,1,중앙선,207.0,철강,7.7,하,오전(06-12),0,0,0,1,0
2026-03-15,일,3,부산신항선,9.5,석탄,15.7,상,오전(06-12),0,0,0,0,0
2026-11-15,일,11,충북선,117.4,시멘트,7.6,하,오후(12-18),0,0,0,0,0
2026-03-17,화,3,중앙선,209.3,컨테이너,5.6,하,오전(06-12),0,0,0,0,0
2026-09-11,금,9,전라선,155.9,유류,11.3,하,야간(18-24),0,0,0,0,0
2026-06-02,화,6,경부선,307.2,기타,15.8,상,야간(18-24),0,0,1,0,0
2026-01-15,목,1,경부선,320.1,철강,23.0,하,새벽(00-06),0,0,0,1,0
2026-06-12,금,6,태백선,126.6,컨테이너,24.2,하,새벽(00-06),0,0,1,0,0
2026-01-11,일,1,충북선,215.6,철강,1.0,상,오후(12-18),0,0,0,1,1
2026-06-23,화,6,경부선,393.2,컨테이너,17.9,하,새벽(00-06),0,1,1,0,0
2026-07-23,목,7,중앙선,229.4,기타,5.8,하,오전(06-12),0,0,1,0,0
2026-07-10,금,7,영동선,95.9,컨테이너,6.1,상,새벽(00-06),0,1,1,0,1
2026-04-14,화,4,충북선,209.3,컨테이너,8.4,하,오전(06-12),0,1,0,0,0
2026-10-07,수,10,충북선,176.8,컨테이너,8.1,상,오전(06-12),0,0,0,0,0
2026-08-06,목,8,경부선,282.5,철강,5.3,하,야간(18-24),1,1,1,0,1
2026-04-03,금,4,영동선,110.3,석탄,1.0,상,오후(12-18),0,0,0,0,0
2026-06-08,월,6,부산신항선,13.5,철강,20.4,상,오전(06-12),0,0,1,0,1
2026-02-09,월,2,충북선,146.3,시멘트,17.1,상,오전(06-12),1,0,0,1,1
2026-12-04,금,12,중앙선,198.2,유류,11.6,상,오전(06-12),0,0,0,1,0
2026-10-02,금,10,전라선,238.9,시멘트,5.9,하,새벽(00-06),0,0,0,0,0
2026-04-16,목,4,태백선,113.5,컨테이너,19.1,상,야간(18-24),0,0,0,0,1
2026-09-04,금,9,장항선,174.2,철강,11.3,상,오전(06-12),0,0,0,0,0
2026-09-05,토,9,영동선,94.4,시멘트,8.2,상,오후(12-18),0,0,0,0,0
2026-08-11,화,8,충북선,183.0,시멘트,1.8,상,새벽(00-06),1,0,1,0,1
2026-01-20,화,1,중앙선,161.5,시멘트,14.9,하,새벽(00-06),1,0,0,1,1
2026-11-17,화,11,중앙선,203.5,철강,9.7,하,오후(12-18),0,1,0,0,0
2026-12-15,화,12,태백선,107.7,컨테이너,13.3,상,오후(12-18),0,0,0,1,0
2026-12-22,화,12,경부선,274.9,시멘트,12.7,상,오전(06-12),0,0,0,1,0
2026-12-24,목,12,경부선,272.9,시멘트,15.5,하,야간(18-24),0,1,0,1,0
2026-12-06,일,12,전라선,220.7,철강,13.0,상,야간(18-24),0,0,0,1,0
2026-09-27,일,9,중앙선,199.6,컨테이너,9.9,하,오전(06-12),1,0,0,0,1
2026-01-21,수,1,태백선,142.8,컨테이너,15.0,상,오후(12-18),0,0,0,1,1
2026-06-19,금,6,경부선,249.3,컨테이너,17.4,상,오후(12-18),1,1,1,0,0
2026-03-31,화,3,중앙선,187.4,시멘트,21.0,하,오전(06-12),0,0,0,0,0
2026-03-22,일,3,경부선,290.2,컨테이너,5.0,하,새벽(00-06),0,1,0,0,0
2026-10-31,토,10,전라선,245.4,석탄,18.4,상,야간(18-24),0,0,0,0,0
2026-10-24,토,10,장항선,174.2,컨테이너,2.2,상,오전(06-12),0,1,0,0,0
2026-07-10,금,7,중앙선,190.5,시멘트,17.8,상,야간(18-24),1,1,1,0,1
2026-09-26,토,9,중앙선,167.2,시멘트,8.2,하,오전(06-12),1,0,0,0,1
2026-02-17,화,2,경부선,389.2,시멘트,16.7,하,새벽(00-06),0,0,0,1,1
2026-03-23,월,3,전라선,190.9,석탄,20.7,상,새벽(00-06),0,0,0,0,0
2026-11-11,수,11,영동선,103.8,석탄,13.1,하,새벽(00-06),0,0,0,0,0
2026-06-14,일,6,장항선,181.8,철강,11.7,하,오후(12-18),0,1,1,0,1
2026-07-19,일,7,경부선,310.1,시멘트,11.4,상,새벽(00-06),0,0,1,0,1
2026-06-18,목,6,충북선,142.2,시멘트,9.2,상,야간(18-24),0,0,1,0,0
2026-03-15,일,3,중앙선,129.9,컨테이너,18.7,상,오후(12-18),0,1,0,0,0
2026-10-29,목,10,경부선,292.5,시멘트,11.4,상,오전(06-12),0,1,0,0,0
2026-10-04,일,10,경부선,281.8,유류,1.0,상,오전(06-12),0,0,0,0,0
2026-09-07,월,9,경부선,387.4,컨테이너,17.3,상,야간(18-24),0,0,0,0,0
2026-05-09,토,5,경부선,410.8,컨테이너,17.0,상,새벽(00-06),0,0,0,0,0
2026-08-23,일,8,장항선,178.6,석탄,12.3,상,오전(06-12),1,0,1,0,0
2026-12-14,월,12,중앙선,144.1,시멘트,7.3,상,오전(06-12),0,1,0,1,0
2026-08-26,수,8,장항선,194.4,광석,5.0,상,야간(18-24),0,0,1,0,1
2026-06-30,화,6,호남선,183.7,컨테이너,7.3,상,야간(18-24),0,0,1,0,1
2026-04-09,목,4,충북선,147.6,유류,13.2,상,야간(18-24),0,0,0,0,1
2026-07-10,금,7,중앙선,171.3,철강,1.0,하,오전(06-12),0,0,1,0,0
2026-05-16,토,5,장항선,169.6,철강,14.5,하,야간(18-24),0,1,0,0,1
2026-08-12,수,8,경부선,306.0,시멘트,12.4,하,오전(06-12),0,0,1,0,0
2026-01-17,토,1,중앙선,147.3,컨테이너,19.7,하,오후(12-18),0,0,0,1,0
2026-03-11,수,3,중앙선,168.7,컨테이너,16.2,상,야간(18-24),0,1,0,0,0
2026-10-15,목,10,태백선,155.9,철강,7.7,상,새벽(00-06),0,0,0,0,0
2026-05-19,화,5,태백선,134.8,컨테이너,1.9,하,야간(18-24),1,0,0,0,1
2026-06-08,월,6,태백선,138.0,컨테이너,7.1,상,오전(06-12),0,1,1,0,0
2026-07-18,토,7,전라선,162.4,컨테이너,20.3,상,야간(18-24),0,0,1,0,1
2026-06-09,화,6,충북선,185.0,유류,13.8,하,오전(06-12),1,0,1,0,1
2026-10-04,일,10,태백선,121.8,컨테이너,15.6,상,새벽(00-06),0,0,0,0,0
2026-03-31,화,3,부산신항선,14.0,시멘트,8.2,상,야간(18-24),1,0,0,0,0
2026-10-04,일,10,중앙선,198.7,철강,14.9,하,새벽(00-06),0,0,0,0,0
2026-03-18,수,3,영동선,101.4,광석,2.9,하,새벽(00-06),1,0,0,0,0
2026-05-16,토,5,부산신항선,5.6,철강,17.6,상,새벽(00-06),0,0,0,0,1
2026-08-03,월,8,충북선,215.7,시멘트,5.1,상,야간(18-24),0,0,1,0,1
2026-11-20,금,11,경부선,352.3,컨테이너,1.0,상,야간(18-24),0,1,0,0,0
2026-03-26,목,3,경부선,354.7,컨테이너,25.0,상,오후(12-18),0,1,0,0,0
2026-08-03,월,8,장항선,216.0,컨테이너,12.8,상,새벽(00-06),0,0,1,0,1
2026-01-24,토,1,경부선,329.2,시멘트,12.6,상,오전(06-12),0,0,0,1,0
2026-01-28,수,1,중앙선,240.6,시멘트,1.0,하,새벽(00-06),1,1,0,1,0
2026-10-08,목,10,충북선,149.3,시멘트,15.7,하,새벽(00-06),0,0,0,0,0
2026-09-20,일,9,부산신항선,12.8,시멘트,17.3,하,야간(18-24),0,1,0,0,0
2026-05-18,월,5,태백선,122.9,철강,10.8,하,새벽(00-06),0,1,0,0,0
2026-08-16,일,8,장항선,169.5,컨테이너,17.3,하,새벽(00-06),0,0,1,0,0
2026-05-19,화,5,중앙선,196.7,기타,19.0,상,새벽(00-06),0,0,0,0,0
2026-04-12,일,4,경부선,269.5,유류,15.2,하,야간(18-24),0,1,0,0,0
2026-06-07,일,6,전라선,239.3,컨테이너,1.0,하,오전(06-12),0,0,1,0,1
2026-04-24,금,4,경부선,307.7,시멘트,5.1,하,오후(12-18),0,0,0,0,0
2026-10-25,일,10,충북선,111.6,기타,22.1,상,새벽(00-06),0,1,0,0,0
2026-05-31,일,5,영동선,102.9,광석,12.5,상,오전(06-12),0,1,0,0,0
2026-04-28,화,4,충북선,152.7,시멘트,12.5,하,오후(12-18),0,1,0,0,0
2026-07-15,수,7,전라선,255.0,컨테이너,7.0,상,새벽(00-06),0,0,1,0,1
2026-10-04,일,10,전라선,238.0,기타,8.2,상,새벽(00-06),0,1,0,0,0
2026-04-10,금,4,태백선,164.4,석탄,19.2,하,오전(06-12),0,0,0,0,0
2026-12-09,수,12,중앙선,211.5,석탄,21.0,하,야간(18-24),0,1,0,1,0
2026-06-19,금,6,중앙선,173.9,컨테이너,16.8,상,오후(12-18),0,0,1,0,0
2026-08-30,일,8,경부선,317.9,유류,15.3,하,야간(18-24),1,0,1,0,0
2026-12-16,수,12,충북선,152.6,시멘트,15.8,하,오전(06-12),0,0,0,1,1
2026-06-07,일,6,중앙선,210.4,시멘트,11.6,상,오후(12-18),0,0,1,0,0
2026-03-14,토,3,충북선,162.8,철강,4.8,하,오전(06-12),0,0,0,0,0
2026-09-30,수,9,장항선,167.0,시멘트,3.5,하,새벽(00-06),0,1,0,0,0
2026-01-03,토,1,경부선,320.5,시멘트,19.9,하,오전(06-12),0,0,0,1,0
2026-06-17,수,6,충북선,172.8,석탄,11.8,하,새벽(00-06),0,0,1,0,0
2026-12-24,목,12,경부선,279.9,석탄,14.9,상,새벽(00-06),0,1,0,1,0
2026-06-01,월,6,경부선,332.9,기타,13.3,하,야간(18-24),0,1,1,0,0
2026-09-07,월,9,경부선,257.1,시멘트,13.6,상,야간(18-24),0,0,0,0,0
2026-07-11,토,7,경부선,364.4,컨테이너,14.1,상,야간(18-24),0,0,1,0,0
2026-03-20,금,3,영동선,117.7,컨테이너,16.2,상,새벽(00-06),0,0,0,0,0
2026-04-26,일,4,영동선,134.2,시멘트,7.4,하,새벽(00-06),0,0,0,0,0
2026-07-11,토,7,전라선,195.9,컨테이너,19.1,하,새벽(00-06),0,1,1,0,0
2026-02-08,일,2,충북선,189.6,시멘트,7.6,상,야간(18-24),0,0,0,1,1
2026-06-01,월,6,장항선,198.3,시멘트,13.4,상,새벽(00-06),0,1,1,0,0
2026-06-01,월,6,부산신항선,10.1,시멘트,4.9,하,새벽(00-06),0,0,1,0,0
2026-11-01,일,11,충북선,151.9,컨테이너,11.0,상,오후(12-18),1,0,0,0,1
2026-02-15,일,2,경부선,276.8,시멘트,8.0,상,오전(06-12),0,0,0,1,1
2026-11-04,수,11,전라선,189.0,컨테이너,12.1,상,오후(12-18),0,0,0,0,0
2026-05-30,토,5,영동선,98.5,시멘트,16.4,하,오후(12-18),0,0,0,0,0
2026-08-26,수,8,경부선,270.0,컨테이너,12.5,하,오후(12-18),0,0,1,0,1
2026-07-23,목,7,중앙선,249.2,광석,23.8,하,야간(18-24),0,0,1,0,0
2026-04-20,월,4,중앙선,140.7,시멘트,16.8,상,새벽(00-06),0,1,0,0,0
2026-12-06,일,12,중앙선,198.5,철강,10.6,하,새벽(00-06),0,0,0,1,0
2026-03-23,월,3,전라선,242.5,유류,11.5,하,오전(06-12),0,0,0,0,0
2026-01-14,수,1,중앙선,205.8,유류,14.3,하,오전(06-12),1,0,0,1,1
2026-10-01,목,10,호남선,219.3,유류,16.2,하,오전(06-12),1,0,0,0,0
2026-08-15,토,8,장항선,198.5,컨테이너,4.6,하,오전(06-12),0,1,1,0,1
2026-11-22,일,11,경부선,302.4,컨테이너,15.8,상,오전(06-12),1,1,0,0,0
2026-06-17,수,6,태백선,137.3,석탄,4.8,하,오전(06-12),0,1,1,0,0
2026-01-07,수,1,장항선,173.7,시멘트,15.2,하,야간(18-24),1,0,0,1,1
2026-01-08,목,1,충북선,193.9,시멘트,18.6,하,새벽(00-06),0,0,0,1,0
2026-06-08,월,6,중앙선,266.8,석탄,13.8,하,야간(18-24),0,0,1,0,0
2026-04-02,목,4,태백선,111.6,컨테이너,1.0,상,오후(12-18),0,1,0,0,0
2026-12-03,목,12,중앙선,122.2,컨테이너,1.3,하,새벽(00-06),0,0,0,1,0
2026-02-13,금,2,경부선,343.0,석탄,15.4,하,새벽(00-06),0,1,0,1,0
2026-11-18,수,11,중앙선,230.8,석탄,1.0,하,오후(12-18),0,1,0,0,0
2026-03-21,토,3,경부선,398.5,유류,15.7,상,오후(12-18),0,0,0,0,0
2026-02-13,금,2,전라선,251.5,석탄,17.9,상,오전(06-12),0,0,0,1,0
2026-04-11,토,4,경부선,376.0,컨테이너,18.8,하,오전(06-12),0,0,0,0,0
2026-02-22,일,2,충북선,202.8,컨테이너,10.6,하,새벽(00-06),0,1,0,1,0
2026-05-27,수,5,중앙선,244.6,시멘트,14.6,상,오후(12-18),0,0,0,0,0
2026-05-01,금,5,태백선,153.1,시멘트,13.3,상,야간(18-24),0,0,0,0,0
2026-07-13,월,7,중앙선,148.4,철강,3.2,상,오전(06-12),1,0,1,0,0
2026-07-16,목,7,호남선,208.0,석탄,16.5,하,오후(12-18),1,0,1,0,0
2026-01-01,목,1,부산신항선,11.5,유류,20.3,상,새벽(00-06),0,0,0,1,0
2026-02-15,일,2,경부선,316.2,시멘트,16.1,하,오전(06-12),0,0,0,1,0
2026-03-01,일,3,전라선,228.3,컨테이너,9.0,하,야간(18-24),0,0,0,0,0
2026-03-13,금,3,경부선,382.9,시멘트,16.4,상,야간(18-24),0,0,0,0,0
2026-02-04,수,2,태백선,120.4,컨테이너,19.8,상,오전(06-12),0,0,0,1,0
2026-04-25,토,4,충북선,181.3,컨테이너,19.0,하,오후(12-18),0,0,0,0,0
2026-07-20,월,7,중앙선,204.4,시멘트,18.2,하,새벽(00-06),0,0,1,0,0
2026-04-23,목,4,경부선,285.9,시멘트,2.4,상,새벽(00-06),0,0,0,0,1
2026-05-01,금,5,중앙선,155.6,컨테이너,14.4,상,오후(12-18),0,0,0,0,0
2026-06-21,일,6,장항선,145.6,철강,15.9,상,야간(18-24),0,0,1,0,1
2026-07-20,월,7,장항선,189.3,석탄,18.2,상,새벽(00-06),0,1,1,0,0
2026-05-01,금,5,경부선,317.7,컨테이너,15.1,하,야간(18-24),0,1,0,0,0
2026-03-22,일,3,중앙선,164.4,철강,21.3,하,야간(18-24),0,1,0,0,1
2026-05-30,토,5,중앙선,127.6,컨테이너,1.0,하,새벽(00-06),0,0,0,0,0
2026-01-09,금,1,충북선,172.1,시멘트,15.4,상,새벽(00-06),0,0,0,1,0
2026-06-29,월,6,경부선,313.3,석탄,14.9,하,오전(06-12),0,1,1,0,0
2026-12-10,목,12,중앙선,168.3,시멘트,17.4,하,야간(18-24),0,0,0,1,0
2026-05-26,화,5,부산신항선,7.7,철강,21.3,하,오전(06-12),1,0,0,0,1
2026-02-09,월,2,중앙선,184.9,시멘트,6.7,하,오전(06-12),0,0,0,1,1
2026-09-16,수,9,전라선,243.5,컨테이너,21.1,하,야간(18-24),0,1,0,0,0
2026-02-16,월,2,중앙선,181.8,시멘트,16.9,하,새벽(00-06),0,1,0,1,0
2026-03-12,목,3,중앙선,151.7,시멘트,10.9,상,야간(18-24),0,1,0,0,1
2026-02-23,월,2,충북선,159.8,컨테이너,6.5,하,야간(18-24),0,1,0,1,0
2026-11-19,목,11,경부선,362.0,시멘트,13.2,상,오전(06-12),0,1,0,0,0
2026-12-25,금,12,경부선,321.8,컨테이너,13.7,상,야간(18-24),0,0,0,1,0
2026-07-27,월,7,영동선,110.8,시멘트,14.0,하,야간(18-24),0,0,1,0,0
2026-08-14,금,8,태백선,129.0,시멘트,8.2,하,오후(12-18),0,0,1,0,0
2026-08-24,월,8,전라선,202.7,철강,15.7,하,야간(18-24),0,0,1,0,0
2026-08-11,화,8,경부선,283.3,유류,9.6,하,오전(06-12),0,1,1,0,1
2026-07-18,토,7,경부선,253.7,석탄,19.3,상,야간(18-24),1,0,1,0,0
2026-12-27,일,12,경부선,367.4,광석,22.3,하,야간(18-24),0,1,0,1,0
2026-09-25,금,9,호남선,219.8,시멘트,7.1,상,야간(18-24),0,0,0,0,1
2026-02-02,월,2,태백선,137.1,철강,12.4,하,야간(18-24),0,0,0,1,1
2026-05-24,일,5,충북선,168.7,철강,17.8,하,야간(18-24),0,0,0,0,0
2026-12-22,화,12,영동선,114.9,유류,13.7,하,새벽(00-06),0,0,0,1,0
2026-05-28,목,5,경부선,290.8,철강,3.9,상,새벽(00-06),0,0,0,0,0
2026-03-16,월,3,충북선,153.2,광석,17.2,하,오전(06-12),1,0,0,0,1
2026-11-13,금,11,경부선,301.2,시멘트,8.4,상,새벽(00-06),1,0,0,0,1
2026-08-16,일,8,중앙선,281.2,기타,13.2,하,야간(18-24),0,0,1,0,0
2026-07-25,토,7,호남선,233.7,시멘트,6.0,하,새벽(00-06),0,1,1,0,1
2026-06-03,수,6,태백선,138.9,컨테이너,16.8,하,오전(06-12),0,0,1,0,1
2026-02-15,일,2,경부선,374.8,컨테이너,9.5,상,오전(06-12),0,1,0,1,0
2026-05-21,목,5,경부선,369.8,시멘트,17.4,상,야간(18-24),1,0,0,0,1
2026-06-09,화,6,충북선,126.8,컨테이너,10.7,상,새벽(00-06),0,0,1,0,0
2026-12-06,일,12,경부선,311.3,컨테이너,9.1,하,야간(18-24),0,0,0,1,0
2026-04-23,목,4,충북선,160.9,시멘트,14.5,상,새벽(00-06),1,0,0,0,1
2026-02-24,화,2,충북선,176.6,석탄,5.6,하,새벽(00-06),0,1,0,1,0
2026-06-06,토,6,경부선,311.2,컨테이너,22.8,하,새벽(00-06),0,0,1,0,0
2026-12-30,수,12,중앙선,189.9,시멘트,13.1,하,야간(18-24),0,0,0,1,0
2026-06-26,금,6,경부선,301.7,석탄,8.6,상,새벽(00-06),0,0,1,0,0
2026-05-19,화,5,호남선,234.4,철강,9.6,상,새벽(00-06),1,1,0,0,0
2026-09-01,화,9,중앙선,142.8,석탄,12.1,상,새벽(00-06),0,0,0,0,0
2026-08-25,화,8,충북선,150.6,컨테이너,18.0,상,오전(06-12),0,0,1,0,0
2026-04-20,월,4,중앙선,128.8,기타,6.6,하,오전(06-12),0,1,0,0,0
2026-12-20,일,12,전라선,198.5,유류,9.8,하,새벽(00-06),0,0,0,1,0
2026-08-05,수,8,경부선,332.9,시멘트,11.7,하,오전(06-12),1,0,1,0,0
2026-01-22,목,1,경부선,333.6,컨테이너,21.3,상,오후(12-18),0,0,0,1,0
2026-05-29,금,5,전라선,220.0,시멘트,18.0,하,오전(06-12),0,0,0,0,1
2026-12-03,목,12,전라선,263.1,유류,21.5,상,오후(12-18),0,0,0,1,0
2026-05-24,일,5,경부선,374.4,유류,12.2,하,야간(18-24),0,1,0,0,0
2026-07-27,월,7,중앙선,190.9,광석,20.6,하,오후(12-18),0,0,1,0,0
2026-08-12,수,8,호남선,214.5,기타,19.6,하,야간(18-24),0,0,1,0,0
2026-09-15,화,9,경부선,302.1,철강,16.2,상,새벽(00-06),0,0,0,0,1
2026-11-15,일,11,경부선,345.3,컨테이너,16.7,상,오전(06-12),0,1,0,0,1
2026-02-24,화,2,중앙선,151.5,컨테이너,8.4,하,오전(06-12),0,0,0,1,0
2026-07-08,수,7,경부선,392.0,컨테이너,23.0,상,오전(06-12),1,0,1,0,1
2026-07-14,화,7,전라선,263.6,컨테이너,10.5,상,새벽(00-06),0,0,1,0,0
2026-02-25,수,2,전라선,193.4,컨테이너,15.4,하,오전(06-12),0,0,0,1,0
2026-09-03,목,9,충북선,141.6,시멘트,16.1,상,오전(06-12),0,1,0,0,0
2026-02-13,금,2,충북선,171.8,철강,3.8,상,오후(12-18),0,0,0,1,1
2026-06-16,화,6,중앙선,181.5,컨테이너,11.7,하,새벽(00-06),0,0,1,0,0
2026-05-01,금,5,장항선,190.5,철강,13.2,상,새벽(00-06),0,0,0,0,0
2026-02-26,목,2,경부선,305.8,광석,11.3,하,오전(06-12),0,0,0,1,0
2026-10-28,수,10,중앙선,246.7,컨테이너,11.8,하,오전(06-12),1,1,0,0,0
2026-03-31,화,3,전라선,229.6,컨테이너,21.0,하,오전(06-12),0,0,0,0,0
2026-04-04,토,4,중앙선,278.0,시멘트,7.0,하,오후(12-18),0,0,0,0,1
2026-11-08,일,11,경부선,344.3,유류,4.4,상,오후(12-18),0,0,0,0,0
2026-11-17,화,11,중앙선,146.1,철강,8.5,상,새벽(00-06),1,1,0,0,0
2026-01-13,화,1,전라선,292.0,컨테이너,16.5,하,새벽(00-06),0,0,0,1,1
2026-04-12,일,4,경부선,364.1,석탄,17.1,하,오후(12-18),0,1,0,0,0
2026-09-16,수,9,전라선,240.8,유류,15.6,상,오전(06-12),1,0,0,0,0
2026-10-12,월,10,장항선,192.5,컨테이너,17.5,상,오전(06-12),1,0,0,0,0
2026-12-31,목,12,충북선,131.6,석탄,13.5,상,새벽(00-06),1,0,0,1,1
2026-07-22,수,7,경부선,248.0,시멘트,8.9,하,야간(18-24),1,1,1,0,0
2026-01-03,토,1,장항선,178.8,컨테이너,6.3,상,오전(06-12),0,0,0,1,1
2026-11-15,일,11,경부선,375.4,광석,4.4,하,새벽(00-06),0,0,0,0,0
2026-02-28,토,2,부산신항선,11.8,컨테이너,10.6,상,오후(12-18),0,0,0,1,1
2026-02-14,토,2,전라선,280.7,유류,16.7,하,새벽(00-06),0,1,0,1,0
2026-09-04,금,9,경부선,373.0,석탄,13.4,하,새벽(00-06),0,0,0,0,0
2026-08-09,일,8,장항선,180.0,컨테이너,12.1,하,야간(18-24),1,0,1,0,0
2026-01-22,목,1,충북선,190.9,철강,5.7,하,야간(18-24),0,1,0,1,0
2026-03-03,화,3,중앙선,246.6,컨테이너,25.0,상,오전(06-12),1,1,0,0,1
2026-08-04,화,8,중앙선,190.5,컨테이너,7.0,하,오후(12-18),0,0,1,0,0
2026-04-04,토,4,충북선,156.0,컨테이너,12.7,상,오전(06-12),0,0,0,0,1
2026-09-07,월,9,전라선,233.6,유류,18.0,하,오후(12-18),0,1,0,0,0
2026-05-31,일,5,부산신항선,5.0,광석,12.3,상,오후(12-18),0,0,0,0,0
2026-08-03,월,8,경부선,331.4,컨테이너,7.2,상,오후(12-18),0,0,1,0,0
2026-06-23,화,6,충북선,179.3,시멘트,16.9,하,새벽(00-06),0,1,1,0,1
2026-05-14,목,5,전라선,233.7,기타,4.0,하,새벽(00-06),0,0,0,0,1
2026-05-05,화,5,전라선,239.7,석탄,22.5,상,오후(12-18),0,0,0,0,0
2026-09-12,토,9,중앙선,191.8,컨테이너,13.7,하,오전(06-12),0,0,0,0,1
2026-07-07,화,7,중앙선,123.4,시멘트,10.5,상,야간(18-24),1,0,1,0,1
2026-08-05,수,8,장항선,212.9,시멘트,3.5,상,새벽(00-06),0,0,1,0,0
2026-07-30,목,7,중앙선,180.4,컨테이너,5.1,하,야간(18-24),0,0,1,0,0
2026-03-17,화,3,경부선,295.5,시멘트,11.7,상,새벽(00-06),0,1,0,0,1
2026-11-30,월,11,충북선,195.2,철강,23.4,상,새벽(00-06),0,0,0,0,0
2026-07-25,토,7,경부선,359.3,석탄,13.4,상,야간(18-24),0,1,1,0,0
2026-09-20,일,9,경부선,331.1,시멘트,14.1,상,오전(06-12),0,1,0,0,0
2026-11-18,수,11,경부선,351.0,철강,14.3,하,새벽(00-06),0,0,0,0,0
2026-12-04,금,12,전라선,194.8,시멘트,25.0,상,오후(12-18),0,1,0,1,0
2026-09-01,화,9,영동선,108.6,철강,9.4,하,오전(06-12),1,0,0,0,0
2026-10-15,목,10,중앙선,238.6,컨테이너,21.4,상,야간(18-24),0,0,0,0,0
2026-06-22,월,6,경부선,293.1,시멘트,9.6,하,야간(18-24),0,0,1,0,1
2026-09-27,일,9,태백선,115.5,시멘트,7.8,하,오후(12-18),0,0,0,0,1
2026-04-28,화,4,경부선,323.3,시멘트,11.5,하,오전(06-12),0,0,0,0,1
2026-09-17,목,9,영동선,111.3,석탄,11.5,하,새벽(00-06),0,1,0,0,0
2026-02-01,일,2,충북선,177.5,시멘트,15.4,상,야간(18-24),0,1,0,1,1
2026-11-30,월,11,경부선,265.1,시멘트,1.0,상,새벽(00-06),0,0,0,0,0
2026-03-31,화,3,중앙선,104.1,시멘트,12.9,상,새벽(00-06),1,0,0,0,0
2026-08-28,금,8,중앙선,225.5,석탄,8.4,상,오후(12-18),0,1,1,0,0
2026-01-05,월,1,장항선,157.9,석탄,7.7,하,야간(18-24),0,0,0,1,0
2026-02-26,목,2,경부선,295.8,철강,4.2,하,오전(06-12),1,0,0,1,0
2026-12-27,일,12,태백선,91.8,유류,9.8,하,오후(12-18),0,0,0,1,1
2026-11-01,일,11,장항선,200.1,철강,8.9,하,야간(18-24),0,0,0,0,0
2026-03-23,월,3,태백선,142.5,컨테이너,9.4,상,새벽(00-06),0,1,0,0,0
2026-02-17,화,2,부산신항선,11.5,유류,2.2,하,새벽(00-06),0,0,0,1,1
2026-10-25,일,10,경부선,332.3,컨테이너,12.6,하,새벽(00-06),0,0,0,0,0
2026-12-28,월,12,충북선,109.8,석탄,7.3,하,오전(06-12),0,0,0,1,0
2026-03-03,화,3,태백선,115.8,기타,2.2,상,야간(18-24),0,0,0,0,0
2026-08-31,월,8,중앙선,177.5,컨테이너,8.7,하,오전(06-12),0,0,1,0,0
2026-04-14,화,4,경부선,290.3,컨테이너,7.4,하,오후(12-18),0,0,0,0,1
2026-09-29,화,9,경부선,309.3,컨테이너,12.2,상,오후(12-18),0,1,0,0,0
2026-06-02,화,6,경부선,330.0,기타,8.6,하,오전(06-12),1,1,1,0,0
2026-02-15,일,2,태백선,155.6,시멘트,3.3,상,새벽(00-06),0,0,0,1,0
2026-04-29,수,4,중앙선,141.5,철강,6.7,하,새벽(00-06),0,0,0,0,0
2026-07-16,목,7,전라선,229.1,컨테이너,1.6,하,새벽(00-06),0,1,1,0,0
2026-10-19,월,10,영동선,120.5,컨테이너,18.8,상,새벽(00-06),1,0,0,0,0
2026-01-08,목,1,중앙선,161.0,컨테이너,19.8,상,새벽(00-06),0,1,0,1,1
2026-12-16,수,12,장항선,175.7,유류,20.5,상,새벽(00-06),0,0,0,1,0
2026-08-26,수,8,경부선,338.9,컨테이너,8.5,하,오후(12-18),1,0,1,0,0
2026-11-16,월,11,경부선,320.6,광석,19.8,하,오전(06-12),0,0,0,0,0
2026-12-06,일,12,경부선,347.2,석탄,14.4,상,새벽(00-06),0,0,0,1,0
2026-02-26,목,2,중앙선,196.6,광석,7.1,하,새벽(00-06),0,0,0,1,0
2026-02-04,수,2,중앙선,182.4,시멘트,8.2,상,새벽(00-06),0,1,0,1,1
2026-10-11,일,10,중앙선,152.3,시멘트,11.0,하,오후(12-18),1,0,0,0,1
2026-03-10,화,3,경부선,330.1,컨테이너,12.6,하,오전(06-12),0,0,0,0,0
2026-02-24,화,2,경부선,324.2,시멘트,14.2,상,오후(12-18),0,0,0,1,1
2026-06-21,일,6,전라선,199.6,시멘트,12.0,하,오전(06-12),0,1,1,0,0
2026-11-30,월,11,경부선,343.5,컨테이너,9.9,하,새벽(00-06),1,1,0,0,0
2026-10-18,일,10,장항선,205.0,기타,20.1,하,야간(18-24),0,0,0,0,1
2026-07-09,목,7,호남선,191.7,컨테이너,11.3,상,새벽(00-06),0,0,1,0,1
2026-03-13,금,3,전라선,207.6,컨테이너,11.0,하,오전(06-12),0,0,0,0,0
2026-05-03,일,5,충북선,142.2,석탄,10.7,하,오후(12-18),0,1,0,0,0
2026-09-09,수,9,전라선,179.0,시멘트,11.3,상,오후(12-18),0,0,0,0,0
2026-02-27,금,2,전라선,289.5,컨테이너,3.8,상,오전(06-12),0,0,0,1,1
2026-07-11,토,7,호남선,197.0,기타,6.0,하,야간(18-24),0,0,1,0,0
2026-01-05,월,1,영동선,96.9,컨테이너,25.0,상,오전(06-12),0,0,0,1,1
2026-04-29,수,4,중앙선,153.9,시멘트,2.1,상,야간(18-24),0,0,0,0,0
2026-04-01,수,4,충북선,151.6,컨테이너,13.6,상,새벽(00-06),0,0,0,0,0
2026-09-06,일,9,장항선,165.7,컨테이너,14.1,하,오전(06-12),0,1,0,0,0
2026-11-30,월,11,경부선,377.7,시멘트,18.1,상,새벽(00-06),0,0,0,0,1
2026-02-23,월,2,충북선,130.1,철강,14.2,상,오후(12-18),1,0,0,1,0
2026-10-19,월,10,전라선,183.2,시멘트,23.3,하,오전(06-12),0,1,0,0,0
2026-08-28,금,8,전라선,246.0,컨테이너,13.4,하,오후(12-18),0,0,1,0,0
2026-12-20,일,12,중앙선,189.5,컨테이너,20.1,상,오후(12-18),0,0,0,1,1
2026-11-29,일,11,중앙선,185.5,광석,18.2,상,오전(06-12),1,1,0,0,0
2026-02-06,금,2,경부선,342.6,컨테이너,21.3,하,오후(12-18),0,0,0,1,0
2026-09-29,화,9,충북선,164.7,시멘트,12.1,하,오후(12-18),0,0,0,0,0
2026-08-05,수,8,부산신항선,10.5,컨테이너,14.4,하,야간(18-24),0,0,1,0,0
2026-02-11,수,2,부산신항선,6.4,컨테이너,9.8,상,새벽(00-06),0,0,0,1,1
2026-04-04,토,4,중앙선,134.9,컨테이너,13.0,상,오전(06-12),1,0,0,0,0
2026-12-05,토,12,경부선,292.2,컨테이너,13.3,상,야간(18-24),1,1,0,1,0
2026-07-18,토,7,장항선,157.9,시멘트,1.0,하,새벽(00-06),0,0,1,0,0
2026-05-04,월,5,전라선,237.5,시멘트,11.1,상,오후(12-18),0,0,0,0,0
2026-04-27,월,4,충북선,116.3,철강,17.3,하,새벽(00-06),0,0,0,0,0
2026-11-02,월,11,중앙선,177.6,컨테이너,3.9,상,야간(18-24),0,1,0,0,0
2026-04-14,화,4,경부선,313.3,시멘트,6.1,하,오후(12-18),0,1,0,0,1
2026-02-27,금,2,장항선,178.8,시멘트,18.9,상,야간(18-24),0,1,0,1,0
2026-07-29,수,7,충북선,171.3,컨테이너,20.1,상,오후(12-18),0,0,1,0,0
2026-12-29,화,12,중앙선,181.9,컨테이너,8.3,상,오전(06-12),1,0,0,1,0
2026-03-08,일,3,부산신항선,8.6,컨테이너,13.0,하,오전(06-12),1,0,0,0,1
2026-04-04,토,4,전라선,266.7,컨테이너,11.5,하,야간(18-24),0,1,0,0,0
2026-06-21,일,6,호남선,200.2,시멘트,19.1,하,오후(12-18),0,0,1,0,0
2026-03-14,토,3,중앙선,243.0,컨테이너,8.8,상,새벽(00-06),0,0,0,0,0
2026-08-26,수,8,중앙선,181.9,시멘트,9.7,하,새벽(00-06),0,1,1,0,0
2026-04-03,금,4,호남선,207.8,시멘트,20.0,상,오후(12-18),0,1,0,0,0
2026-02-16,월,2,호남선,204.7,시멘트,6.0,하,새벽(00-06),0,1,0,1,0
2026-04-06,월,4,호남선,214.0,컨테이너,9.0,상,오후(12-18),0,0,0,0,0
2026-12-06,일,12,태백선,127.1,시멘트,12.8,상,야간(18-24),0,0,0,1,1
2026-12-08,화,12,중앙선,196.7,시멘트,21.1,상,오전(06-12),0,0,0,1,0
2026-07-04,토,7,경부선,381.4,기타,4.8,상,새벽(00-06),0,0,1,0,0
2026-05-27,수,5,중앙선,230.0,컨테이너,7.7,하,야간(18-24),0,0,0,0,0
2026-10-27,화,10,호남선,234.6,컨테이너,15.6,하,오전(06-12),0,0,0,0,1
2026-03-12,목,3,중앙선,146.3,유류,16.5,하,야간(18-24),0,0,0,0,1
2026-08-27,목,8,장항선,156.0,컨테이너,13.3,하,새벽(00-06),1,1,1,0,0
2026-09-06,일,9,호남선,213.6,컨테이너,11.3,하,새벽(00-06),0,0,0,0,1
2026-09-17,목,9,영동선,121.4,유류,12.8,상,새벽(00-06),0,0,0,0,0
2026-03-21,토,3,호남선,195.2,시멘트,3.0,상,오전(06-12),0,1,0,0,0
2026-09-19,토,9,충북선,143.9,석탄,12.6,상,야간(18-24),0,0,0,0,0
2026-08-12,수,8,중앙선,242.1,컨테이너,20.9,상,오후(12-18),0,1,1,0,0
2026-11-16,월,11,영동선,120.1,컨테이너,4.1,상,새벽(00-06),0,0,0,0,0
2026-03-05,목,3,경부선,362.5,컨테이너,7.3,하,새벽(00-06),0,0,0,0,0
2026-08-12,수,8,경부선,302.5,철강,9.6,상,오후(12-18),0,1,1,0,0
2026-10-30,금,10,영동선,102.0,시멘트,10.0,하,새벽(00-06),0,0,0,0,0
2026-04-12,일,4,전라선,257.9,시멘트,23.0,상,새벽(00-06),0,0,0,0,1
2026-09-29,화,9,충북선,154.7,광석,6.4,하,오후(12-18),0,1,0,0,0
2026-02-06,금,2,경부선,295.8,기타,5.2,상,새벽(00-06),0,1,0,1,0
2026-09-20,일,9,충북선,138.5,컨테이너,16.6,하,오전(06-12),1,1,0,0,0
2026-08-10,월,8,호남선,195.4,시멘트,8.1,상,오전(06-12),0,0,1,0,0
2026-03-12,목,3,충북선,183.2,석탄,16.7,하,오전(06-12),1,0,0,0,1
2026-01-25,일,1,중앙선,140.5,철강,10.8,상,새벽(00-06),0,0,0,1,1
2026-09-30,수,9,충북선,177.0,광석,14.8,하,오전(06-12),0,0,0,0,0
2026-03-30,월,3,부산신항선,8.5,철강,2.6,하,새벽(00-06),0,0,0,0,0
2026-07-01,수,7,부산신항선,10.0,석탄,14.7,상,야간(18-24),0,1,1,0,0
2026-01-23,금,1,중앙선,188.2,컨테이너,13.3,상,오전(06-12),0,1,0,1,0
2026-12-18,금,12,충북선,155.8,시멘트,10.5,하,오후(12-18),0,0,0,1,0
2026-07-20,월,7,경부선,308.7,시멘트,4.6,하,새벽(00-06),0,0,1,0,0
2026-12-07,월,12,중앙선,177.7,석탄,13.3,상,새벽(00-06),1,1,0,1,0
2026-02-28,토,2,경부선,297.3,시멘트,16.3,상,오전(06-12),0,0,0,1,0
2026-03-17,화,3,충북선,194.3,시멘트,8.8,하,오후(12-18),1,0,0,0,0
2026-08-11,화,8,충북선,161.9,시멘트,8.9,하,새벽(00-06),0,1,1,0,1
2026-08-09,일,8,중앙선,188.9,기타,16.8,상,새벽(00-06),0,0,1,0,0
2026-10-16,금,10,경부선,294.4,컨테이너,22.3,하,야간(18-24),0,0,0,0,0
2026-12-05,토,12,경부선,303.9,철강,17.6,하,오전(06-12),1,0,0,1,1
2026-10-27,화,10,경부선,294.6,시멘트,13.4,상,야간(18-24),0,0,0,0,0
2026-02-21,토,2,전라선,252.4,시멘트,10.5,하,새벽(00-06),0,1,0,1,0
2026-04-23,목,4,경부선,290.1,시멘트,11.8,하,야간(18-24),0,0,0,0,0
2026-11-30,월,11,경부선,230.4,시멘트,4.0,상,오후(12-18),0,1,0,0,0
2026-07-20,월,7,영동선,110.7,철강,11.1,상,새벽(00-06),1,0,1,0,0
2026-11-13,금,11,경부선,309.0,컨테이너,18.7,상,새벽(00-06),1,1,0,0,0
2026-07-25,토,7,부산신항선,8.8,광석,12.2,상,야간(18-24),1,0,1,0,1
2026-01-19,월,1,충북선,184.1,철강,8.2,하,새벽(00-06),0,0,0,1,0
2026-06-22,월,6,전라선,147.4,시멘트,7.7,상,새벽(00-06),0,1,1,0,1
2026-10-29,목,10,충북선,200.7,컨테이너,11.8,하,새벽(00-06),1,0,0,0,0
2026-08-28,금,8,경부선,362.4,컨테이너,4.6,상,오전(06-12),1,0,1,0,0
2026-02-18,수,2,태백선,122.9,컨테이너,6.5,상,오전(06-12),1,0,0,1,0
2026-03-18,수,3,태백선,126.5,컨테이너,21.2,상,오전(06-12),0,1,0,0,0
2026-11-08,일,11,중앙선,211.0,컨테이너,5.8,상,야간(18-24),0,0,0,0,0
2026-12-24,목,12,장항선,190.2,기타,7.2,하,새벽(00-06),0,1,0,1,0
2026-10-02,금,10,충북선,145.5,석탄,13.7,하,오후(12-18),0,0,0,0,0
2026-02-05,목,2,부산신항선,5.7,유류,9.3,상,야간(18-24),0,0,0,1,0
2026-08-15,토,8,장항선,221.9,시멘트,12.5,상,새벽(00-06),0,1,1,0,0
2026-10-30,금,10,경부선,358.4,석탄,17.2,하,야간(18-24),0,1,0,0,0
2026-08-22,토,8,부산신항선,11.1,유류,2.7,하,새벽(00-06),0,1,1,0,0
2026-08-05,수,8,영동선,112.4,컨테이너,16.5,상,오전(06-12),0,0,1,0,0
2026-06-20,토,6,전라선,248.0,석탄,8.5,하,새벽(00-06),0,1,1,0,0
2026-03-31,화,3,경부선,349.8,광석,10.3,상,새벽(00-06),0,0,0,0,1
2026-04-13,월,4,장항선,137.9,광석,23.5,하,새벽(00-06),0,0,0,0,0
2026-09-30,수,9,전라선,218.9,시멘트,3.6,상,새벽(00-06),0,0,0,0,0
2026-01-26,월,1,중앙선,177.4,유류,15.5,상,새벽(00-06),0,0,0,1,0
2026-01-31,토,1,부산신항선,10.1,시멘트,18.8,하,야간(18-24),0,0,0,1,0
2026-05-25,월,5,충북선,180.6,컨테이너,7.9,상,야간(18-24),0,1,0,0,0
2026-10-10,토,10,태백선,99.7,컨테이너,8.0,하,오후(12-18),0,1,0,0,0
2026-08-28,금,8,전라선,188.9,시멘트,9.8,상,오전(06-12),0,0,1,0,0
2026-08-04,화,8,경부선,292.9,컨테이너,7.9,하,야간(18-24),0,0,1,0,0
2026-07-14,화,7,영동선,112.1,컨테이너,12.4,상,야간(18-24),0,0,1,0,0
2026-02-10,화,2,충북선,182.1,컨테이너,17.4,하,야간(18-24),0,0,0,1,1
2026-05-02,토,5,충북선,202.1,유류,9.8,하,오후(12-18),1,1,0,0,0
2026-01-30,금,1,중앙선,183.3,유류,17.6,하,오전(06-12),0,1,0,1,0
2026-10-04,일,10,경부선,353.4,유류,20.4,상,야간(18-24),0,0,0,0,0
2026-10-02,금,10,전라선,250.7,시멘트,14.6,상,오전(06-12),0,1,0,0,0
2026-04-05,일,4,중앙선,212.3,광석,15.2,하,오후(12-18),0,0,0,0,0
2026-04-17,금,4,호남선,207.6,시멘트,8.4,하,새벽(00-06),0,0,0,0,1
2026-04-26,일,4,영동선,103.8,시멘트,1.0,상,새벽(00-06),1,0,0,0,0
2026-11-21,토,11,장항선,158.3,시멘트,15.5,상,야간(18-24),0,0,0,0,1
2026-06-28,일,6,경부선,274.9,컨테이너,16.8,하,오후(12-18),0,0,1,0,0
2026-10-06,화,10,전라선,239.8,석탄,13.5,상,오후(12-18),0,0,0,0,0
2026-06-13,토,6,경부선,318.0,시멘트,17.5,하,새벽(00-06),0,0,1,0,0
2026-09-12,토,9,태백선,127.2,기타,8.7,상,오전(06-12),0,1,0,0,1
2026-07-12,일,7,중앙선,216.6,컨테이너,15.1,하,새벽(00-06),0,1,1,0,0
2026-04-12,일,4,호남선,203.2,컨테이너,20.8,하,야간(18-24),0,0,0,0,0
2026-11-16,월,11,중앙선,161.3,시멘트,16.0,하,오전(06-12),0,1,0,0,0
2026-09-16,수,9,경부선,309.5,컨테이너,20.1,상,오전(06-12),0,1,0,0,1
2026-10-08,목,10,영동선,122.1,기타,20.1,상,새벽(00-06),0,0,0,0,0
2026-12-13,일,12,충북선,135.7,시멘트,4.7,상,오전(06-12),0,0,0,1,0
2026-04-01,수,4,태백선,139.7,시멘트,16.3,하,오전(06-12),0,0,0,0,0
2026-02-03,화,2,부산신항선,10.4,석탄,8.2,상,야간(18-24),0,0,0,1,0
2026-08-01,토,8,충북선,142.3,시멘트,5.4,상,야간(18-24),1,0,1,0,1
2026-04-30,목,4,중앙선,183.0,컨테이너,10.3,상,오전(06-12),0,0,0,0,0
2026-06-09,화,6,충북선,122.0,시멘트,22.5,하,오전(06-12),0,0,1,0,0
2026-03-27,금,3,태백선,137.7,컨테이너,8.7,하,야간(18-24),0,1,0,0,0
2026-05-26,화,5,영동선,89.3,석탄,1.5,하,오전(06-12),0,0,0,0,1
2026-05-24,일,5,중앙선,230.8,유류,3.3,하,오후(12-18),0,0,0,0,1
2026-05-08,금,5,전라선,226.6,컨테이너,14.9,하,새벽(00-06),0,0,0,0,0
2026-09-28,월,9,경부선,297.3,석탄,7.4,하,오전(06-12),0,0,0,0,0
2026-08-05,수,8,충북선,190.3,석탄,1.0,하,새벽(00-06),0,0,1,0,0
2026-06-23,화,6,장항선,159.0,시멘트,3.6,하,새벽(00-06),0,0,1,0,0
2026-02-11,수,2,부산신항선,8.4,시멘트,13.0,상,새벽(00-06),0,0,0,1,1
2026-07-28,화,7,중앙선,129.3,시멘트,16.7,하,오전(06-12),0,1,1,0,0
2026-03-05,목,3,중앙선,239.1,시멘트,9.3,하,새벽(00-06),1,0,0,0,0
2026-04-25,토,4,경부선,395.1,시멘트,15.9,하,야간(18-24),0,0,0,0,0
2026-06-01,월,6,경부선,253.3,컨테이너,17.5,상,오전(06-12),0,0,1,0,0
2026-02-21,토,2,중앙선,164.7,시멘트,7.3,하,새벽(00-06),0,0,0,1,0
2026-05-23,토,5,부산신항선,10.8,철강,11.3,하,오전(06-12),0,0,0,0,0
2026-04-08,수,4,중앙선,175.3,시멘트,8.4,하,새벽(00-06),0,0,0,0,0
2026-11-07,토,11,중앙선,192.2,광석,15.2,상,새벽(00-06),0,0,0,0,0
2026-11-10,화,11,전라선,225.9,컨테이너,8.3,하,새벽(00-06),0,1,0,0,0
2026-01-02,금,1,경부선,336.5,시멘트,4.7,하,야간(18-24),0,0,0,1,0
2026-08-08,토,8,경부선,281.8,시멘트,12.3,상,오전(06-12),0,0,1,0,0
2026-08-22,토,8,호남선,213.0,시멘트,18.7,하,새벽(00-06),0,1,1,0,0
2026-05-18,월,5,경부선,275.6,광석,15.1,하,오전(06-12),0,1,0,0,0
2026-06-21,일,6,중앙선,178.9,컨테이너,18.0,하,새벽(00-06),0,0,1,0,0
2026-10-16,금,10,충북선,117.9,시멘트,17.5,하,오후(12-18),0,0,0,0,0
2026-05-18,월,5,경부선,304.0,시멘트,12.3,상,야간(18-24),0,0,0,0,0
2026-01-24,토,1,경부선,297.3,시멘트,8.4,상,새벽(00-06),0,1,0,1,0
2026-05-16,토,5,경부선,357.9,철강,6.8,상,새벽(00-06),0,0,0,0,1
2026-04-03,금,4,중앙선,191.2,철강,2.5,하,오후(12-18),1,0,0,0,0
2026-05-20,수,5,부산신항선,11.0,컨테이너,19.1,하,오후(12-18),0,1,0,0,0
2026-03-25,수,3,중앙선,192.5,철강,10.0,상,야간(18-24),0,0,0,0,0
2026-02-24,화,2,중앙선,118.8,철강,1.8,상,오후(12-18),0,0,0,1,0
2026-12-26,토,12,중앙선,123.4,시멘트,19.4,상,새벽(00-06),0,1,0,1,0
2026-02-17,화,2,영동선,105.0,컨테이너,12.6,상,야간(18-24),0,0,0,1,0
2026-09-15,화,9,경부선,331.3,광석,17.8,하,새벽(00-06),0,0,0,0,0
2026-09-19,토,9,부산신항선,9.9,철강,10.4,상,새벽(00-06),0,0,0,0,0
2026-08-14,금,8,중앙선,163.1,컨테이너,7.2,하,야간(18-24),0,0,1,0,0
2026-11-29,일,11,호남선,202.2,컨테이너,14.7,상,오후(12-18),0,0,0,0,0
2026-01-02,금,1,중앙선,181.9,철강,15.2,하,오전(06-12),0,0,0,1,0
2026-04-21,화,4,경부선,351.4,광석,10.3,하,새벽(00-06),0,0,0,0,0
2026-03-09,월,3,충북선,179.4,시멘트,19.9,하,새벽(00-06),0,0,0,0,0
2026-07-30,목,7,경부선,298.1,유류,17.7,상,오후(12-18),0,0,1,0,0
2026-08-20,목,8,장항선,178.6,시멘트,15.4,상,야간(18-24),0,0,1,0,0
2026-11-24,화,11,전라선,237.7,시멘트,5.3,상,오후(12-18),0,0,0,0,0
2026-05-19,화,5,전라선,242.1,석탄,4.5,상,야간(18-24),0,0,0,0,0
2026-03-28,토,3,경부선,386.3,컨테이너,19.2,하,오후(12-18),0,1,0,0,0
2026-12-04,금,12,전라선,228.6,컨테이너,1.0,상,새벽(00-06),0,0,0,1,1
2026-09-03,목,9,중앙선,234.2,철강,11.5,하,오전(06-12),0,1,0,0,0
2026-10-07,수,10,영동선,92.4,컨테이너,12.9,하,새벽(00-06),0,0,0,0,0
2026-06-12,금,6,전라선,210.3,컨테이너,9.1,상,새벽(00-06),0,1,1,0,1
2026-06-13,토,6,충북선,107.9,컨테이너,11.8,상,새벽(00-06),1,0,1,0,1
2026-05-23,토,5,태백선,138.5,컨테이너,14.5,상,야간(18-24),0,1,0,0,0
2026-10-01,목,10,충북선,177.5,컨테이너,8.5,상,새벽(00-06),0,0,0,0,0
2026-03-18,수,3,충북선,97.4,시멘트,17.3,상,오전(06-12),0,0,0,0,0
2026-12-23,수,12,경부선,327.7,광석,15.5,하,야간(18-24),0,0,0,1,1
2026-03-06,금,3,전라선,247.5,석탄,10.9,하,오후(12-18),0,1,0,0,0
2026-06-18,목,6,중앙선,212.5,석탄,7.0,상,새벽(00-06),0,0,1,0,0
2026-04-25,토,4,경부선,272.4,컨테이너,11.5,상,오전(06-12),1,1,0,0,1
2026-08-23,일,8,태백선,151.0,컨테이너,24.7,하,야간(18-24),0,0,1,0,0
2026-09-06,일,9,경부선,320.6,광석,7.5,상,오전(06-12),0,1,0,0,0
2026-12-02,수,12,전라선,247.1,석탄,21.2,하,새벽(00-06),0,1,0,1,0
2026-10-16,금,10,경부선,315.2,철강,1.5,하,오후(12-18),0,0,0,0,0
2026-04-01,수,4,중앙선,206.6,시멘트,6.8,하,오전(06-12),0,1,0,0,0
2026-03-17,화,3,태백선,157.7,시멘트,8.7,하,오전(06-12),0,0,0,0,0
2026-11-20,금,11,경부선,312.0,시멘트,17.7,상,새벽(00-06),0,1,0,0,1
2026-06-28,일,6,전라선,237.9,컨테이너,12.3,하,야간(18-24),0,0,1,0,0
2026-02-05,목,2,충북선,192.5,유류,19.9,상,야간(18-24),1,1,0,1,0
2026-10-29,목,10,태백선,132.8,컨테이너,10.0,상,오전(06-12),0,0,0,0,0
2026-08-25,화,8,경부선,275.2,시멘트,11.7,상,새벽(00-06),0,1,1,0,0
2026-01-10,토,1,장항선,193.1,컨테이너,10.0,상,새벽(00-06),0,0,0,1,1
2026-10-13,화,10,중앙선,243.5,석탄,24.2,상,오후(12-18),0,1,0,0,0
2026-08-10,월,8,중앙선,238.4,철강,5.3,하,새벽(00-06),0,0,1,0,0
2026-08-13,목,8,중앙선,218.3,시멘트,9.0,상,오후(12-18),0,0,1,0,0
2026-11-12,목,11,중앙선,111.3,기타,6.1,하,야간(18-24),0,0,0,0,0
2026-06-30,화,6,충북선,145.4,컨테이너,15.4,상,새벽(00-06),0,1,1,0,0
2026-06-18,목,6,경부선,296.8,유류,5.2,상,새벽(00-06),0,0,1,0,0
2026-08-14,금,8,중앙선,194.9,철강,22.9,하,새벽(00-06),1,0,1,0,0
2026-03-14,토,3,전라선,280.0,광석,12.5,하,오전(06-12),0,1,0,0,1
2026-02-25,수,2,중앙선,155.5,철강,14.5,상,야간(18-24),1,0,0,1,0
2026-11-04,수,11,경부선,409.9,시멘트,14.8,하,새벽(00-06),0,0,0,0,0
2026-03-20,금,3,중앙선,179.9,시멘트,11.9,상,오후(12-18),0,0,0,0,0
2026-07-04,토,7,중앙선,166.5,유류,12.7,상,오전(06-12),0,0,1,0,0
2026-04-09,목,4,전라선,254.8,유류,12.5,상,오전(06-12),0,0,0,0,0
2026-03-26,목,3,부산신항선,13.4,시멘트,15.1,상,새벽(00-06),0,0,0,0,0
2026-08-07,금,8,충북선,177.5,석탄,7.1,상,야간(18-24),0,1,1,0,0
2026-10-20,화,10,전라선,206.3,시멘트,6.0,상,야간(18-24),0,0,0,0,0
2026-06-11,목,6,경부선,340.3,컨테이너,16.9,하,새벽(00-06),0,1,1,0,0
2026-02-20,금,2,호남선,182.4,컨테이너,12.0,상,오후(12-18),1,0,0,1,0
2026-03-31,화,3,중앙선,165.4,석탄,1.0,상,오전(06-12),1,0,0,0,0
2026-03-02,월,3,중앙선,190.0,석탄,9.1,상,새벽(00-06),0,1,0,0,0
2026-11-19,목,11,경부선,287.4,석탄,21.2,하,오전(06-12),0,0,0,0,0
2026-04-27,월,4,경부선,362.3,시멘트,11.0,상,새벽(00-06),0,1,0,0,0
2026-05-17,일,5,장항선,168.0,시멘트,8.8,하,야간(18-24),0,0,0,0,0
2026-01-26,월,1,경부선,311.4,컨테이너,3.0,하,오전(06-12),0,0,0,1,0
2026-06-12,금,6,경부선,285.0,컨테이너,8.6,하,야간(18-24),0,0,1,0,0
2026-11-30,월,11,경부선,361.7,컨테이너,5.0,하,야간(18-24),1,0,0,0,1
2026-05-30,토,5,영동선,99.8,석탄,14.6,하,오전(06-12),0,0,0,0,0
2026-08-26,수,8,장항선,202.4,철강,12.3,하,오후(12-18),0,1,1,0,0
2026-03-08,일,3,호남선,234.9,광석,9.8,하,야간(18-24),1,1,0,0,0
2026-02-22,일,2,태백선,126.6,컨테이너,7.4,상,새벽(00-06),0,0,0,1,0
2026-09-25,금,9,부산신항선,10.7,유류,21.2,하,새벽(00-06),0,0,0,0,0
2026-01-24,토,1,중앙선,176.7,시멘트,7.8,하,오전(06-12),1,1,0,1,0
2026-06-13,토,6,경부선,342.0,컨테이너,7.8,하,오전(06-12),0,0,1,0,0
2026-04-26,일,4,중앙선,186.5,철강,10.5,상,야간(18-24),1,0,0,0,0
2026-01-06,화,1,중앙선,178.7,기타,11.4,하,오전(06-12),0,0,0,1,0
2026-07-13,월,7,전라선,230.8,시멘트,14.9,상,오전(06-12),0,0,1,0,0
2026-12-18,금,12,경부선,256.9,석탄,17.6,하,오전(06-12),0,1,0,1,1
2026-01-26,월,1,경부선,317.2,컨테이너,17.1,상,오전(06-12),1,0,0,1,1
2026-10-25,일,10,전라선,248.9,컨테이너,25.0,하,야간(18-24),0,0,0,0,0
2026-07-16,목,7,경부선,325.7,컨테이너,1.8,상,오후(12-18),0,1,1,0,0
2026-09-22,화,9,경부선,358.3,컨테이너,13.4,하,야간(18-24),0,0,0,0,0
2026-02-05,목,2,경부선,305.1,철강,8.9,하,새벽(00-06),0,0,0,1,0
2026-11-14,토,11,전라선,215.6,컨테이너,24.1,상,야간(18-24),0,0,0,0,0
2026-01-05,월,1,경부선,275.5,석탄,13.1,상,야간(18-24),0,0,0,1,0
2026-11-27,금,11,경부선,304.0,유류,1.0,하,야간(18-24),0,0,0,0,0
2026-08-29,토,8,경부선,398.8,유류,14.6,하,야간(18-24),0,0,1,0,0
2026-05-04,월,5,장항선,185.1,컨테이너,13.6,상,오후(12-18),0,0,0,0,0
2026-01-03,토,1,경부선,296.8,컨테이너,16.5,상,오후(12-18),0,0,0,1,0
2026-08-11,화,8,경부선,280.0,시멘트,7.7,상,새벽(00-06),0,0,1,0,0
2026-02-01,일,2,부산신항선,5.8,컨테이너,14.0,상,새벽(00-06),0,0,0,1,0
2026-08-11,화,8,부산신항선,8.1,시멘트,10.4,상,야간(18-24),0,0,1,0,0
2026-10-10,토,10,경부선,350.6,시멘트,8.0,하,오전(06-12),0,0,0,0,0
2026-04-08,수,4,경부선,303.1,석탄,14.1,하,오후(12-18),0,1,0,0,0
2026-03-29,일,3,경부선,281.9,컨테이너,12.9,하,오후(12-18),0,0,0,0,0
2026-03-23,월,3,전라선,204.0,컨테이너,18.3,상,오후(12-18),0,0,0,0,0
2026-03-24,화,3,경부선,346.2,유류,12.2,하,오전(06-12),0,1,0,0,0
2026-02-11,수,2,호남선,206.2,광석,15.6,하,야간(18-24),0,0,0,1,0
2026-04-02,목,4,태백선,123.0,석탄,4.8,상,새벽(00-06),0,0,0,0,0
2026-08-29,토,8,충북선,153.6,시멘트,20.4,하,야간(18-24),1,0,1,0,1
2026-04-21,화,4,경부선,408.4,석탄,7.3,상,새벽(00-06),1,0,0,0,0
2026-10-13,화,10,부산신항선,14.3,컨테이너,17.4,상,야간(18-24),0,0,0,0,0
2026-10-27,화,10,전라선,273.5,광석,13.6,상,야간(18-24),1,0,0,0,0
2026-10-05,월,10,장항선,144.6,컨테이너,12.8,하,야간(18-24),0,0,0,0,0
2026-07-16,목,7,경부선,314.2,석탄,16.6,하,새벽(00-06),0,1,1,0,0
2026-04-26,일,4,전라선,210.1,컨테이너,1.0,상,야간(18-24),0,0,0,0,1
2026-12-06,일,12,장항선,190.5,석탄,8.6,하,오전(06-12),0,1,0,1,0
2026-03-16,월,3,호남선,234.7,철강,16.5,하,새벽(00-06),0,0,0,0,1
2026-06-19,금,6,충북선,169.5,철강,23.5,하,새벽(00-06),1,0,1,0,1
2026-06-15,월,6,충북선,139.5,시멘트,11.9,하,오후(12-18),0,1,1,0,0
2026-09-30,수,9,중앙선,170.2,시멘트,1.0,하,야간(18-24),0,1,0,0,0
2026-07-19,일,7,전라선,248.0,시멘트,10.1,상,오후(12-18),0,0,1,0,0
2026-10-19,월,10,부산신항선,12.8,철강,11.6,상,새벽(00-06),0,1,0,0,0
2026-12-02,수,12,충북선,164.8,시멘트,18.7,상,오전(06-12),0,0,0,1,1
2026-05-23,토,5,경부선,325.4,시멘트,12.3,하,새벽(00-06),0,0,0,0,0
2026-11-16,월,11,경부선,322.2,석탄,4.3,상,새벽(00-06),0,0,0,0,0
2026-03-03,화,3,충북선,168.0,컨테이너,17.8,상,야간(18-24),0,0,0,0,0
2026-12-01,화,12,태백선,149.8,석탄,15.4,하,새벽(00-06),0,1,0,1,0
2026-03-06,금,3,경부선,345.4,컨테이너,7.8,하,오후(12-18),0,0,0,0,0
2026-11-07,토,11,중앙선,194.1,철강,16.3,하,오전(06-12),0,0,0,0,1
2026-05-23,토,5,호남선,207.0,시멘트,8.7,상,새벽(00-06),0,1,0,0,0
2026-12-19,토,12,충북선,159.1,유류,10.2,상,오전(06-12),1,0,0,1,0
2026-02-17,화,2,경부선,289.0,컨테이너,8.8,상,새벽(00-06),0,1,0,1,0
2026-06-19,금,6,중앙선,165.5,시멘트,10.1,상,오후(12-18),0,0,1,0,0
2026-11-26,목,11,중앙선,212.3,컨테이너,17.4,상,오후(12-18),0,0,0,0,0
2026-01-18,일,1,경부선,291.7,유류,1.3,하,야간(18-24),0,0,0,1,0
2026-04-07,화,4,전라선,253.8,컨테이너,18.6,하,새벽(00-06),0,1,0,0,0
2026-01-31,토,1,충북선,160.0,시멘트,13.1,하,새벽(00-06),0,1,0,1,0
2026-04-28,화,4,전라선,254.0,컨테이너,9.7,하,오전(06-12),1,1,0,0,0
2026-05-23,토,5,충북선,177.2,철강,12.1,상,야간(18-24),0,0,0,0,0
2026-08-14,금,8,경부선,353.9,컨테이너,6.5,하,오후(12-18),0,0,1,0,1
2026-04-05,일,4,경부선,301.1,시멘트,2.2,상,야간(18-24),0,0,0,0,0
2026-02-27,금,2,경부선,336.6,컨테이너,6.7,하,새벽(00-06),0,1,0,1,1
2026-03-04,수,3,경부선,349.7,시멘트,1.0,상,오후(12-18),0,0,0,0,1
2026-12-09,수,12,전라선,182.9,컨테이너,3.9,상,오후(12-18),0,0,0,1,0
2026-12-14,월,12,경부선,388.3,시멘트,2.3,상,새벽(00-06),1,0,0,1,0
2026-03-22,일,3,전라선,297.4,컨테이너,19.3,하,새벽(00-06),0,0,0,0,0
2026-03-13,금,3,경부선,358.1,기타,4.3,하,오전(06-12),0,1,0,0,0
2026-01-20,화,1,경부선,352.4,시멘트,11.8,상,오전(06-12),0,0,0,1,1
2026-12-17,목,12,경부선,343.8,석탄,18.7,하,오전(06-12),0,0,0,1,0
2026-09-15,화,9,충북선,153.2,컨테이너,17.1,상,오후(12-18),0,0,0,0,0
2026-10-05,월,10,전라선,226.1,컨테이너,10.2,하,새벽(00-06),0,0,0,0,0
2026-04-17,금,4,장항선,198.9,유류,10.3,상,오후(12-18),1,0,0,0,0
2026-08-22,토,8,경부선,281.3,철강,13.1,하,오전(06-12),0,0,1,0,0
2026-01-22,목,1,충북선,134.8,석탄,24.7,상,새벽(00-06),1,1,0,1,1
2026-09-04,금,9,장항선,171.7,철강,14.5,상,오후(12-18),1,0,0,0,1
2026-07-31,금,7,중앙선,216.3,컨테이너,16.0,상,오전(06-12),0,0,1,0,1
2026-05-01,금,5,경부선,285.6,광석,25.0,상,새벽(00-06),0,1,0,0,0
2026-09-17,목,9,경부선,311.2,시멘트,13.7,하,오후(12-18),1,0,0,0,0
2026-08-24,월,8,경부선,315.9,유류,18.9,하,오전(06-12),0,0,1,0,0
2026-06-10,수,6,부산신항선,7.6,철강,14.9,하,새벽(00-06),0,0,1,0,1
2026-03-10,화,3,중앙선,107.9,컨테이너,14.8,하,오전(06-12),0,0,0,0,1
2026-01-09,금,1,충북선,135.6,시멘트,6.2,상,오전(06-12),0,0,0,1,0
2026-12-09,수,12,장항선,184.8,기타,5.2,하,오후(12-18),0,1,0,1,0
2026-04-13,월,4,중앙선,210.3,컨테이너,8.9,하,오전(06-12),1,0,0,0,1
2026-04-21,화,4,전라선,244.2,시멘트,17.3,상,오전(06-12),0,1,0,0,1
2026-09-06,일,9,경부선,344.6,석탄,17.0,상,오후(12-18),0,0,0,0,0
2026-04-04,토,4,중앙선,171.4,컨테이너,20.0,상,야간(18-24),0,0,0,0,0
2026-05-18,월,5,경부선,286.6,컨테이너,11.9,상,새벽(00-06),0,1,0,0,0
2026-09-17,목,9,경부선,335.2,철강,15.2,하,오후(12-18),0,0,0,0,0
2026-08-06,목,8,중앙선,185.9,광석,15.3,하,새벽(00-06),0,0,1,0,0
2026-08-28,금,8,전라선,256.6,시멘트,11.4,상,새벽(00-06),0,0,1,0,0
2026-01-02,금,1,전라선,240.8,광석,10.1,하,야간(18-24),0,1,0,1,0
2026-06-14,일,6,장항선,205.3,컨테이너,3.1,상,오전(06-12),0,0,1,0,0
2026-06-23,화,6,경부선,301.6,컨테이너,11.1,하,새벽(00-06),0,0,1,0,0
2026-08-19,수,8,영동선,125.8,컨테이너,11.4,하,오전(06-12),0,0,1,0,0
2026-02-25,수,2,경부선,401.6,시멘트,18.8,하,오전(06-12),0,0,0,1,0
2026-02-28,토,2,태백선,136.6,석탄,19.4,하,야간(18-24),0,1,0,1,1
2026-10-06,화,10,전라선,244.4,컨테이너,12.9,상,야간(18-24),0,0,0,0,0
2026-09-03,목,9,충북선,138.0,시멘트,24.4,상,새벽(00-06),0,0,0,0,0
2026-10-24,토,10,중앙선,224.6,석탄,13.1,상,야간(18-24),0,1,0,0,0
2026-04-09,목,4,장항선,202.2,석탄,18.2,하,오전(06-12),0,0,0,0,0
2026-12-31,목,12,전라선,214.6,석탄,11.4,상,오전(06-12),0,0,0,1,0
2026-04-10,금,4,경부선,343.6,시멘트,5.2,상,새벽(00-06),0,0,0,0,0
2026-08-26,수,8,장항선,185.2,기타,9.4,하,야간(18-24),0,0,1,0,0
2026-03-01,일,3,경부선,335.8,철강,20.8,하,오후(12-18),0,1,0,0,0
2026-12-02,수,12,중앙선,221.7,광석,10.4,하,야간(18-24),0,0,0,1,0
2026-05-02,토,5,전라선,245.0,기타,9.2,하,야간(18-24),0,1,0,0,1
2026-10-20,화,10,태백선,132.7,유류,12.0,상,오전(06-12),0,0,0,0,0
2026-05-01,금,5,중앙선,222.5,컨테이너,9.7,하,야간(18-24),0,0,0,0,0
2026-10-16,금,10,경부선,364.7,시멘트,19.2,하,오전(06-12),1,0,0,0,1
2026-06-15,월,6,중앙선,173.9,시멘트,23.3,상,야간(18-24),0,0,1,0,1
2026-01-23,금,1,경부선,320.1,컨테이너,12.0,상,새벽(00-06),0,0,0,1,0
2026-03-11,수,3,충북선,117.1,시멘트,15.2,하,오전(06-12),0,1,0,0,0
2026-09-07,월,9,중앙선,213.7,컨테이너,17.8,상,야간(18-24),0,1,0,0,0
2026-03-12,목,3,장항선,204.1,시멘트,12.7,하,새벽(00-06),0,0,0,0,0
2026-04-11,토,4,경부선,309.9,유류,6.7,하,야간(18-24),0,0,0,0,1
2026-07-17,금,7,경부선,325.5,시멘트,9.5,상,새벽(00-06),0,1,1,0,0
2026-04-03,금,4,중앙선,185.6,광석,14.5,상,오후(12-18),0,0,0,0,0
2026-02-17,화,2,경부선,304.8,철강,14.4,상,오후(12-18),0,0,0,1,0
2026-08-16,일,8,경부선,329.5,철강,1.2,하,새벽(00-06),0,0,1,0,0
2026-09-09,수,9,중앙선,165.9,컨테이너,9.4,하,야간(18-24),0,0,0,0,0
2026-09-25,금,9,중앙선,185.1,광석,7.6,하,새벽(00-06),1,0,0,0,0
2026-12-11,금,12,경부선,284.0,컨테이너,17.3,하,야간(18-24),1,0,0,1,0
2026-02-15,일,2,충북선,176.0,유류,7.8,하,야간(18-24),0,0,0,1,0
2026-06-05,금,6,부산신항선,11.3,컨테이너,9.2,하,오후(12-18),0,0,1,0,0
2026-03-27,금,3,충북선,150.5,컨테이너,9.0,상,야간(18-24),1,1,0,0,1
2026-11-25,수,11,경부선,321.7,컨테이너,16.7,상,오후(12-18),0,0,0,0,0
2026-07-17,금,7,경부선,311.4,철강,17.8,상,야간(18-24),0,1,1,0,0
2026-02-05,목,2,경부선,366.0,광석,15.0,상,야간(18-24),0,0,0,1,0
2026-09-10,목,9,충북선,150.3,석탄,18.6,상,오후(12-18),0,0,0,0,1
2026-01-16,금,1,전라선,248.5,철강,19.4,상,야간(18-24),0,0,0,1,0
2026-04-11,토,4,경부선,292.0,컨테이너,1.1,하,오전(06-12),0,1,0,0,0
2026-09-21,월,9,경부선,352.8,기타,15.6,하,오전(06-12),0,0,0,0,1
2026-07-04,토,7,중앙선,229.6,시멘트,9.8,상,야간(18-24),0,0,1,0,0
2026-10-05,월,10,중앙선,231.3,광석,4.5,하,오후(12-18),0,0,0,0,0
2026-07-28,화,7,호남선,245.0,철강,10.1,하,새벽(00-06),0,1,1,0,0
2026-11-04,수,11,경부선,331.9,시멘트,16.4,상,오전(06-12),0,0,0,0,0
2026-07-25,토,7,경부선,369.7,시멘트,20.7,상,오후(12-18),0,0,1,0,0
2026-01-21,수,1,중앙선,250.1,석탄,3.9,상,새벽(00-06),0,1,0,1,0
2026-01-27,화,1,경부선,275.3,광석,15.7,상,오전(06-12),0,0,0,1,0
2026-10-11,일,10,경부선,296.1,석탄,23.8,하,새벽(00-06),0,1,0,0,1
2026-01-15,목,1,중앙선,141.0,유류,23.0,하,새벽(00-06),0,0,0,1,0
2026-05-18,월,5,중앙선,230.4,기타,1.0,상,야간(18-24),0,0,0,0,0
2026-01-06,화,1,경부선,259.9,컨테이너,25.0,하,새벽(00-06),0,1,0,1,0
2026-04-21,화,4,충북선,116.8,시멘트,17.8,상,야간(18-24),1,0,0,0,1
2026-08-06,목,8,충북선,133.9,시멘트,1.0,하,오전(06-12),0,0,1,0,0
2026-03-05,목,3,경부선,250.7,컨테이너,7.4,하,야간(18-24),0,0,0,0,0
2026-06-20,토,6,태백선,140.9,철강,19.5,하,오후(12-18),0,1,1,0,0
2026-12-30,수,12,경부선,276.8,컨테이너,14.2,하,오전(06-12),0,1,0,1,0
2026-01-26,월,1,호남선,165.9,석탄,8.6,하,새벽(00-06),0,1,0,1,0
2026-01-24,토,1,호남선,207.2,시멘트,12.4,하,야간(18-24),0,0,0,1,1
2026-04-10,금,4,중앙선,193.9,유류,15.3,하,오후(12-18),0,1,0,0,0
2026-10-29,목,10,경부선,245.4,시멘트,8.5,하,새벽(00-06),0,0,0,0,0
2026-05-29,금,5,태백선,121.2,시멘트,11.2,하,야간(18-24),0,0,0,0,0
2026-08-22,토,8,중앙선,190.7,컨테이너,17.4,하,오전(06-12),0,1,1,0,0
2026-01-13,화,1,경부선,305.9,철강,7.8,하,새벽(00-06),0,0,0,1,0
2026-09-26,토,9,충북선,153.1,시멘트,3.9,상,새벽(00-06),0,0,0,0,0
2026-01-25,일,1,중앙선,234.6,시멘트,8.2,하,야간(18-24),0,0,0,1,0
2026-09-17,목,9,태백선,178.4,유류,6.7,하,오전(06-12),0,0,0,0,1
2026-02-23,월,2,전라선,220.0,시멘트,8.4,하,야간(18-24),1,0,0,1,0
2026-11-10,화,11,부산신항선,6.6,컨테이너,1.6,하,오전(06-12),0,1,0,0,1
2026-04-19,일,4,전라선,222.4,컨테이너,13.4,하,새벽(00-06),0,0,0,0,0
2026-03-09,월,3,충북선,166.2,시멘트,17.2,하,새벽(00-06),0,1,0,0,0
2026-05-03,일,5,중앙선,191.4,컨테이너,7.1,상,야간(18-24),0,0,0,0,0
2026-01-01,목,1,영동선,119.0,컨테이너,8.1,상,새벽(00-06),1,0,0,1,0
2026-03-02,월,3,호남선,263.5,컨테이너,10.9,상,야간(18-24),0,0,0,0,0
2026-08-07,금,8,태백선,101.2,시멘트,6.5,하,새벽(00-06),0,0,1,0,0
2026-04-20,월,4,장항선,169.5,시멘트,17.9,상,야간(18-24),0,1,0,0,0
2026-05-10,일,5,충북선,199.8,시멘트,6.7,하,새벽(00-06),0,0,0,0,0
2026-10-22,목,10,경부선,299.3,시멘트,8.8,상,오전(06-12),1,0,0,0,1
2026-02-15,일,2,부산신항선,13.0,시멘트,7.4,상,새벽(00-06),1,0,0,1,1
2026-05-25,월,5,경부선,345.4,시멘트,18.0,상,새벽(00-06),0,0,0,0,0
2026-03-09,월,3,경부선,369.7,광석,10.6,하,야간(18-24),0,0,0,0,0
2026-06-26,금,6,중앙선,260.3,시멘트,24.0,상,새벽(00-06),0,0,1,0,1
2026-05-02,토,5,충북선,169.6,유류,14.1,상,야간(18-24),0,1,0,0,0
2026-01-17,토,1,충북선,117.7,시멘트,19.0,하,오후(12-18),0,1,0,1,0
2026-01-26,월,1,경부선,292.2,시멘트,10.1,상,오후(12-18),0,0,0,1,0
2026-11-08,일,11,경부선,407.6,철강,6.3,하,오전(06-12),0,0,0,0,1
2026-01-21,수,1,경부선,263.6,컨테이너,11.8,상,야간(18-24),0,1,0,1,0
2026-10-13,화,10,중앙선,210.7,기타,7.9,상,야간(18-24),0,0,0,0,0
2026-12-01,화,12,경부선,219.6,시멘트,1.0,하,야간(18-24),0,1,0,1,0
2026-06-20,토,6,전라선,188.9,컨테이너,18.1,상,새벽(00-06),0,0,1,0,0
2026-04-24,금,4,경부선,355.7,시멘트,12.2,상,새벽(00-06),0,1,0,0,0
2026-10-11,일,10,중앙선,194.6,철강,7.8,하,야간(18-24),0,1,0,0,0
2026-12-25,금,12,중앙선,180.1,컨테이너,14.3,하,오후(12-18),0,1,0,1,0
2026-02-13,금,2,충북선,140.9,컨테이너,12.3,상,오전(06-12),0,0,0,1,1
2026-12-18,금,12,태백선,95.6,광석,20.5,상,오전(06-12),0,1,0,1,0
2026-12-11,금,12,경부선,347.9,시멘트,14.6,상,오전(06-12),1,0,0,1,0
2026-02-22,일,2,중앙선,183.4,컨테이너,11.1,상,오후(12-18),0,1,0,1,0
2026-01-20,화,1,전라선,183.7,컨테이너,16.2,하,오전(06-12),0,1,0,1,0
2026-09-18,금,9,경부선,321.4,석탄,11.8,상,오전(06-12),0,1,0,0,0
2026-01-29,목,1,태백선,147.1,시멘트,13.1,하,오전(06-12),0,1,0,1,1
2026-08-08,토,8,영동선,106.8,석탄,19.4,하,오전(06-12),0,0,1,0,0
2026-01-24,토,1,충북선,164.2,기타,5.0,상,새벽(00-06),0,0,0,1,0
2026-09-10,목,9,호남선,209.2,컨테이너,6.8,상,새벽(00-06),0,1,0,0,0
2026-03-26,목,3,중앙선,168.6,컨테이너,9.5,하,오후(12-18),0,0,0,0,0
2026-02-05,목,2,중앙선,195.2,컨테이너,10.4,하,야간(18-24),0,0,0,1,0
2026-01-25,일,1,경부선,349.6,시멘트,18.9,상,새벽(00-06),0,0,0,1,0
2026-03-10,화,3,경부선,361.6,컨테이너,3.5,하,야간(18-24),0,0,0,0,0
2026-07-17,금,7,경부선,351.8,시멘트,11.8,상,오후(12-18),0,1,1,0,0
2026-01-28,수,1,중앙선,169.7,유류,8.7,하,야간(18-24),0,1,0,1,0
2026-10-20,화,10,충북선,177.2,컨테이너,22.2,상,오전(06-12),0,1,0,0,0
2026-08-09,일,8,경부선,338.8,광석,17.3,하,오후(12-18),1,0,1,0,1
2026-04-19,일,4,충북선,143.6,광석,13.4,하,오전(06-12),0,0,0,0,0
2026-12-27,일,12,경부선,301.6,시멘트,17.8,하,야간(18-24),0,1,0,1,0
2026-08-29,토,8,중앙선,217.1,유류,4.1,상,새벽(00-06),0,0,1,0,1
2026-09-03,목,9,경부선,375.3,철강,24.2,하,새벽(00-06),1,0,0,0,1
2026-03-05,목,3,전라선,175.0,시멘트,6.9,상,야간(18-24),0,1,0,0,0
2026-09-17,목,9,충북선,202.3,시멘트,19.5,상,새벽(00-06),0,0,0,0,0
2026-07-24,금,7,전라선,264.3,컨테이너,15.3,하,야간(18-24),0,0,1,0,0
2026-12-26,토,12,경부선,328.2,시멘트,13.6,상,새벽(00-06),0,0,0,1,0
2026-06-24,수,6,중앙선,184.9,유류,19.3,상,새벽(00-06),0,0,1,0,0
2026-09-05,토,9,영동선,115.7,시멘트,18.0,하,오전(06-12),0,0,0,0,0
2026-05-05,화,5,경부선,294.6,시멘트,12.6,하,오후(12-18),1,0,0,0,0
2026-01-15,목,1,중앙선,187.1,석탄,9.5,하,오후(12-18),0,0,0,1,0
2026-02-16,월,2,경부선,261.2,기타,12.7,하,야간(18-24),0,0,0,1,0
2026-11-13,금,11,경부선,250.5,컨테이너,11.4,하,오후(12-18),0,0,0,0,0
2026-09-27,일,9,중앙선,274.9,컨테이너,14.1,하,오후(12-18),0,0,0,0,0
2026-05-14,목,5,경부선,322.7,컨테이너,18.1,하,오후(12-18),0,0,0,0,0
2026-09-12,토,9,충북선,166.4,기타,14.8,상,오전(06-12),1,1,0,0,0
2026-01-02,금,1,호남선,207.4,시멘트,13.1,하,오후(12-18),0,0,0,1,0
2026-01-14,수,1,경부선,287.1,컨테이너,8.1,하,야간(18-24),0,0,0,1,0
2026-07-05,일,7,경부선,307.9,석탄,13.9,상,야간(18-24),0,0,1,0,0
2026-08-17,월,8,태백선,137.3,시멘트,1.8,상,새벽(00-06),0,0,1,0,0
2026-12-09,수,12,중앙선,186.4,컨테이너,7.2,상,오전(06-12),1,0,0,1,0
2026-10-05,월,10,부산신항선,8.3,유류,15.6,하,오후(12-18),0,0,0,0,1
2026-04-04,토,4,중앙선,210.1,석탄,17.3,상,오후(12-18),0,0,0,0,0
2026-10-25,일,10,충북선,166.0,컨테이너,11.9,상,오전(06-12),0,0,0,0,0
2026-06-29,월,6,호남선,218.0,기타,13.2,하,야간(18-24),0,1,1,0,0
2026-10-29,목,10,경부선,348.4,컨테이너,14.2,하,오전(06-12),0,0,0,0,0
2026-03-05,목,3,장항선,176.2,컨테이너,16.1,하,새벽(00-06),0,0,0,0,0
2026-01-10,토,1,충북선,157.1,시멘트,10.8,상,야간(18-24),0,0,0,1,0
2026-01-22,목,1,장항선,209.2,컨테이너,6.1,상,오후(12-18),0,0,0,1,1
2026-12-28,월,12,경부선,282.4,시멘트,14.3,하,야간(18-24),0,0,0,1,0
2026-01-30,금,1,중앙선,127.7,컨테이너,23.7,상,새벽(00-06),0,1,0,1,0
2026-12-09,수,12,경부선,342.4,컨테이너,6.5,하,새벽(00-06),0,0,0,1,1
2026-09-23,수,9,호남선,192.5,기타,11.2,하,야간(18-24),0,0,0,0,0
2026-02-23,월,2,경부선,277.1,컨테이너,9.7,하,오전(06-12),0,0,0,1,0
2026-11-12,목,11,경부선,355.6,시멘트,25.0,하,새벽(00-06),0,1,0,0,1
2026-02-22,일,2,부산신항선,10.2,컨테이너,6.2,상,오후(12-18),0,0,0,1,0
2026-02-22,일,2,중앙선,149.1,유류,11.0,하,야간(18-24),0,0,0,1,0
2026-07-30,목,7,충북선,209.7,컨테이너,9.8,상,야간(18-24),0,0,1,0,0
2026-04-16,목,4,경부선,255.8,컨테이너,4.5,상,야간(18-24),0,0,0,0,0
2026-04-17,금,4,전라선,226.8,유류,4.1,상,새벽(00-06),0,0,0,0,0
2026-03-13,금,3,경부선,244.6,컨테이너,15.4,상,야간(18-24),0,0,0,0,0
2026-08-10,월,8,중앙선,202.8,유류,16.3,하,새벽(00-06),0,0,1,0,0
2026-01-10,토,1,충북선,145.3,시멘트,8.6,하,오전(06-12),0,0,0,1,1
2026-03-31,화,3,중앙선,222.0,유류,20.5,하,새벽(00-06),0,0,0,0,0
2026-07-22,수,7,경부선,319.5,컨테이너,1.0,상,오전(06-12),0,0,1,0,0
2026-06-27,토,6,경부선,374.2,기타,4.4,하,새벽(00-06),0,0,1,0,0
2026-09-13,일,9,전라선,216.5,컨테이너,7.1,상,야간(18-24),1,1,0,0,1
2026-03-20,금,3,경부선,256.0,컨테이너,11.9,하,야간(18-24),0,0,0,0,0
2026-08-25,화,8,중앙선,201.6,철강,9.3,상,새벽(00-06),0,0,1,0,0
2026-10-05,월,10,중앙선,184.5,컨테이너,10.8,하,새벽(00-06),0,1,0,0,0
2026-05-22,금,5,중앙선,129.6,시멘트,14.9,하,새벽(00-06),0,1,0,0,0
2026-04-04,토,4,전라선,197.7,시멘트,20.7,하,오후(12-18),0,0,0,0,0
2026-07-22,수,7,중앙선,167.5,컨테이너,16.8,상,야간(18-24),0,0,1,0,0
2026-07-31,금,7,부산신항선,15.3,컨테이너,12.3,하,오후(12-18),0,1,1,0,0
2026-02-04,수,2,전라선,250.6,시멘트,11.5,상,오전(06-12),0,0,0,1,0
2026-07-26,일,7,태백선,128.5,시멘트,18.6,하,야간(18-24),0,1,1,0,0
2026-02-26,목,2,전라선,243.5,시멘트,23.3,상,오전(06-12),0,0,0,1,0
2026-07-27,월,7,경부선,238.6,철강,15.8,하,야간(18-24),0,0,1,0,0
2026-12-07,월,12,영동선,101.3,시멘트,9.1,하,오전(06-12),0,0,0,1,0
2026-07-16,목,7,장항선,187.6,시멘트,13.6,상,오후(12-18),0,1,1,0,0
2026-10-05,월,10,충북선,165.4,컨테이너,15.5,하,오전(06-12),0,1,0,0,0
2026-04-24,금,4,경부선,298.6,컨테이너,8.7,하,새벽(00-06),0,0,0,0,0
2026-12-03,목,12,경부선,318.7,컨테이너,17.2,하,오후(12-18),0,1,0,1,0
2026-10-24,토,10,충북선,169.8,시멘트,13.6,하,새벽(00-06),0,0,0,0,1
2026-12-01,화,12,중앙선,193.0,컨테이너,19.0,상,오후(12-18),0,1,0,1,0
2026-09-28,월,9,전라선,255.2,철강,6.1,하,오후(12-18),0,1,0,0,0
2026-08-26,수,8,중앙선,204.5,컨테이너,1.6,하,오전(06-12),0,0,1,0,0
2026-07-11,토,7,충북선,174.1,컨테이너,9.6,상,새벽(00-06),1,0,1,0,1
2026-12-05,토,12,경부선,388.7,컨테이너,12.1,상,야간(18-24),0,1,0,1,0
2026-11-06,금,11,경부선,353.3,시멘트,1.2,하,새벽(00-06),0,0,0,0,0
2026-06-02,화,6,경부선,389.8,석탄,8.3,하,새벽(00-06),0,0,1,0,0
2026-02-01,일,2,태백선,122.1,석탄,19.7,하,오전(06-12),0,0,0,1,0
2026-01-02,금,1,충북선,121.5,기타,15.2,하,새벽(00-06),0,0,0,1,0
2026-03-27,금,3,호남선,204.7,시멘트,12.8,상,오전(06-12),0,0,0,0,0
2026-01-23,금,1,장항선,175.1,컨테이너,5.7,상,야간(18-24),0,0,0,1,0
2026-03-19,목,3,장항선,208.8,유류,19.5,하,야간(18-24),0,0,0,0,0
2026-02-09,월,2,충북선,133.0,철강,9.5,하,오전(06-12),0,1,0,1,0
2026-12-25,금,12,태백선,133.9,컨테이너,12.6,상,새벽(00-06),0,1,0,1,0
2026-02-04,수,2,호남선,218.3,컨테이너,14.4,상,야간(18-24),1,0,0,1,1
2026-08-17,월,8,전라선,232.4,시멘트,13.0,상,야간(18-24),0,0,1,0,0
2026-05-09,토,5,경부선,313.3,시멘트,21.0,하,새벽(00-06),0,0,0,0,1
2026-03-05,목,3,전라선,240.2,시멘트,15.5,하,오후(12-18),0,0,0,0,0
2026-09-13,일,9,경부선,363.4,컨테이너,14.0,하,야간(18-24),0,1,0,0,0
2026-12-21,월,12,경부선,381.6,기타,11.5,하,야간(18-24),0,0,0,1,1
2026-10-16,금,10,전라선,230.4,시멘트,14.6,상,오전(06-12),0,0,0,0,0
2026-12-22,화,12,태백선,119.2,철강,10.7,하,오후(12-18),0,1,0,1,0
2026-08-04,화,8,경부선,381.6,컨테이너,13.1,하,오후(12-18),0,0,1,0,0
2026-09-03,목,9,경부선,277.1,석탄,9.9,상,오후(12-18),0,0,0,0,1
2026-02-23,월,2,부산신항선,16.0,유류,9.0,하,야간(18-24),0,0,0,1,0
2026-11-08,일,11,경부선,374.0,컨테이너,6.5,상,오전(06-12),0,0,0,0,1
2026-09-30,수,9,경부선,379.8,시멘트,10.4,하,새벽(00-06),0,0,0,0,0
2026-04-03,금,4,전라선,250.0,컨테이너,10.0,상,오후(12-18),1,1,0,0,0
2026-05-10,일,5,태백선,93.3,시멘트,23.0,상,야간(18-24),1,0,0,0,0
2026-08-11,화,8,충북선,135.3,유류,18.0,하,야간(18-24),0,0,1,0,0
2026-01-05,월,1,충북선,169.0,석탄,11.2,하,새벽(00-06),1,1,0,1,0
2026-10-26,월,10,중앙선,169.7,철강,9.5,하,야간(18-24),0,0,0,0,1
2026-04-13,월,4,경부선,307.6,컨테이너,15.7,하,새벽(00-06),0,1,0,0,0
2026-01-28,수,1,장항선,191.9,유류,23.7,상,야간(18-24),1,0,0,1,0
2026-05-01,금,5,태백선,132.1,석탄,16.8,상,오후(12-18),1,0,0,0,0
2026-11-02,월,11,중앙선,150.6,컨테이너,1.7,상,새벽(00-06),0,1,0,0,0
2026-04-11,토,4,경부선,355.6,유류,17.2,하,새벽(00-06),0,0,0,0,0
2026-07-16,목,7,경부선,340.8,컨테이너,18.2,상,새벽(00-06),0,1,1,0,0
2026-10-24,토,10,경부선,310.2,컨테이너,25.0,하,새벽(00-06),0,0,0,0,0
2026-01-13,화,1,경부선,348.7,유류,10.5,상,새벽(00-06),0,1,0,1,0
2026-10-05,월,10,경부선,324.0,컨테이너,12.8,하,야간(18-24),0,0,0,0,0
2026-04-16,목,4,장항선,206.2,컨테이너,14.7,하,새벽(00-06),0,0,0,0,0
2026-09-11,금,9,경부선,326.2,컨테이너,7.4,하,야간(18-24),0,1,0,0,0
2026-03-10,화,3,전라선,269.1,유류,6.9,상,새벽(00-06),0,0,0,0,1
2026-02-20,금,2,충북선,114.5,컨테이너,14.4,하,오후(12-18),0,0,0,1,0
2026-10-15,목,10,태백선,144.7,시멘트,2.7,하,오후(12-18),0,0,0,0,0
2026-10-22,목,10,호남선,198.3,컨테이너,4.1,하,오전(06-12),0,0,0,0,0
2026-12-25,금,12,중앙선,163.2,시멘트,16.9,상,오전(06-12),0,0,0,1,1
2026-09-05,토,9,경부선,366.5,컨테이너,15.0,상,야간(18-24),0,0,0,0,0
2026-06-20,토,6,장항선,197.4,유류,19.5,상,새벽(00-06),0,0,1,0,0
2026-03-13,금,3,경부선,239.9,철강,14.8,하,오전(06-12),0,0,0,0,0
2026-04-18,토,4,경부선,348.8,유류,12.1,하,야간(18-24),0,0,0,0,0
2026-08-25,화,8,경부선,344.0,철강,19.7,상,오전(06-12),1,0,1,0,0
2026-05-07,목,5,부산신항선,8.4,컨테이너,9.5,하,새벽(00-06),0,0,0,0,0
2026-06-26,금,6,경부선,286.8,컨테이너,10.0,하,새벽(00-06),0,1,1,0,0
2026-03-03,화,3,중앙선,137.6,시멘트,11.6,상,오후(12-18),0,0,0,0,0
2026-06-10,수,6,중앙선,181.5,시멘트,14.7,하,야간(18-24),0,0,1,0,0
2026-03-28,토,3,전라선,224.1,석탄,11.6,하,새벽(00-06),0,1,0,0,0
2026-02-10,화,2,경부선,352.1,컨테이너,3.1,상,오전(06-12),1,0,0,1,0
2026-02-18,수,2,부산신항선,11.4,철강,10.4,하,새벽(00-06),0,1,0,1,0
2026-07-09,목,7,전라선,197.6,컨테이너,11.8,상,야간(18-24),0,0,1,0,0
2026-05-14,목,5,중앙선,201.7,시멘트,12.7,상,야간(18-24),0,0,0,0,0
2026-02-06,금,2,중앙선,184.4,기타,9.3,하,오전(06-12),0,1,0,1,0
2026-07-07,화,7,태백선,116.8,컨테이너,15.0,하,새벽(00-06),0,0,1,0,1
2026-03-01,일,3,장항선,147.8,컨테이너,2.3,상,오후(12-18),0,0,0,0,0
2026-01-06,화,1,중앙선,215.2,컨테이너,14.5,하,오후(12-18),0,0,0,1,0
2026-02-18,수,2,중앙선,208.9,시멘트,22.8,상,오후(12-18),0,1,0,1,0
2026-06-13,토,6,경부선,342.5,시멘트,8.4,하,새벽(00-06),1,0,1,0,1
2026-12-15,화,12,경부선,291.1,기타,12.3,상,새벽(00-06),0,0,0,1,0
2026-03-30,월,3,경부선,327.0,유류,10.5,하,새벽(00-06),0,0,0,0,0
2026-04-14,화,4,경부선,265.2,철강,10.6,하,야간(18-24),0,0,0,0,1
2026-03-30,월,3,경부선,280.7,철강,5.8,상,오전(06-12),0,1,0,0,0
2026-05-10,일,5,태백선,136.2,컨테이너,23.9,상,새벽(00-06),0,0,0,0,0
2026-09-19,토,9,장항선,184.8,광석,14.3,상,야간(18-24),0,1,0,0,0
2026-04-28,화,4,태백선,102.9,시멘트,8.0,상,야간(18-24),0,1,0,0,0
2026-08-29,토,8,충북선,134.9,컨테이너,7.3,하,야간(18-24),0,0,1,0,0
2026-11-24,화,11,충북선,152.2,기타,12.4,하,오후(12-18),0,0,0,0,0
2026-12-12,토,12,경부선,358.5,시멘트,1.0,하,오후(12-18),0,1,0,1,0
2026-07-25,토,7,전라선,205.0,컨테이너,18.3,하,오전(06-12),0,0,1,0,0
2026-09-18,금,9,경부선,325.8,철강,8.9,상,새벽(00-06),0,1,0,0,0
2026-12-02,수,12,충북선,167.4,컨테이너,14.3,하,오후(12-18),0,1,0,1,0
2026-10-15,목,10,호남선,202.0,컨테이너,14.6,상,오전(06-12),0,0,0,0,0
2026-04-20,월,4,부산신항선,11.4,컨테이너,17.8,상,오전(06-12),0,0,0,0,0
2026-02-18,수,2,경부선,266.4,시멘트,15.0,하,오후(12-18),0,0,0,1,0
2026-02-11,수,2,전라선,209.7,컨테이너,16.5,하,오전(06-12),0,0,0,1,0
2026-11-18,수,11,경부선,377.6,컨테이너,18.1,상,오후(12-18),0,1,0,0,1
2026-07-23,목,7,경부선,380.4,시멘트,10.0,상,새벽(00-06),1,0,1,0,0
2026-04-19,일,4,경부선,353.9,컨테이너,24.9,상,야간(18-24),1,1,0,0,1
2026-05-07,목,5,경부선,364.2,시멘트,14.1,하,야간(18-24),0,0,0,0,0
2026-04-13,월,4,전라선,174.6,시멘트,11.8,하,오후(12-18),0,0,0,0,1
2026-10-20,화,10,중앙선,160.1,컨테이너,7.0,상,오전(06-12),0,1,0,0,0
2026-08-12,수,8,경부선,307.8,컨테이너,10.8,하,새벽(00-06),0,1,1,0,0
2026-11-17,화,11,영동선,146.0,컨테이너,14.4,하,야간(18-24),0,0,0,0,1
2026-04-21,화,4,충북선,153.5,시멘트,12.6,상,오전(06-12),0,0,0,0,0
2026-06-22,월,6,중앙선,219.4,유류,23.0,하,야간(18-24),0,1,1,0,0
2026-02-14,토,2,충북선,170.8,컨테이너,9.7,하,오전(06-12),0,0,0,1,0
2026-12-21,월,12,충북선,170.2,컨테이너,16.1,상,야간(18-24),0,1,0,1,1
2026-07-06,월,7,중앙선,192.5,컨테이너,5.2,하,오전(06-12),0,1,1,0,0
2026-07-21,화,7,충북선,131.3,시멘트,25.0,상,오후(12-18),0,0,1,0,0
2026-05-31,일,5,부산신항선,5.0,컨테이너,4.8,하,새벽(00-06),0,1,0,0,0
2026-04-09,목,4,중앙선,238.2,석탄,24.4,상,야간(18-24),0,0,0,0,0
2026-12-13,일,12,중앙선,171.7,석탄,11.2,하,오후(12-18),0,1,0,1,1
2026-06-28,일,6,경부선,245.5,컨테이너,1.0,상,오후(12-18),0,1,1,0,0
2026-09-04,금,9,태백선,144.3,시멘트,20.1,하,새벽(00-06),0,0,0,0,1
2026-01-14,수,1,중앙선,208.0,기타,12.5,하,오후(12-18),0,1,0,1,0
2026-04-11,토,4,경부선,350.9,컨테이너,9.3,하,오전(06-12),0,1,0,0,0
2026-10-21,수,10,영동선,126.5,시멘트,15.9,상,오전(06-12),0,0,0,0,0
2026-02-02,월,2,충북선,138.3,시멘트,16.0,하,오전(06-12),0,1,0,1,0
2026-02-07,토,2,경부선,285.2,컨테이너,14.5,상,오전(06-12),0,0,0,1,0
2026-10-23,금,10,경부선,307.5,철강,18.8,하,야간(18-24),0,0,0,0,0
2026-04-23,목,4,중앙선,222.1,컨테이너,13.5,상,오전(06-12),0,0,0,0,0
2026-04-10,금,4,영동선,78.3,컨테이너,15.9,상,야간(18-24),0,1,0,0,1
2026-07-26,일,7,중앙선,197.8,시멘트,8.9,상,새벽(00-06),0,1,1,0,0
2026-03-13,금,3,경부선,357.5,광석,16.6,상,오전(06-12),0,0,0,0,0
2026-01-16,금,1,충북선,183.6,컨테이너,8.9,하,오후(12-18),1,0,0,1,0
2026-01-02,금,1,중앙선,218.1,시멘트,5.3,하,야간(18-24),0,1,0,1,0
2026-01-29,목,1,경부선,362.7,컨테이너,10.8,상,오전(06-12),0,1,0,1,0
2026-02-27,금,2,태백선,80.6,석탄,10.3,상,오후(12-18),0,0,0,1,0
2026-09-12,토,9,경부선,384.7,시멘트,17.6,상,야간(18-24),1,1,0,0,0
2026-04-19,일,4,부산신항선,11.6,시멘트,3.3,상,야간(18-24),0,0,0,0,1
2026-01-27,화,1,장항선,206.3,기타,18.6,상,야간(18-24),0,0,0,1,0
2026-01-06,화,1,경부선,273.2,석탄,8.3,하,오전(06-12),0,0,0,1,0
2026-06-24,수,6,전라선,176.8,컨테이너,1.0,상,야간(18-24),0,1,1,0,0
2026-11-03,화,11,장항선,215.3,기타,4.8,하,야간(18-24),0,1,0,0,0
2026-05-04,월,5,충북선,138.1,컨테이너,10.2,상,오전(06-12),0,0,0,0,0
2026-01-24,토,1,충북선,153.5,석탄,14.7,상,오후(12-18),0,0,0,1,0
2026-03-25,수,3,경부선,341.3,석탄,11.2,상,오전(06-12),0,1,0,0,0
2026-07-02,목,7,경부선,351.1,유류,4.7,상,새벽(00-06),0,1,1,0,0
2026-03-10,화,3,전라선,261.8,시멘트,7.3,상,새벽(00-06),0,0,0,0,1
2026-12-24,목,12,경부선,329.1,석탄,4.8,상,새벽(00-06),0,0,0,1,0
2026-10-06,화,10,경부선,278.0,석탄,13.6,상,오후(12-18),0,0,0,0,0
2026-05-06,수,5,중앙선,218.0,시멘트,11.5,상,야간(18-24),0,0,0,0,0
2026-12-14,월,12,경부선,349.1,광석,15.7,하,새벽(00-06),0,1,0,1,0
2026-04-29,수,4,장항선,143.3,컨테이너,1.4,상,새벽(00-06),1,0,0,0,0
2026-02-21,토,2,장항선,208.0,컨테이너,8.8,하,새벽(00-06),0,1,0,1,1
2026-12-09,수,12,태백선,85.8,석탄,24.2,하,야간(18-24),0,0,0,1,0
2026-12-17,목,12,경부선,361.6,컨테이너,15.8,하,오전(06-12),0,0,0,1,0
2026-04-25,토,4,중앙선,171.1,유류,10.2,하,야간(18-24),0,0,0,0,0
2026-08-06,목,8,태백선,149.6,컨테이너,6.1,하,새벽(00-06),0,1,1,0,0
2026-03-05,목,3,중앙선,211.2,시멘트,18.6,하,오후(12-18),0,0,0,0,0
2026-08-23,일,8,전라선,228.3,석탄,21.2,상,오후(12-18),0,0,1,0,1
2026-09-09,수,9,충북선,172.6,유류,5.1,하,야간(18-24),0,1,0,0,0
2026-09-17,목,9,중앙선,190.3,석탄,5.7,상,오후(12-18),0,0,0,0,0
2026-07-27,월,7,경부선,348.8,컨테이너,13.7,하,야간(18-24),0,0,1,0,0
2026-09-15,화,9,전라선,295.0,컨테이너,14.2,하,새벽(00-06),1,0,0,0,1
2026-07-22,수,7,경부선,266.6,철강,14.9,상,오후(12-18),0,1,1,0,0
2026-10-27,화,10,태백선,71.7,광석,23.1,하,오전(06-12),0,1,0,0,0
2026-03-07,토,3,충북선,150.9,석탄,6.2,상,야간(18-24),0,1,0,0,0
2026-06-26,금,6,경부선,300.8,시멘트,12.2,상,오전(06-12),0,1,1,0,0
2026-06-01,월,6,전라선,218.1,시멘트,16.3,하,오후(12-18),0,0,1,0,1
2026-07-14,화,7,중앙선,160.9,시멘트,16.3,하,야간(18-24),0,1,1,0,1
2026-02-21,토,2,경부선,355.1,시멘트,8.1,상,새벽(00-06),0,1,0,1,0
2026-04-29,수,4,호남선,173.7,컨테이너,8.4,상,오전(06-12),0,1,0,0,0
2026-12-15,화,12,전라선,242.9,컨테이너,9.2,상,오전(06-12),0,0,0,1,0
2026-02-08,일,2,충북선,177.3,석탄,22.2,상,새벽(00-06),0,0,0,1,1
2026-08-20,목,8,태백선,141.8,시멘트,6.1,상,오후(12-18),0,0,1,0,0
2026-08-31,월,8,충북선,173.5,컨테이너,10.1,하,오전(06-12),0,0,1,0,1
2026-06-23,화,6,중앙선,226.5,광석,16.7,상,새벽(00-06),0,0,1,0,0
2026-01-13,화,1,경부선,322.3,컨테이너,5.5,하,새벽(00-06),0,1,0,1,0
2026-01-13,화,1,경부선,306.3,석탄,13.5,하,새벽(00-06),0,0,0,1,1
2026-04-11,토,4,중앙선,210.3,철강,1.0,하,오전(06-12),0,0,0,0,0
2026-02-07,토,2,중앙선,214.3,유류,13.2,상,오후(12-18),1,0,0,1,0
2026-02-04,수,2,전라선,256.1,유류,12.3,하,새벽(00-06),0,0,0,1,0
2026-02-28,토,2,중앙선,133.4,철강,13.0,상,야간(18-24),0,0,0,1,0
2026-03-11,수,3,충북선,156.7,시멘트,6.8,상,새벽(00-06),0,0,0,0,1
2026-11-03,화,11,태백선,114.2,석탄,13.4,하,새벽(00-06),0,0,0,0,0
2026-08-22,토,8,영동선,118.2,유류,11.8,상,오전(06-12),0,0,1,0,0
2026-01-12,월,1,중앙선,218.7,시멘트,19.8,상,새벽(00-06),0,0,0,1,0
2026-08-18,화,8,부산신항선,9.8,석탄,15.8,상,야간(18-24),0,0,1,0,0
2026-02-19,목,2,장항선,165.0,컨테이너,3.3,상,오후(12-18),0,0,0,1,0
2026-06-03,수,6,경부선,344.1,시멘트,7.0,상,오전(06-12),0,0,1,0,0
2026-01-14,수,1,중앙선,188.6,컨테이너,8.3,상,야간(18-24),0,0,0,1,1
2026-02-02,월,2,경부선,377.3,석탄,13.1,하,오후(12-18),0,0,0,1,0
2026-02-18,수,2,전라선,282.6,시멘트,11.0,상,야간(18-24),0,1,0,1,1
2026-06-08,월,6,충북선,186.3,컨테이너,11.0,상,오전(06-12),1,0,1,0,0
2026-06-19,금,6,중앙선,201.4,시멘트,25.0,상,새벽(00-06),0,0,1,0,1
2026-05-09,토,5,장항선,216.1,석탄,8.9,상,오전(06-12),0,1,0,0,0
2026-08-15,토,8,중앙선,201.7,광석,20.3,상,오전(06-12),1,0,1,0,1
2026-09-20,일,9,중앙선,176.5,컨테이너,11.1,하,야간(18-24),0,0,0,0,1
2026-09-23,수,9,태백선,122.0,컨테이너,1.0,하,새벽(00-06),0,0,0,0,0
2026-07-31,금,7,영동선,99.2,석탄,13.1,상,새벽(00-06),0,0,1,0,0
2026-07-19,일,7,장항선,179.5,시멘트,18.7,하,오후(12-18),0,0,1,0,0
2026-06-29,월,6,경부선,338.7,컨테이너,15.8,상,오후(12-18),0,0,1,0,1
2026-03-28,토,3,경부선,263.6,석탄,13.5,하,오전(06-12),1,0,0,0,1
2026-06-27,토,6,경부선,302.2,유류,12.1,하,오전(06-12),0,0,1,0,0
2026-01-04,일,1,중앙선,200.7,컨테이너,9.0,하,오전(06-12),0,0,0,1,0
2026-12-19,토,12,경부선,345.9,시멘트,17.4,상,새벽(00-06),0,0,0,1,0
2026-05-16,토,5,부산신항선,10.5,컨테이너,9.4,상,야간(18-24),0,0,0,0,0
2026-10-04,일,10,전라선,236.7,광석,8.2,하,오전(06-12),1,1,0,0,0
2026-12-16,수,12,중앙선,150.0,철강,14.5,상,야간(18-24),1,1,0,1,0
2026-07-01,수,7,경부선,283.7,시멘트,10.2,상,오전(06-12),0,0,1,0,1
2026-11-11,수,11,중앙선,191.2,기타,19.7,하,야간(18-24),0,0,0,0,0
2026-06-24,수,6,중앙선,211.2,컨테이너,14.8,상,야간(18-24),0,0,1,0,0
2026-02-18,수,2,전라선,236.3,철강,7.3,하,오후(12-18),0,0,0,1,1
2026-01-10,토,1,경부선,286.2,철강,5.1,상,야간(18-24),0,0,0,1,0
2026-02-19,목,2,태백선,130.8,유류,8.6,하,새벽(00-06),0,0,0,1,0
2026-12-11,금,12,경부선,380.7,석탄,25.0,상,새벽(00-06),0,0,0,1,0
2026-06-23,화,6,경부선,342.0,컨테이너,10.6,상,오후(12-18),0,1,1,0,0
2026-04-27,월,4,영동선,107.4,컨테이너,16.5,상,새벽(00-06),0,0,0,0,0
2026-06-12,금,6,경부선,279.2,컨테이너,4.2,하,오후(12-18),0,1,1,0,0
2026-04-04,토,4,경부선,291.7,유류,5.5,하,새벽(00-06),0,0,0,0,0
2026-11-14,토,11,충북선,161.5,시멘트,10.9,하,새벽(00-06),0,0,0,0,0
2026-12-31,목,12,중앙선,203.0,시멘트,22.2,하,오전(06-12),1,1,0,1,0
2026-01-31,토,1,경부선,342.8,컨테이너,4.3,하,야간(18-24),0,0,0,1,0
2026-09-20,일,9,경부선,335.7,시멘트,8.2,상,오후(12-18),0,0,0,0,0
2026-05-03,일,5,경부선,305.4,시멘트,17.4,상,야간(18-24),0,0,0,0,0
2026-01-18,일,1,충북선,148.5,시멘트,21.6,상,야간(18-24),0,1,0,1,1
2026-12-03,목,12,경부선,402.1,시멘트,14.6,상,야간(18-24),0,0,0,1,1
2026-01-23,금,1,장항선,168.5,컨테이너,16.1,하,새벽(00-06),0,1,0,1,1
2026-03-17,화,3,태백선,109.7,컨테이너,6.6,상,야간(18-24),0,0,0,0,0
2026-01-10,토,1,경부선,254.7,광석,4.1,상,오전(06-12),1,0,0,1,0
2026-06-22,월,6,중앙선,180.9,시멘트,5.1,하,오후(12-18),0,0,1,0,1
2026-08-07,금,8,경부선,357.8,석탄,6.8,상,야간(18-24),0,0,1,0,0
2026-04-28,화,4,경부선,297.2,광석,13.4,하,야간(18-24),0,1,0,0,0
2026-01-27,화,1,경부선,379.3,시멘트,4.7,하,오전(06-12),0,1,0,1,0
2026-02-12,목,2,장항선,179.5,석탄,13.5,하,오전(06-12),0,0,0,1,0
2026-12-07,월,12,중앙선,232.1,시멘트,10.1,하,오전(06-12),0,0,0,1,0
2026-10-22,목,10,중앙선,166.8,컨테이너,8.6,상,새벽(00-06),0,0,0,0,0
2026-12-08,화,12,전라선,207.1,컨테이너,17.3,상,오후(12-18),0,0,0,1,0
2026-07-13,월,7,태백선,137.3,유류,6.2,하,오후(12-18),0,0,1,0,0
2026-07-19,일,7,중앙선,210.2,시멘트,20.6,상,오전(06-12),0,0,1,0,0
2026-10-14,수,10,경부선,313.0,컨테이너,17.0,하,새벽(00-06),0,1,0,0,0
2026-08-14,금,8,영동선,114.2,유류,6.1,하,오후(12-18),0,0,1,0,0
2026-06-09,화,6,중앙선,213.9,컨테이너,19.2,상,새벽(00-06),0,1,1,0,0
2026-04-17,금,4,전라선,186.8,석탄,5.4,상,오전(06-12),0,0,0,0,0
2026-06-27,토,6,전라선,219.2,석탄,19.8,상,야간(18-24),0,1,1,0,1
2026-01-24,토,1,충북선,148.3,컨테이너,14.0,하,새벽(00-06),0,0,0,1,0
2026-03-12,목,3,경부선,301.4,컨테이너,2.5,하,야간(18-24),0,1,0,0,0
2026-09-27,일,9,경부선,336.5,시멘트,4.2,상,오후(12-18),0,1,0,0,0
2026-11-13,금,11,중앙선,175.6,철강,9.6,하,새벽(00-06),0,0,0,0,0
2026-02-07,토,2,충북선,111.2,유류,17.2,상,새벽(00-06),0,0,0,1,0
2026-02-05,목,2,장항선,174.9,유류,11.0,상,새벽(00-06),0,0,0,1,0
2026-02-01,일,2,전라선,197.5,컨테이너,10.8,하,야간(18-24),1,0,0,1,1
2026-10-16,금,10,부산신항선,12.1,컨테이너,12.2,하,새벽(00-06),0,0,0,0,0
2026-04-24,금,4,영동선,121.9,석탄,1.0,상,오후(12-18),0,0,0,0,0
2026-04-30,목,4,전라선,164.2,석탄,16.9,상,야간(18-24),0,0,0,0,0
2026-01-05,월,1,경부선,289.2,컨테이너,20.0,상,새벽(00-06),0,0,0,1,0
2026-12-21,월,12,중앙선,205.7,컨테이너,16.7,상,오전(06-12),0,1,0,1,0
2026-06-08,월,6,충북선,126.1,컨테이너,9.5,하,새벽(00-06),0,0,1,0,1
2026-10-19,월,10,충북선,180.9,시멘트,6.7,하,야간(18-24),0,1,0,0,0
2026-09-16,수,9,경부선,362.2,석탄,5.5,하,야간(18-24),0,1,0,0,0
2026-02-21,토,2,충북선,157.2,광석,5.2,하,야간(18-24),0,1,0,1,0
2026-10-20,화,10,중앙선,166.2,컨테이너,25.0,상,새벽(00-06),1,0,0,0,0
2026-07-20,월,7,중앙선,112.4,시멘트,11.5,하,오후(12-18),0,0,1,0,0
2026-08-09,일,8,태백선,151.8,시멘트,17.4,하,오후(12-18),1,0,1,0,0
2026-03-15,일,3,중앙선,263.4,시멘트,17.1,상,야간(18-24),0,1,0,0,0
2026-11-06,금,11,충북선,206.2,컨테이너,12.9,상,오후(12-18),0,0,0,0,0
2026-12-07,월,12,충북선,156.4,컨테이너,6.4,하,오전(06-12),0,0,0,1,1
2026-05-29,금,5,충북선,134.0,컨테이너,15.1,하,오전(06-12),0,1,0,0,0
2026-02-03,화,2,경부선,353.7,철강,5.5,상,야간(18-24),0,0,0,1,0
2026-11-06,금,11,충북선,158.1,석탄,15.6,상,오후(12-18),0,0,0,0,0
2026-11-20,금,11,중앙선,210.0,석탄,5.8,상,새벽(00-06),0,0,0,0,0
2026-07-04,토,7,전라선,238.5,시멘트,9.4,상,야간(18-24),0,1,1,0,0
2026-07-31,금,7,경부선,323.9,시멘트,9.4,상,오후(12-18),1,0,1,0,0
2026-03-23,월,3,영동선,125.2,컨테이너,20.4,상,새벽(00-06),0,0,0,0,0
2026-01-25,일,1,장항선,200.9,컨테이너,1.0,하,오전(06-12),0,0,0,1,0
2026-12-11,금,12,중앙선,175.0,컨테이너,25.0,하,새벽(00-06),0,0,0,1,0
2026-06-26,금,6,중앙선,161.0,컨테이너,7.2,하,오후(12-18),1,0,1,0,1
2026-04-11,토,4,중앙선,105.8,기타,11.3,상,오후(12-18),0,0,0,0,0
2026-09-11,금,9,전라선,219.0,기타,14.5,상,야간(18-24),1,0,0,0,0
2026-01-10,토,1,전라선,196.6,철강,14.0,하,새벽(00-06),0,0,0,1,0
2026-01-30,금,1,전라선,242.0,석탄,17.1,하,오전(06-12),0,0,0,1,0
2026-03-30,월,3,부산신항선,9.6,석탄,15.7,상,새벽(00-06),0,0,0,0,0
2026-06-14,일,6,중앙선,185.3,시멘트,24.2,상,새벽(00-06),0,0,1,0,1
2026-05-14,목,5,전라선,253.8,석탄,16.4,하,야간(18-24),1,0,0,0,0
2026-03-10,화,3,중앙선,207.2,컨테이너,11.3,하,야간(18-24),0,1,0,0,0
2026-05-09,토,5,충북선,158.4,기타,8.7,하,야간(18-24),0,0,0,0,0
2026-05-02,토,5,중앙선,252.3,철강,8.5,하,오후(12-18),0,0,0,0,0
2026-07-11,토,7,장항선,194.4,컨테이너,19.8,상,새벽(00-06),0,1,1,0,1
2026-07-25,토,7,경부선,303.6,시멘트,22.5,하,오전(06-12),0,0,1,0,0
2026-11-19,목,11,경부선,305.3,철강,18.0,하,오후(12-18),0,0,0,0,0
2026-10-22,목,10,중앙선,220.9,광석,1.0,하,오후(12-18),0,0,0,0,0
2026-04-17,금,4,호남선,213.3,시멘트,1.0,상,새벽(00-06),0,0,0,0,0
2026-11-26,목,11,충북선,133.3,시멘트,12.0,하,야간(18-24),0,0,0,0,0
2026-07-10,금,7,중앙선,224.6,컨테이너,11.0,하,야간(18-24),0,0,1,0,0
2026-03-10,화,3,중앙선,237.3,시멘트,12.1,하,야간(18-24),0,1,0,0,0
2026-05-05,화,5,중앙선,234.6,컨테이너,19.5,상,새벽(00-06),0,1,0,0,0
2026-09-28,월,9,태백선,166.4,컨테이너,19.2,하,오전(06-12),0,0,0,0,0
2026-10-27,화,10,영동선,140.8,시멘트,13.0,상,오후(12-18),0,1,0,0,0
2026-05-17,일,5,태백선,170.1,시멘트,2.9,상,오전(06-12),0,0,0,0,0
2026-02-27,금,2,태백선,142.3,철강,4.6,하,오전(06-12),0,1,0,1,1
2026-03-12,목,3,경부선,311.9,시멘트,12.4,하,오후(12-18),0,1,0,0,1
2026-02-07,토,2,경부선,247.0,컨테이너,14.5,상,새벽(00-06),0,1,0,1,0
2026-09-13,일,9,충북선,161.6,시멘트,4.7,하,새벽(00-06),0,1,0,0,0
2026-07-03,금,7,전라선,245.0,철강,16.0,상,새벽(00-06),0,0,1,0,1
2026-06-14,일,6,경부선,321.9,시멘트,1.5,하,새벽(00-06),0,1,1,0,1
2026-09-03,목,9,장항선,141.8,시멘트,1.0,상,오전(06-12),0,0,0,0,1
2026-10-30,금,10,경부선,308.7,컨테이너,6.7,상,야간(18-24),0,0,0,0,0
2026-10-18,일,10,경부선,346.0,컨테이너,20.2,하,새벽(00-06),0,0,0,0,0
2026-02-20,금,2,중앙선,157.4,광석,21.1,하,오전(06-12),0,0,0,1,0
2026-08-04,화,8,태백선,138.8,컨테이너,2.4,하,새벽(00-06),0,0,1,0,0
2026-11-19,목,11,전라선,242.3,시멘트,2.9,하,오전(06-12),0,0,0,0,0
2026-10-10,토,10,충북선,189.2,컨테이너,16.6,하,새벽(00-06),0,1,0,0,0
2026-05-01,금,5,태백선,169.8,시멘트,9.4,상,오전(06-12),0,1,0,0,0
2026-05-24,일,5,장항선,172.0,철강,20.2,하,야간(18-24),0,0,0,0,0
2026-11-21,토,11,중앙선,199.7,석탄,16.5,상,야간(18-24),1,0,0,0,0
2026-01-12,월,1,장항선,183.9,유류,17.5,하,오전(06-12),0,0,0,1,0
2026-07-11,토,7,경부선,346.2,컨테이너,7.1,하,새벽(00-06),0,1,1,0,0
2026-02-12,목,2,충북선,174.7,컨테이너,14.7,하,야간(18-24),0,1,0,1,0
2026-11-23,월,11,경부선,377.2,기타,24.1,하,오후(12-18),0,1,0,0,0
2026-01-15,목,1,중앙선,111.7,시멘트,12.9,하,오전(06-12),0,0,0,1,0
2026-01-09,금,1,충북선,171.8,유류,11.7,상,야간(18-24),0,0,0,1,0
2026-05-01,금,5,경부선,339.7,석탄,9.4,하,오전(06-12),0,0,0,0,0
2026-03-15,일,3,중앙선,185.1,컨테이너,2.4,상,야간(18-24),0,0,0,0,0
2026-06-30,화,6,전라선,161.5,기타,5.4,하,야간(18-24),0,0,1,0,1
2026-04-20,월,4,충북선,159.8,컨테이너,6.6,하,야간(18-24),0,0,0,0,0
2026-05-11,월,5,경부선,291.8,석탄,2.1,상,새벽(00-06),0,0,0,0,1
2026-07-26,일,7,경부선,387.3,컨테이너,2.7,하,새벽(00-06),0,0,1,0,1
2026-07-24,금,7,중앙선,206.4,시멘트,1.0,하,오전(06-12),0,1,1,0,0
2026-12-08,화,12,태백선,119.6,시멘트,7.3,하,오후(12-18),0,0,0,1,0
2026-06-25,목,6,태백선,94.4,컨테이너,16.1,하,새벽(00-06),0,1,1,0,0
2026-07-25,토,7,중앙선,214.0,기타,10.1,상,새벽(00-06),1,0,1,0,0
2026-09-05,토,9,전라선,250.3,컨테이너,10.1,상,오전(06-12),0,1,0,0,1
2026-03-05,목,3,충북선,155.9,시멘트,16.6,상,오전(06-12),0,0,0,0,0
2026-09-01,화,9,영동선,118.9,컨테이너,22.1,하,야간(18-24),0,1,0,0,0
2026-11-11,수,11,경부선,306.3,석탄,25.0,하,야간(18-24),0,0,0,0,0
2026-04-27,월,4,충북선,188.0,시멘트,12.9,하,오전(06-12),0,0,0,0,0
2026-03-07,토,3,충북선,186.1,시멘트,10.3,하,새벽(00-06),0,0,0,0,0
2026-05-07,목,5,중앙선,135.9,석탄,9.5,하,오후(12-18),1,1,0,0,0
2026-04-11,토,4,경부선,264.4,철강,15.5,하,오전(06-12),0,0,0,0,0
2026-08-02,일,8,경부선,401.5,기타,11.1,하,오전(06-12),0,1,1,0,0
2026-11-12,목,11,중앙선,225.9,유류,11.1,상,오전(06-12),1,0,0,0,0
2026-08-06,목,8,전라선,191.5,컨테이너,11.5,상,오전(06-12),0,0,1,0,0
2026-02-15,일,2,전라선,182.3,철강,6.3,상,새벽(00-06),0,0,0,1,0
2026-04-25,토,4,경부선,328.5,컨테이너,1.0,하,오후(12-18),0,1,0,0,0
2026-09-09,수,9,태백선,112.7,컨테이너,8.0,하,야간(18-24),0,0,0,0,0
2026-05-01,금,5,중앙선,182.2,시멘트,20.7,상,야간(18-24),0,0,0,0,0
2026-08-03,월,8,영동선,109.1,시멘트,20.5,하,오후(12-18),0,0,1,0,0
2026-09-11,금,9,경부선,316.6,시멘트,17.6,상,오전(06-12),0,1,0,0,0
2026-05-01,금,5,태백선,158.0,시멘트,9.0,하,야간(18-24),0,0,0,0,0
2026-08-25,화,8,부산신항선,16.1,석탄,7.3,하,오후(12-18),0,0,1,0,0
2026-05-26,화,5,태백선,125.9,기타,21.7,하,오전(06-12),1,0,0,0,1
2026-02-19,목,2,장항선,157.0,컨테이너,5.5,하,새벽(00-06),0,0,0,1,1
2026-05-16,토,5,중앙선,206.9,시멘트,12.2,하,야간(18-24),1,0,0,0,1
2026-06-10,수,6,전라선,278.3,컨테이너,22.1,하,야간(18-24),1,1,1,0,0
2026-01-01,목,1,충북선,151.2,컨테이너,12.7,하,오후(12-18),0,1,0,1,0
2026-11-22,일,11,중앙선,223.1,기타,10.2,하,새벽(00-06),0,0,0,0,1
2026-07-12,일,7,영동선,97.2,컨테이너,19.0,하,오전(06-12),0,1,1,0,0
2026-01-14,수,1,경부선,321.1,컨테이너,12.4,하,오후(12-18),0,1,0,1,1
2026-11-13,금,11,중앙선,152.6,시멘트,13.2,하,새벽(00-06),0,1,0,0,1
2026-11-09,월,11,부산신항선,10.6,컨테이너,21.1,하,오전(06-12),0,0,0,0,1
2026-01-05,월,1,경부선,315.5,시멘트,1.0,상,새벽(00-06),0,0,0,1,0
2026-03-01,일,3,경부선,344.5,기타,14.2,하,야간(18-24),0,0,0,0,0
2026-05-13,수,5,중앙선,255.5,석탄,7.4,하,오전(06-12),0,0,0,0,0
2026-07-05,일,7,장항선,171.8,시멘트,10.8,상,오전(06-12),0,0,1,0,1
2026-09-22,화,9,태백선,95.5,석탄,12.7,하,야간(18-24),0,0,0,0,0
2026-06-04,목,6,경부선,312.1,유류,7.9,하,오전(06-12),0,1,1,0,0
2026-08-12,수,8,충북선,168.8,컨테이너,13.4,하,오전(06-12),0,0,1,0,0
2026-01-04,일,1,충북선,166.3,철강,14.3,하,새벽(00-06),0,0,0,1,0
2026-08-29,토,8,전라선,224.7,석탄,13.2,하,야간(18-24),0,0,1,0,1
2026-12-01,화,12,전라선,274.0,철강,12.7,하,오전(06-12),0,0,0,1,0
2026-07-12,일,7,호남선,211.6,컨테이너,11.3,하,오전(06-12),0,1,1,0,0
2026-06-16,화,6,중앙선,189.6,철강,11.4,상,오전(06-12),1,0,1,0,0
2026-04-19,일,4,중앙선,166.1,철강,12.5,상,오후(12-18),0,0,0,0,0
2026-12-15,화,12,충북선,117.6,석탄,6.3,하,오전(06-12),0,0,0,1,0
2026-01-13,화,1,중앙선,204.8,컨테이너,19.6,하,오전(06-12),0,0,0,1,1
2026-04-15,수,4,중앙선,201.9,컨테이너,11.5,상,오후(12-18),0,1,0,0,0
2026-02-20,금,2,경부선,277.8,철강,9.6,상,오후(12-18),1,0,0,1,1
2026-11-13,금,11,경부선,318.4,석탄,14.4,상,오후(12-18),0,0,0,0,0
2026-06-26,금,6,호남선,204.6,기타,11.3,하,오전(06-12),0,1,1,0,0
2026-12-03,목,12,경부선,295.2,시멘트,19.5,상,야간(18-24),0,0,0,1,1
2026-08-31,월,8,충북선,141.5,컨테이너,17.4,상,오후(12-18),0,0,1,0,0
2026-07-23,목,7,장항선,187.7,철강,12.6,하,야간(18-24),0,0,1,0,0
2026-07-08,수,7,경부선,311.2,철강,17.6,하,오전(06-12),1,0,1,0,0
2026-03-15,일,3,경부선,296.6,시멘트,13.4,하,오전(06-12),0,1,0,0,1
2026-07-25,토,7,중앙선,163.1,철강,5.1,상,오전(06-12),0,0,1,0,0
2026-09-08,화,9,충북선,158.1,컨테이너,17.3,상,오후(12-18),0,0,0,0,0
2026-12-19,토,12,중앙선,225.7,컨테이너,1.0,하,오전(06-12),0,0,0,1,0
2026-07-20,월,7,전라선,235.6,컨테이너,1.0,하,야간(18-24),0,0,1,0,0
2026-12-09,수,12,경부선,310.7,컨테이너,16.2,하,오전(06-12),0,0,0,1,0
2026-12-11,금,12,경부선,332.5,석탄,14.7,하,오후(12-18),0,1,0,1,0
2026-07-10,금,7,경부선,374.8,컨테이너,14.3,하,새벽(00-06),0,0,1,0,1
2026-06-10,수,6,중앙선,210.5,유류,20.3,상,오전(06-12),1,0,1,0,1
2026-02-22,일,2,중앙선,202.4,컨테이너,11.9,상,오전(06-12),0,0,0,1,1
2026-04-09,목,4,호남선,224.2,석탄,9.7,하,오전(06-12),0,1,0,0,0
2026-11-17,화,11,경부선,313.9,시멘트,16.8,상,오후(12-18),0,0,0,0,0
2026-02-20,금,2,충북선,165.9,컨테이너,7.7,상,새벽(00-06),1,1,0,1,1
2026-05-25,월,5,충북선,149.1,시멘트,10.6,상,새벽(00-06),1,0,0,0,1
2026-09-13,일,9,전라선,182.9,기타,13.5,하,오전(06-12),1,0,0,0,0
2026-03-29,일,3,충북선,169.9,광석,14.0,하,새벽(00-06),1,0,0,0,1
2026-12-22,화,12,경부선,334.1,컨테이너,10.0,상,새벽(00-06),1,1,0,1,0
2026-08-26,수,8,충북선,154.1,시멘트,9.1,하,야간(18-24),0,0,1,0,0
2026-01-11,일,1,중앙선,229.6,컨테이너,5.3,상,새벽(00-06),1,0,0,1,1
2026-04-01,수,4,장항선,165.2,시멘트,7.3,하,오후(12-18),0,0,0,0,0
2026-09-28,월,9,경부선,249.3,컨테이너,22.9,하,오전(06-12),0,1,0,0,0
2026-11-12,목,11,전라선,208.5,광석,10.4,상,새벽(00-06),0,0,0,0,0
2026-12-05,토,12,충북선,122.8,석탄,13.1,상,새벽(00-06),1,0,0,1,0
2026-11-07,토,11,전라선,239.5,컨테이너,3.1,하,새벽(00-06),0,0,0,0,0
2026-01-28,수,1,경부선,290.1,기타,25.0,하,새벽(00-06),0,0,0,1,0
2026-09-24,목,9,전라선,258.9,석탄,6.8,상,오전(06-12),0,1,0,0,0
2026-02-10,화,2,전라선,258.3,컨테이너,4.9,하,야간(18-24),0,0,0,1,1
2026-01-28,수,1,중앙선,160.9,철강,11.6,상,오전(06-12),0,0,0,1,0
2026-09-10,목,9,중앙선,165.0,시멘트,6.6,상,오후(12-18),0,0,0,0,0
2026-06-24,수,6,경부선,341.6,시멘트,14.2,하,새벽(00-06),0,0,1,0,0
2026-08-25,화,8,경부선,359.4,컨테이너,2.9,하,야간(18-24),0,1,1,0,0
2026-11-07,토,11,장항선,139.3,컨테이너,18.8,하,오전(06-12),1,1,0,0,0
2026-01-26,월,1,중앙선,203.2,컨테이너,17.6,상,새벽(00-06),0,1,0,1,0
2026-07-12,일,7,전라선,163.5,철강,11.3,하,오전(06-12),0,1,1,0,0
2026-11-01,일,11,전라선,212.9,컨테이너,2.1,하,야간(18-24),0,0,0,0,0
2026-06-10,수,6,전라선,262.2,시멘트,7.1,상,오후(12-18),0,1,1,0,0
2026-07-11,토,7,전라선,319.7,기타,12.4,상,새벽(00-06),0,0,1,0,0
2026-07-01,수,7,충북선,155.3,기타,4.7,하,새벽(00-06),0,1,1,0,0
2026-11-28,토,11,충북선,130.1,철강,5.7,상,야간(18-24),0,0,0,0,0
2026-01-19,월,1,경부선,299.7,철강,18.3,상,야간(18-24),0,0,0,1,0
2026-11-17,화,11,태백선,136.8,광석,12.9,하,새벽(00-06),0,0,0,0,0
2026-10-25,일,10,영동선,99.7,철강,12.7,하,새벽(00-06),0,0,0,0,0
2026-10-24,토,10,중앙선,160.9,시멘트,15.2,하,새벽(00-06),0,0,0,0,0
2026-05-31,일,5,호남선,197.5,컨테이너,11.0,하,새벽(00-06),0,1,0,0,0
2026-07-08,수,7,영동선,115.7,컨테이너,11.6,상,새벽(00-06),0,1,1,0,0
2026-05-15,금,5,중앙선,187.4,시멘트,14.7,상,오전(06-12),0,0,0,0,0
2026-04-02,목,4,전라선,203.0,컨테이너,16.9,하,새벽(00-06),0,0,0,0,1
2026-11-16,월,11,충북선,144.5,컨테이너,15.0,하,오후(12-18),0,1,0,0,0
2026-07-04,토,7,경부선,303.6,컨테이너,20.8,하,오전(06-12),0,1,1,0,0
2026-09-22,화,9,경부선,280.2,시멘트,12.1,하,오전(06-12),0,1,0,0,0
2026-02-06,금,2,중앙선,168.5,시멘트,3.9,상,야간(18-24),0,0,0,1,0
2026-10-15,목,10,장항선,192.5,컨테이너,18.5,하,오전(06-12),0,0,0,0,1
2026-08-29,토,8,중앙선,185.2,석탄,10.5,하,새벽(00-06),0,1,1,0,0
2026-12-31,목,12,장항선,144.5,컨테이너,7.4,상,오전(06-12),0,1,0,1,0
2026-02-18,수,2,전라선,260.1,시멘트,16.3,하,오전(06-12),0,0,0,1,0
2026-07-17,금,7,전라선,241.9,컨테이너,14.2,상,오전(06-12),1,0,1,0,1
2026-07-06,월,7,경부선,264.9,석탄,4.3,하,오전(06-12),0,0,1,0,0
2026-07-16,목,7,중앙선,180.5,유류,16.0,상,오전(06-12),0,1,1,0,0
2026-01-20,화,1,경부선,288.5,컨테이너,23.2,상,오전(06-12),1,0,0,1,0
2026-06-22,월,6,경부선,347.3,유류,13.9,하,야간(18-24),0,0,1,0,0
2026-04-20,월,4,경부선,305.3,유류,10.5,하,오전(06-12),0,0,0,0,0
2026-08-14,금,8,경부선,317.3,기타,2.0,하,오전(06-12),0,0,1,0,0
2026-03-26,목,3,경부선,312.6,유류,24.3,하,야간(18-24),0,1,0,0,0
2026-06-08,월,6,충북선,124.3,시멘트,8.9,하,오전(06-12),0,0,1,0,0
2026-08-15,토,8,중앙선,242.5,컨테이너,3.6,하,새벽(00-06),0,0,1,0,0
2026-01-24,토,1,경부선,346.7,컨테이너,12.7,하,오전(06-12),0,1,0,1,0
2026-10-15,목,10,태백선,120.6,컨테이너,18.0,하,오전(06-12),0,0,0,0,0
2026-09-19,토,9,충북선,166.1,시멘트,19.4,하,야간(18-24),1,0,0,0,0
2026-01-21,수,1,호남선,232.6,기타,8.0,상,야간(18-24),0,0,0,1,1
2026-01-24,토,1,충북선,162.7,컨테이너,11.4,상,야간(18-24),0,0,0,1,1
2026-11-07,토,11,경부선,382.5,시멘트,12.0,상,오전(06-12),0,0,0,0,0
2026-04-14,화,4,부산신항선,19.4,기타,17.9,하,새벽(00-06),0,0,0,0,0
2026-11-11,수,11,태백선,133.0,컨테이너,15.6,하,오전(06-12),0,1,0,0,0
2026-07-02,목,7,충북선,146.7,컨테이너,13.6,하,오전(06-12),0,0,1,0,1
2026-05-05,화,5,충북선,136.6,컨테이너,17.5,상,야간(18-24),0,1,0,0,0
2026-04-10,금,4,중앙선,115.8,컨테이너,3.8,상,새벽(00-06),0,1,0,0,0
2026-08-29,토,8,중앙선,237.0,시멘트,14.5,하,오전(06-12),0,0,1,0,0
2026-02-10,화,2,장항선,172.5,시멘트,13.3,상,오전(06-12),0,0,0,1,0
2026-05-27,수,5,충북선,183.2,시멘트,11.7,상,야간(18-24),0,1,0,0,0
2026-05-07,목,5,경부선,363.3,컨테이너,10.5,하,오후(12-18),0,0,0,0,1
2026-02-26,목,2,경부선,277.0,석탄,12.8,하,새벽(00-06),0,0,0,1,0
2026-05-09,토,5,경부선,283.0,컨테이너,8.6,하,오후(12-18),0,1,0,0,0
2026-07-12,일,7,경부선,390.0,시멘트,25.0,상,오전(06-12),1,0,1,0,0
2026-09-05,토,9,중앙선,190.8,컨테이너,20.2,상,오후(12-18),0,0,0,0,0
2026-02-01,일,2,부산신항선,8.6,철강,18.6,하,새벽(00-06),0,0,0,1,1
2026-11-15,일,11,경부선,278.4,석탄,8.8,하,오전(06-12),0,0,0,0,0
2026-11-17,화,11,중앙선,188.3,컨테이너,6.3,상,오전(06-12),1,1,0,0,1
2026-09-10,목,9,경부선,380.5,시멘트,10.7,상,새벽(00-06),0,0,0,0,0
2026-12-04,금,12,충북선,178.4,시멘트,12.7,하,오후(12-18),0,1,0,1,0
2026-06-06,토,6,충북선,165.8,유류,3.3,하,야간(18-24),0,0,1,0,1
2026-10-27,화,10,충북선,201.0,기타,14.9,하,새벽(00-06),0,0,0,0,1
2026-09-23,수,9,호남선,243.1,컨테이너,18.5,하,새벽(00-06),0,0,0,0,0
2026-07-25,토,7,영동선,114.8,시멘트,1.0,상,오전(06-12),0,0,1,0,1
2026-03-07,토,3,태백선,191.0,컨테이너,6.6,상,오전(06-12),0,1,0,0,1
2026-07-23,목,7,장항선,174.7,철강,19.4,상,오후(12-18),0,1,1,0,0
2026-11-25,수,11,중앙선,231.7,컨테이너,14.2,하,오후(12-18),0,0,0,0,0
2026-12-26,토,12,충북선,151.5,시멘트,6.8,하,오전(06-12),0,0,0,1,0
2026-06-13,토,6,중앙선,224.9,유류,16.4,하,야간(18-24),1,0,1,0,0
2026-04-01,수,4,장항선,174.6,시멘트,8.4,상,오전(06-12),0,0,0,0,0
2026-09-30,수,9,경부선,338.7,유류,10.6,상,야간(18-24),0,1,0,0,0
2026-01-28,수,1,경부선,415.8,컨테이너,5.2,하,야간(18-24),0,0,0,1,0
2026-02-25,수,2,경부선,358.3,광석,12.1,하,새벽(00-06),0,1,0,1,0
2026-07-25,토,7,충북선,173.2,철강,18.1,하,새벽(00-06),0,0,1,0,1
2026-12-28,월,12,전라선,206.2,시멘트,9.1,하,야간(18-24),0,0,0,1,0
2026-05-01,금,5,경부선,327.7,컨테이너,15.9,하,오전(06-12),0,1,0,0,1
2026-06-11,목,6,충북선,136.1,시멘트,11.7,상,오후(12-18),0,0,1,0,0
2026-04-28,화,4,중앙선,224.3,석탄,18.5,상,새벽(00-06),0,0,0,0,0
2026-06-10,수,6,장항선,196.8,컨테이너,9.2,상,야간(18-24),0,1,1,0,0
2026-01-03,토,1,경부선,313.0,광석,21.3,상,오전(06-12),1,0,0,1,1
2026-08-06,목,8,경부선,386.7,철강,16.1,상,오후(12-18),0,0,1,0,0
2026-08-06,목,8,충북선,199.4,기타,13.5,상,새벽(00-06),0,0,1,0,0
2026-04-26,일,4,충북선,165.0,컨테이너,13.7,상,새벽(00-06),0,0,0,0,0
2026-04-07,화,4,태백선,146.8,시멘트,9.2,상,야간(18-24),0,0,0,0,0
2026-10-05,월,10,충북선,146.6,컨테이너,8.8,상,오후(12-18),0,0,0,0,0
2026-03-10,화,3,호남선,201.4,컨테이너,13.6,하,야간(18-24),1,0,0,0,0
2026-01-18,일,1,중앙선,155.6,컨테이너,4.8,상,새벽(00-06),0,0,0,1,0
2026-01-15,목,1,중앙선,176.6,컨테이너,8.4,하,오전(06-12),0,0,0,1,0
2026-11-18,수,11,영동선,108.2,석탄,6.4,하,야간(18-24),0,0,0,0,0
2026-05-13,수,5,경부선,253.8,컨테이너,15.4,상,오후(12-18),0,0,0,0,0
2026-02-07,토,2,장항선,191.1,컨테이너,15.5,하,오후(12-18),0,0,0,1,1
2026-11-17,화,11,경부선,361.1,시멘트,19.6,상,새벽(00-06),0,0,0,0,0
2026-02-24,화,2,중앙선,193.0,석탄,10.0,상,오후(12-18),0,0,0,1,1
2026-05-03,일,5,경부선,212.3,철강,7.2,하,오후(12-18),0,1,0,0,1
2026-01-08,목,1,충북선,155.0,시멘트,3.2,하,새벽(00-06),0,1,0,1,0
2026-09-05,토,9,장항선,151.7,컨테이너,13.6,하,새벽(00-06),0,0,0,0,0
2026-09-13,일,9,경부선,295.8,시멘트,20.4,상,새벽(00-06),0,0,0,0,1
2026-10-04,일,10,경부선,378.3,석탄,11.6,상,야간(18-24),0,0,0,0,0
2026-04-07,화,4,중앙선,108.1,컨테이너,12.2,상,야간(18-24),0,0,0,0,0
2026-04-30,목,4,경부선,287.5,컨테이너,12.0,상,새벽(00-06),0,0,0,0,1
2026-12-09,수,12,중앙선,222.3,광석,13.5,하,야간(18-24),0,0,0,1,0
2026-10-27,화,10,호남선,190.7,컨테이너,18.0,상,오전(06-12),0,0,0,0,0
2026-01-14,수,1,경부선,289.1,컨테이너,23.5,상,야간(18-24),0,0,0,1,0
2026-09-10,목,9,중앙선,264.4,컨테이너,15.0,상,오전(06-12),0,1,0,0,0
2026-10-24,토,10,중앙선,206.5,광석,15.4,하,새벽(00-06),0,0,0,0,0
2026-07-24,금,7,경부선,357.6,시멘트,10.6,하,야간(18-24),0,0,1,0,0
2026-08-22,토,8,경부선,340.0,기타,11.4,상,야간(18-24),0,0,1,0,1
2026-01-01,목,1,전라선,234.3,유류,11.3,하,오전(06-12),0,1,0,1,1
2026-01-11,일,1,충북선,192.9,철강,9.8,하,오전(06-12),0,0,0,1,0
2026-01-13,화,1,장항선,217.7,컨테이너,12.8,하,야간(18-24),1,0,0,1,1
2026-02-28,토,2,중앙선,134.4,시멘트,15.7,상,새벽(00-06),0,1,0,1,0
2026-12-28,월,12,충북선,160.4,유류,12.4,하,야간(18-24),0,0,0,1,0
2026-08-20,목,8,부산신항선,10.5,기타,10.3,상,야간(18-24),0,1,1,0,0
2026-10-13,화,10,태백선,126.9,유류,12.8,상,새벽(00-06),0,1,0,0,0
2026-04-18,토,4,부산신항선,13.5,광석,6.2,하,새벽(00-06),0,0,0,0,0
2026-12-09,수,12,경부선,330.5,석탄,16.8,상,새벽(00-06),1,0,0,1,0
2026-03-14,토,3,영동선,138.7,시멘트,9.5,상,야간(18-24),0,0,0,0,1
2026-11-26,목,11,태백선,157.5,시멘트,5.1,상,야간(18-24),0,0,0,0,0
2026-01-12,월,1,장항선,206.9,시멘트,14.8,상,오전(06-12),0,0,0,1,0
2026-01-08,목,1,전라선,193.4,컨테이너,15.1,하,야간(18-24),1,0,0,1,0
2026-01-29,목,1,영동선,97.7,컨테이너,6.8,상,야간(18-24),0,0,0,1,0
2026-10-17,토,10,중앙선,168.0,컨테이너,15.7,상,야간(18-24),0,0,0,0,1
2026-04-04,토,4,전라선,269.1,컨테이너,15.8,상,오전(06-12),0,0,0,0,0
2026-06-14,일,6,전라선,200.4,컨테이너,23.8,상,야간(18-24),1,0,1,0,1
2026-06-22,월,6,전라선,201.3,석탄,10.6,하,새벽(00-06),0,0,1,0,0
2026-10-16,금,10,장항선,157.2,석탄,11.7,상,새벽(00-06),0,0,0,0,0
2026-05-08,금,5,경부선,430.3,시멘트,8.4,상,오후(12-18),0,1,0,0,0
2026-01-03,토,1,중앙선,188.3,철강,15.0,하,새벽(00-06),1,0,0,1,0
2026-05-22,금,5,중앙선,211.8,시멘트,12.0,상,새벽(00-06),1,1,0,0,0
2026-04-16,목,4,장항선,156.8,시멘트,17.9,상,새벽(00-06),0,0,0,0,0
2026-09-24,목,9,전라선,258.2,시멘트,9.4,하,오전(06-12),0,0,0,0,1
2026-10-02,금,10,태백선,100.0,컨테이너,14.8,상,오전(06-12),0,0,0,0,0
2026-02-03,화,2,장항선,160.0,시멘트,10.6,상,야간(18-24),0,1,0,1,0
2026-10-17,토,10,충북선,143.0,철강,1.0,상,오전(06-12),0,0,0,0,0
2026-01-26,월,1,경부선,329.0,컨테이너,15.8,상,오전(06-12),1,1,0,1,0
2026-08-15,토,8,충북선,141.5,유류,1.5,상,야간(18-24),0,0,1,0,0
2026-05-23,토,5,부산신항선,15.2,컨테이너,11.0,상,야간(18-24),0,1,0,0,0
2026-04-20,월,4,충북선,173.9,시멘트,11.1,하,오전(06-12),0,1,0,0,0
2026-06-26,금,6,부산신항선,8.5,유류,11.9,하,오후(12-18),0,1,1,0,0
2026-04-24,금,4,영동선,124.8,철강,12.3,하,야간(18-24),0,0,0,0,0
2026-10-17,토,10,중앙선,179.5,시멘트,12.2,상,야간(18-24),0,1,0,0,0
2026-12-19,토,12,전라선,211.7,석탄,14.2,하,오전(06-12),0,0,0,1,0
2026-10-25,일,10,충북선,183.7,컨테이너,11.3,하,오후(12-18),0,1,0,0,0
2026-06-10,수,6,중앙선,107.5,석탄,25.0,하,오후(12-18),0,0,1,0,0
2026-07-03,금,7,경부선,349.6,석탄,9.9,하,새벽(00-06),0,1,1,0,0
2026-06-13,토,6,경부선,291.7,컨테이너,4.7,상,오후(12-18),0,1,1,0,0
2026-10-17,토,10,경부선,291.6,컨테이너,3.5,하,새벽(00-06),0,0,0,0,0
2026-07-21,화,7,충북선,210.3,기타,15.9,하,새벽(00-06),1,1,1,0,0
2026-06-20,토,6,경부선,299.0,컨테이너,2.5,하,새벽(00-06),0,1,1,0,1
2026-05-30,토,5,중앙선,226.8,광석,4.7,하,새벽(00-06),0,0,0,0,0
2026-05-17,일,5,충북선,168.3,컨테이너,3.9,상,새벽(00-06),0,1,0,0,1
2026-07-21,화,7,중앙선,206.7,시멘트,14.7,하,야간(18-24),0,1,1,0,0
2026-09-09,수,9,태백선,130.5,시멘트,20.0,상,새벽(00-06),0,1,0,0,1
2026-06-07,일,6,중앙선,182.7,석탄,6.3,상,새벽(00-06),0,0,1,0,0
2026-10-22,목,10,경부선,381.3,시멘트,14.5,상,야간(18-24),0,0,0,0,0
2026-10-29,목,10,영동선,123.8,시멘트,1.0,상,오후(12-18),0,0,0,0,0
2026-06-06,토,6,태백선,125.5,시멘트,7.5,하,오후(12-18),1,1,1,0,1
2026-11-28,토,11,전라선,198.0,석탄,15.6,하,야간(18-24),0,0,0,0,0
2026-03-05,목,3,장항선,167.9,시멘트,10.1,상,오후(12-18),0,1,0,0,1
2026-12-07,월,12,경부선,359.5,시멘트,18.0,하,오후(12-18),0,1,0,1,1
2026-04-18,토,4,장항선,203.2,시멘트,1.0,상,오전(06-12),1,1,0,0,1
2026-07-25,토,7,경부선,342.4,컨테이너,7.6,하,오후(12-18),0,0,1,0,1
2026-04-14,화,4,중앙선,136.7,컨테이너,14.7,상,야간(18-24),0,1,0,0,0
2026-06-11,목,6,경부선,350.4,컨테이너,14.6,상,오전(06-12),0,1,1,0,0
2026-05-05,화,5,장항선,205.7,철강,15.1,상,새벽(00-06),1,0,0,0,0
2026-09-15,화,9,경부선,327.1,기타,13.2,상,오전(06-12),0,1,0,0,0
2026-01-30,금,1,경부선,399.4,컨테이너,5.1,하,오전(06-12),0,0,0,1,0
2026-11-02,월,11,경부선,267.4,컨테이너,7.3,하,새벽(00-06),0,0,0,0,0
2026-11-26,목,11,전라선,249.9,기타,25.0,상,오후(12-18),0,1,0,0,0
2026-07-25,토,7,중앙선,157.6,시멘트,4.4,상,야간(18-24),0,0,1,0,1
2026-07-19,일,7,충북선,187.8,시멘트,3.5,상,새벽(00-06),0,1,1,0,1
2026-09-13,일,9,중앙선,214.8,석탄,16.1,하,오전(06-12),0,1,0,0,0
2026-03-14,토,3,장항선,215.6,시멘트,5.6,하,오전(06-12),0,0,0,0,1
2026-10-01,목,10,경부선,340.2,시멘트,22.8,하,오후(12-18),0,0,0,0,0
2026-03-21,토,3,호남선,198.1,광석,25.0,상,새벽(00-06),0,0,0,0,0
2026-09-04,금,9,중앙선,176.1,시멘트,10.6,상,야간(18-24),0,0,0,0,0
2026-04-22,수,4,경부선,310.2,석탄,13.9,상,새벽(00-06),0,1,0,0,0
2026-09-30,수,9,경부선,299.8,컨테이너,1.1,상,야간(18-24),0,1,0,0,0
2026-10-16,금,10,경부선,374.1,컨테이너,18.2,상,새벽(00-06),0,0,0,0,1
2026-03-18,수,3,중앙선,237.9,광석,1.0,상,야간(18-24),0,0,0,0,0
2026-08-14,금,8,경부선,260.3,광석,4.0,하,새벽(00-06),0,1,1,0,0
2026-07-01,수,7,부산신항선,10.7,철강,12.7,상,야간(18-24),0,0,1,0,0
2026-04-18,토,4,충북선,162.9,컨테이너,15.3,상,야간(18-24),0,0,0,0,1
2026-08-03,월,8,경부선,288.9,유류,3.1,하,야간(18-24),0,1,1,0,1
2026-12-29,화,12,중앙선,208.6,컨테이너,8.7,하,야간(18-24),1,1,0,1,0
2026-01-01,목,1,경부선,378.6,시멘트,2.0,하,오전(06-12),0,0,0,1,0
2026-12-16,수,12,경부선,355.9,석탄,10.1,하,오전(06-12),0,0,0,1,0
2026-11-09,월,11,중앙선,240.4,시멘트,7.2,하,야간(18-24),0,0,0,0,0
2026-07-13,월,7,경부선,291.5,시멘트,8.2,하,야간(18-24),0,0,1,0,0
2026-08-11,화,8,경부선,321.7,철강,15.9,상,오전(06-12),0,1,1,0,0
2026-05-15,금,5,호남선,189.1,광석,13.7,하,오전(06-12),0,0,0,0,0
2026-02-17,화,2,전라선,236.6,컨테이너,15.4,하,새벽(00-06),0,0,0,1,1
2026-07-28,화,7,호남선,216.4,컨테이너,11.2,하,오전(06-12),0,0,1,0,0
2026-10-25,일,10,경부선,358.6,석탄,16.3,상,오전(06-12),0,0,0,0,1
2026-03-26,목,3,태백선,161.8,컨테이너,11.8,상,야간(18-24),0,0,0,0,0
2026-09-19,토,9,중앙선,217.4,컨테이너,9.1,상,오전(06-12),0,1,0,0,0
2026-10-01,목,10,경부선,285.8,컨테이너,15.4,하,오전(06-12),0,0,0,0,0
2026-10-04,일,10,장항선,152.6,컨테이너,9.5,하,새벽(00-06),0,1,0,0,0
2026-05-05,화,5,경부선,341.0,시멘트,10.0,상,새벽(00-06),0,0,0,0,0
2026-05-24,일,5,중앙선,245.8,기타,18.4,하,야간(18-24),0,1,0,0,0
2026-06-01,월,6,태백선,135.0,유류,17.8,상,새벽(00-06),0,1,1,0,0
2026-11-08,일,11,충북선,123.1,시멘트,10.2,상,야간(18-24),0,0,0,0,1
2026-11-25,수,11,충북선,213.4,컨테이너,17.2,하,새벽(00-06),0,0,0,0,1
2026-06-01,월,6,중앙선,210.4,석탄,4.3,상,야간(18-24),0,0,1,0,0
2026-12-21,월,12,경부선,327.0,시멘트,10.3,하,새벽(00-06),0,0,0,1,0
2026-07-28,화,7,영동선,92.3,철강,7.5,하,오후(12-18),0,0,1,0,0
2026-05-21,목,5,경부선,320.8,시멘트,12.0,하,야간(18-24),0,0,0,0,0
2026-01-01,목,1,경부선,347.7,석탄,16.4,하,새벽(00-06),0,0,0,1,1
2026-08-12,수,8,경부선,340.3,컨테이너,15.3,하,오후(12-18),0,1,1,0,0
2026-08-24,월,8,부산신항선,8.6,유류,14.5,상,야간(18-24),0,0,1,0,0
2026-12-20,일,12,장항선,178.5,철강,12.8,상,새벽(00-06),0,0,0,1,0
2026-09-20,일,9,중앙선,171.7,시멘트,11.0,하,오전(06-12),0,0,0,0,1
2026-01-11,일,1,호남선,249.8,기타,19.2,하,오전(06-12),0,0,0,1,0
2026-07-26,일,7,경부선,356.0,컨테이너,2.7,상,야간(18-24),0,0,1,0,0
2026-09-29,화,9,부산신항선,9.0,컨테이너,8.0,상,오전(06-12),1,0,0,0,0
2026-07-01,수,7,경부선,273.5,철강,14.5,상,오후(12-18),0,0,1,0,0
2026-06-06,토,6,중앙선,203.0,시멘트,21.2,하,야간(18-24),0,1,1,0,0
2026-10-23,금,10,경부선,300.5,컨테이너,9.9,상,오후(12-18),0,0,0,0,0
2026-08-12,수,8,영동선,103.5,컨테이너,10.4,하,새벽(00-06),0,0,1,0,0
2026-09-06,일,9,부산신항선,7.2,컨테이너,4.3,상,새벽(00-06),0,0,0,0,1
2026-06-19,금,6,충북선,136.0,컨테이너,8.8,상,오전(06-12),0,1,1,0,0
2026-04-12,일,4,경부선,326.7,시멘트,16.2,상,오전(06-12),0,0,0,0,1
2026-07-09,목,7,경부선,309.5,컨테이너,21.5,하,오전(06-12),0,1,1,0,0
2026-12-17,목,12,중앙선,280.7,시멘트,10.2,상,오전(06-12),0,0,0,1,0
2026-08-08,토,8,중앙선,214.1,시멘트,7.2,하,야간(18-24),1,1,1,0,0
2026-09-16,수,9,경부선,274.1,철강,12.4,하,야간(18-24),0,0,0,0,0
2026-02-15,일,2,전라선,183.3,광석,2.3,상,새벽(00-06),0,1,0,1,0
2026-12-27,일,12,충북선,171.3,컨테이너,19.4,상,오전(06-12),0,0,0,1,1
2026-03-31,화,3,부산신항선,9.4,컨테이너,4.6,상,오후(12-18),0,0,0,0,1
2026-12-21,월,12,중앙선,239.9,컨테이너,13.9,상,새벽(00-06),0,0,0,1,0
2026-06-12,금,6,중앙선,203.2,컨테이너,13.8,하,새벽(00-06),0,0,1,0,0
2026-12-02,수,12,충북선,111.7,시멘트,15.8,하,야간(18-24),0,0,0,1,0
2026-11-22,일,11,경부선,279.4,컨테이너,13.5,상,야간(18-24),0,0,0,0,1
2026-10-03,토,10,충북선,144.4,석탄,12.0,상,야간(18-24),0,1,0,0,0
2026-12-01,화,12,장항선,188.4,기타,14.6,상,야간(18-24),0,0,0,1,0
2026-08-11,화,8,경부선,278.1,컨테이너,17.0,하,오후(12-18),0,0,1,0,0
2026-11-06,금,11,중앙선,198.6,컨테이너,22.8,상,야간(18-24),0,1,0,0,1
2026-03-04,수,3,태백선,108.8,철강,5.4,상,오전(06-12),0,0,0,0,0
2026-01-26,월,1,충북선,161.5,철강,1.0,하,새벽(00-06),0,0,0,1,0
2026-07-18,토,7,충북선,170.6,컨테이너,2.7,하,새벽(00-06),0,0,1,0,0
2026-10-23,금,10,전라선,273.2,석탄,1.1,하,오후(12-18),1,0,0,0,1
2026-10-07,수,10,충북선,167.4,컨테이너,4.8,하,새벽(00-06),0,1,0,0,0
2026-07-12,일,7,경부선,287.5,석탄,4.0,하,야간(18-24),0,0,1,0,1
2026-07-10,금,7,장항선,209.5,철강,9.5,상,오전(06-12),0,0,1,0,0
2026-08-11,화,8,호남선,203.6,컨테이너,17.1,하,야간(18-24),1,0,1,0,0
2026-11-13,금,11,경부선,351.1,컨테이너,15.8,하,오전(06-12),0,0,0,0,0
2026-11-04,수,11,경부선,295.7,석탄,8.3,하,오전(06-12),0,0,0,0,0
2026-02-10,화,2,전라선,232.1,시멘트,8.8,하,새벽(00-06),0,0,0,1,0
2026-08-06,목,8,충북선,141.3,유류,24.1,하,새벽(00-06),0,0,1,0,0
2026-05-20,수,5,중앙선,204.6,시멘트,15.6,하,오전(06-12),0,0,0,0,0
2026-10-19,월,10,충북선,181.4,철강,13.0,하,새벽(00-06),0,1,0,0,0
2026-07-04,토,7,전라선,214.6,철강,12.7,상,야간(18-24),0,0,1,0,0
2026-12-28,월,12,충북선,147.5,석탄,10.3,상,새벽(00-06),0,0,0,1,1
2026-06-07,일,6,경부선,334.5,컨테이너,24.0,상,야간(18-24),0,0,1,0,0
2026-09-05,토,9,경부선,287.2,컨테이너,10.9,하,오전(06-12),0,0,0,0,0
2026-02-09,월,2,중앙선,140.2,시멘트,12.9,하,오전(06-12),1,0,0,1,0
2026-12-07,월,12,호남선,217.0,컨테이너,2.1,상,야간(18-24),1,0,0,1,1
2026-02-26,목,2,충북선,158.6,컨테이너,8.2,상,오후(12-18),0,0,0,1,0
2026-05-19,화,5,중앙선,188.8,컨테이너,8.7,상,새벽(00-06),0,1,0,0,0
2026-11-02,월,11,부산신항선,12.2,광석,14.9,하,오전(06-12),1,0,0,0,1
2026-12-20,일,12,중앙선,216.4,석탄,7.3,상,새벽(00-06),0,0,0,1,0
2026-06-26,금,6,충북선,157.3,유류,12.3,상,오후(12-18),0,0,1,0,0
2026-06-26,금,6,경부선,275.3,기타,8.4,상,오후(12-18),1,0,1,0,0
2026-01-18,일,1,전라선,210.2,석탄,5.4,상,야간(18-24),0,0,0,1,0
2026-12-24,목,12,전라선,246.9,시멘트,5.2,하,새벽(00-06),0,1,0,1,0
2026-01-07,수,1,장항선,182.3,시멘트,11.0,상,새벽(00-06),0,0,0,1,1
2026-01-10,토,1,중앙선,174.1,철강,12.6,하,새벽(00-06),0,1,0,1,0
2026-06-22,월,6,중앙선,165.8,유류,10.8,상,야간(18-24),1,0,1,0,0
2026-01-02,금,1,경부선,344.9,유류,7.0,하,야간(18-24),0,0,0,1,0
2026-03-01,일,3,영동선,106.5,시멘트,11.2,하,오전(06-12),0,0,0,0,0
2026-08-18,화,8,경부선,350.3,철강,10.1,상,오전(06-12),0,0,1,0,0
2026-09-15,화,9,전라선,255.8,시멘트,5.7,상,야간(18-24),0,1,0,0,0
2026-04-19,일,4,전라선,220.0,시멘트,12.5,상,오전(06-12),1,0,0,0,0
2026-10-18,일,10,경부선,358.2,컨테이너,22.9,하,야간(18-24),0,0,0,0,0
2026-08-10,월,8,중앙선,198.1,컨테이너,11.1,상,야간(18-24),0,0,1,0,0
2026-03-25,수,3,경부선,330.9,컨테이너,3.2,하,오후(12-18),1,0,0,0,0
2026-09-18,금,9,충북선,106.6,철강,20.8,상,오후(12-18),0,0,0,0,0
2026-08-05,수,8,영동선,95.2,컨테이너,19.5,하,새벽(00-06),0,0,1,0,0
2026-10-24,토,10,중앙선,161.2,광석,20.6,상,새벽(00-06),0,1,0,0,0
2026-02-26,목,2,영동선,105.0,컨테이너,11.7,하,야간(18-24),0,1,0,1,0
2026-03-26,목,3,경부선,324.8,컨테이너,7.3,하,새벽(00-06),0,0,0,0,1
2026-04-21,화,4,중앙선,198.7,시멘트,6.6,하,새벽(00-06),0,0,0,0,0
2026-05-05,화,5,부산신항선,11.5,컨테이너,18.8,상,야간(18-24),0,1,0,0,1
2026-11-21,토,11,부산신항선,8.5,컨테이너,21.6,하,새벽(00-06),0,0,0,0,1
2026-09-25,금,9,중앙선,217.5,컨테이너,6.5,하,오후(12-18),0,0,0,0,0
2026-07-18,토,7,전라선,283.7,시멘트,1.0,하,오후(12-18),0,0,1,0,1
2026-07-17,금,7,부산신항선,9.5,컨테이너,11.9,상,새벽(00-06),0,1,1,0,0
2026-11-20,금,11,장항선,166.3,시멘트,6.6,상,새벽(00-06),0,1,0,0,1
2026-06-13,토,6,충북선,144.2,컨테이너,7.8,하,새벽(00-06),0,1,1,0,0
2026-03-24,화,3,경부선,323.6,컨테이너,10.6,하,새벽(00-06),0,1,0,0,0
2026-02-19,목,2,경부선,299.2,컨테이너,14.5,하,새벽(00-06),1,1,0,1,1
2026-05-01,금,5,충북선,118.0,컨테이너,7.3,상,야간(18-24),0,0,0,0,0
2026-08-27,목,8,중앙선,142.3,철강,12.8,상,야간(18-24),0,0,1,0,0
2026-06-21,일,6,경부선,361.0,시멘트,11.2,상,새벽(00-06),0,0,1,0,0
2026-06-03,수,6,중앙선,238.2,석탄,1.0,상,오후(12-18),1,0,1,0,0
2026-06-25,목,6,중앙선,249.3,유류,15.3,상,오전(06-12),0,0,1,0,0
2026-12-22,화,12,중앙선,201.2,컨테이너,9.3,하,오전(06-12),0,0,0,1,0
2026-12-31,목,12,중앙선,158.6,유류,4.4,하,야간(18-24),0,0,0,1,0
2026-02-28,토,2,중앙선,178.0,철강,7.6,상,새벽(00-06),1,0,0,1,0
2026-02-11,수,2,경부선,260.5,철강,13.2,하,야간(18-24),0,0,0,1,1
2026-03-31,화,3,태백선,104.9,유류,12.3,하,오전(06-12),0,0,0,0,0
2026-11-07,토,11,충북선,167.7,컨테이너,15.9,하,오후(12-18),0,1,0,0,0
2026-06-17,수,6,경부선,341.8,시멘트,14.6,상,야간(18-24),0,1,1,0,0
2026-11-12,목,11,중앙선,261.8,시멘트,5.0,상,오후(12-18),0,1,0,0,1
2026-08-25,화,8,중앙선,190.4,석탄,1.0,상,야간(18-24),0,0,1,0,1
2026-07-21,화,7,충북선,127.4,컨테이너,12.7,상,새벽(00-06),0,1,1,0,1
2026-04-13,월,4,충북선,158.3,컨테이너,15.8,하,오후(12-18),0,0,0,0,0
2026-05-06,수,5,전라선,220.9,기타,10.8,상,오전(06-12),0,0,0,0,0
2026-02-23,월,2,전라선,214.7,시멘트,16.0,상,오전(06-12),0,0,0,1,1
2026-07-09,목,7,경부선,333.9,컨테이너,6.0,상,새벽(00-06),0,0,1,0,0
2026-04-13,월,4,중앙선,150.8,컨테이너,9.9,하,오후(12-18),1,0,0,0,0
2026-04-17,금,4,경부선,325.4,시멘트,6.5,상,오전(06-12),0,0,0,0,0
2026-01-15,목,1,중앙선,216.1,컨테이너,16.2,상,새벽(00-06),0,0,0,1,0
2026-10-19,월,10,중앙선,243.0,컨테이너,6.5,상,오후(12-18),0,0,0,0,0
2026-12-09,수,12,전라선,238.7,기타,24.4,하,새벽(00-06),0,0,0,1,0
2026-07-01,수,7,경부선,361.9,컨테이너,9.0,하,오후(12-18),0,0,1,0,0
2026-07-15,수,7,충북선,150.2,컨테이너,16.8,하,야간(18-24),0,0,1,0,0
2026-12-04,금,12,중앙선,182.6,석탄,9.1,하,오전(06-12),0,1,0,1,0
2026-07-06,월,7,중앙선,240.5,컨테이너,20.0,상,오후(12-18),0,0,1,0,0
2026-08-16,일,8,전라선,188.3,컨테이너,19.8,상,야간(18-24),0,1,1,0,1
2026-06-06,토,6,경부선,304.1,시멘트,10.1,하,오후(12-18),0,0,1,0,0
2026-07-07,화,7,중앙선,232.8,석탄,13.6,상,야간(18-24),0,0,1,0,0
2026-07-10,금,7,중앙선,185.9,시멘트,19.6,하,새벽(00-06),0,1,1,0,0
2026-09-17,목,9,전라선,220.8,철강,13.8,하,오전(06-12),0,0,0,0,0
2026-08-09,일,8,경부선,309.6,유류,6.5,하,오후(12-18),0,0,1,0,0
2026-07-03,금,7,호남선,211.1,석탄,12.4,하,오전(06-12),0,0,1,0,0
2026-01-28,수,1,영동선,126.1,시멘트,7.5,상,새벽(00-06),0,0,0,1,0
2026-11-27,금,11,태백선,154.0,유류,12.9,하,오전(06-12),0,0,0,0,0
2026-11-21,토,11,중앙선,193.7,컨테이너,7.3,하,오후(12-18),0,1,0,0,0
2026-03-09,월,3,전라선,262.2,시멘트,14.2,하,야간(18-24),0,0,0,0,0
2026-04-18,토,4,경부선,333.9,컨테이너,1.3,상,오후(12-18),0,0,0,0,0
2026-12-22,화,12,부산신항선,13.2,컨테이너,5.3,상,야간(18-24),0,0,0,1,0
2026-04-28,화,4,충북선,135.6,광석,7.2,하,오전(06-12),0,1,0,0,0
2026-10-24,토,10,경부선,389.7,컨테이너,11.0,상,야간(18-24),1,1,0,0,1
2026-10-14,수,10,중앙선,201.0,컨테이너,2.9,하,새벽(00-06),0,1,0,0,1
2026-11-11,수,11,장항선,124.6,컨테이너,6.7,상,야간(18-24),0,0,0,0,0
2026-01-06,화,1,부산신항선,15.6,시멘트,16.7,하,야간(18-24),0,0,0,1,0
2026-06-26,금,6,충북선,161.4,유류,17.4,하,야간(18-24),1,0,1,0,0
2026-07-26,일,7,중앙선,179.5,시멘트,1.0,상,야간(18-24),0,0,1,0,0
2026-11-02,월,11,장항선,167.5,유류,8.5,하,야간(18-24),0,1,0,0,0
2026-03-23,월,3,태백선,144.3,시멘트,19.6,하,새벽(00-06),0,0,0,0,0
2026-04-22,수,4,장항선,161.8,광석,14.3,상,야간(18-24),1,1,0,0,1
2026-03-07,토,3,중앙선,173.1,유류,14.4,상,새벽(00-06),1,1,0,0,0
2026-10-06,화,10,충북선,147.5,컨테이너,15.4,하,야간(18-24),0,0,0,0,0
2026-12-31,목,12,태백선,129.7,유류,6.2,상,오후(12-18),0,0,0,1,0
2026-02-21,토,2,경부선,299.6,컨테이너,13.3,하,새벽(00-06),0,1,0,1,0
2026-03-27,금,3,중앙선,223.1,시멘트,14.8,하,오전(06-12),0,0,0,0,0
2026-04-23,목,4,경부선,331.0,컨테이너,12.6,하,새벽(00-06),0,0,0,0,0
2026-11-21,토,11,중앙선,207.1,시멘트,9.6,상,오후(12-18),0,0,0,0,0
2026-06-12,금,6,장항선,191.8,기타,11.7,하,오후(12-18),1,1,1,0,0
2026-04-13,월,4,경부선,316.5,철강,5.2,상,오전(06-12),0,0,0,0,0
2026-04-28,화,4,충북선,135.8,시멘트,15.7,하,오전(06-12),0,1,0,0,0
2026-08-07,금,8,경부선,392.4,광석,3.4,하,새벽(00-06),0,0,1,0,0
2026-05-22,금,5,부산신항선,13.4,시멘트,7.1,하,오전(06-12),0,0,0,0,0
2026-02-21,토,2,태백선,167.8,컨테이너,16.1,상,오후(12-18),0,0,0,1,0
2026-10-27,화,10,충북선,187.2,유류,13.7,하,오후(12-18),0,0,0,0,0
2026-06-04,목,6,전라선,215.6,컨테이너,9.1,상,새벽(00-06),0,1,1,0,0
2026-04-04,토,4,경부선,226.3,철강,1.7,하,오후(12-18),0,0,0,0,0
2026-09-23,수,9,태백선,110.9,컨테이너,11.7,하,야간(18-24),0,1,0,0,1
2026-09-30,수,9,전라선,248.5,컨테이너,8.2,상,야간(18-24),0,0,0,0,0
2026-02-26,목,2,경부선,316.1,시멘트,14.9,하,새벽(00-06),0,0,0,1,0
2026-01-27,화,1,영동선,103.5,컨테이너,8.9,하,야간(18-24),1,0,0,1,0
2026-01-17,토,1,경부선,220.4,컨테이너,1.5,상,새벽(00-06),1,1,0,1,0
2026-10-07,수,10,충북선,161.0,컨테이너,3.7,하,새벽(00-06),0,0,0,0,1
2026-08-17,월,8,경부선,276.9,컨테이너,9.4,상,새벽(00-06),1,1,1,0,0
2026-10-17,토,10,전라선,207.7,철강,12.7,하,오전(06-12),0,0,0,0,0
2026-08-17,월,8,경부선,354.2,시멘트,5.0,상,야간(18-24),1,1,1,0,0
2026-05-27,수,5,경부선,279.0,컨테이너,7.4,상,야간(18-24),0,1,0,0,0
2026-08-04,화,8,중앙선,160.6,컨테이너,16.8,하,오전(06-12),0,1,1,0,1
2026-09-21,월,9,영동선,112.6,컨테이너,18.7,상,오전(06-12),0,0,0,0,1
2026-05-26,화,5,경부선,355.1,시멘트,13.7,상,새벽(00-06),1,1,0,0,0
2026-12-01,화,12,충북선,151.2,시멘트,10.3,상,야간(18-24),0,0,0,1,0
2026-11-25,수,11,충북선,198.0,컨테이너,8.3,하,새벽(00-06),0,0,0,0,0
2026-10-20,화,10,태백선,109.9,기타,15.2,하,새벽(00-06),0,0,0,0,0
2026-12-29,화,12,경부선,262.0,컨테이너,10.1,하,야간(18-24),1,0,0,1,0
2026-05-23,토,5,충북선,122.8,시멘트,17.5,상,새벽(00-06),0,0,0,0,0
2026-02-11,수,2,호남선,166.9,석탄,17.8,하,새벽(00-06),0,1,0,1,0
2026-06-26,금,6,중앙선,205.1,컨테이너,14.5,상,야간(18-24),0,0,1,0,0
2026-09-30,수,9,중앙선,159.1,컨테이너,9.0,하,새벽(00-06),0,1,0,0,1
2026-10-12,월,10,부산신항선,6.4,시멘트,9.5,하,새벽(00-06),0,0,0,0,0
2026-05-22,금,5,중앙선,206.6,시멘트,2.1,하,오전(06-12),0,0,0,0,0
2026-04-17,금,4,중앙선,222.1,유류,11.7,하,새벽(00-06),1,1,0,0,0
2026-06-12,금,6,중앙선,230.1,시멘트,11.5,하,야간(18-24),0,0,1,0,0
2026-10-21,수,10,장항선,197.1,유류,3.7,하,오후(12-18),0,0,0,0,0
2026-01-23,금,1,호남선,185.2,시멘트,25.0,하,오전(06-12),0,1,0,1,0
2026-04-30,목,4,충북선,168.2,철강,15.3,상,새벽(00-06),0,0,0,0,0
2026-03-25,수,3,충북선,173.7,컨테이너,7.0,상,새벽(00-06),1,0,0,0,1
2026-10-22,목,10,중앙선,176.7,광석,24.3,하,야간(18-24),0,0,0,0,0
2026-06-21,일,6,경부선,326.8,컨테이너,9.0,상,새벽(00-06),0,1,1,0,0
2026-02-01,일,2,경부선,270.1,컨테이너,17.0,상,새벽(00-06),1,1,0,1,0
2026-04-06,월,4,경부선,295.1,시멘트,12.5,상,새벽(00-06),0,1,0,0,1
2026-01-17,토,1,경부선,335.1,기타,9.2,상,야간(18-24),0,0,0,1,0
2026-06-23,화,6,전라선,274.6,시멘트,10.0,하,야간(18-24),0,0,1,0,0
2026-12-31,목,12,경부선,366.3,컨테이너,20.6,하,새벽(00-06),0,1,0,1,0
2026-07-27,월,7,경부선,346.6,기타,17.3,상,새벽(00-06),0,0,1,0,0
2026-11-14,토,11,중앙선,196.1,철강,11.3,상,야간(18-24),0,0,0,0,0
2026-09-29,화,9,경부선,317.2,석탄,1.0,하,새벽(00-06),0,1,0,0,0
2026-11-19,목,11,경부선,262.3,시멘트,13.8,상,오전(06-12),1,1,0,0,0
2026-04-24,금,4,경부선,286.8,시멘트,4.5,하,오전(06-12),0,1,0,0,0
2026-12-14,월,12,경부선,288.1,기타,15.2,상,오전(06-12),0,0,0,1,0
2026-03-29,일,3,충북선,175.7,컨테이너,7.7,하,새벽(00-06),0,1,0,0,1
2026-06-09,화,6,장항선,198.5,철강,8.3,하,야간(18-24),1,0,1,0,1
2026-09-06,일,9,태백선,150.2,시멘트,8.2,상,새벽(00-06),0,0,0,0,0
2026-04-15,수,4,장항선,203.3,기타,18.1,하,오전(06-12),0,0,0,0,0
2026-04-07,화,4,충북선,163.1,시멘트,1.4,하,오후(12-18),0,0,0,0,0
2026-02-17,화,2,부산신항선,7.7,컨테이너,16.4,하,야간(18-24),0,0,0,1,0
2026-01-02,금,1,충북선,160.1,철강,14.1,상,오후(12-18),0,0,0,1,0
2026-07-02,목,7,충북선,143.2,기타,11.6,상,오전(06-12),0,0,1,0,0
2026-12-27,일,12,중앙선,216.3,광석,9.3,상,새벽(00-06),0,0,0,1,0
2026-03-22,일,3,중앙선,180.7,컨테이너,14.9,상,오전(06-12),0,1,0,0,0
2026-06-10,수,6,중앙선,189.9,시멘트,9.4,하,오후(12-18),1,1,1,0,0
2026-12-08,화,12,경부선,347.9,철강,9.3,하,오전(06-12),0,0,0,1,0
2026-10-09,금,10,장항선,164.8,시멘트,12.4,하,오후(12-18),0,0,0,0,0
2026-01-02,금,1,경부선,358.8,컨테이너,22.3,상,야간(18-24),0,0,0,1,0
2026-07-02,목,7,전라선,189.0,컨테이너,2.9,하,새벽(00-06),0,0,1,0,1
2026-02-22,일,2,태백선,141.6,컨테이너,15.0,하,야간(18-24),1,1,0,1,1
2026-04-01,수,4,중앙선,190.1,컨테이너,11.1,상,오후(12-18),0,1,0,0,0
2026-03-31,화,3,경부선,353.3,컨테이너,10.7,상,오전(06-12),0,0,0,0,0
2026-08-12,수,8,중앙선,145.2,기타,2.8,상,오후(12-18),1,0,1,0,0
2026-03-14,토,3,중앙선,139.7,석탄,1.5,상,오후(12-18),0,1,0,0,0
2026-04-02,목,4,영동선,121.1,컨테이너,14.0,상,야간(18-24),0,0,0,0,0
2026-03-24,화,3,전라선,217.7,시멘트,4.4,하,오전(06-12),1,0,0,0,1
2026-05-11,월,5,전라선,226.7,시멘트,18.1,하,오후(12-18),1,0,0,0,1
2026-08-28,금,8,충북선,144.8,철강,5.9,상,오전(06-12),0,1,1,0,0
2026-05-26,화,5,전라선,256.8,유류,15.3,상,오전(06-12),1,0,0,0,0
2026-04-30,목,4,전라선,238.4,컨테이너,8.5,하,새벽(00-06),0,0,0,0,0
2026-07-08,수,7,경부선,329.8,기타,8.3,상,야간(18-24),0,0,1,0,1
2026-08-13,목,8,경부선,273.4,컨테이너,6.5,상,새벽(00-06),0,0,1,0,0
2026-01-06,화,1,경부선,340.3,철강,14.6,하,오후(12-18),0,0,0,1,0
2026-11-21,토,11,충북선,136.5,광석,16.3,상,오전(06-12),0,0,0,0,0
2026-12-01,화,12,부산신항선,8.6,철강,10.1,하,야간(18-24),1,0,0,1,0
2026-08-08,토,8,충북선,127.2,컨테이너,15.5,하,오전(06-12),0,0,1,0,0
2026-07-29,수,7,중앙선,187.8,컨테이너,12.1,하,새벽(00-06),0,0,1,0,1
2026-09-11,금,9,호남선,234.8,컨테이너,4.0,하,새벽(00-06),0,1,0,0,0
2026-06-10,수,6,경부선,329.3,컨테이너,14.3,상,오전(06-12),0,1,1,0,0
2026-05-14,목,5,경부선,302.5,컨테이너,10.2,하,오전(06-12),0,0,0,0,0
2026-05-09,토,5,부산신항선,10.9,컨테이너,1.0,상,오후(12-18),0,0,0,0,0
2026-02-28,토,2,부산신항선,10.9,시멘트,9.7,상,야간(18-24),0,1,0,1,1
2026-11-04,수,11,전라선,231.4,컨테이너,1.8,하,오전(06-12),0,0,0,0,0
2026-04-28,화,4,경부선,327.3,시멘트,4.6,하,야간(18-24),0,0,0,0,1
2026-04-14,화,4,영동선,94.2,석탄,10.5,상,새벽(00-06),0,0,0,0,0
2026-12-18,금,12,장항선,181.7,컨테이너,11.5,상,야간(18-24),0,0,0,1,0
2026-07-04,토,7,전라선,176.7,석탄,7.0,상,새벽(00-06),0,0,1,0,0
2026-08-15,토,8,경부선,343.2,철강,15.2,상,야간(18-24),0,1,1,0,0
2026-03-31,화,3,충북선,133.7,시멘트,11.3,상,새벽(00-06),0,0,0,0,0
2026-04-12,일,4,태백선,159.1,시멘트,9.5,상,오후(12-18),0,1,0,0,0
2026-09-23,수,9,태백선,86.6,철강,12.3,상,오전(06-12),1,0,0,0,0
2026-06-14,일,6,충북선,203.2,시멘트,19.2,하,오후(12-18),1,1,1,0,1
2026-02-23,월,2,충북선,120.3,시멘트,1.0,하,야간(18-24),0,0,0,1,0
2026-11-01,일,11,전라선,193.4,철강,19.8,상,오후(12-18),0,0,0,0,0
2026-05-28,목,5,충북선,168.8,유류,8.3,하,새벽(00-06),0,1,0,0,0
2026-09-01,화,9,중앙선,215.0,시멘트,7.3,상,오전(06-12),1,0,0,0,0
2026-05-05,화,5,경부선,308.9,시멘트,9.6,상,새벽(00-06),1,1,0,0,0
2026-07-24,금,7,경부선,355.9,철강,6.7,상,오전(06-12),0,1,1,0,0
2026-10-11,일,10,장항선,163.7,시멘트,5.8,상,새벽(00-06),0,1,0,0,0
2026-11-20,금,11,경부선,304.2,석탄,17.1,상,오후(12-18),0,0,0,0,0
2026-03-17,화,3,경부선,308.1,컨테이너,13.0,하,야간(18-24),0,0,0,0,0
2026-09-03,목,9,부산신항선,9.0,컨테이너,1.0,상,새벽(00-06),0,0,0,0,0
2026-11-30,월,11,전라선,171.4,시멘트,16.0,상,야간(18-24),1,0,0,0,0
2026-08-23,일,8,경부선,319.2,유류,15.2,상,야간(18-24),0,0,1,0,0
2026-02-22,일,2,중앙선,189.3,컨테이너,3.1,상,오후(12-18),1,0,0,1,1
2026-03-11,수,3,장항선,201.2,기타,13.1,상,오후(12-18),0,1,0,0,0
2026-03-16,월,3,중앙선,148.3,철강,15.7,상,야간(18-24),0,1,0,0,0
2026-02-08,일,2,중앙선,170.9,철강,2.4,상,오전(06-12),0,0,0,1,0
2026-10-03,토,10,중앙선,235.4,유류,13.7,상,야간(18-24),0,0,0,0,0
2026-12-19,토,12,경부선,331.9,컨테이너,7.9,상,오전(06-12),0,0,0,1,1
2026-07-08,수,7,전라선,245.9,컨테이너,15.3,상,새벽(00-06),1,1,1,0,1
2026-08-07,금,8,경부선,338.3,컨테이너,6.4,상,오후(12-18),0,0,1,0,0
2026-10-10,토,10,충북선,172.7,시멘트,18.3,하,오전(06-12),0,1,0,0,0
2026-06-01,월,6,경부선,393.0,컨테이너,10.5,상,새벽(00-06),1,0,1,0,0
2026-06-22,월,6,경부선,323.9,철강,8.3,하,새벽(00-06),0,0,1,0,0
2026-08-03,월,8,경부선,279.7,철강,7.7,하,오전(06-12),0,0,1,0,0
2026-04-22,수,4,태백선,148.3,컨테이너,17.2,상,새벽(00-06),0,0,0,0,0
2026-01-23,금,1,경부선,297.5,시멘트,7.7,하,새벽(00-06),1,0,0,1,1
2026-07-27,월,7,경부선,315.8,석탄,18.4,하,새벽(00-06),0,0,1,0,0
2026-10-28,수,10,경부선,335.0,철강,13.3,상,오후(12-18),0,1,0,0,0
2026-01-27,화,1,전라선,204.8,기타,3.7,하,새벽(00-06),1,0,0,1,0
2026-03-21,토,3,중앙선,175.4,컨테이너,12.2,상,야간(18-24),0,0,0,0,1
2026-04-06,월,4,호남선,220.1,컨테이너,12.3,상,야간(18-24),0,0,0,0,0
2026-10-21,수,10,전라선,212.9,유류,3.5,상,오후(12-18),0,0,0,0,0
2026-07-04,토,7,충북선,185.6,컨테이너,12.0,상,새벽(00-06),0,0,1,0,0
2026-07-15,수,7,전라선,199.8,철강,15.3,하,오후(12-18),0,1,1,0,0
2026-08-24,월,8,경부선,280.6,컨테이너,18.8,하,새벽(00-06),0,1,1,0,0
2026-04-11,토,4,호남선,255.9,시멘트,18.5,하,야간(18-24),0,0,0,0,0
2026-09-18,금,9,호남선,169.9,시멘트,25.0,하,새벽(00-06),0,0,0,0,1
2026-01-12,월,1,경부선,319.1,철강,12.0,하,새벽(00-06),0,0,0,1,0
2026-02-11,수,2,충북선,207.6,컨테이너,15.3,하,새벽(00-06),0,0,0,1,0
2026-10-25,일,10,경부선,319.1,유류,8.4,하,야간(18-24),1,0,0,0,0
2026-08-29,토,8,충북선,195.0,유류,23.3,상,새벽(00-06),0,1,1,0,0
2026-03-06,금,3,장항선,192.6,철강,6.7,상,새벽(00-06),0,0,0,0,0
2026-06-10,수,6,호남선,208.0,광석,23.0,상,새벽(00-06),0,0,1,0,0
2026-01-19,월,1,중앙선,188.7,유류,22.3,하,야간(18-24),0,0,0,1,0
2026-09-03,목,9,전라선,165.8,철강,7.3,상,오전(06-12),0,0,0,0,0
2026-10-03,토,10,전라선,219.8,시멘트,18.2,하,야간(18-24),1,0,0,0,0
2026-04-12,일,4,경부선,329.5,철강,14.7,상,야간(18-24),0,0,0,0,0
2026-05-08,금,5,충북선,167.1,기타,9.5,상,오후(12-18),1,1,0,0,1
2026-03-28,토,3,전라선,303.4,석탄,11.2,상,새벽(00-06),0,1,0,0,0
2026-05-23,토,5,장항선,185.2,컨테이너,13.6,하,야간(18-24),0,1,0,0,0
2026-04-10,금,4,영동선,119.3,컨테이너,14.2,상,오전(06-12),0,0,0,0,0
2026-04-01,수,4,경부선,366.8,철강,21.0,상,오전(06-12),0,0,0,0,0
2026-06-07,일,6,경부선,341.8,기타,15.4,하,오후(12-18),1,0,1,0,1
2026-11-10,화,11,경부선,316.8,컨테이너,7.4,하,오후(12-18),1,0,0,0,1
2026-10-06,화,10,경부선,317.0,기타,16.5,상,야간(18-24),0,0,0,0,0
2026-04-19,일,4,중앙선,181.0,컨테이너,1.5,상,야간(18-24),0,1,0,0,0
2026-12-11,금,12,부산신항선,11.9,시멘트,9.7,하,오전(06-12),1,0,0,1,0
2026-03-18,수,3,중앙선,187.3,광석,10.3,상,새벽(00-06),1,1,0,0,0
2026-11-29,일,11,전라선,248.1,기타,15.9,하,야간(18-24),0,0,0,0,0
2026-04-23,목,4,중앙선,158.0,시멘트,22.6,상,새벽(00-06),0,0,0,0,1
2026-07-17,금,7,중앙선,198.4,기타,13.3,하,오후(12-18),0,0,1,0,0
2026-03-16,월,3,태백선,166.5,유류,9.8,상,새벽(00-06),0,1,0,0,0
2026-10-06,화,10,전라선,222.7,유류,7.8,상,오전(06-12),0,1,0,0,0
2026-04-26,일,4,중앙선,257.8,유류,17.0,상,오전(06-12),0,0,0,0,0
2026-11-15,일,11,부산신항선,11.1,시멘트,10.8,하,오후(12-18),0,0,0,0,1
2026-01-31,토,1,중앙선,191.3,컨테이너,9.0,상,야간(18-24),0,0,0,1,0
2026-07-03,금,7,경부선,324.9,컨테이너,17.7,하,야간(18-24),0,1,1,0,0
2026-02-27,금,2,중앙선,182.4,컨테이너,19.0,상,오전(06-12),0,0,0,1,0
2026-11-21,토,11,전라선,170.0,컨테이너,6.2,상,오전(06-12),0,0,0,0,1
2026-06-02,화,6,중앙선,224.1,컨테이너,3.0,하,오전(06-12),0,0,1,0,0
2026-09-04,금,9,태백선,179.4,컨테이너,11.4,하,오전(06-12),0,0,0,0,0
2026-11-18,수,11,충북선,173.3,시멘트,5.2,하,오전(06-12),0,0,0,0,0
2026-07-15,수,7,중앙선,212.2,컨테이너,4.3,하,야간(18-24),1,0,1,0,0
2026-01-21,수,1,태백선,131.8,컨테이너,5.8,상,오전(06-12),1,1,0,1,1
2026-03-22,일,3,중앙선,233.8,컨테이너,18.3,상,새벽(00-06),1,0,0,0,1
2026-03-19,목,3,중앙선,191.9,컨테이너,15.9,상,오후(12-18),0,0,0,0,0
2026-11-30,월,11,경부선,330.9,석탄,25.0,상,새벽(00-06),0,0,0,0,1
2026-11-28,토,11,중앙선,138.5,광석,8.1,하,새벽(00-06),0,0,0,0,0
2026-06-24,수,6,중앙선,174.8,철강,20.0,상,야간(18-24),0,0,1,0,0
2026-11-21,토,11,경부선,334.9,석탄,15.0,상,새벽(00-06),0,0,0,0,0
2026-03-31,화,3,충북선,184.0,기타,8.7,하,오후(12-18),0,1,0,0,0
2026-09-05,토,9,경부선,357.6,철강,11.1,상,야간(18-24),0,1,0,0,0
2026-05-24,일,5,경부선,257.0,컨테이너,8.6,하,오전(06-12),0,0,0,0,1
2026-03-29,일,3,충북선,124.4,컨테이너,13.6,상,오전(06-12),0,0,0,0,0
2026-04-02,목,4,경부선,343.6,석탄,17.9,하,오후(12-18),0,0,0,0,0
2026-06-03,수,6,충북선,142.6,석탄,9.8,상,오후(12-18),0,1,1,0,0
2026-05-04,월,5,전라선,256.2,유류,17.1,상,야간(18-24),0,0,0,0,0
2026-03-19,목,3,중앙선,136.2,컨테이너,19.6,상,야간(18-24),0,1,0,0,0
2026-05-02,토,5,경부선,316.3,기타,21.0,하,새벽(00-06),0,0,0,0,0
2026-02-16,월,2,중앙선,192.1,시멘트,5.0,하,오전(06-12),0,1,0,1,0
2026-12-20,일,12,경부선,339.4,광석,11.7,하,새벽(00-06),0,0,0,1,1
2026-05-19,화,5,충북선,135.5,시멘트,16.3,하,새벽(00-06),0,0,0,0,0
2026-02-09,월,2,전라선,170.4,컨테이너,5.5,하,오전(06-12),0,0,0,1,0
2026-07-30,목,7,충북선,165.6,시멘트,4.1,하,오전(06-12),0,1,1,0,0
2026-11-19,목,11,중앙선,211.7,컨테이너,11.8,하,오후(12-18),0,0,0,0,0
2026-05-12,화,5,호남선,233.4,컨테이너,9.5,하,오후(12-18),0,0,0,0,0
2026-11-05,목,11,경부선,305.9,광석,11.0,상,오전(06-12),0,1,0,0,0
2026-08-11,화,8,부산신항선,12.9,시멘트,9.2,상,야간(18-24),0,0,1,0,1
2026-09-27,일,9,장항선,189.3,컨테이너,25.0,상,야간(18-24),0,0,0,0,1
2026-04-19,일,4,중앙선,239.6,시멘트,9.2,하,오후(12-18),0,0,0,0,0
2026-01-14,수,1,경부선,318.0,석탄,15.5,상,오전(06-12),0,0,0,1,0
2026-05-07,목,5,경부선,251.0,컨테이너,15.1,하,새벽(00-06),0,0,0,0,1
2026-12-04,금,12,호남선,206.5,컨테이너,1.9,상,새벽(00-06),0,0,0,1,0
2026-10-16,금,10,경부선,323.7,유류,20.8,하,새벽(00-06),1,0,0,0,0
2026-10-14,수,10,부산신항선,12.2,컨테이너,15.8,하,야간(18-24),0,0,0,0,0
2026-11-17,화,11,충북선,123.0,광석,12.9,하,오전(06-12),0,1,0,0,0
2026-05-17,일,5,중앙선,182.4,컨테이너,18.3,상,오전(06-12),0,0,0,0,1
2026-04-28,화,4,충북선,183.0,석탄,11.7,상,오전(06-12),1,0,0,0,0
2026-12-04,금,12,경부선,316.0,석탄,17.3,하,오후(12-18),1,0,0,1,0
2026-07-28,화,7,중앙선,182.6,컨테이너,1.0,하,야간(18-24),0,0,1,0,0
2026-04-19,일,4,호남선,255.9,석탄,16.9,상,새벽(00-06),1,0,0,0,0
2026-04-12,일,4,경부선,277.4,시멘트,13.1,상,야간(18-24),1,0,0,0,1
2026-11-17,화,11,호남선,239.0,시멘트,13.2,하,오전(06-12),1,1,0,0,0
2026-01-20,화,1,영동선,125.1,유류,6.9,상,새벽(00-06),1,1,0,1,0
2026-01-23,금,1,경부선,311.2,기타,10.7,하,오전(06-12),1,0,0,1,0
2026-09-27,일,9,충북선,160.5,컨테이너,10.5,상,오전(06-12),0,0,0,0,1
2026-01-01,목,1,경부선,318.7,석탄,5.2,하,새벽(00-06),0,0,0,1,0
2026-03-04,수,3,충북선,165.8,컨테이너,14.1,상,새벽(00-06),1,0,0,0,1
2026-12-28,월,12,영동선,100.9,컨테이너,21.4,하,오후(12-18),0,0,0,1,0
2026-06-05,금,6,부산신항선,9.3,컨테이너,3.5,상,오후(12-18),0,0,1,0,0
2026-09-23,수,9,호남선,199.3,석탄,14.9,상,오후(12-18),0,0,0,0,1
2026-06-27,토,6,경부선,307.3,철강,9.5,하,오전(06-12),0,0,1,0,0
2026-02-03,화,2,충북선,153.5,시멘트,8.8,상,오후(12-18),0,1,0,1,0
2026-03-09,월,3,경부선,230.6,기타,12.4,하,야간(18-24),0,1,0,0,0
2026-10-05,월,10,부산신항선,10.9,철강,12.5,하,야간(18-24),0,1,0,0,0
2026-02-04,수,2,경부선,299.1,컨테이너,13.1,하,새벽(00-06),0,0,0,1,0
2026-08-06,목,8,경부선,245.5,컨테이너,5.2,하,새벽(00-06),0,0,1,0,0
2026-05-08,금,5,경부선,306.2,시멘트,18.5,하,오후(12-18),0,1,0,0,0
2026-05-16,토,5,경부선,305.0,컨테이너,12.5,상,새벽(00-06),0,0,0,0,0
2026-12-14,월,12,경부선,371.2,컨테이너,15.6,상,야간(18-24),0,0,0,1,0
2026-08-10,월,8,경부선,298.6,컨테이너,19.3,하,새벽(00-06),0,0,1,0,0
2026-08-13,목,8,태백선,148.9,시멘트,1.0,하,새벽(00-06),0,0,1,0,1
2026-05-08,금,5,장항선,207.3,시멘트,15.8,하,야간(18-24),1,0,0,0,0
2026-05-20,수,5,경부선,295.1,석탄,11.0,하,새벽(00-06),0,1,0,0,0
2026-09-08,화,9,장항선,178.7,철강,18.1,상,새벽(00-06),1,0,0,0,0
2026-01-15,목,1,중앙선,253.8,기타,7.2,상,야간(18-24),0,0,0,1,0
2026-03-28,토,3,장항선,184.2,유류,17.6,하,새벽(00-06),0,1,0,0,0
2026-08-08,토,8,중앙선,206.4,시멘트,5.7,상,오전(06-12),0,0,1,0,0
2026-08-16,일,8,충북선,151.1,시멘트,14.4,하,오전(06-12),1,0,1,0,1
2026-02-03,화,2,중앙선,217.3,컨테이너,13.7,하,새벽(00-06),0,0,0,1,0
2026-10-15,목,10,경부선,318.6,기타,11.1,상,새벽(00-06),1,1,0,0,0
2026-07-18,토,7,충북선,115.5,시멘트,5.8,하,새벽(00-06),0,0,1,0,0
2026-03-28,토,3,장항선,172.5,컨테이너,9.8,하,오전(06-12),0,0,0,0,0
2026-10-02,금,10,장항선,155.9,철강,17.5,상,야간(18-24),1,1,0,0,0
2026-12-28,월,12,중앙선,197.2,시멘트,20.9,상,오후(12-18),0,0,0,1,0
2026-06-04,목,6,충북선,138.4,기타,23.7,하,오후(12-18),0,0,1,0,1
2026-04-14,화,4,장항선,189.2,컨테이너,15.2,상,오후(12-18),0,1,0,0,0
2026-04-20,월,4,경부선,322.0,컨테이너,13.5,하,야간(18-24),1,0,0,0,0
2026-08-05,수,8,경부선,270.3,광석,14.7,상,오전(06-12),1,0,1,0,0
2026-01-18,일,1,중앙선,176.1,시멘트,23.6,하,야간(18-24),0,0,0,1,0
2026-06-26,금,6,경부선,345.0,컨테이너,15.1,하,오후(12-18),0,0,1,0,0
2026-01-10,토,1,중앙선,233.5,시멘트,12.5,하,오후(12-18),0,1,0,1,0
2026-01-15,목,1,경부선,284.1,석탄,10.3,하,새벽(00-06),1,0,0,1,0
2026-06-06,토,6,충북선,133.9,컨테이너,11.0,상,야간(18-24),0,1,1,0,0
2026-09-30,수,9,전라선,287.9,컨테이너,14.3,하,오전(06-12),0,0,0,0,0
2026-11-19,목,11,장항선,179.4,컨테이너,7.5,하,야간(18-24),1,1,0,0,0
2026-02-01,일,2,전라선,232.1,컨테이너,8.2,상,야간(18-24),1,0,0,1,1
2026-03-31,화,3,중앙선,167.4,시멘트,11.6,하,새벽(00-06),1,0,0,0,0
2026-06-03,수,6,호남선,213.6,컨테이너,9.3,상,오전(06-12),0,0,1,0,0
2026-07-29,수,7,전라선,280.9,철강,15.6,상,야간(18-24),0,0,1,0,0
2026-12-27,일,12,충북선,167.7,시멘트,16.0,상,새벽(00-06),1,0,0,1,0
2026-09-07,월,9,경부선,362.8,시멘트,13.6,하,오후(12-18),0,1,0,0,0
2026-07-16,목,7,전라선,230.3,컨테이너,14.9,상,오전(06-12),0,0,1,0,0
2026-01-23,금,1,충북선,135.7,시멘트,12.7,하,오전(06-12),0,1,0,1,0
2026-01-30,금,1,전라선,208.9,컨테이너,1.0,하,야간(18-24),0,0,0,1,1
2026-02-25,수,2,장항선,157.2,기타,6.7,상,오후(12-18),0,0,0,1,0
2026-08-30,일,8,부산신항선,11.3,컨테이너,16.2,상,오전(06-12),0,0,1,0,1
2026-05-01,금,5,호남선,238.8,유류,7.0,하,오후(12-18),0,0,0,0,0
2026-03-29,일,3,충북선,165.3,석탄,17.1,하,새벽(00-06),0,0,0,0,0
2026-09-02,수,9,영동선,105.2,유류,17.5,상,새벽(00-06),0,0,0,0,1
2026-10-25,일,10,부산신항선,8.2,유류,10.4,상,오후(12-18),0,0,0,0,1
2026-06-10,수,6,경부선,334.4,철강,8.5,상,야간(18-24),0,0,1,0,0
2026-11-18,수,11,충북선,130.3,시멘트,12.1,하,오후(12-18),0,0,0,0,1
2026-09-25,금,9,경부선,274.8,컨테이너,11.7,하,오전(06-12),0,1,0,0,0
2026-09-19,토,9,중앙선,224.8,석탄,15.8,하,새벽(00-06),0,1,0,0,0
2026-11-13,금,11,중앙선,183.6,컨테이너,1.0,하,새벽(00-06),0,0,0,0,0
2026-03-09,월,3,중앙선,182.9,시멘트,7.6,상,새벽(00-06),0,0,0,0,0
2026-10-04,일,10,경부선,313.4,유류,5.9,하,야간(18-24),0,0,0,0,0
2026-12-16,수,12,경부선,349.2,시멘트,1.0,하,오전(06-12),0,0,0,1,1
2026-12-29,화,12,경부선,326.8,컨테이너,9.0,상,야간(18-24),0,0,0,1,1
2026-07-30,목,7,전라선,207.1,광석,3.0,하,새벽(00-06),0,0,1,0,0
2026-10-03,토,10,부산신항선,8.5,컨테이너,9.7,하,오전(06-12),0,0,0,0,0
2026-11-21,토,11,영동선,106.9,유류,9.1,하,새벽(00-06),0,1,0,0,0
2026-11-08,일,11,중앙선,203.9,철강,14.7,상,야간(18-24),1,0,0,0,0
2026-11-24,화,11,경부선,318.8,컨테이너,10.5,하,새벽(00-06),0,0,0,0,0
2026-10-31,토,10,태백선,133.0,컨테이너,1.9,하,새벽(00-06),0,0,0,0,0
2026-05-20,수,5,경부선,322.1,기타,14.1,하,새벽(00-06),0,0,0,0,0
2026-09-24,목,9,영동선,109.3,컨테이너,25.0,하,새벽(00-06),0,0,0,0,0
2026-05-30,토,5,전라선,206.0,기타,18.5,하,오전(06-12),0,0,0,0,0
2026-10-20,화,10,충북선,189.0,시멘트,16.1,하,야간(18-24),0,0,0,0,0
2026-10-23,금,10,경부선,300.9,시멘트,10.8,상,야간(18-24),1,1,0,0,0
2026-12-08,화,12,경부선,325.4,석탄,9.1,하,오후(12-18),0,1,0,1,1
2026-08-03,월,8,충북선,109.8,시멘트,8.6,상,야간(18-24),1,1,1,0,0
2026-06-23,화,6,중앙선,185.8,시멘트,13.4,상,오전(06-12),0,1,1,0,0
2026-03-02,월,3,태백선,113.5,석탄,5.2,상,야간(18-24),0,0,0,0,0
2026-08-21,금,8,충북선,136.8,시멘트,13.3,하,새벽(00-06),0,1,1,0,1
2026-07-26,일,7,중앙선,278.1,컨테이너,8.0,상,오전(06-12),1,1,1,0,0
2026-07-07,화,7,경부선,330.2,유류,1.7,상,새벽(00-06),0,0,1,0,1
2026-09-04,금,9,중앙선,236.2,시멘트,7.9,하,야간(18-24),0,0,0,0,0
2026-11-07,토,11,경부선,354.4,석탄,19.5,상,오전(06-12),0,0,0,0,0
2026-02-24,화,2,전라선,258.9,시멘트,12.8,상,새벽(00-06),0,0,0,1,0
2026-06-07,일,6,충북선,156.3,석탄,1.0,상,새벽(00-06),0,0,1,0,1
2026-09-21,월,9,장항선,211.7,컨테이너,8.0,하,오전(06-12),0,0,0,0,0
2026-10-27,화,10,중앙선,222.9,광석,17.4,하,오전(06-12),0,1,0,0,0
2026-10-12,월,10,경부선,321.9,시멘트,10.2,하,오후(12-18),1,0,0,0,1
2026-10-19,월,10,태백선,140.8,광석,15.1,하,야간(18-24),0,0,0,0,0
2026-11-09,월,11,전라선,225.3,철강,9.6,하,오후(12-18),0,0,0,0,0
2026-12-18,금,12,전라선,231.0,철강,13.1,하,오전(06-12),0,0,0,1,0
2026-08-10,월,8,충북선,160.2,시멘트,12.2,하,오전(06-12),0,0,1,0,0
2026-04-01,수,4,부산신항선,11.7,컨테이너,8.1,하,야간(18-24),0,0,0,0,0
2026-07-25,토,7,경부선,389.8,컨테이너,15.4,상,오전(06-12),1,1,1,0,1
2026-09-17,목,9,중앙선,151.1,석탄,21.2,하,오전(06-12),1,0,0,0,1
2026-02-06,금,2,장항선,202.4,컨테이너,14.3,상,오후(12-18),1,0,0,1,1
2026-10-04,일,10,경부선,305.5,컨테이너,12.6,하,오후(12-18),1,0,0,0,1
2026-07-18,토,7,장항선,205.0,시멘트,6.9,하,야간(18-24),0,0,1,0,0
2026-12-08,화,12,중앙선,181.6,컨테이너,17.6,하,오전(06-12),0,0,0,1,0
2026-03-19,목,3,경부선,336.7,컨테이너,8.9,하,오전(06-12),0,1,0,0,0
2026-11-28,토,11,경부선,313.8,시멘트,15.4,상,오후(12-18),1,1,0,0,0
2026-06-13,토,6,태백선,100.9,컨테이너,16.6,하,오후(12-18),1,0,1,0,0
2026-07-29,수,7,장항선,214.4,컨테이너,17.9,하,새벽(00-06),0,1,1,0,0
2026-08-29,토,8,경부선,282.5,컨테이너,18.0,하,야간(18-24),1,1,1,0,1
2026-07-31,금,7,경부선,323.6,시멘트,17.8,하,새벽(00-06),0,0,1,0,1
2026-11-26,목,11,경부선,278.1,광석,4.5,상,새벽(00-06),1,1,0,0,1
2026-03-03,화,3,경부선,266.7,컨테이너,6.8,하,오후(12-18),1,0,0,0,0
2026-09-24,목,9,전라선,223.3,철강,3.8,상,새벽(00-06),0,0,0,0,1
2026-12-22,화,12,경부선,296.5,컨테이너,3.4,하,새벽(00-06),1,1,0,1,0
2026-03-22,일,3,경부선,273.4,석탄,21.2,상,야간(18-24),0,0,0,0,0
2026-04-04,토,4,경부선,318.8,컨테이너,6.1,하,오후(12-18),0,1,0,0,0
2026-06-23,화,6,충북선,124.3,유류,5.2,하,야간(18-24),1,1,1,0,0
2026-09-22,화,9,전라선,233.2,철강,11.7,하,새벽(00-06),0,1,0,0,1
2026-12-17,목,12,전라선,225.6,석탄,7.5,하,새벽(00-06),0,1,0,1,0
2026-10-18,일,10,충북선,99.3,컨테이너,25.0,상,새벽(00-06),0,1,0,0,1
2026-10-17,토,10,영동선,102.0,유류,10.4,상,새벽(00-06),0,0,0,0,0
2026-06-11,목,6,중앙선,209.7,컨테이너,14.7,하,오전(06-12),0,0,1,0,0
2026-08-24,월,8,태백선,114.2,시멘트,7.3,상,야간(18-24),0,1,1,0,0
2026-03-19,목,3,전라선,244.8,철강,2.0,하,오전(06-12),0,0,0,0,1
2026-06-19,금,6,경부선,337.5,석탄,7.6,하,오후(12-18),0,0,1,0,0
2026-03-10,화,3,장항선,159.2,유류,7.7,하,오후(12-18),0,0,0,0,0
2026-01-10,토,1,충북선,161.0,석탄,7.7,하,새벽(00-06),1,0,0,1,1
2026-11-09,월,11,전라선,254.1,철강,2.4,상,새벽(00-06),0,1,0,0,0
2026-10-21,수,10,경부선,285.1,컨테이너,12.8,하,오후(12-18),0,0,0,0,0
2026-07-06,월,7,중앙선,186.1,시멘트,10.0,상,새벽(00-06),1,0,1,0,0
2026-01-06,화,1,부산신항선,14.1,시멘트,2.7,상,오전(06-12),0,0,0,1,0
2026-02-02,월,2,경부선,285.9,시멘트,12.6,상,오후(12-18),0,0,0,1,0
2026-02-10,화,2,경부선,338.6,석탄,16.6,하,오전(06-12),0,0,0,1,1
2026-09-19,토,9,경부선,277.0,시멘트,19.2,상,오전(06-12),0,0,0,0,1
2026-03-16,월,3,중앙선,187.7,철강,1.0,상,오후(12-18),0,0,0,0,0
2026-04-02,목,4,태백선,144.4,컨테이너,7.6,상,오전(06-12),1,0,0,0,1
2026-11-11,수,11,충북선,101.2,시멘트,3.8,하,오전(06-12),1,1,0,0,0
2026-11-16,월,11,부산신항선,9.0,광석,8.1,하,새벽(00-06),0,0,0,0,0
2026-10-06,화,10,중앙선,208.3,컨테이너,20.3,하,야간(18-24),1,0,0,0,0
2026-04-23,목,4,중앙선,201.2,컨테이너,7.6,상,오후(12-18),1,0,0,0,1
2026-07-31,금,7,경부선,299.3,철강,9.1,하,야간(18-24),0,0,1,0,0
2026-03-15,일,3,경부선,276.0,컨테이너,7.0,상,야간(18-24),0,0,0,0,0
2026-11-10,화,11,전라선,248.3,시멘트,21.8,하,오후(12-18),0,0,0,0,0
2026-01-31,토,1,경부선,307.3,철강,1.0,상,오후(12-18),1,0,0,1,0
2026-09-29,화,9,경부선,342.0,시멘트,8.7,상,오전(06-12),0,1,0,0,0
2026-07-06,월,7,부산신항선,11.7,광석,6.8,하,오전(06-12),0,0,1,0,0
2026-10-04,일,10,충북선,150.1,유류,1.7,하,오후(12-18),0,0,0,0,0
2026-06-14,일,6,경부선,363.1,시멘트,18.6,하,오전(06-12),0,0,1,0,0
2026-02-27,금,2,전라선,211.6,기타,1.2,하,야간(18-24),0,0,0,1,0
2026-10-02,금,10,충북선,191.1,컨테이너,9.2,상,오후(12-18),0,1,0,0,0
2026-08-19,수,8,태백선,161.9,컨테이너,11.5,하,새벽(00-06),0,1,1,0,1
2026-06-19,금,6,전라선,260.9,석탄,7.5,상,새벽(00-06),0,0,1,0,1
2026-05-17,일,5,경부선,313.0,시멘트,1.6,상,새벽(00-06),1,1,0,0,0
2026-05-06,수,5,경부선,422.1,컨테이너,11.0,상,야간(18-24),0,1,0,0,1
2026-06-25,목,6,경부선,326.3,시멘트,7.4,하,오전(06-12),0,0,1,0,0
2026-04-06,월,4,전라선,236.6,컨테이너,16.9,하,야간(18-24),0,0,0,0,0
2026-04-14,화,4,충북선,160.7,컨테이너,15.1,하,오전(06-12),1,1,0,0,0
2026-04-12,일,4,장항선,157.0,시멘트,23.7,하,야간(18-24),0,0,0,0,0
2026-01-05,월,1,충북선,193.7,광석,12.7,상,오전(06-12),0,0,0,1,0
2026-12-05,토,12,중앙선,173.3,유류,15.5,하,야간(18-24),1,0,0,1,1
2026-03-28,토,3,경부선,357.0,시멘트,9.8,상,오후(12-18),0,1,0,0,0
2026-03-02,월,3,경부선,366.6,시멘트,22.3,하,새벽(00-06),1,1,0,0,1
2026-02-25,수,2,중앙선,214.4,컨테이너,12.1,상,오후(12-18),0,0,0,1,1
2026-12-27,일,12,충북선,144.0,시멘트,11.4,하,새벽(00-06),0,0,0,1,0
2026-06-24,수,6,호남선,199.7,석탄,15.2,하,새벽(00-06),0,0,1,0,0
2026-04-30,목,4,경부선,213.1,철강,8.1,상,오전(06-12),0,1,0,0,1
2026-05-28,목,5,전라선,225.9,시멘트,9.0,하,새벽(00-06),1,0,0,0,0
2026-02-02,월,2,경부선,352.3,광석,15.2,상,오전(06-12),0,0,0,1,0
2026-04-25,토,4,전라선,222.3,유류,16.4,상,오후(12-18),0,0,0,0,0
2026-04-01,수,4,경부선,296.6,컨테이너,15.6,상,야간(18-24),0,0,0,0,0
2026-10-21,수,10,전라선,220.5,광석,11.5,상,오전(06-12),0,0,0,0,0
2026-01-22,목,1,경부선,368.8,컨테이너,13.6,상,야간(18-24),0,0,0,1,1
2026-06-05,금,6,경부선,318.0,광석,17.8,하,오전(06-12),1,1,1,0,0
2026-10-16,금,10,충북선,207.7,석탄,5.4,상,오전(06-12),0,1,0,0,1
2026-11-01,일,11,중앙선,173.3,시멘트,12.0,상,오전(06-12),1,0,0,0,0
2026-07-07,화,7,중앙선,200.9,시멘트,1.0,상,야간(18-24),0,0,1,0,0
2026-03-23,월,3,중앙선,178.1,시멘트,16.4,상,새벽(00-06),0,0,0,0,0
2026-05-04,월,5,호남선,260.1,유류,7.3,상,새벽(00-06),0,0,0,0,0
2026-03-23,월,3,경부선,327.4,유류,7.5,하,오후(12-18),0,0,0,0,0
2026-08-30,일,8,충북선,214.5,시멘트,11.3,상,새벽(00-06),1,0,1,0,0
2026-04-17,금,4,태백선,127.1,유류,15.7,하,새벽(00-06),0,0,0,0,0
2026-08-19,수,8,전라선,275.2,시멘트,25.0,하,새벽(00-06),0,0,1,0,1
2026-08-28,금,8,중앙선,197.4,시멘트,2.7,하,새벽(00-06),1,0,1,0,1
2026-12-10,목,12,충북선,182.2,컨테이너,6.9,하,새벽(00-06),0,1,0,1,1
2026-05-16,토,5,경부선,271.4,유류,13.4,하,오전(06-12),0,0,0,0,0
2026-12-17,목,12,충북선,170.0,석탄,7.6,상,야간(18-24),0,1,0,1,0
2026-05-27,수,5,중앙선,155.9,시멘트,17.0,상,야간(18-24),0,1,0,0,0
2026-09-06,일,9,장항선,184.7,석탄,11.0,상,새벽(00-06),0,0,0,0,0
2026-08-30,일,8,태백선,105.1,유류,17.3,상,새벽(00-06),0,0,1,0,0
2026-10-26,월,10,경부선,316.4,컨테이너,10.5,하,야간(18-24),0,1,0,0,0
2026-06-21,일,6,경부선,364.0,시멘트,15.3,상,오후(12-18),0,0,1,0,1
2026-10-17,토,10,중앙선,212.5,시멘트,6.3,하,오후(12-18),0,1,0,0,1
2026-05-10,일,5,충북선,130.5,컨테이너,23.6,상,오후(12-18),1,1,0,0,0
2026-06-29,월,6,중앙선,126.9,컨테이너,1.8,상,새벽(00-06),0,0,1,0,0
2026-07-02,목,7,충북선,173.7,철강,7.8,상,새벽(00-06),0,1,1,0,1
2026-09-15,화,9,충북선,200.8,컨테이너,3.5,하,오전(06-12),0,0,0,0,1
2026-08-14,금,8,호남선,184.1,유류,16.8,하,오전(06-12),0,1,1,0,0
2026-01-29,목,1,중앙선,266.7,기타,15.2,하,야간(18-24),1,0,0,1,0
2026-10-23,금,10,경부선,319.9,컨테이너,4.7,하,새벽(00-06),0,1,0,0,1
2026-10-04,일,10,중앙선,124.7,시멘트,18.0,하,새벽(00-06),0,1,0,0,0
2026-02-08,일,2,충북선,122.3,컨테이너,7.8,상,야간(18-24),0,0,0,1,1
2026-12-18,금,12,경부선,351.0,석탄,14.3,하,야간(18-24),0,1,0,1,0
2026-08-30,일,8,경부선,325.4,시멘트,15.7,하,새벽(00-06),0,1,1,0,0
2026-02-01,일,2,중앙선,245.2,시멘트,10.5,상,오전(06-12),1,1,0,1,0
2026-06-29,월,6,장항선,155.6,철강,17.5,상,오후(12-18),0,0,1,0,0
2026-11-02,월,11,호남선,211.2,철강,11.1,상,새벽(00-06),0,0,0,0,1
2026-04-13,월,4,중앙선,193.5,시멘트,14.0,상,야간(18-24),0,0,0,0,0
2026-12-07,월,12,경부선,314.5,유류,10.4,하,새벽(00-06),0,0,0,1,0
2026-06-02,화,6,중앙선,179.9,광석,1.0,상,새벽(00-06),0,0,1,0,0
2026-03-24,화,3,중앙선,180.6,석탄,11.3,하,오전(06-12),0,0,0,0,0
2026-05-11,월,5,영동선,112.4,컨테이너,6.8,상,오후(12-18),0,0,0,0,0
2026-07-11,토,7,중앙선,203.9,철강,20.4,하,야간(18-24),0,0,1,0,0
2026-09-09,수,9,전라선,237.0,광석,3.8,상,오후(12-18),0,1,0,0,0
2026-12-05,토,12,부산신항선,14.2,시멘트,19.4,상,새벽(00-06),0,1,0,1,0
2026-03-13,금,3,충북선,131.3,석탄,10.9,하,오후(12-18),0,1,0,0,0
2026-12-17,목,12,경부선,247.7,시멘트,14.4,상,새벽(00-06),0,0,0,1,0
2026-07-12,일,7,충북선,186.7,시멘트,3.7,하,새벽(00-06),0,0,1,0,1
2026-02-16,월,2,중앙선,160.3,철강,10.1,상,새벽(00-06),0,0,0,1,0
2026-12-05,토,12,중앙선,180.0,유류,8.0,상,새벽(00-06),0,0,0,1,0
2026-05-08,금,5,영동선,100.6,컨테이너,24.6,하,오전(06-12),0,1,0,0,0
2026-08-15,토,8,경부선,294.9,컨테이너,7.9,상,야간(18-24),0,0,1,0,0
2026-09-12,토,9,중앙선,142.3,시멘트,18.9,상,새벽(00-06),1,0,0,0,0
2026-01-05,월,1,경부선,297.4,시멘트,19.0,상,오전(06-12),0,0,0,1,0
2026-03-22,일,3,경부선,346.2,철강,18.8,상,새벽(00-06),0,1,0,0,0
2026-09-08,화,9,충북선,161.2,컨테이너,8.4,상,오후(12-18),0,1,0,0,0
2026-04-29,수,4,장항선,189.7,철강,22.8,하,오전(06-12),1,0,0,0,0
2026-01-04,일,1,충북선,148.9,시멘트,24.1,상,새벽(00-06),0,0,0,1,0
2026-01-09,금,1,중앙선,224.9,석탄,14.2,상,야간(18-24),1,0,0,1,0
2026-10-29,목,10,경부선,299.9,시멘트,9.2,상,오전(06-12),0,0,0,0,0
2026-02-26,목,2,중앙선,119.5,철강,6.8,상,야간(18-24),1,0,0,1,0
2026-02-06,금,2,충북선,169.2,시멘트,14.8,하,야간(18-24),0,0,0,1,0
2026-07-25,토,7,장항선,194.9,시멘트,12.4,상,새벽(00-06),0,0,1,0,0
2026-02-13,금,2,충북선,147.3,석탄,13.1,하,야간(18-24),1,1,0,1,0
2026-08-27,목,8,부산신항선,14.2,시멘트,3.9,하,오후(12-18),0,0,1,0,0
2026-07-18,토,7,장항선,162.6,컨테이너,12.2,상,오전(06-12),0,1,1,0,0
2026-08-25,화,8,중앙선,216.8,광석,18.9,상,야간(18-24),0,0,1,0,0
2026-06-29,월,6,충북선,204.9,철강,16.9,상,오전(06-12),0,0,1,0,0
2026-10-12,월,10,장항선,180.3,컨테이너,9.5,상,오전(06-12),0,0,0,0,0
2026-08-24,월,8,호남선,202.5,철강,11.3,하,오전(06-12),0,0,1,0,0
2026-06-01,월,6,중앙선,189.6,컨테이너,3.2,하,야간(18-24),0,0,1,0,1
2026-01-06,화,1,전라선,278.2,시멘트,8.0,상,야간(18-24),0,0,0,1,0
2026-04-10,금,4,중앙선,207.4,컨테이너,10.0,하,새벽(00-06),0,0,0,0,0
2026-02-17,화,2,전라선,293.7,컨테이너,15.8,하,오후(12-18),1,1,0,1,1
2026-01-06,화,1,부산신항선,11.4,시멘트,7.8,하,새벽(00-06),0,0,0,1,1
2026-04-10,금,4,부산신항선,8.6,시멘트,5.8,하,야간(18-24),0,0,0,0,0
2026-03-17,화,3,경부선,296.9,컨테이너,16.5,하,새벽(00-06),0,0,0,0,0
2026-01-29,목,1,경부선,322.7,컨테이너,9.5,하,새벽(00-06),0,0,0,1,0
2026-04-25,토,4,장항선,138.8,컨테이너,7.0,하,오후(12-18),1,0,0,0,0
2026-07-04,토,7,충북선,149.4,컨테이너,16.9,하,오후(12-18),0,1,1,0,0
2026-03-07,토,3,부산신항선,9.2,시멘트,14.8,하,오전(06-12),0,0,0,0,0
2026-04-10,금,4,중앙선,201.7,컨테이너,10.8,상,오후(12-18),0,0,0,0,0
2026-01-08,목,1,태백선,174.3,시멘트,9.9,상,야간(18-24),1,1,0,1,0
2026-01-19,월,1,전라선,231.0,시멘트,14.3,상,새벽(00-06),1,0,0,1,1
2026-02-27,금,2,경부선,243.3,컨테이너,15.2,상,오전(06-12),0,1,0,1,1
2026-06-15,월,6,경부선,283.6,철강,13.3,하,오전(06-12),0,0,1,0,0
2026-09-01,화,9,전라선,237.3,석탄,12.7,하,오후(12-18),1,0,0,0,0
2026-10-15,목,10,경부선,323.9,석탄,8.4,하,오후(12-18),0,0,0,0,0
2026-08-18,화,8,장항선,212.1,시멘트,8.7,상,오전(06-12),0,0,1,0,0
2026-08-14,금,8,충북선,185.3,컨테이너,11.0,하,오후(12-18),0,0,1,0,0
2026-12-08,화,12,중앙선,225.9,시멘트,6.2,상,새벽(00-06),0,0,0,1,1
2026-04-04,토,4,경부선,311.5,기타,5.5,상,오전(06-12),0,1,0,0,0
2026-10-19,월,10,영동선,126.3,시멘트,11.5,상,오후(12-18),0,0,0,0,1
2026-12-08,화,12,전라선,202.5,석탄,17.9,상,오전(06-12),0,0,0,1,0
2026-07-27,월,7,장항선,199.0,시멘트,1.0,하,야간(18-24),0,1,1,0,1
2026-11-03,화,11,장항선,174.0,광석,9.7,하,야간(18-24),0,0,0,0,0
2026-02-20,금,2,충북선,125.1,컨테이너,13.6,하,오전(06-12),0,0,0,1,1
2026-11-17,화,11,호남선,223.0,시멘트,18.4,하,새벽(00-06),0,0,0,0,0
2026-07-25,토,7,충북선,196.2,시멘트,22.8,상,새벽(00-06),0,1,1,0,0
2026-03-22,일,3,충북선,151.1,철강,10.5,상,오전(06-12),0,1,0,0,0
2026-01-23,금,1,경부선,382.7,철강,23.8,상,야간(18-24),0,1,0,1,1
2026-09-20,일,9,경부선,254.0,철강,14.7,상,새벽(00-06),0,0,0,0,0
2026-06-07,일,6,전라선,193.5,철강,16.9,상,오전(06-12),0,0,1,0,0
2026-04-24,금,4,중앙선,188.2,시멘트,5.6,상,오후(12-18),0,0,0,0,0
2026-05-23,토,5,전라선,218.3,컨테이너,14.7,상,오후(12-18),0,0,0,0,1
2026-12-28,월,12,호남선,191.5,유류,17.4,하,오후(12-18),0,0,0,1,0
2026-06-06,토,6,중앙선,198.0,컨테이너,7.9,상,오후(12-18),0,1,1,0,0
2026-01-29,목,1,경부선,299.1,컨테이너,1.0,하,야간(18-24),0,1,0,1,1
2026-04-13,월,4,전라선,218.6,컨테이너,12.9,상,오전(06-12),0,0,0,0,0
2026-02-23,월,2,경부선,331.3,시멘트,10.7,상,새벽(00-06),1,0,0,1,0
2026-09-08,화,9,장항선,166.2,시멘트,20.1,하,오후(12-18),0,0,0,0,0
2026-10-20,화,10,충북선,158.6,석탄,8.8,상,오후(12-18),0,0,0,0,0
2026-11-03,화,11,중앙선,170.7,석탄,7.8,하,새벽(00-06),0,0,0,0,0
2026-08-20,목,8,충북선,131.2,컨테이너,5.0,상,야간(18-24),0,0,1,0,1
2026-10-08,목,10,충북선,180.4,컨테이너,8.2,상,오후(12-18),0,1,0,0,0
2026-06-02,화,6,중앙선,253.1,광석,25.0,상,오전(06-12),0,0,1,0,0
2026-08-18,화,8,경부선,362.8,철강,2.5,상,야간(18-24),0,1,1,0,0
2026-02-09,월,2,중앙선,204.9,유류,4.0,상,오후(12-18),0,0,0,1,0
2026-07-16,목,7,부산신항선,8.7,컨테이너,11.7,하,야간(18-24),1,0,1,0,0
2026-07-23,목,7,경부선,308.7,광석,23.8,상,오후(12-18),0,1,1,0,1
2026-01-12,월,1,중앙선,230.3,유류,16.4,상,오후(12-18),0,0,0,1,0
2026-07-20,월,7,경부선,228.9,시멘트,21.3,하,새벽(00-06),0,1,1,0,0
2026-09-21,월,9,중앙선,180.6,석탄,9.7,상,오전(06-12),0,1,0,0,0
2026-05-15,금,5,경부선,349.6,컨테이너,3.7,하,오후(12-18),0,1,0,0,0
2026-07-18,토,7,장항선,156.8,석탄,9.3,상,야간(18-24),0,1,1,0,0
2026-04-15,수,4,경부선,337.1,철강,11.3,상,야간(18-24),1,0,0,0,0
2026-04-09,목,4,전라선,240.7,시멘트,12.1,하,새벽(00-06),0,0,0,0,0
2026-02-17,화,2,경부선,262.0,컨테이너,10.7,상,오후(12-18),0,0,0,1,0
2026-04-30,목,4,중앙선,196.3,시멘트,15.5,상,새벽(00-06),0,0,0,0,0
2026-10-21,수,10,경부선,295.5,철강,7.7,하,오후(12-18),0,0,0,0,0
2026-12-08,화,12,전라선,241.9,석탄,6.4,상,오전(06-12),0,1,0,1,0
2026-08-21,금,8,호남선,224.9,시멘트,4.8,상,오후(12-18),0,0,1,0,1
2026-08-16,일,8,경부선,336.2,기타,13.2,하,오전(06-12),0,0,1,0,1
2026-08-13,목,8,호남선,210.0,컨테이너,12.6,상,야간(18-24),0,0,1,0,0
2026-06-23,화,6,중앙선,203.4,컨테이너,18.5,상,오후(12-18),0,0,1,0,0
2026-06-04,목,6,충북선,131.9,컨테이너,21.3,하,새벽(00-06),0,1,1,0,0
2026-08-15,토,8,전라선,228.5,철강,4.8,하,오후(12-18),0,0,1,0,0
2026-10-14,수,10,경부선,288.3,철강,12.1,상,오후(12-18),1,1,0,0,1
2026-06-01,월,6,중앙선,229.4,철강,10.8,상,오전(06-12),0,1,1,0,0
2026-07-26,일,7,경부선,347.5,유류,2.8,하,새벽(00-06),0,1,1,0,0
2026-06-21,일,6,전라선,249.8,시멘트,8.8,상,야간(18-24),1,0,1,0,1
2026-04-15,수,4,중앙선,253.3,컨테이너,21.4,상,새벽(00-06),1,0,0,0,0
2026-04-16,목,4,부산신항선,9.6,시멘트,8.2,상,새벽(00-06),0,0,0,0,0
2026-01-29,목,1,경부선,298.2,시멘트,7.2,상,오후(12-18),0,0,0,1,0
2026-06-10,수,6,호남선,199.4,시멘트,11.7,하,오전(06-12),0,0,1,0,1
2026-09-18,금,9,경부선,256.1,컨테이너,17.5,하,오전(06-12),0,0,0,0,1
2026-09-08,화,9,충북선,123.2,시멘트,10.2,상,새벽(00-06),0,0,0,0,0
2026-12-26,토,12,중앙선,215.0,시멘트,12.8,상,오전(06-12),0,1,0,1,0
2026-01-15,목,1,경부선,264.4,컨테이너,1.0,상,오전(06-12),0,0,0,1,1
2026-10-05,월,10,경부선,277.2,기타,15.4,하,오후(12-18),0,1,0,0,1
2026-10-18,일,10,전라선,226.3,컨테이너,13.3,상,새벽(00-06),0,0,0,0,0
2026-06-09,화,6,경부선,303.7,광석,17.3,상,오전(06-12),1,1,1,0,0
2026-04-14,화,4,충북선,183.4,컨테이너,1.0,하,오후(12-18),1,1,0,0,0
2026-05-11,월,5,영동선,110.7,유류,10.2,상,오후(12-18),0,0,0,0,1
2026-09-07,월,9,중앙선,165.4,시멘트,17.8,하,새벽(00-06),0,0,0,0,0
2026-11-11,수,11,경부선,359.1,컨테이너,8.7,상,오전(06-12),1,0,0,0,0
2026-08-23,일,8,경부선,349.4,컨테이너,12.3,하,오전(06-12),0,0,1,0,0
2026-07-07,화,7,경부선,263.8,시멘트,9.5,하,새벽(00-06),1,0,1,0,0
2026-08-27,목,8,중앙선,202.1,철강,9.7,상,오전(06-12),0,1,1,0,0
2026-01-26,월,1,장항선,165.3,컨테이너,19.0,하,오후(12-18),0,1,0,1,0
2026-08-10,월,8,중앙선,167.3,컨테이너,3.5,상,야간(18-24),0,1,1,0,0
2026-01-16,금,1,경부선,395.0,석탄,11.7,하,새벽(00-06),0,1,0,1,0
2026-12-17,목,12,충북선,164.4,석탄,13.5,상,오전(06-12),1,0,0,1,0
2026-11-21,토,11,중앙선,185.7,시멘트,17.6,상,야간(18-24),0,0,0,0,1
2026-07-05,일,7,충북선,163.4,컨테이너,11.3,상,오전(06-12),0,0,1,0,0
2026-05-17,일,5,호남선,230.1,시멘트,17.8,하,야간(18-24),0,0,0,0,0
2026-09-25,금,9,경부선,292.1,컨테이너,11.7,하,오후(12-18),1,0,0,0,0
2026-08-21,금,8,충북선,148.0,석탄,12.7,상,야간(18-24),0,0,1,0,0
2026-09-15,화,9,장항선,192.7,컨테이너,12.5,하,야간(18-24),0,0,0,0,0
2026-07-08,수,7,전라선,183.9,기타,15.9,하,새벽(00-06),1,0,1,0,0
2026-03-28,토,3,장항선,199.4,시멘트,15.3,상,야간(18-24),0,0,0,0,0
2026-01-27,화,1,장항선,147.5,시멘트,5.3,하,새벽(00-06),0,1,0,1,0
2026-04-14,화,4,충북선,155.2,유류,13.3,하,오후(12-18),1,1,0,0,1
2026-07-13,월,7,충북선,121.3,기타,15.2,하,오전(06-12),0,0,1,0,0
2026-06-04,목,6,전라선,197.7,철강,20.8,상,오후(12-18),0,0,1,0,0
2026-07-04,토,7,전라선,268.3,시멘트,5.9,상,새벽(00-06),0,1,1,0,0
2026-04-12,일,4,전라선,260.7,유류,15.2,하,새벽(00-06),0,1,0,0,0
2026-12-09,수,12,중앙선,233.6,컨테이너,9.9,하,새벽(00-06),0,0,0,1,0
2026-05-14,목,5,태백선,106.5,철강,13.2,상,오전(06-12),0,0,0,0,1
2026-11-05,목,11,경부선,278.2,석탄,5.6,상,새벽(00-06),0,0,0,0,0
2026-05-23,토,5,경부선,333.8,시멘트,11.9,상,새벽(00-06),0,0,0,0,0
2026-06-11,목,6,중앙선,218.3,유류,13.9,하,야간(18-24),1,0,1,0,1
2026-08-09,일,8,경부선,288.2,석탄,6.2,상,야간(18-24),0,0,1,0,0
2026-04-07,화,4,전라선,212.0,철강,20.7,상,오후(12-18),0,0,0,0,0
2026-03-22,일,3,경부선,274.9,광석,2.7,상,오후(12-18),0,0,0,0,0
2026-05-19,화,5,전라선,279.1,석탄,15.2,상,오전(06-12),0,1,0,0,0
2026-10-21,수,10,충북선,149.4,컨테이너,1.0,하,오후(12-18),0,1,0,0,0
2026-02-22,일,2,경부선,321.5,컨테이너,10.5,하,오전(06-12),0,1,0,1,0
2026-06-09,화,6,경부선,323.5,시멘트,14.9,하,새벽(00-06),0,1,1,0,0
2026-09-03,목,9,충북선,188.9,컨테이너,16.3,하,오후(12-18),0,0,0,0,0
2026-09-15,화,9,전라선,200.8,석탄,11.4,상,야간(18-24),0,0,0,0,0
2026-06-08,월,6,중앙선,234.2,유류,10.6,상,새벽(00-06),0,0,1,0,1
2026-01-30,금,1,경부선,269.1,컨테이너,15.4,하,새벽(00-06),0,1,0,1,0
2026-01-06,화,1,중앙선,234.1,광석,17.7,하,야간(18-24),1,1,0,1,1
2026-06-21,일,6,경부선,251.6,철강,20.3,상,새벽(00-06),0,0,1,0,1
2026-10-23,금,10,경부선,316.0,기타,4.3,하,오전(06-12),0,0,0,0,0
2026-01-11,일,1,영동선,134.2,컨테이너,10.8,상,새벽(00-06),0,0,0,1,1
2026-11-20,금,11,경부선,348.1,시멘트,1.0,하,새벽(00-06),1,0,0,0,0
2026-09-04,금,9,경부선,337.0,석탄,3.8,상,오후(12-18),0,0,0,0,0
2026-01-03,토,1,부산신항선,7.5,철강,7.8,하,야간(18-24),0,0,0,1,1
2026-05-06,수,5,전라선,207.4,광석,17.2,상,오후(12-18),0,0,0,0,0
2026-03-22,일,3,중앙선,240.4,광석,9.1,하,야간(18-24),0,0,0,0,0
2026-12-13,일,12,전라선,243.6,컨테이너,10.3,상,새벽(00-06),0,1,0,1,1
2026-07-22,수,7,호남선,230.5,시멘트,13.8,상,새벽(00-06),0,0,1,0,0
2026-04-29,수,4,경부선,323.2,철강,8.0,하,오전(06-12),0,0,0,0,0
2026-04-12,일,4,경부선,308.9,컨테이너,1.0,상,새벽(00-06),0,0,0,0,0
2026-07-25,토,7,태백선,150.8,기타,7.5,하,오후(12-18),0,0,1,0,0
2026-01-02,금,1,장항선,184.8,철강,11.3,상,야간(18-24),0,1,0,1,0
2026-04-04,토,4,영동선,107.3,유류,14.8,상,새벽(00-06),0,0,0,0,0
2026-03-02,월,3,중앙선,143.8,광석,10.8,상,야간(18-24),0,1,0,0,0
2026-08-15,토,8,호남선,232.0,컨테이너,14.7,상,오전(06-12),0,1,1,0,0
2026-09-02,수,9,중앙선,208.7,시멘트,17.5,하,새벽(00-06),0,0,0,0,1
2026-06-20,토,6,전라선,211.2,석탄,18.7,하,오전(06-12),0,0,1,0,1
2026-02-21,토,2,부산신항선,14.1,유류,13.0,상,오전(06-12),0,0,0,1,0
2026-05-16,토,5,경부선,330.0,철강,5.2,하,오후(12-18),0,0,0,0,0
2026-11-04,수,11,경부선,330.7,컨테이너,4.5,하,오후(12-18),0,1,0,0,0
2026-03-16,월,3,충북선,183.4,석탄,5.1,상,오후(12-18),0,0,0,0,0
2026-03-01,일,3,태백선,148.9,컨테이너,5.6,상,오후(12-18),1,1,0,0,0
2026-02-10,화,2,경부선,331.9,시멘트,12.6,상,오후(12-18),0,0,0,1,1
2026-10-26,월,10,태백선,131.7,기타,23.3,하,새벽(00-06),0,0,0,0,0
2026-02-13,금,2,중앙선,262.7,컨테이너,13.3,하,야간(18-24),0,0,0,1,0
2026-08-01,토,8,중앙선,167.6,컨테이너,11.5,상,새벽(00-06),0,0,1,0,0
2026-12-31,목,12,중앙선,219.4,시멘트,17.8,하,오후(12-18),0,0,0,1,0
2026-08-23,일,8,부산신항선,10.3,유류,7.0,상,야간(18-24),0,0,1,0,0
2026-05-31,일,5,경부선,338.4,컨테이너,18.3,하,새벽(00-06),0,0,0,0,0
2026-03-17,화,3,충북선,192.1,컨테이너,17.8,하,오전(06-12),0,0,0,0,1
2026-01-01,목,1,경부선,307.7,시멘트,12.4,상,새벽(00-06),0,1,0,1,1
2026-02-26,목,2,호남선,223.2,석탄,24.6,상,새벽(00-06),0,0,0,1,0
2026-12-14,월,12,장항선,184.9,컨테이너,18.7,하,오후(12-18),0,1,0,1,0
2026-02-22,일,2,경부선,294.5,철강,12.3,상,야간(18-24),0,1,0,1,0
2026-01-08,목,1,중앙선,237.3,유류,11.1,하,오전(06-12),0,0,0,1,0
2026-10-25,일,10,중앙선,218.2,시멘트,9.4,상,야간(18-24),0,0,0,0,0
2026-06-02,화,6,중앙선,178.1,컨테이너,11.2,상,오전(06-12),0,0,1,0,0
2026-05-11,월,5,태백선,157.6,시멘트,11.4,하,야간(18-24),0,0,0,0,0
2026-09-19,토,9,충북선,140.5,컨테이너,10.1,상,야간(18-24),0,0,0,0,0
2026-07-10,금,7,중앙선,192.3,시멘트,10.7,상,오후(12-18),0,0,1,0,0
2026-11-30,월,11,전라선,216.5,철강,4.8,하,오전(06-12),0,0,0,0,0
2026-06-20,토,6,중앙선,219.6,컨테이너,8.6,하,오후(12-18),0,1,1,0,0
2026-09-18,금,9,경부선,301.0,컨테이너,2.4,상,오후(12-18),1,0,0,0,1
2026-11-17,화,11,경부선,350.5,컨테이너,14.5,하,야간(18-24),0,1,0,0,0
2026-06-19,금,6,중앙선,214.1,컨테이너,12.5,상,오전(06-12),0,0,1,0,0
2026-04-14,화,4,충북선,151.9,컨테이너,11.3,상,야간(18-24),0,1,0,0,1
2026-12-22,화,12,경부선,393.4,시멘트,17.3,상,오전(06-12),0,0,0,1,0
2026-03-24,화,3,충북선,142.7,철강,6.8,상,야간(18-24),0,0,0,0,1
2026-01-15,목,1,경부선,263.8,컨테이너,7.7,상,오후(12-18),0,0,0,1,0
2026-07-31,금,7,전라선,255.1,시멘트,3.1,상,새벽(00-06),1,0,1,0,0
2026-12-27,일,12,경부선,234.2,광석,18.1,하,오전(06-12),0,0,0,1,0
2026-02-01,일,2,중앙선,245.5,시멘트,15.6,하,야간(18-24),0,0,0,1,0
2026-11-07,토,11,경부선,324.3,유류,20.0,상,오후(12-18),0,1,0,0,0
2026-10-31,토,10,중앙선,143.4,시멘트,21.5,하,오후(12-18),0,1,0,0,0
2026-12-06,일,12,경부선,282.3,컨테이너,9.5,상,야간(18-24),0,0,0,1,1
2026-06-03,수,6,중앙선,136.1,컨테이너,7.7,하,야간(18-24),0,0,1,0,1
2026-04-03,금,4,장항선,187.3,철강,1.2,하,새벽(00-06),0,0,0,0,0
2026-07-06,월,7,경부선,267.1,유류,5.4,상,새벽(00-06),0,1,1,0,0
2026-02-21,토,2,전라선,244.5,시멘트,10.1,하,야간(18-24),1,1,0,1,0
2026-11-04,수,11,충북선,153.7,시멘트,1.0,상,새벽(00-06),0,0,0,0,0
2026-08-31,월,8,충북선,149.4,시멘트,5.5,상,야간(18-24),1,1,1,0,0
2026-06-26,금,6,충북선,174.0,컨테이너,11.5,하,오전(06-12),0,0,1,0,0
2026-07-08,수,7,중앙선,215.1,컨테이너,17.4,상,오전(06-12),0,1,1,0,0
2026-09-17,목,9,전라선,263.8,기타,7.7,상,오후(12-18),0,0,0,0,0
2026-07-10,금,7,장항선,166.9,컨테이너,12.8,상,야간(18-24),0,1,1,0,0
2026-11-03,화,11,장항선,179.0,시멘트,23.2,상,새벽(00-06),0,0,0,0,0
2026-12-04,금,12,경부선,294.8,석탄,1.2,하,새벽(00-06),0,0,0,1,0
2026-12-13,일,12,전라선,234.3,시멘트,18.5,하,야간(18-24),0,0,0,1,1
2026-08-15,토,8,경부선,289.1,기타,14.3,상,오후(12-18),0,0,1,0,1
2026-09-29,화,9,중앙선,178.5,컨테이너,19.6,하,새벽(00-06),0,0,0,0,0
2026-04-24,금,4,경부선,303.4,유류,17.8,상,새벽(00-06),0,0,0,0,0
2026-01-14,수,1,경부선,331.9,컨테이너,8.0,상,오후(12-18),1,0,0,1,1
2026-05-27,수,5,충북선,161.4,컨테이너,12.0,하,오후(12-18),0,0,0,0,0
2026-11-15,일,11,부산신항선,12.1,시멘트,3.2,상,야간(18-24),0,0,0,0,1
2026-02-18,수,2,경부선,315.9,유류,8.9,상,야간(18-24),0,1,0,1,0
2026-07-19,일,7,충북선,146.8,시멘트,12.2,상,오후(12-18),0,0,1,0,0
2026-03-12,목,3,충북선,166.1,컨테이너,13.8,하,오후(12-18),0,1,0,0,0
2026-06-06,토,6,호남선,185.3,시멘트,16.7,상,오전(06-12),0,1,1,0,0
2026-02-22,일,2,전라선,246.5,컨테이너,21.5,하,오후(12-18),0,0,0,1,1
2026-09-26,토,9,경부선,308.8,유류,9.4,하,야간(18-24),0,0,0,0,0
2026-10-23,금,10,경부선,328.4,광석,18.9,상,새벽(00-06),1,0,0,0,0
2026-10-04,일,10,충북선,166.8,석탄,13.6,상,오전(06-12),0,0,0,0,1
2026-09-15,화,9,경부선,384.3,시멘트,4.2,하,새벽(00-06),0,1,0,0,0
2026-03-27,금,3,호남선,217.7,석탄,11.1,하,오후(12-18),0,0,0,0,0
2026-07-13,월,7,부산신항선,10.8,시멘트,12.7,상,오후(12-18),1,0,1,0,1
2026-02-08,일,2,호남선,190.9,컨테이너,7.0,하,새벽(00-06),0,1,0,1,0
2026-05-17,일,5,중앙선,221.4,시멘트,5.8,하,야간(18-24),0,0,0,0,0
2026-07-04,토,7,전라선,221.3,석탄,5.6,하,오후(12-18),1,0,1,0,1
2026-09-02,수,9,전라선,183.6,유류,8.7,상,야간(18-24),0,1,0,0,0
2026-02-05,목,2,경부선,312.4,시멘트,6.8,하,야간(18-24),0,0,0,1,1
2026-10-24,토,10,경부선,327.9,유류,19.4,상,야간(18-24),1,0,0,0,0
2026-06-17,수,6,경부선,287.5,철강,1.0,상,새벽(00-06),0,1,1,0,0
2026-11-18,수,11,중앙선,189.2,광석,12.7,상,야간(18-24),1,0,0,0,0
2026-07-12,일,7,호남선,206.4,기타,15.2,상,야간(18-24),0,1,1,0,0
2026-07-19,일,7,태백선,134.4,컨테이너,6.2,상,야간(18-24),0,0,1,0,1
2026-09-10,목,9,중앙선,236.5,시멘트,10.6,하,야간(18-24),0,0,0,0,0
2026-10-27,화,10,충북선,128.5,철강,9.9,상,야간(18-24),0,1,0,0,0
2026-02-27,금,2,경부선,401.6,유류,11.5,상,오후(12-18),1,0,0,1,1
2026-07-06,월,7,경부선,318.9,컨테이너,16.0,상,새벽(00-06),0,1,1,0,1
2026-01-11,일,1,경부선,343.4,시멘트,15.4,상,오전(06-12),0,0,0,1,1
2026-06-23,화,6,충북선,164.5,광석,8.4,상,새벽(00-06),0,1,1,0,1
2026-10-24,토,10,전라선,177.6,컨테이너,3.0,하,오전(06-12),0,1,0,0,1
2026-11-12,목,11,태백선,114.4,시멘트,13.0,상,새벽(00-06),0,0,0,0,0
2026-04-14,화,4,부산신항선,9.0,시멘트,8.1,상,오후(12-18),0,0,0,0,0
2026-05-22,금,5,경부선,359.9,시멘트,8.8,상,야간(18-24),0,1,0,0,0
2026-07-21,화,7,전라선,187.9,시멘트,13.3,하,야간(18-24),0,0,1,0,0
2026-05-25,월,5,경부선,286.0,컨테이너,9.4,하,야간(18-24),0,0,0,0,0
2026-03-06,금,3,중앙선,199.1,철강,13.8,상,새벽(00-06),0,1,0,0,0
2026-04-22,수,4,충북선,173.1,컨테이너,25.0,하,야간(18-24),1,0,0,0,0
2026-05-28,목,5,경부선,337.9,유류,16.1,하,야간(18-24),0,0,0,0,0
2026-07-09,목,7,경부선,280.8,컨테이너,20.1,하,야간(18-24),1,0,1,0,1
2026-12-03,목,12,경부선,256.3,철강,15.1,하,새벽(00-06),0,0,0,1,1
2026-07-18,토,7,경부선,341.8,시멘트,12.5,하,야간(18-24),0,0,1,0,0
2026-05-22,금,5,호남선,244.0,석탄,15.2,하,오전(06-12),0,0,0,0,0
2026-08-30,일,8,경부선,306.4,컨테이너,14.9,상,오후(12-18),1,0,1,0,0
2026-10-10,토,10,충북선,132.7,시멘트,17.2,하,새벽(00-06),0,0,0,0,1
2026-06-07,일,6,영동선,103.4,컨테이너,12.4,상,야간(18-24),0,1,1,0,0
2026-06-28,일,6,충북선,171.2,컨테이너,4.2,하,야간(18-24),0,0,1,0,0
2026-03-21,토,3,중앙선,185.1,철강,3.2,하,야간(18-24),0,1,0,0,0
2026-11-12,목,11,호남선,243.4,컨테이너,14.8,상,새벽(00-06),0,1,0,0,0
2026-11-13,금,11,경부선,357.2,광석,5.2,상,새벽(00-06),0,0,0,0,0
2026-03-05,목,3,경부선,327.6,시멘트,16.1,하,야간(18-24),0,0,0,0,0
2026-05-07,목,5,충북선,112.4,컨테이너,20.0,하,야간(18-24),0,0,0,0,0
2026-04-10,금,4,중앙선,169.1,광석,10.7,상,야간(18-24),0,1,0,0,1
2026-12-03,목,12,장항선,168.6,컨테이너,19.3,상,야간(18-24),0,1,0,1,0
2026-01-24,토,1,경부선,290.3,유류,13.6,상,새벽(00-06),1,0,0,1,0
2026-03-17,화,3,충북선,166.1,컨테이너,12.2,상,오전(06-12),1,0,0,0,0
2026-04-25,토,4,전라선,235.7,시멘트,12.4,하,새벽(00-06),0,1,0,0,0
2026-07-24,금,7,영동선,84.7,유류,7.0,상,오전(06-12),0,0,1,0,0
2026-04-01,수,4,경부선,352.4,컨테이너,6.2,하,새벽(00-06),0,0,0,0,1
2026-07-15,수,7,경부선,320.8,석탄,2.1,하,오전(06-12),0,0,1,0,0
2026-09-30,수,9,호남선,217.1,컨테이너,7.6,하,오후(12-18),0,0,0,0,0
2026-10-30,금,10,충북선,179.9,철강,24.8,하,야간(18-24),0,0,0,0,0
2026-02-06,금,2,경부선,289.5,컨테이너,3.0,상,새벽(00-06),0,0,0,1,0
2026-02-20,금,2,경부선,370.6,컨테이너,4.9,하,야간(18-24),0,0,0,1,0
2026-02-04,수,2,장항선,176.8,컨테이너,7.2,상,새벽(00-06),0,0,0,1,0
2026-11-29,일,11,충북선,199.1,석탄,7.4,하,야간(18-24),0,0,0,0,0
2026-08-27,목,8,충북선,139.0,기타,13.6,하,오전(06-12),0,0,1,0,0
2026-07-13,월,7,부산신항선,14.9,기타,8.3,하,새벽(00-06),0,1,1,0,0
2026-10-16,금,10,경부선,284.0,철강,10.8,하,야간(18-24),0,0,0,0,0
2026-08-02,일,8,경부선,422.2,유류,6.9,하,새벽(00-06),0,1,1,0,0
2026-03-27,금,3,충북선,137.5,유류,9.1,하,오후(12-18),0,0,0,0,1
2026-07-06,월,7,부산신항선,13.8,시멘트,11.6,하,야간(18-24),0,0,1,0,1
2026-09-14,월,9,경부선,305.7,컨테이너,11.2,상,오전(06-12),0,0,0,0,1
2026-01-14,수,1,전라선,250.9,석탄,23.9,상,오후(12-18),0,1,0,1,1
2026-08-10,월,8,경부선,318.6,컨테이너,11.8,하,오후(12-18),0,0,1,0,0
2026-07-01,수,7,경부선,276.6,유류,10.7,상,새벽(00-06),1,1,1,0,0
2026-01-26,월,1,부산신항선,5.0,시멘트,1.0,상,오후(12-18),0,0,0,1,0
2026-04-07,화,4,경부선,420.5,컨테이너,13.4,하,야간(18-24),0,0,0,0,0
2026-06-13,토,6,경부선,323.1,유류,1.0,상,오전(06-12),0,0,1,0,0
2026-05-06,수,5,장항선,120.7,컨테이너,15.3,하,새벽(00-06),0,0,0,0,1
2026-04-16,목,4,중앙선,203.9,기타,12.9,하,새벽(00-06),0,0,0,0,0
2026-08-25,화,8,중앙선,217.4,기타,16.8,상,오후(12-18),1,0,1,0,1
2026-05-28,목,5,장항선,165.3,시멘트,8.2,상,야간(18-24),0,0,0,0,0
2026-07-01,수,7,경부선,291.9,철강,12.2,하,야간(18-24),0,0,1,0,0
2026-10-19,월,10,전라선,228.8,컨테이너,16.1,하,야간(18-24),0,1,0,0,0
2026-02-04,수,2,중앙선,235.4,시멘트,6.4,상,오전(06-12),0,1,0,1,0
2026-05-12,화,5,경부선,324.2,유류,15.7,하,오후(12-18),0,0,0,0,0
2026-01-27,화,1,전라선,273.3,컨테이너,15.4,하,오전(06-12),0,1,0,1,1
2026-12-05,토,12,중앙선,232.9,컨테이너,11.2,하,새벽(00-06),0,0,0,1,0
2026-03-09,월,3,태백선,130.9,시멘트,21.5,하,오전(06-12),0,0,0,0,0
2026-10-27,화,10,부산신항선,5.9,석탄,15.1,상,오전(06-12),0,0,0,0,0
2026-03-11,수,3,태백선,131.0,석탄,2.0,하,야간(18-24),0,0,0,0,1
2026-04-29,수,4,중앙선,211.7,컨테이너,17.9,상,야간(18-24),1,0,0,0,1
2026-08-11,화,8,경부선,322.6,컨테이너,8.1,하,오전(06-12),0,1,1,0,1
2026-10-31,토,10,부산신항선,12.5,유류,16.8,하,오전(06-12),0,0,0,0,0
2026-03-06,금,3,중앙선,223.5,컨테이너,13.8,상,야간(18-24),0,0,0,0,0
2026-03-19,목,3,전라선,245.3,컨테이너,1.0,상,새벽(00-06),0,0,0,0,0
2026-11-18,수,11,태백선,130.0,컨테이너,15.6,하,오전(06-12),0,0,0,0,0
2026-04-28,화,4,경부선,341.0,철강,10.7,상,야간(18-24),0,0,0,0,0
2026-03-18,수,3,경부선,409.6,컨테이너,9.2,상,야간(18-24),0,0,0,0,1
2026-09-29,화,9,충북선,124.1,컨테이너,9.5,하,야간(18-24),0,0,0,0,0
2026-02-03,화,2,충북선,173.5,시멘트,16.7,하,야간(18-24),0,0,0,1,0
2026-11-13,금,11,경부선,393.5,컨테이너,6.5,상,야간(18-24),0,0,0,0,1
2026-11-16,월,11,충북선,131.9,기타,18.7,상,새벽(00-06),0,0,0,0,0
2026-11-09,월,11,장항선,199.6,유류,2.9,하,오전(06-12),1,0,0,0,0
2026-04-18,토,4,중앙선,233.0,석탄,13.8,상,오전(06-12),0,0,0,0,1
2026-02-11,수,2,경부선,261.1,시멘트,16.6,하,오전(06-12),0,0,0,1,1
2026-06-05,금,6,전라선,250.8,컨테이너,16.5,하,야간(18-24),0,1,1,0,0
2026-05-03,일,5,장항선,174.2,시멘트,13.1,하,오전(06-12),0,0,0,0,1
2026-12-17,목,12,호남선,206.7,컨테이너,10.8,하,새벽(00-06),0,0,0,1,1
2026-08-19,수,8,경부선,307.2,석탄,8.7,상,오전(06-12),0,0,1,0,0
2026-12-11,금,12,부산신항선,14.5,컨테이너,4.7,하,야간(18-24),0,0,0,1,0
2026-10-02,금,10,장항선,177.4,철강,7.9,하,오전(06-12),0,0,0,0,1
2026-09-18,금,9,전라선,215.5,컨테이너,6.2,하,새벽(00-06),1,0,0,0,1
2026-02-10,화,2,중앙선,177.7,시멘트,5.2,하,오후(12-18),0,0,0,1,0
2026-01-26,월,1,경부선,306.6,컨테이너,22.8,상,새벽(00-06),0,0,0,1,0
2026-01-17,토,1,충북선,134.3,컨테이너,1.7,하,새벽(00-06),0,0,0,1,0
2026-08-05,수,8,경부선,301.3,시멘트,18.8,하,오전(06-12),0,0,1,0,0
2026-03-15,일,3,경부선,324.9,시멘트,4.6,하,야간(18-24),1,1,0,0,1
2026-12-28,월,12,호남선,218.3,기타,5.9,하,새벽(00-06),1,0,0,1,1
2026-02-18,수,2,경부선,368.4,컨테이너,5.8,상,새벽(00-06),0,1,0,1,0
2026-12-12,토,12,호남선,214.2,컨테이너,5.3,하,새벽(00-06),0,0,0,1,1
2026-09-01,화,9,충북선,149.4,시멘트,17.5,상,야간(18-24),0,0,0,0,0
2026-02-08,일,2,태백선,115.3,컨테이너,15.5,하,새벽(00-06),0,0,0,1,1
2026-01-22,목,1,경부선,332.0,유류,10.6,하,오후(12-18),0,0,0,1,1
2026-05-25,월,5,충북선,158.4,컨테이너,25.0,하,새벽(00-06),0,0,0,0,0
2026-05-04,월,5,충북선,159.2,유류,11.9,하,야간(18-24),0,1,0,0,0
2026-04-26,일,4,호남선,214.8,석탄,12.4,하,새벽(00-06),0,0,0,0,0
2026-07-12,일,7,경부선,341.0,컨테이너,7.9,상,오전(06-12),0,0,1,0,1
2026-02-17,화,2,경부선,331.0,시멘트,7.2,하,오전(06-12),0,0,0,1,0
2026-02-17,화,2,호남선,203.9,시멘트,8.8,하,오후(12-18),0,0,0,1,0
2026-09-11,금,9,경부선,288.1,시멘트,17.1,상,새벽(00-06),1,0,0,0,0
2026-12-28,월,12,충북선,146.0,시멘트,15.4,상,새벽(00-06),0,0,0,1,0
2026-04-10,금,4,경부선,354.1,시멘트,19.7,하,오전(06-12),0,0,0,0,0
2026-12-07,월,12,경부선,303.3,철강,7.7,상,야간(18-24),0,0,0,1,1
2026-05-06,수,5,충북선,127.6,시멘트,15.5,상,야간(18-24),0,0,0,0,0
2026-05-03,일,5,충북선,190.3,시멘트,13.8,상,야간(18-24),0,0,0,0,1
2026-02-02,월,2,충북선,137.7,유류,14.6,상,오전(06-12),0,0,0,1,0
2026-06-04,목,6,중앙선,194.5,시멘트,6.8,하,오후(12-18),0,0,1,0,1
2026-07-01,수,7,전라선,244.1,시멘트,5.8,상,야간(18-24),0,1,1,0,0
2026-08-31,월,8,영동선,109.8,컨테이너,15.2,상,오전(06-12),0,1,1,0,0
2026-02-27,금,2,경부선,221.1,컨테이너,17.2,상,새벽(00-06),0,0,0,1,0
2026-03-10,화,3,중앙선,207.0,컨테이너,8.3,하,새벽(00-06),0,1,0,0,0
2026-06-07,일,6,중앙선,239.7,시멘트,15.7,하,야간(18-24),0,0,1,0,1
2026-01-26,월,1,장항선,195.3,철강,19.2,상,야간(18-24),0,1,0,1,0
2026-02-22,일,2,중앙선,119.0,컨테이너,9.8,상,새벽(00-06),0,1,0,1,1
2026-08-18,화,8,전라선,293.2,석탄,3.4,상,야간(18-24),0,0,1,0,0
2026-12-15,화,12,중앙선,146.9,컨테이너,4.1,하,오후(12-18),1,1,0,1,0
2026-07-29,수,7,충북선,134.3,컨테이너,7.9,하,오전(06-12),0,0,1,0,0
2026-02-22,일,2,태백선,151.1,컨테이너,9.3,하,새벽(00-06),0,0,0,1,0
2026-12-28,월,12,충북선,172.6,시멘트,11.8,상,오후(12-18),0,0,0,1,0
2026-07-10,금,7,중앙선,196.1,컨테이너,11.9,하,새벽(00-06),0,0,1,0,0
2026-09-19,토,9,경부선,297.4,컨테이너,10.4,하,새벽(00-06),0,0,0,0,0
2026-03-13,금,3,충북선,194.6,시멘트,16.1,상,오전(06-12),0,1,0,0,0
2026-07-31,금,7,경부선,318.6,시멘트,7.4,하,새벽(00-06),0,0,1,0,0
2026-01-28,수,1,태백선,104.2,시멘트,19.6,하,오후(12-18),0,0,0,1,0
2026-08-17,월,8,중앙선,236.4,컨테이너,17.6,상,새벽(00-06),1,0,1,0,1
2026-03-15,일,3,경부선,329.0,시멘트,17.2,상,야간(18-24),0,1,0,0,1
2026-11-28,토,11,경부선,364.8,컨테이너,8.0,하,오전(06-12),0,0,0,0,0
2026-01-20,화,1,충북선,175.6,컨테이너,11.3,하,오전(06-12),0,0,0,1,0
2026-08-27,목,8,부산신항선,17.8,시멘트,16.3,상,새벽(00-06),1,0,1,0,0
2026-02-20,금,2,중앙선,182.5,시멘트,10.8,상,새벽(00-06),0,1,0,1,1
2026-09-08,화,9,경부선,320.8,광석,7.8,상,새벽(00-06),0,0,0,0,0
2026-06-30,화,6,중앙선,218.5,유류,7.6,하,오전(06-12),0,0,1,0,0
2026-12-20,일,12,영동선,105.2,컨테이너,7.9,하,새벽(00-06),0,0,0,1,0
2026-08-26,수,8,태백선,151.6,컨테이너,5.0,상,오전(06-12),0,0,1,0,0
2026-05-16,토,5,경부선,202.3,유류,25.0,하,오후(12-18),0,1,0,0,0
2026-02-01,일,2,충북선,159.5,컨테이너,1.0,상,야간(18-24),1,0,0,1,0
2026-08-06,목,8,장항선,177.5,시멘트,6.1,상,오전(06-12),0,1,1,0,0
2026-06-10,수,6,장항선,176.8,석탄,15.6,하,오전(06-12),1,0,1,0,0
2026-01-20,화,1,중앙선,162.6,시멘트,7.9,하,야간(18-24),0,1,0,1,0
2026-08-01,토,8,전라선,256.6,컨테이너,9.9,하,오전(06-12),1,0,1,0,0
2026-03-18,수,3,충북선,148.7,컨테이너,14.4,상,새벽(00-06),1,0,0,0,1
2026-03-27,금,3,경부선,328.2,컨테이너,18.2,상,새벽(00-06),0,0,0,0,1
2026-01-04,일,1,경부선,318.7,컨테이너,10.4,상,새벽(00-06),0,0,0,1,0
2026-05-16,토,5,중앙선,210.8,컨테이너,17.5,하,오후(12-18),0,0,0,0,0
2026-03-21,토,3,경부선,377.4,석탄,1.8,상,새벽(00-06),0,1,0,0,0
2026-01-27,화,1,중앙선,200.1,시멘트,8.4,상,오전(06-12),0,1,0,1,0
2026-06-08,월,6,태백선,152.3,컨테이너,15.0,상,새벽(00-06),0,0,1,0,0
2026-03-22,일,3,태백선,138.4,컨테이너,23.8,상,오전(06-12),0,0,0,0,0
2026-02-18,수,2,경부선,300.0,기타,6.2,상,오후(12-18),0,0,0,1,0
2026-06-20,토,6,경부선,314.5,컨테이너,5.2,상,새벽(00-06),0,1,1,0,1
2026-01-24,토,1,전라선,220.9,컨테이너,14.0,상,새벽(00-06),0,0,0,1,0
2026-12-28,월,12,중앙선,213.2,시멘트,12.3,상,야간(18-24),0,0,0,1,0
2026-06-21,일,6,경부선,324.5,컨테이너,7.7,상,오후(12-18),0,0,1,0,1
2026-12-30,수,12,장항선,163.7,컨테이너,4.7,상,야간(18-24),0,1,0,1,0
2026-11-18,수,11,경부선,311.3,컨테이너,8.9,하,새벽(00-06),0,0,0,0,0
2026-12-24,목,12,경부선,259.2,기타,15.1,상,오후(12-18),0,0,0,1,0
2026-07-18,토,7,장항선,175.9,시멘트,10.0,하,새벽(00-06),0,0,1,0,0
2026-06-04,목,6,충북선,161.3,시멘트,19.0,하,오전(06-12),0,0,1,0,1
2026-09-20,일,9,중앙선,256.6,유류,11.2,하,오후(12-18),1,0,0,0,0
2026-01-30,금,1,전라선,269.9,시멘트,15.6,상,새벽(00-06),0,1,0,1,0
2026-11-03,화,11,부산신항선,7.5,컨테이너,13.7,하,오전(06-12),0,0,0,0,1
2026-04-29,수,4,경부선,328.3,시멘트,9.6,상,새벽(00-06),0,0,0,0,1
2026-01-03,토,1,충북선,166.8,시멘트,17.0,상,새벽(00-06),0,0,0,1,0
2026-03-28,토,3,경부선,311.0,시멘트,4.7,상,오후(12-18),0,0,0,0,1
2026-03-30,월,3,중앙선,187.5,철강,8.7,상,새벽(00-06),0,0,0,0,0
2026-01-06,화,1,중앙선,180.9,컨테이너,9.5,하,오전(06-12),0,0,0,1,1
2026-09-02,수,9,중앙선,258.8,컨테이너,14.3,상,오후(12-18),0,0,0,0,0
2026-02-04,수,2,경부선,303.6,시멘트,15.8,상,오전(06-12),0,1,0,1,1
2026-11-06,금,11,장항선,186.4,컨테이너,7.1,상,새벽(00-06),0,0,0,0,0
2026-06-15,월,6,중앙선,104.8,기타,6.3,상,새벽(00-06),0,1,1,0,1
2026-09-20,일,9,부산신항선,13.1,시멘트,12.5,상,오전(06-12),0,0,0,0,0
2026-05-04,월,5,중앙선,234.7,컨테이너,2.8,하,야간(18-24),0,0,0,0,0
2026-02-18,수,2,태백선,114.5,시멘트,18.0,하,야간(18-24),1,0,0,1,0
2026-03-07,토,3,충북선,148.5,철강,10.7,상,오전(06-12),0,0,0,0,0
2026-08-24,월,8,중앙선,209.1,시멘트,5.0,하,오전(06-12),0,1,1,0,0
2026-09-19,토,9,전라선,230.0,시멘트,4.9,상,오후(12-18),0,0,0,0,0
2026-04-08,수,4,장항선,188.9,석탄,13.9,상,야간(18-24),0,0,0,0,0
2026-05-11,월,5,중앙선,183.2,컨테이너,13.7,하,오후(12-18),1,0,0,0,1
2026-12-11,금,12,중앙선,258.5,시멘트,7.4,하,오후(12-18),0,0,0,1,0
2026-11-07,토,11,충북선,144.6,석탄,11.3,상,새벽(00-06),0,1,0,0,0
2026-05-31,일,5,충북선,228.6,철강,5.2,하,야간(18-24),1,1,0,0,0
2026-03-29,일,3,중앙선,236.8,광석,10.4,상,오전(06-12),0,1,0,0,0
2026-04-20,월,4,장항선,196.2,광석,20.9,상,오전(06-12),0,0,0,0,0
2026-07-16,목,7,중앙선,156.9,컨테이너,24.8,하,새벽(00-06),0,0,1,0,0
2026-07-26,일,7,중앙선,225.1,유류,10.7,하,새벽(00-06),0,1,1,0,1
2026-03-09,월,3,충북선,176.4,석탄,14.6,하,오전(06-12),0,0,0,0,0
2026-01-25,일,1,영동선,78.0,시멘트,14.4,상,야간(18-24),0,0,0,1,0
2026-06-30,화,6,경부선,264.0,광석,1.7,하,오후(12-18),0,0,1,0,0
2026-10-19,월,10,경부선,334.5,유류,5.1,하,오전(06-12),0,1,0,0,0
2026-02-25,수,2,경부선,314.9,철강,1.0,하,새벽(00-06),0,0,0,1,0
2026-05-30,토,5,전라선,213.9,컨테이너,14.7,하,새벽(00-06),0,0,0,0,0
2026-02-28,토,2,중앙선,231.1,컨테이너,23.7,상,오후(12-18),0,0,0,1,0
2026-03-30,월,3,중앙선,162.4,광석,18.4,하,야간(18-24),0,0,0,0,0
2026-08-12,수,8,경부선,302.0,기타,12.3,하,오전(06-12),0,0,1,0,0
2026-04-15,수,4,부산신항선,8.7,컨테이너,11.4,상,새벽(00-06),0,0,0,0,0
2026-04-07,화,4,중앙선,211.2,컨테이너,9.9,하,오전(06-12),0,1,0,0,0
2026-12-30,수,12,충북선,118.3,석탄,18.4,하,오전(06-12),0,1,0,1,0
2026-03-04,수,3,경부선,300.3,컨테이너,13.3,하,야간(18-24),0,0,0,0,0
2026-03-11,수,3,경부선,251.3,시멘트,12.4,하,오전(06-12),0,0,0,0,1
2026-12-06,일,12,경부선,307.7,기타,5.4,상,야간(18-24),0,1,0,1,0
2026-07-20,월,7,중앙선,218.6,컨테이너,15.6,하,오후(12-18),0,0,1,0,0
2026-01-16,금,1,중앙선,219.2,철강,11.1,하,새벽(00-06),0,1,0,1,0
2026-06-05,금,6,경부선,291.1,시멘트,14.4,상,새벽(00-06),0,0,1,0,0
2026-07-26,일,7,중앙선,212.0,컨테이너,18.0,하,오후(12-18),0,0,1,0,0
2026-04-03,금,4,경부선,312.8,시멘트,2.2,상,야간(18-24),0,0,0,0,1
2026-07-20,월,7,중앙선,240.9,시멘트,10.2,상,오전(06-12),0,0,1,0,0
2026-08-25,화,8,경부선,315.0,철강,9.4,하,야간(18-24),1,0,1,0,0
2026-04-02,목,4,경부선,201.3,시멘트,8.8,하,새벽(00-06),0,1,0,0,0
2026-10-24,토,10,경부선,356.0,광석,5.3,하,오전(06-12),1,0,0,0,0
2026-06-15,월,6,전라선,215.6,컨테이너,7.6,하,새벽(00-06),0,0,1,0,1
2026-12-18,금,12,호남선,201.3,기타,5.4,상,오전(06-12),1,0,0,1,1
2026-02-02,월,2,충북선,169.7,시멘트,16.9,상,오후(12-18),0,0,0,1,0
2026-04-29,수,4,경부선,263.2,시멘트,14.3,상,야간(18-24),0,0,0,0,0
2026-09-21,월,9,영동선,110.9,컨테이너,13.8,하,오전(06-12),0,1,0,0,0
2026-11-23,월,11,영동선,117.8,컨테이너,1.0,하,오전(06-12),0,1,0,0,0
2026-03-22,일,3,중앙선,206.0,시멘트,23.7,상,오후(12-18),0,0,0,0,0
2026-12-24,목,12,경부선,296.2,광석,9.5,하,오후(12-18),0,0,0,1,0
2026-03-12,목,3,전라선,259.2,철강,22.5,상,새벽(00-06),0,1,0,0,0
2026-06-01,월,6,영동선,94.8,컨테이너,16.5,하,오후(12-18),0,1,1,0,0
2026-04-25,토,4,장항선,167.1,컨테이너,10.6,하,오전(06-12),0,0,0,0,1
2026-06-04,목,6,충북선,157.9,시멘트,24.3,상,오전(06-12),0,0,1,0,0
2026-11-26,목,11,충북선,168.7,유류,15.4,하,야간(18-24),0,0,0,0,0
2026-09-25,금,9,영동선,104.9,철강,10.6,하,야간(18-24),0,1,0,0,0
2026-10-18,일,10,경부선,369.3,컨테이너,9.7,상,야간(18-24),0,0,0,0,1
2026-04-03,금,4,경부선,332.0,컨테이너,18.2,상,야간(18-24),0,1,0,0,0
2026-12-12,토,12,태백선,137.0,컨테이너,8.8,하,오후(12-18),0,0,0,1,0
2026-06-08,월,6,경부선,330.6,시멘트,9.7,하,새벽(00-06),0,1,1,0,1
2026-08-26,수,8,중앙선,219.0,컨테이너,8.4,하,오전(06-12),1,0,1,0,0
2026-09-12,토,9,경부선,329.8,컨테이너,7.5,하,야간(18-24),1,0,0,0,0
2026-08-30,일,8,경부선,247.8,유류,7.8,하,새벽(00-06),1,0,1,0,0
2026-08-08,토,8,경부선,363.8,시멘트,22.6,상,야간(18-24),0,1,1,0,0
2026-06-25,목,6,충북선,164.3,기타,18.0,상,새벽(00-06),1,0,1,0,0
2026-08-25,화,8,중앙선,217.3,철강,13.4,상,오후(12-18),1,0,1,0,0
2026-11-27,금,11,충북선,151.2,컨테이너,8.7,하,새벽(00-06),0,0,0,0,0
2026-05-23,토,5,중앙선,129.4,컨테이너,8.7,하,야간(18-24),0,1,0,0,0
2026-07-06,월,7,호남선,151.2,시멘트,9.8,하,오후(12-18),0,0,1,0,0
2026-03-07,토,3,충북선,137.7,석탄,22.7,상,오전(06-12),0,0,0,0,0
2026-05-10,일,5,호남선,221.1,시멘트,13.7,하,새벽(00-06),0,0,0,0,1
2026-10-09,금,10,중앙선,238.7,광석,16.5,하,오전(06-12),0,0,0,0,0
2026-08-22,토,8,경부선,332.3,철강,13.2,상,오전(06-12),0,0,1,0,1
2026-03-19,목,3,장항선,158.6,시멘트,6.7,하,새벽(00-06),0,0,0,0,0
2026-07-19,일,7,태백선,119.8,컨테이너,12.6,상,새벽(00-06),0,1,1,0,0
2026-10-24,토,10,경부선,374.6,컨테이너,5.5,하,야간(18-24),0,0,0,0,0
2026-02-15,일,2,충북선,128.5,시멘트,19.2,상,오전(06-12),0,0,0,1,0
2026-01-23,금,1,전라선,292.5,컨테이너,7.5,하,새벽(00-06),1,0,0,1,0
2026-05-24,일,5,경부선,395.2,유류,8.6,상,새벽(00-06),0,1,0,0,0
2026-08-28,금,8,충북선,214.7,시멘트,16.9,상,오후(12-18),0,0,1,0,0
2026-04-25,토,4,경부선,335.4,컨테이너,7.8,하,오전(06-12),0,0,0,0,0
2026-10-27,화,10,경부선,306.5,철강,10.7,하,새벽(00-06),0,1,0,0,0
2026-11-06,금,11,태백선,142.6,시멘트,1.0,하,새벽(00-06),0,1,0,0,1
2026-07-14,화,7,중앙선,225.1,컨테이너,10.1,상,새벽(00-06),0,0,1,0,0
2026-05-19,화,5,장항선,166.6,시멘트,15.6,하,오후(12-18),0,0,0,0,0
2026-01-16,금,1,전라선,196.4,석탄,8.2,하,야간(18-24),1,0,0,1,1
2026-10-27,화,10,영동선,105.5,시멘트,15.4,상,야간(18-24),0,0,0,0,0
2026-11-23,월,11,중앙선,166.3,컨테이너,11.9,상,오전(06-12),0,0,0,0,0
2026-06-11,목,6,중앙선,236.7,석탄,18.5,하,오전(06-12),0,0,1,0,0
2026-07-08,수,7,경부선,295.5,석탄,7.6,하,오전(06-12),0,0,1,0,0
2026-10-03,토,10,충북선,163.7,컨테이너,10.6,상,오후(12-18),0,0,0,0,0
2026-09-11,금,9,중앙선,227.7,컨테이너,3.2,상,야간(18-24),0,0,0,0,0
2026-02-19,목,2,전라선,267.8,석탄,11.4,하,야간(18-24),0,0,0,1,0
2026-09-03,목,9,중앙선,200.6,컨테이너,9.5,하,야간(18-24),1,1,0,0,1
2026-12-04,금,12,경부선,335.6,기타,17.8,상,오후(12-18),0,0,0,1,0
2026-10-02,금,10,태백선,115.2,컨테이너,8.3,하,새벽(00-06),0,0,0,0,1
2026-06-25,목,6,태백선,156.0,철강,9.5,상,야간(18-24),0,0,1,0,1
2026-07-10,금,7,중앙선,237.5,기타,7.9,상,새벽(00-06),0,1,1,0,0
2026-04-05,일,4,전라선,173.3,시멘트,12.2,상,새벽(00-06),0,0,0,0,0
2026-08-30,일,8,중앙선,255.0,시멘트,23.9,상,야간(18-24),0,0,1,0,0
2026-03-30,월,3,장항선,165.6,컨테이너,1.0,상,오전(06-12),0,1,0,0,0
2026-05-05,화,5,중앙선,214.1,석탄,11.7,하,새벽(00-06),0,1,0,0,0
2026-04-07,화,4,충북선,163.2,기타,19.0,하,오전(06-12),1,0,0,0,0
2026-05-03,일,5,경부선,317.8,기타,8.9,상,야간(18-24),0,0,0,0,1
2026-05-14,목,5,경부선,311.9,시멘트,15.2,하,새벽(00-06),0,1,0,0,0
2026-01-31,토,1,장항선,159.7,유류,19.1,상,오전(06-12),0,0,0,1,0
2026-09-19,토,9,중앙선,211.6,유류,10.3,상,새벽(00-06),1,0,0,0,0
2026-06-10,수,6,경부선,308.8,컨테이너,8.1,하,오전(06-12),0,0,1,0,0
2026-12-13,일,12,경부선,267.8,유류,17.6,하,새벽(00-06),0,0,0,1,0
2026-03-08,일,3,중앙선,157.1,컨테이너,15.0,상,오후(12-18),0,0,0,0,0
2026-09-02,수,9,전라선,190.6,기타,11.6,하,오전(06-12),0,0,0,0,0
2026-03-07,토,3,중앙선,174.9,유류,15.7,상,오전(06-12),1,0,0,0,0
2026-07-19,일,7,장항선,189.3,시멘트,17.8,하,야간(18-24),0,0,1,0,1
2026-06-29,월,6,태백선,121.3,시멘트,11.7,상,새벽(00-06),0,1,1,0,0
2026-06-13,토,6,중앙선,227.4,광석,13.8,하,오후(12-18),0,1,1,0,1
2026-08-27,목,8,장항선,177.2,컨테이너,15.1,하,오전(06-12),0,1,1,0,1
2026-10-30,금,10,경부선,308.6,시멘트,9.2,상,오전(06-12),0,1,0,0,0
2026-04-26,일,4,중앙선,193.9,시멘트,19.1,상,오후(12-18),0,0,0,0,0
2026-11-07,토,11,경부선,376.0,시멘트,5.8,하,야간(18-24),0,0,0,0,0
2026-03-09,월,3,경부선,265.3,컨테이너,11.2,상,야간(18-24),0,0,0,0,0
2026-04-17,금,4,경부선,386.5,컨테이너,16.6,상,야간(18-24),0,0,0,0,0
2026-04-24,금,4,경부선,358.6,기타,5.7,하,새벽(00-06),0,0,0,0,0
2026-12-14,월,12,태백선,135.1,철강,17.2,상,오전(06-12),0,1,0,1,0
2026-02-13,금,2,충북선,190.9,유류,13.1,하,야간(18-24),0,0,0,1,0
2026-05-25,월,5,호남선,200.1,시멘트,20.0,상,야간(18-24),0,1,0,0,1
2026-06-04,목,6,충북선,168.4,석탄,15.7,상,오전(06-12),1,1,1,0,0
2026-10-20,화,10,충북선,147.8,시멘트,11.0,상,새벽(00-06),0,0,0,0,0
2026-06-27,토,6,경부선,358.9,석탄,13.4,상,오전(06-12),0,0,1,0,0
2026-12-19,토,12,충북선,143.6,유류,13.6,상,오후(12-18),1,0,0,1,0
2026-09-28,월,9,중앙선,191.5,컨테이너,24.1,상,오후(12-18),0,0,0,0,1
2026-09-14,월,9,호남선,225.2,기타,12.5,상,새벽(00-06),0,0,0,0,0
2026-10-02,금,10,호남선,234.4,광석,11.2,상,새벽(00-06),0,1,0,0,0
2026-02-28,토,2,경부선,287.4,시멘트,10.8,하,야간(18-24),0,0,0,1,1
2026-06-13,토,6,충북선,180.1,기타,13.1,하,오전(06-12),0,1,1,0,0
2026-08-02,일,8,충북선,136.8,유류,5.2,상,야간(18-24),0,1,1,0,0
2026-03-18,수,3,충북선,107.5,컨테이너,9.7,하,야간(18-24),0,0,0,0,0
2026-02-13,금,2,경부선,290.3,컨테이너,5.9,상,야간(18-24),0,0,0,1,0
2026-02-19,목,2,전라선,254.4,석탄,6.7,상,오전(06-12),0,0,0,1,1
2026-10-16,금,10,장항선,179.4,철강,16.8,상,오후(12-18),0,1,0,0,0
2026-08-28,금,8,중앙선,174.6,컨테이너,12.2,상,오후(12-18),0,0,1,0,0
2026-04-13,월,4,충북선,162.7,시멘트,7.5,상,새벽(00-06),0,0,0,0,0
2026-09-27,일,9,경부선,321.1,시멘트,11.1,하,오전(06-12),1,0,0,0,1
2026-09-11,금,9,호남선,223.7,시멘트,10.5,상,오전(06-12),1,1,0,0,0
2026-10-26,월,10,경부선,255.7,컨테이너,12.3,상,새벽(00-06),0,0,0,0,0
2026-11-29,일,11,경부선,316.1,컨테이너,3.0,하,오전(06-12),0,0,0,0,0
2026-11-19,목,11,중앙선,197.6,유류,5.5,상,오전(06-12),0,0,0,0,0
2026-03-08,일,3,태백선,108.2,컨테이너,3.4,상,야간(18-24),0,0,0,0,1
2026-10-08,목,10,전라선,188.0,석탄,6.6,상,야간(18-24),0,0,0,0,0
2026-05-24,일,5,경부선,305.6,석탄,7.7,상,오후(12-18),1,1,0,0,1
2026-05-28,목,5,경부선,320.5,기타,5.8,하,야간(18-24),0,0,0,0,0
2026-08-25,화,8,장항선,179.8,기타,16.6,하,새벽(00-06),0,1,1,0,0
2026-08-08,토,8,중앙선,173.8,광석,23.0,하,오후(12-18),0,0,1,0,1
2026-06-03,수,6,경부선,296.3,시멘트,17.0,상,새벽(00-06),0,0,1,0,0
2026-12-31,목,12,영동선,103.9,컨테이너,8.6,하,오전(06-12),0,1,0,1,0
2026-03-05,목,3,경부선,332.1,컨테이너,13.3,하,오후(12-18),0,0,0,0,0
2026-02-05,목,2,충북선,192.4,시멘트,11.6,상,야간(18-24),0,0,0,1,1
2026-01-11,일,1,경부선,231.4,컨테이너,8.3,상,오전(06-12),0,0,0,1,1
2026-10-25,일,10,전라선,248.1,컨테이너,19.9,상,오후(12-18),0,0,0,0,0
2026-05-29,금,5,장항선,177.4,컨테이너,24.0,상,새벽(00-06),0,0,0,0,0
2026-06-09,화,6,중앙선,211.7,시멘트,3.2,상,오후(12-18),0,1,1,0,0
2026-08-25,화,8,전라선,265.0,시멘트,20.6,상,새벽(00-06),0,0,1,0,0
2026-06-08,월,6,부산신항선,8.3,광석,8.5,상,오전(06-12),0,0,1,0,0
2026-07-29,수,7,태백선,154.4,시멘트,10.4,하,오전(06-12),0,0,1,0,0
2026-01-22,목,1,중앙선,149.4,컨테이너,13.7,하,새벽(00-06),0,0,0,1,1
2026-02-27,금,2,중앙선,197.8,시멘트,21.3,상,오후(12-18),0,0,0,1,0
2026-12-07,월,12,부산신항선,9.9,시멘트,13.7,상,오후(12-18),0,1,0,1,0
2026-06-14,일,6,경부선,322.1,광석,14.5,하,야간(18-24),0,0,1,0,0
2026-03-03,화,3,경부선,280.6,시멘트,17.1,상,야간(18-24),1,0,0,0,1
2026-05-15,금,5,경부선,337.7,컨테이너,18.1,상,오전(06-12),0,1,0,0,1
2026-05-03,일,5,태백선,167.2,철강,15.1,하,야간(18-24),0,0,0,0,0
2026-04-11,토,4,경부선,281.3,시멘트,18.1,하,오전(06-12),0,0,0,0,0
2026-04-18,토,4,경부선,327.8,시멘트,8.4,하,오전(06-12),0,0,0,0,0
2026-09-24,목,9,충북선,182.7,컨테이너,1.6,하,야간(18-24),1,0,0,0,1
2026-02-08,일,2,경부선,308.3,시멘트,22.9,상,야간(18-24),0,0,0,1,0
2026-04-24,금,4,중앙선,240.9,컨테이너,5.8,상,오전(06-12),0,0,0,0,0
2026-06-20,토,6,중앙선,178.3,철강,8.8,하,야간(18-24),1,1,1,0,1
2026-07-17,금,7,경부선,315.5,컨테이너,10.0,하,야간(18-24),0,0,1,0,0
2026-11-18,수,11,영동선,94.9,컨테이너,9.0,상,새벽(00-06),0,1,0,0,0
2026-12-03,목,12,경부선,325.3,시멘트,7.6,하,오후(12-18),0,0,0,1,0
2026-04-19,일,4,태백선,135.6,시멘트,14.8,상,오전(06-12),0,1,0,0,0
2026-07-16,목,7,중앙선,215.6,컨테이너,14.8,상,새벽(00-06),1,0,1,0,1
2026-01-09,금,1,경부선,294.8,기타,15.7,상,오전(06-12),1,0,0,1,0
2026-08-14,금,8,경부선,292.9,석탄,15.3,상,야간(18-24),0,0,1,0,0
2026-02-25,수,2,중앙선,209.5,광석,9.5,하,야간(18-24),0,1,0,1,0
2026-01-27,화,1,중앙선,242.2,컨테이너,9.5,상,새벽(00-06),0,1,0,1,0
2026-09-03,목,9,경부선,345.4,시멘트,18.7,하,새벽(00-06),0,0,0,0,1
2026-03-07,토,3,호남선,254.4,시멘트,8.9,상,오전(06-12),1,0,0,0,0
2026-06-24,수,6,중앙선,212.7,시멘트,8.8,하,새벽(00-06),1,1,1,0,1
2026-02-06,금,2,호남선,221.2,컨테이너,17.6,하,새벽(00-06),0,0,0,1,0
2026-09-30,수,9,경부선,347.4,컨테이너,11.9,상,오후(12-18),0,0,0,0,0
2026-10-07,수,10,경부선,379.7,유류,9.0,하,오전(06-12),1,0,0,0,0
2026-07-29,수,7,충북선,192.2,유류,9.0,상,오후(12-18),0,0,1,0,0
2026-11-02,월,11,경부선,276.8,컨테이너,18.7,하,오후(12-18),0,0,0,0,0
2026-06-09,화,6,경부선,352.2,컨테이너,15.5,상,새벽(00-06),0,1,1,0,0
2026-03-10,화,3,경부선,330.8,컨테이너,13.4,상,야간(18-24),0,0,0,0,0
2026-02-25,수,2,경부선,312.4,석탄,5.0,상,야간(18-24),0,0,0,1,0
2026-03-22,일,3,장항선,144.1,컨테이너,13.4,하,새벽(00-06),1,0,0,0,0
2026-03-15,일,3,경부선,258.6,철강,10.7,상,새벽(00-06),1,1,0,0,0
2026-04-28,화,4,영동선,104.3,컨테이너,6.5,상,야간(18-24),0,1,0,0,0
2026-03-20,금,3,경부선,261.6,철강,8.4,하,오후(12-18),0,0,0,0,0
2026-08-04,화,8,중앙선,181.3,유류,16.2,하,야간(18-24),0,0,1,0,1
2026-02-24,화,2,중앙선,218.3,컨테이너,19.5,하,새벽(00-06),0,1,0,1,0
2026-08-15,토,8,중앙선,173.0,유류,5.7,하,야간(18-24),0,0,1,0,0
2026-05-02,토,5,부산신항선,10.9,광석,6.4,상,오전(06-12),0,1,0,0,0
2026-09-08,화,9,태백선,114.1,시멘트,16.2,하,오후(12-18),1,1,0,0,0
2026-07-07,화,7,경부선,332.2,컨테이너,9.5,하,새벽(00-06),1,0,1,0,0
2026-11-27,금,11,중앙선,211.1,시멘트,15.3,하,오후(12-18),1,1,0,0,1
2026-06-10,수,6,태백선,107.0,컨테이너,9.5,상,오전(06-12),0,0,1,0,0
2026-04-18,토,4,경부선,290.1,광석,15.5,상,새벽(00-06),0,0,0,0,0
2026-08-04,화,8,충북선,129.6,시멘트,3.8,하,야간(18-24),0,0,1,0,1
2026-08-29,토,8,경부선,340.6,철강,15.3,하,새벽(00-06),0,1,1,0,0
2026-06-10,수,6,중앙선,199.0,시멘트,1.0,상,오전(06-12),0,0,1,0,0
2026-07-24,금,7,중앙선,191.6,컨테이너,17.6,하,새벽(00-06),0,0,1,0,0
2026-06-21,일,6,중앙선,188.8,시멘트,11.8,하,오후(12-18),0,0,1,0,0
2026-04-22,수,4,부산신항선,11.6,유류,14.6,상,새벽(00-06),0,1,0,0,0
2026-04-25,토,4,충북선,169.9,시멘트,13.4,상,야간(18-24),0,1,0,0,0
2026-11-28,토,11,부산신항선,9.1,시멘트,1.8,하,오후(12-18),0,1,0,0,1
2026-09-04,금,9,전라선,210.3,기타,20.2,상,야간(18-24),0,0,0,0,0
2026-02-04,수,2,중앙선,191.2,컨테이너,14.0,상,새벽(00-06),0,0,0,1,0
2026-12-18,금,12,중앙선,186.7,유류,16.5,하,오후(12-18),1,0,0,1,0
2026-09-17,목,9,중앙선,265.4,컨테이너,7.2,하,야간(18-24),0,0,0,0,0
2026-01-19,월,1,태백선,127.8,철강,13.4,상,야간(18-24),0,0,0,1,0
2026-09-23,수,9,경부선,331.8,석탄,4.1,상,오후(12-18),0,0,0,0,0
2026-08-04,화,8,호남선,219.8,컨테이너,12.9,상,야간(18-24),0,1,1,0,0
2026-12-01,화,12,충북선,196.3,컨테이너,6.4,상,새벽(00-06),0,0,0,1,0
2026-06-28,일,6,충북선,141.0,컨테이너,25.0,상,새벽(00-06),0,0,1,0,0
2026-07-09,목,7,충북선,194.8,석탄,15.6,하,오전(06-12),1,0,1,0,0
2026-04-25,토,4,충북선,157.6,시멘트,20.0,상,오전(06-12),0,1,0,0,1
2026-04-28,화,4,전라선,304.4,컨테이너,10.5,상,야간(18-24),0,1,0,0,0
2026-08-14,금,8,전라선,240.3,시멘트,14.4,상,새벽(00-06),0,1,1,0,0
2026-10-30,금,10,경부선,271.0,기타,17.4,상,오전(06-12),1,0,0,0,0
2026-11-22,일,11,충북선,156.4,컨테이너,5.6,하,오전(06-12),0,0,0,0,0
2026-10-09,금,10,중앙선,240.1,석탄,8.0,하,오후(12-18),0,1,0,0,1
2026-08-11,화,8,충북선,163.3,광석,17.8,하,새벽(00-06),0,0,1,0,0
2026-07-02,목,7,충북선,159.8,시멘트,10.7,하,야간(18-24),1,0,1,0,1
2026-05-04,월,5,경부선,349.0,기타,7.5,하,야간(18-24),0,0,0,0,0
2026-10-08,목,10,전라선,219.1,시멘트,8.2,상,오전(06-12),0,0,0,0,0
2026-04-27,월,4,중앙선,185.9,석탄,4.7,하,새벽(00-06),0,0,0,0,0
2026-04-08,수,4,충북선,137.7,철강,1.0,하,새벽(00-06),0,0,0,0,0
2026-11-13,금,11,전라선,281.3,컨테이너,1.8,상,새벽(00-06),0,0,0,0,0
2026-08-04,화,8,전라선,192.7,시멘트,12.3,하,새벽(00-06),0,0,1,0,0
2026-05-10,일,5,장항선,183.0,석탄,16.0,상,오전(06-12),0,0,0,0,0
2026-11-12,목,11,경부선,339.4,컨테이너,25.0,상,오전(06-12),0,1,0,0,0
2026-12-18,금,12,경부선,319.7,시멘트,11.8,상,새벽(00-06),0,0,0,1,0
2026-04-27,월,4,전라선,191.8,철강,4.3,하,야간(18-24),0,1,0,0,0
2026-07-10,금,7,경부선,280.2,컨테이너,11.8,하,오후(12-18),1,0,1,0,0
2026-06-26,금,6,경부선,341.1,시멘트,16.2,하,오후(12-18),1,0,1,0,1
2026-09-14,월,9,경부선,289.0,컨테이너,18.2,하,오후(12-18),0,1,0,0,0
2026-12-14,월,12,중앙선,120.8,컨테이너,17.6,상,야간(18-24),0,1,0,1,0
2026-07-20,월,7,영동선,115.6,시멘트,15.4,상,오후(12-18),1,1,1,0,1
2026-10-19,월,10,경부선,285.3,컨테이너,12.6,하,새벽(00-06),0,0,0,0,1
2026-08-06,목,8,중앙선,215.4,시멘트,16.4,상,오전(06-12),0,0,1,0,1
2026-11-20,금,11,부산신항선,10.0,컨테이너,4.9,하,오전(06-12),0,0,0,0,0
2026-05-28,목,5,영동선,106.1,광석,1.0,상,새벽(00-06),0,0,0,0,0
2026-05-21,목,5,경부선,322.3,유류,24.6,하,야간(18-24),0,0,0,0,0
2026-06-04,목,6,부산신항선,7.2,컨테이너,11.7,상,새벽(00-06),0,1,1,0,0
2026-12-30,수,12,경부선,287.2,컨테이너,15.2,상,야간(18-24),1,0,0,1,0
2026-08-12,수,8,장항선,174.4,컨테이너,1.0,상,야간(18-24),0,0,1,0,0
2026-02-25,수,2,경부선,274.4,컨테이너,21.3,하,새벽(00-06),0,0,0,1,0
2026-01-15,목,1,중앙선,218.3,철강,18.9,하,오전(06-12),0,0,0,1,1
2026-07-09,목,7,경부선,307.9,시멘트,2.6,상,새벽(00-06),0,0,1,0,0
2026-10-22,목,10,전라선,185.9,시멘트,10.1,하,야간(18-24),1,0,0,0,0
2026-06-24,수,6,경부선,297.8,유류,13.6,하,야간(18-24),0,1,1,0,0
2026-07-24,금,7,중앙선,196.8,철강,4.4,하,야간(18-24),0,0,1,0,0
2026-10-19,월,10,전라선,216.0,시멘트,14.9,상,새벽(00-06),0,0,0,0,0
2026-07-08,수,7,경부선,336.2,석탄,18.3,상,오후(12-18),0,0,1,0,0
2026-11-28,토,11,부산신항선,12.3,시멘트,13.9,하,오후(12-18),0,1,0,0,0
2026-08-21,금,8,중앙선,277.4,석탄,2.6,상,오전(06-12),0,1,1,0,0
2026-09-24,목,9,경부선,366.2,컨테이너,5.8,하,야간(18-24),0,1,0,0,0
2026-10-13,화,10,경부선,254.7,컨테이너,11.3,상,야간(18-24),0,0,0,0,1
2026-08-17,월,8,중앙선,180.7,컨테이너,10.5,하,오후(12-18),0,0,1,0,0
2026-01-19,월,1,경부선,309.5,컨테이너,10.6,상,새벽(00-06),0,1,0,1,0
2026-06-06,토,6,충북선,175.7,시멘트,10.4,상,새벽(00-06),0,0,1,0,0
2026-02-21,토,2,충북선,138.0,철강,1.2,상,새벽(00-06),0,0,0,1,0
2026-07-06,월,7,중앙선,174.7,시멘트,16.8,상,새벽(00-06),1,0,1,0,0
2026-02-22,일,2,중앙선,149.7,기타,15.8,상,야간(18-24),0,0,0,1,0
2026-07-05,일,7,장항선,167.6,컨테이너,15.1,상,오전(06-12),0,0,1,0,0
2026-05-06,수,5,중앙선,173.5,광석,14.6,하,새벽(00-06),0,0,0,0,0
2026-01-08,목,1,충북선,153.5,컨테이너,10.3,하,새벽(00-06),0,0,0,1,0
2026-02-15,일,2,부산신항선,7.0,컨테이너,8.4,상,새벽(00-06),0,1,0,1,1
2026-07-03,금,7,경부선,359.5,컨테이너,5.9,하,오전(06-12),0,0,1,0,0
2026-01-29,목,1,충북선,173.1,컨테이너,21.3,하,새벽(00-06),1,0,0,1,0
2026-11-09,월,11,호남선,172.0,컨테이너,11.9,하,오후(12-18),0,0,0,0,0
2026-10-04,일,10,충북선,161.9,석탄,2.0,하,새벽(00-06),0,0,0,0,0
2026-09-16,수,9,영동선,86.3,컨테이너,11.8,하,새벽(00-06),0,0,0,0,1
2026-03-04,수,3,중앙선,240.3,컨테이너,1.0,하,오전(06-12),1,0,0,0,0
2026-10-18,일,10,충북선,201.7,컨테이너,13.5,하,오전(06-12),1,0,0,0,0
2026-08-20,목,8,중앙선,191.3,석탄,12.9,하,오전(06-12),0,0,1,0,0
2026-05-23,토,5,경부선,286.1,시멘트,8.7,상,야간(18-24),0,0,0,0,0
2026-01-01,목,1,영동선,99.8,컨테이너,6.4,상,새벽(00-06),0,1,0,1,0
2026-07-13,월,7,경부선,302.1,컨테이너,15.4,상,야간(18-24),1,0,1,0,0
2026-10-18,일,10,영동선,108.2,철강,11.5,하,야간(18-24),0,0,0,0,0
2026-01-13,화,1,전라선,270.5,석탄,1.0,상,야간(18-24),0,1,0,1,0
2026-01-20,화,1,부산신항선,13.5,시멘트,19.2,하,야간(18-24),0,0,0,1,0
2026-05-20,수,5,영동선,124.4,시멘트,6.4,하,야간(18-24),1,1,0,0,0
2026-07-06,월,7,충북선,165.6,컨테이너,4.1,상,새벽(00-06),0,1,1,0,0
2026-06-23,화,6,영동선,92.5,시멘트,20.2,하,새벽(00-06),0,0,1,0,0
2026-06-05,금,6,장항선,164.2,철강,18.4,하,오후(12-18),0,0,1,0,0
2026-04-04,토,4,충북선,162.8,철강,9.5,상,오전(06-12),1,0,0,0,0
2026-01-22,목,1,전라선,193.4,시멘트,4.5,하,오후(12-18),0,0,0,1,0
2026-01-12,월,1,경부선,332.4,석탄,6.5,하,새벽(00-06),0,0,0,1,0
2026-02-06,금,2,경부선,352.4,시멘트,9.4,상,새벽(00-06),0,0,0,1,0
2026-09-09,수,9,경부선,342.0,철강,19.3,하,오후(12-18),0,0,0,0,0
2026-10-14,수,10,중앙선,211.0,석탄,19.8,하,오후(12-18),0,1,0,0,0
2026-06-08,월,6,경부선,245.5,철강,13.0,하,오전(06-12),0,0,1,0,0
2026-01-29,목,1,충북선,194.6,컨테이너,15.9,하,새벽(00-06),0,0,0,1,0
2026-06-01,월,6,전라선,182.4,컨테이너,10.7,하,야간(18-24),1,1,1,0,0
2026-12-26,토,12,전라선,224.8,컨테이너,6.8,하,야간(18-24),0,1,0,1,0
2026-04-02,목,4,부산신항선,12.5,시멘트,3.0,상,새벽(00-06),1,0,0,0,0
2026-06-29,월,6,영동선,115.2,시멘트,13.9,하,오후(12-18),0,0,1,0,0
2026-07-16,목,7,부산신항선,6.8,석탄,17.4,하,새벽(00-06),0,0,1,0,0
2026-05-01,금,5,충북선,133.8,시멘트,8.9,상,오전(06-12),0,1,0,0,0
2026-06-09,화,6,경부선,331.7,시멘트,19.1,하,오전(06-12),0,1,1,0,0
2026-06-22,월,6,호남선,221.0,석탄,9.7,상,오전(06-12),0,0,1,0,0
2026-06-23,화,6,경부선,275.9,컨테이너,12.5,상,오전(06-12),0,0,1,0,0
2026-09-19,토,9,경부선,335.9,컨테이너,10.7,상,오전(06-12),0,0,0,0,0
2026-08-01,토,8,중앙선,140.3,컨테이너,19.4,하,오후(12-18),0,0,1,0,0
2026-01-20,화,1,충북선,176.9,철강,15.0,상,오전(06-12),0,0,0,1,0
2026-01-03,토,1,전라선,202.9,컨테이너,11.6,상,오후(12-18),0,0,0,1,0
2026-05-30,토,5,경부선,323.4,컨테이너,12.5,상,오전(06-12),0,1,0,0,0
2026-11-28,토,11,장항선,177.9,컨테이너,4.9,하,야간(18-24),0,1,0,0,1
2026-01-14,수,1,경부선,366.6,시멘트,1.0,하,오후(12-18),0,0,0,1,0
2026-01-26,월,1,중앙선,201.8,광석,8.8,하,야간(18-24),0,1,0,1,0
2026-09-05,토,9,중앙선,172.3,유류,10.8,상,오전(06-12),0,0,0,0,0
2026-06-14,일,6,중앙선,205.9,컨테이너,15.2,하,새벽(00-06),1,1,1,0,0
2026-03-26,목,3,장항선,222.4,시멘트,11.0,상,새벽(00-06),0,0,0,0,0
2026-03-17,화,3,경부선,349.8,컨테이너,9.2,상,야간(18-24),0,1,0,0,0
2026-08-31,월,8,경부선,317.8,철강,1.0,하,오후(12-18),0,0,1,0,0
2026-07-11,토,7,경부선,286.9,시멘트,15.2,하,야간(18-24),1,1,1,0,0
2026-08-21,금,8,장항선,167.3,컨테이너,13.3,하,오후(12-18),0,0,1,0,0
2026-04-13,월,4,영동선,120.0,시멘트,16.9,상,새벽(00-06),0,0,0,0,0
2026-07-12,일,7,전라선,202.8,시멘트,12.2,상,오전(06-12),0,0,1,0,1
2026-11-10,화,11,충북선,161.4,광석,18.9,상,오전(06-12),0,0,0,0,0
2026-04-26,일,4,부산신항선,14.9,컨테이너,8.7,하,오전(06-12),0,0,0,0,0
2026-05-25,월,5,경부선,326.2,광석,11.8,상,오후(12-18),0,1,0,0,0
2026-03-01,일,3,경부선,277.0,컨테이너,13.4,상,오후(12-18),0,0,0,0,0
2026-08-22,토,8,충북선,215.7,컨테이너,16.0,상,오후(12-18),0,0,1,0,0
2026-01-12,월,1,경부선,390.7,철강,14.5,상,새벽(00-06),0,0,0,1,0
2026-04-01,수,4,중앙선,210.8,시멘트,14.9,하,오전(06-12),0,0,0,0,0
2026-09-18,금,9,중앙선,238.0,광석,13.6,하,새벽(00-06),0,1,0,0,0
2026-01-08,목,1,중앙선,184.0,시멘트,10.8,상,오전(06-12),0,0,0,1,0
2026-12-28,월,12,중앙선,218.7,시멘트,17.4,하,새벽(00-06),0,0,0,1,0
2026-05-28,목,5,중앙선,178.5,컨테이너,2.0,하,새벽(00-06),0,0,0,0,1
2026-05-26,화,5,경부선,266.0,광석,8.2,상,야간(18-24),0,0,0,0,0
2026-07-15,수,7,태백선,187.3,석탄,21.6,하,새벽(00-06),0,0,1,0,0
2026-08-22,토,8,전라선,187.2,시멘트,8.0,하,오후(12-18),0,1,1,0,1
2026-06-17,수,6,경부선,332.1,철강,11.5,하,오후(12-18),1,0,1,0,0
2026-11-19,목,11,경부선,331.6,컨테이너,20.3,상,오후(12-18),0,1,0,0,0
2026-12-18,금,12,경부선,340.8,유류,11.2,상,오후(12-18),0,0,0,1,0
2026-03-15,일,3,경부선,316.6,시멘트,7.0,상,오후(12-18),0,1,0,0,0
2026-09-15,화,9,경부선,317.0,철강,19.2,상,야간(18-24),0,0,0,0,0
2026-04-20,월,4,경부선,325.7,철강,10.3,상,새벽(00-06),0,0,0,0,0
2026-12-30,수,12,태백선,145.1,시멘트,10.7,하,새벽(00-06),0,0,0,1,0
2026-04-03,금,4,태백선,135.5,철강,1.0,상,오후(12-18),0,0,0,0,0
2026-04-18,토,4,장항선,178.2,철강,11.2,상,오전(06-12),0,0,0,0,0
2026-09-18,금,9,충북선,128.3,컨테이너,16.1,상,새벽(00-06),0,1,0,0,0
2026-10-16,금,10,전라선,289.8,석탄,9.4,상,오전(06-12),1,0,0,0,0
2026-02-16,월,2,전라선,245.5,시멘트,4.3,상,오후(12-18),0,0,0,1,0
2026-07-22,수,7,부산신항선,11.2,유류,9.1,하,야간(18-24),0,1,1,0,0
2026-05-07,목,5,전라선,210.7,철강,8.3,하,새벽(00-06),0,0,0,0,0
2026-08-12,수,8,전라선,199.3,컨테이너,10.5,하,새벽(00-06),0,1,1,0,0
2026-07-23,목,7,장항선,196.8,컨테이너,8.9,하,새벽(00-06),0,0,1,0,0
2026-12-26,토,12,충북선,157.3,컨테이너,22.0,하,야간(18-24),0,0,0,1,0
2026-12-07,월,12,경부선,345.0,철강,13.8,상,새벽(00-06),0,1,0,1,0
2026-08-27,목,8,경부선,266.1,유류,1.6,상,새벽(00-06),0,1,1,0,0
2026-09-05,토,9,중앙선,247.4,석탄,12.4,상,오전(06-12),0,0,0,0,1
2026-11-25,수,11,경부선,356.3,유류,11.8,상,새벽(00-06),0,0,0,0,0
2026-03-08,일,3,경부선,317.0,시멘트,19.2,상,오후(12-18),1,0,0,0,1
2026-09-22,화,9,경부선,338.9,시멘트,11.1,상,새벽(00-06),0,1,0,0,0
2026-10-09,금,10,중앙선,219.2,기타,10.9,상,오전(06-12),1,0,0,0,1
2026-02-16,월,2,영동선,89.7,컨테이너,23.2,하,새벽(00-06),0,1,0,1,1
2026-11-18,수,11,중앙선,252.0,시멘트,5.6,상,오후(12-18),0,0,0,0,0
2026-09-13,일,9,경부선,339.5,컨테이너,16.8,하,새벽(00-06),1,1,0,0,1
2026-05-07,목,5,중앙선,168.7,컨테이너,12.4,하,새벽(00-06),0,0,0,0,1
2026-06-26,금,6,중앙선,154.9,시멘트,9.0,하,야간(18-24),0,0,1,0,0
2026-06-28,일,6,전라선,259.0,컨테이너,8.1,상,야간(18-24),1,0,1,0,0
2026-12-02,수,12,충북선,166.6,시멘트,20.2,하,오전(06-12),0,1,0,1,0
2026-12-20,일,12,경부선,339.5,컨테이너,14.8,하,오후(12-18),0,0,0,1,0
2026-10-22,목,10,충북선,162.0,시멘트,15.6,하,오후(12-18),0,0,0,0,0
2026-08-27,목,8,경부선,280.1,컨테이너,17.3,상,야간(18-24),0,1,1,0,0
2026-02-08,일,2,전라선,244.7,광석,14.1,하,오전(06-12),0,1,0,1,1
2026-11-30,월,11,호남선,203.3,시멘트,5.6,상,오후(12-18),0,0,0,0,0
2026-02-18,수,2,부산신항선,10.5,철강,2.6,하,야간(18-24),1,1,0,1,0
2026-03-02,월,3,경부선,415.3,시멘트,21.2,하,오전(06-12),0,0,0,0,0
2026-01-26,월,1,전라선,255.5,컨테이너,13.2,하,오전(06-12),0,0,0,1,0
2026-12-12,토,12,장항선,198.1,석탄,12.5,하,새벽(00-06),0,0,0,1,0
2026-06-30,화,6,태백선,189.9,컨테이너,22.8,하,야간(18-24),0,1,1,0,0
2026-03-28,토,3,경부선,335.6,시멘트,5.6,상,오전(06-12),0,1,0,0,1
2026-01-30,금,1,중앙선,197.5,시멘트,1.0,상,오후(12-18),1,0,0,1,1
2026-05-31,일,5,경부선,293.0,철강,1.1,상,오후(12-18),0,0,0,0,1
2026-09-22,화,9,경부선,302.1,광석,8.8,하,오전(06-12),0,0,0,0,0
2026-12-30,수,12,전라선,168.0,컨테이너,12.7,상,오전(06-12),0,0,0,1,0
2026-07-21,화,7,중앙선,221.0,석탄,20.3,상,오전(06-12),0,1,1,0,0
2026-08-10,월,8,경부선,269.5,시멘트,17.1,하,새벽(00-06),0,0,1,0,0
2026-11-02,월,11,태백선,153.6,철강,1.0,하,야간(18-24),1,0,0,0,1
2026-11-26,목,11,중앙선,191.8,광석,25.0,상,새벽(00-06),0,0,0,0,0
2026-04-13,월,4,영동선,111.7,시멘트,9.5,하,야간(18-24),0,0,0,0,1
2026-12-29,화,12,장항선,178.8,컨테이너,19.4,하,야간(18-24),0,0,0,1,0
2026-07-09,목,7,태백선,163.2,철강,15.3,하,야간(18-24),0,1,1,0,0
2026-12-06,일,12,장항선,203.8,시멘트,12.0,하,새벽(00-06),0,0,0,1,0
2026-02-12,목,2,경부선,319.0,유류,10.6,상,새벽(00-06),0,0,0,1,0
2026-02-05,목,2,경부선,284.2,시멘트,5.3,하,오후(12-18),0,0,0,1,0
2026-11-19,목,11,부산신항선,13.4,광석,4.3,하,새벽(00-06),0,1,0,0,1
2026-09-03,목,9,경부선,281.2,컨테이너,11.0,하,야간(18-24),0,1,0,0,0
2026-03-05,목,3,중앙선,138.9,철강,3.7,상,오후(12-18),0,1,0,0,0
2026-11-23,월,11,충북선,173.8,시멘트,21.9,하,야간(18-24),1,1,0,0,1
2026-02-07,토,2,경부선,368.9,석탄,12.6,하,야간(18-24),0,0,0,1,0
2026-09-07,월,9,경부선,304.0,광석,24.6,상,야간(18-24),1,0,0,0,0
2026-03-16,월,3,중앙선,207.5,석탄,9.4,상,새벽(00-06),0,1,0,0,0
2026-01-26,월,1,중앙선,178.8,철강,8.5,하,야간(18-24),1,0,0,1,1
2026-10-22,목,10,전라선,251.1,컨테이너,15.5,하,새벽(00-06),0,1,0,0,1
2026-11-06,금,11,경부선,364.0,컨테이너,10.4,상,야간(18-24),0,0,0,0,0
2026-02-08,일,2,중앙선,184.1,시멘트,17.8,하,오후(12-18),0,0,0,1,0
2026-02-03,화,2,경부선,279.1,시멘트,20.6,하,새벽(00-06),0,0,0,1,0
2026-08-13,목,8,충북선,124.9,컨테이너,18.6,상,오전(06-12),0,1,1,0,0
2026-01-11,일,1,경부선,357.2,철강,20.2,상,오후(12-18),0,0,0,1,1
2026-09-30,수,9,경부선,274.7,석탄,16.9,하,오전(06-12),0,0,0,0,0
2026-12-01,화,12,장항선,187.0,컨테이너,8.7,상,오후(12-18),1,0,0,1,0
2026-10-02,금,10,경부선,351.3,컨테이너,18.8,하,새벽(00-06),0,0,0,0,0
2026-03-26,목,3,전라선,214.4,시멘트,16.2,하,오전(06-12),0,0,0,0,0
2026-03-11,수,3,경부선,313.6,석탄,8.3,하,오후(12-18),0,0,0,0,0
2026-09-06,일,9,경부선,360.2,광석,9.1,상,새벽(00-06),0,0,0,0,0
2026-01-23,금,1,중앙선,165.0,시멘트,11.4,하,오후(12-18),0,0,0,1,1
2026-07-16,목,7,부산신항선,7.9,컨테이너,18.7,상,오전(06-12),1,1,1,0,0
2026-06-13,토,6,중앙선,185.1,유류,12.7,상,야간(18-24),0,0,1,0,0
2026-09-29,화,9,경부선,371.3,컨테이너,12.0,하,야간(18-24),1,0,0,0,1
2026-03-15,일,3,충북선,201.6,석탄,11.0,상,오후(12-18),0,0,0,0,0
2026-10-06,화,10,중앙선,189.8,시멘트,9.9,하,오전(06-12),0,1,0,0,0
2026-09-13,일,9,장항선,165.4,광석,5.0,하,오전(06-12),0,1,0,0,0
2026-03-29,일,3,영동선,125.8,석탄,16.8,하,오전(06-12),0,0,0,0,0
2026-05-11,월,5,충북선,119.6,컨테이너,5.9,하,야간(18-24),0,0,0,0,0
2026-01-25,일,1,중앙선,202.0,시멘트,12.4,상,오전(06-12),0,0,0,1,1
2026-06-14,일,6,중앙선,191.8,컨테이너,9.5,하,새벽(00-06),1,1,1,0,0
2026-04-06,월,4,영동선,129.2,컨테이너,16.6,상,오전(06-12),0,0,0,0,0
2026-02-11,수,2,중앙선,242.1,시멘트,9.9,하,오전(06-12),0,1,0,1,0
2026-07-24,금,7,경부선,282.5,시멘트,6.0,상,야간(18-24),0,1,1,0,1
2026-07-27,월,7,영동선,112.3,철강,17.9,하,새벽(00-06),0,1,1,0,0
2026-02-01,일,2,호남선,193.9,컨테이너,7.0,상,오전(06-12),1,1,0,1,1
2026-03-09,월,3,중앙선,183.0,시멘트,12.9,상,새벽(00-06),0,1,0,0,0
2026-01-31,토,1,중앙선,214.9,유류,19.6,하,오전(06-12),0,0,0,1,0
2026-09-05,토,9,전라선,219.4,시멘트,7.6,상,오전(06-12),1,0,0,0,1
2026-05-04,월,5,태백선,139.4,시멘트,11.4,상,오후(12-18),0,0,0,0,1
2026-01-26,월,1,중앙선,226.8,철강,9.4,하,야간(18-24),0,0,0,1,1
2026-03-11,수,3,중앙선,246.3,철강,12.8,하,오후(12-18),0,0,0,0,0
2026-12-23,수,12,중앙선,203.4,시멘트,11.6,상,오전(06-12),1,0,0,1,1
2026-04-04,토,4,중앙선,197.4,기타,17.5,하,오후(12-18),1,0,0,0,1
2026-09-07,월,9,경부선,275.9,컨테이너,8.3,하,오전(06-12),0,1,0,0,0
2026-06-20,토,6,장항선,211.3,컨테이너,19.6,하,오후(12-18),0,1,1,0,0
2026-03-08,일,3,경부선,340.0,시멘트,21.6,하,야간(18-24),0,1,0,0,1
2026-04-23,목,4,중앙선,198.1,컨테이너,13.5,상,야간(18-24),0,0,0,0,0
2026-01-06,화,1,태백선,137.2,컨테이너,7.3,상,야간(18-24),0,0,0,1,0
2026-09-30,수,9,중앙선,205.9,컨테이너,11.8,하,오전(06-12),0,0,0,0,0
2026-05-03,일,5,중앙선,220.3,석탄,11.3,하,야간(18-24),0,0,0,0,0
2026-07-02,목,7,호남선,230.6,시멘트,22.6,하,오전(06-12),0,0,1,0,1
2026-02-25,수,2,경부선,384.6,유류,11.4,상,새벽(00-06),0,1,0,1,0
2026-10-28,수,10,부산신항선,11.3,컨테이너,20.3,상,오후(12-18),0,0,0,0,0
2026-03-21,토,3,경부선,390.4,석탄,12.7,하,오후(12-18),0,0,0,0,0
2026-07-26,일,7,중앙선,230.3,컨테이너,12.3,상,야간(18-24),0,1,1,0,1
2026-11-15,일,11,충북선,159.8,컨테이너,9.9,하,야간(18-24),1,1,0,0,1
2026-09-18,금,9,중앙선,134.9,석탄,10.4,상,야간(18-24),1,1,0,0,0
2026-08-09,일,8,충북선,163.4,컨테이너,17.3,상,오후(12-18),0,0,1,0,1
2026-11-21,토,11,경부선,382.5,석탄,7.6,하,오후(12-18),0,0,0,0,0
2026-03-06,금,3,충북선,141.9,석탄,17.8,하,새벽(00-06),0,0,0,0,0
2026-12-18,금,12,경부선,323.5,석탄,20.6,상,새벽(00-06),0,1,0,1,0
2026-07-23,목,7,장항선,182.9,시멘트,8.4,하,새벽(00-06),0,1,1,0,0
2026-05-30,토,5,충북선,184.9,유류,19.2,하,새벽(00-06),1,1,0,0,1
2026-04-04,토,4,중앙선,179.7,컨테이너,18.3,상,야간(18-24),0,0,0,0,0
2026-09-29,화,9,경부선,285.4,광석,17.2,상,오후(12-18),1,0,0,0,0
2026-12-23,수,12,중앙선,213.3,컨테이너,8.2,상,오후(12-18),0,1,0,1,0
2026-09-09,수,9,충북선,142.7,시멘트,11.3,하,새벽(00-06),0,1,0,0,0
2026-01-12,월,1,경부선,246.8,광석,11.3,하,오후(12-18),0,1,0,1,1
2026-06-21,일,6,전라선,284.6,컨테이너,24.5,상,오후(12-18),0,0,1,0,0
2026-09-25,금,9,경부선,357.3,유류,11.9,하,오전(06-12),0,0,0,0,0
2026-05-26,화,5,경부선,395.5,시멘트,10.9,상,새벽(00-06),0,0,0,0,0
2026-10-10,토,10,전라선,255.6,유류,5.1,상,오후(12-18),0,0,0,0,0
2026-09-16,수,9,경부선,347.4,컨테이너,6.2,상,새벽(00-06),0,0,0,0,0
2026-01-25,일,1,경부선,335.0,시멘트,7.9,하,오후(12-18),0,0,0,1,0
2026-07-23,목,7,전라선,223.8,컨테이너,14.2,하,야간(18-24),0,1,1,0,0
2026-03-04,수,3,전라선,244.8,컨테이너,3.5,하,새벽(00-06),1,0,0,0,0
2026-06-27,토,6,경부선,298.1,석탄,8.0,하,새벽(00-06),0,0,1,0,0
2026-05-21,목,5,경부선,277.4,철강,1.0,하,오전(06-12),0,0,0,0,0
2026-10-22,목,10,중앙선,181.7,철강,20.4,하,새벽(00-06),0,1,0,0,0
2026-11-13,금,11,충북선,193.6,철강,12.6,하,오후(12-18),0,0,0,0,0
2026-06-18,목,6,중앙선,150.2,철강,13.9,하,새벽(00-06),1,0,1,0,0
2026-07-16,목,7,전라선,192.9,시멘트,5.5,상,새벽(00-06),0,0,1,0,1
2026-08-17,월,8,장항선,191.4,시멘트,19.0,하,오전(06-12),0,0,1,0,0
2026-08-28,금,8,호남선,197.8,철강,21.0,하,야간(18-24),0,0,1,0,0
2026-08-20,목,8,중앙선,210.3,석탄,12.4,상,오전(06-12),0,0,1,0,1
2026-10-13,화,10,경부선,359.8,컨테이너,9.1,하,새벽(00-06),0,1,0,0,0
2026-12-25,금,12,경부선,338.7,시멘트,15.3,상,오전(06-12),0,0,0,1,0
2026-10-30,금,10,경부선,294.9,컨테이너,16.4,상,새벽(00-06),1,1,0,0,0
2026-02-19,목,2,중앙선,238.2,철강,17.2,하,새벽(00-06),0,0,0,1,0
2026-06-23,화,6,부산신항선,12.8,컨테이너,16.0,상,오전(06-12),1,1,1,0,1
2026-06-18,목,6,중앙선,194.2,석탄,17.8,하,야간(18-24),0,0,1,0,0
2026-07-05,일,7,경부선,319.3,철강,7.8,하,야간(18-24),0,0,1,0,0
2026-07-12,일,7,충북선,170.6,기타,17.5,하,오후(12-18),0,0,1,0,0
2026-09-20,일,9,영동선,105.1,시멘트,9.3,하,야간(18-24),0,0,0,0,0
2026-06-03,수,6,경부선,255.0,유류,1.0,상,오전(06-12),0,0,1,0,1
2026-04-07,화,4,장항선,194.6,석탄,9.2,상,야간(18-24),0,0,0,0,0
2026-06-17,수,6,태백선,149.3,컨테이너,8.7,상,야간(18-24),0,0,1,0,0
2026-11-08,일,11,중앙선,112.8,시멘트,13.4,상,오후(12-18),0,0,0,0,1
2026-04-24,금,4,충북선,174.1,시멘트,17.0,상,새벽(00-06),0,0,0,0,0
2026-01-08,목,1,중앙선,254.8,컨테이너,13.2,하,야간(18-24),0,1,0,1,0
2026-12-23,수,12,경부선,275.1,시멘트,24.1,상,야간(18-24),0,0,0,1,0
2026-03-13,금,3,중앙선,190.7,컨테이너,8.8,하,오전(06-12),1,1,0,0,0
2026-08-09,일,8,경부선,312.9,유류,1.0,하,오전(06-12),0,0,1,0,0
2026-10-20,화,10,전라선,279.2,시멘트,13.7,하,오전(06-12),1,1,0,0,1
2026-04-11,토,4,태백선,157.9,컨테이너,8.7,하,야간(18-24),0,0,0,0,0
2026-05-05,화,5,중앙선,162.6,시멘트,5.5,상,야간(18-24),0,0,0,0,0
2026-04-13,월,4,충북선,169.9,유류,10.2,하,오전(06-12),0,0,0,0,0
2026-02-24,화,2,경부선,412.3,광석,7.3,하,새벽(00-06),0,0,0,1,0
2026-02-25,수,2,경부선,295.2,광석,7.9,상,새벽(00-06),0,0,0,1,0
2026-03-10,화,3,전라선,229.1,유류,21.1,하,야간(18-24),0,0,0,0,0
2026-06-17,수,6,경부선,340.7,시멘트,12.7,하,오전(06-12),0,1,1,0,0
2026-07-13,월,7,장항선,167.4,시멘트,10.4,하,야간(18-24),0,0,1,0,0
2026-01-06,화,1,경부선,390.7,시멘트,21.6,하,새벽(00-06),0,0,0,1,0
2026-11-05,목,11,태백선,126.0,광석,10.2,상,새벽(00-06),0,1,0,0,0
2026-09-04,금,9,중앙선,144.7,컨테이너,4.6,상,오전(06-12),0,0,0,0,0
2026-01-26,월,1,중앙선,174.9,시멘트,4.0,상,오전(06-12),0,0,0,1,0
2026-11-04,수,11,장항선,192.7,컨테이너,11.5,하,야간(18-24),0,0,0,0,1
2026-01-12,월,1,충북선,141.3,유류,2.1,하,새벽(00-06),0,0,0,1,0
2026-07-24,금,7,경부선,332.3,컨테이너,5.0,상,오후(12-18),0,0,1,0,1
2026-06-19,금,6,태백선,146.8,유류,9.7,하,야간(18-24),1,0,1,0,0
2026-07-03,금,7,중앙선,151.0,광석,18.8,하,야간(18-24),1,1,1,0,1
2026-12-16,수,12,경부선,297.7,컨테이너,19.8,하,야간(18-24),1,0,0,1,0
2026-12-05,토,12,중앙선,205.5,철강,16.0,하,새벽(00-06),0,0,0,1,1
2026-04-12,일,4,충북선,178.9,시멘트,12.0,하,오후(12-18),0,0,0,0,0
2026-07-31,금,7,충북선,147.8,시멘트,8.6,상,오전(06-12),0,0,1,0,0
2026-12-17,목,12,태백선,138.5,컨테이너,14.3,하,야간(18-24),0,0,0,1,1
2026-09-24,목,9,충북선,154.2,석탄,22.7,상,오후(12-18),0,1,0,0,0
2026-11-21,토,11,경부선,349.3,시멘트,12.8,하,야간(18-24),0,1,0,0,1
2026-06-08,월,6,경부선,341.0,철강,9.2,상,오전(06-12),0,0,1,0,0
2026-04-14,화,4,경부선,305.3,철강,11.1,하,오후(12-18),0,1,0,0,0
2026-07-06,월,7,전라선,243.8,시멘트,10.4,상,야간(18-24),0,1,1,0,0
2026-10-26,월,10,경부선,303.7,컨테이너,15.3,상,새벽(00-06),0,0,0,0,0
2026-12-06,일,12,충북선,172.7,컨테이너,7.4,상,새벽(00-06),0,0,0,1,1
2026-09-08,화,9,충북선,173.1,컨테이너,14.4,상,오전(06-12),0,0,0,0,0
2026-09-15,화,9,장항선,227.0,기타,15.4,상,야간(18-24),0,1,0,0,0
2026-07-06,월,7,경부선,306.7,시멘트,14.1,하,오전(06-12),0,1,1,0,1
2026-04-27,월,4,경부선,314.5,철강,5.5,상,새벽(00-06),0,0,0,0,0
2026-06-04,목,6,부산신항선,8.7,광석,11.1,상,야간(18-24),0,0,1,0,0
2026-07-01,수,7,충북선,135.5,시멘트,8.8,상,새벽(00-06),0,0,1,0,0
2026-10-25,일,10,중앙선,177.3,시멘트,11.6,하,야간(18-24),0,0,0,0,1
2026-07-22,수,7,장항선,192.9,유류,8.0,상,야간(18-24),0,1,1,0,0
2026-10-17,토,10,부산신항선,12.8,석탄,19.5,하,오전(06-12),1,0,0,0,0
2026-01-10,토,1,경부선,332.0,컨테이너,13.1,상,새벽(00-06),0,0,0,1,0
2026-10-04,일,10,부산신항선,9.7,철강,2.3,상,오전(06-12),0,0,0,0,0
2026-07-05,일,7,경부선,300.5,광석,4.0,하,오전(06-12),0,0,1,0,0
2026-12-31,목,12,영동선,96.0,철강,19.2,상,새벽(00-06),0,0,0,1,0
2026-06-22,월,6,경부선,297.9,철강,10.9,하,오후(12-18),0,1,1,0,0
2026-06-24,수,6,경부선,268.4,철강,9.7,하,새벽(00-06),0,1,1,0,0
2026-02-16,월,2,경부선,374.5,석탄,18.8,하,야간(18-24),0,0,0,1,0
2026-10-22,목,10,장항선,216.3,컨테이너,11.1,하,오후(12-18),0,0,0,0,0
2026-09-14,월,9,영동선,80.8,광석,4.8,하,새벽(00-06),0,0,0,0,0
2026-11-11,수,11,중앙선,203.4,컨테이너,5.2,하,오후(12-18),1,0,0,0,1
2026-02-03,화,2,중앙선,202.8,유류,15.8,상,오전(06-12),0,0,0,1,0
2026-03-19,목,3,경부선,328.6,시멘트,24.2,상,새벽(00-06),0,0,0,0,0
2026-11-17,화,11,경부선,296.5,석탄,17.0,상,새벽(00-06),0,1,0,0,0
2026-01-16,금,1,장항선,200.1,철강,9.7,하,새벽(00-06),0,1,0,1,0
2026-07-05,일,7,경부선,336.6,철강,10.6,상,오후(12-18),0,0,1,0,0
2026-05-28,목,5,영동선,125.3,컨테이너,12.3,하,새벽(00-06),0,0,0,0,0
2026-12-09,수,12,호남선,189.8,석탄,1.0,하,새벽(00-06),0,0,0,1,0
2026-11-09,월,11,경부선,264.9,컨테이너,12.1,하,야간(18-24),0,1,0,0,1
2026-11-24,화,11,충북선,172.2,컨테이너,15.5,하,새벽(00-06),0,0,0,0,1
2026-04-16,목,4,영동선,95.4,시멘트,22.6,하,오전(06-12),0,0,0,0,0
2026-08-03,월,8,태백선,156.6,기타,18.5,상,오전(06-12),0,0,1,0,0
2026-09-13,일,9,전라선,165.6,기타,23.6,하,야간(18-24),0,0,0,0,1
2026-12-20,일,12,경부선,301.5,시멘트,22.1,상,오후(12-18),0,0,0,1,0
2026-01-03,토,1,경부선,295.6,철강,20.4,하,새벽(00-06),0,1,0,1,0
2026-12-23,수,12,장항선,173.0,컨테이너,12.2,하,오전(06-12),1,1,0,1,1
2026-05-10,일,5,중앙선,202.4,컨테이너,14.1,하,야간(18-24),0,1,0,0,0
2026-02-16,월,2,전라선,241.3,석탄,2.0,상,새벽(00-06),1,0,0,1,0
2026-08-13,목,8,전라선,248.6,철강,12.8,하,새벽(00-06),0,0,1,0,0
2026-10-13,화,10,중앙선,219.7,철강,15.4,하,오후(12-18),0,0,0,0,0
2026-02-17,화,2,경부선,313.3,컨테이너,10.3,하,오전(06-12),0,1,0,1,0
2026-01-15,목,1,중앙선,267.1,시멘트,2.8,하,새벽(00-06),0,0,0,1,1
2026-11-24,화,11,부산신항선,14.8,컨테이너,21.5,하,오후(12-18),0,0,0,0,0
2026-12-07,월,12,중앙선,182.4,철강,14.4,상,새벽(00-06),0,0,0,1,0
2026-02-27,금,2,경부선,314.7,컨테이너,22.3,상,오전(06-12),0,0,0,1,0
2026-11-26,목,11,호남선,199.9,시멘트,16.5,상,야간(18-24),0,1,0,0,0
2026-11-29,일,11,전라선,240.3,시멘트,20.2,하,새벽(00-06),0,0,0,0,1
2026-12-31,목,12,충북선,137.0,컨테이너,19.0,하,오후(12-18),0,1,0,1,0
2026-03-20,금,3,태백선,119.7,시멘트,7.9,하,오전(06-12),0,0,0,0,0
2026-07-31,금,7,중앙선,117.4,철강,8.9,상,야간(18-24),0,1,1,0,0
2026-12-29,화,12,영동선,103.8,컨테이너,9.4,하,오후(12-18),0,0,0,1,0
2026-11-26,목,11,태백선,156.8,시멘트,6.2,상,오전(06-12),0,0,0,0,0
2026-08-09,일,8,경부선,314.1,기타,22.6,하,오전(06-12),0,0,1,0,1
2026-03-13,금,3,중앙선,189.9,컨테이너,12.3,하,오전(06-12),0,0,0,0,0
2026-01-31,토,1,경부선,331.3,컨테이너,14.8,하,야간(18-24),0,0,0,1,0
2026-04-05,일,4,전라선,199.3,석탄,4.0,하,오후(12-18),0,0,0,0,0
2026-01-24,토,1,충북선,161.9,시멘트,16.9,하,오후(12-18),0,0,0,1,1
2026-03-13,금,3,충북선,183.6,기타,9.5,상,야간(18-24),0,1,0,0,0
2026-01-28,수,1,영동선,114.4,컨테이너,19.6,상,새벽(00-06),0,1,0,1,0
2026-10-06,화,10,중앙선,227.5,유류,7.9,상,오전(06-12),0,1,0,0,0
2026-08-04,화,8,장항선,204.9,시멘트,20.0,하,야간(18-24),0,0,1,0,1
2026-07-09,목,7,전라선,249.3,컨테이너,17.6,상,야간(18-24),0,0,1,0,0
2026-10-23,금,10,충북선,143.5,시멘트,9.2,상,새벽(00-06),0,0,0,0,0
2026-05-30,토,5,경부선,306.4,시멘트,20.5,하,오전(06-12),0,0,0,0,1
2026-05-28,목,5,전라선,287.3,컨테이너,18.9,하,새벽(00-06),0,0,0,0,0
2026-03-17,화,3,충북선,169.2,컨테이너,14.9,하,오후(12-18),0,1,0,0,0
2026-06-12,금,6,경부선,327.4,컨테이너,6.0,하,오후(12-18),0,1,1,0,0
2026-03-05,목,3,장항선,162.4,시멘트,16.8,상,오후(12-18),0,0,0,0,0
2026-08-04,화,8,중앙선,190.1,컨테이너,12.4,상,야간(18-24),0,1,1,0,0
2026-12-31,목,12,중앙선,218.4,컨테이너,12.3,하,새벽(00-06),0,0,0,1,0
2026-07-14,화,7,태백선,135.8,컨테이너,12.4,하,야간(18-24),0,0,1,0,1
2026-04-20,월,4,중앙선,175.1,석탄,11.8,하,오전(06-12),1,0,0,0,0
2026-09-09,수,9,충북선,154.1,기타,6.8,하,새벽(00-06),0,0,0,0,1
2026-10-27,화,10,충북선,191.1,컨테이너,2.9,하,야간(18-24),0,0,0,0,1
2026-06-22,월,6,경부선,346.9,기타,1.7,하,야간(18-24),0,0,1,0,0
2026-04-02,목,4,중앙선,212.0,석탄,13.8,상,야간(18-24),0,0,0,0,0
2026-09-18,금,9,경부선,337.8,광석,1.0,상,야간(18-24),0,0,0,0,0
2026-03-10,화,3,경부선,272.9,시멘트,16.4,하,새벽(00-06),1,0,0,0,1
2026-12-31,목,12,전라선,237.6,시멘트,15.0,상,새벽(00-06),1,1,0,1,0
2026-04-27,월,4,경부선,362.9,철강,10.2,상,오전(06-12),0,0,0,0,0
2026-05-08,금,5,영동선,105.9,시멘트,18.2,하,새벽(00-06),0,0,0,0,1
2026-09-23,수,9,중앙선,227.5,광석,10.4,상,야간(18-24),0,0,0,0,0
2026-01-05,월,1,중앙선,212.4,광석,14.5,하,오전(06-12),0,0,0,1,1
2026-03-16,월,3,부산신항선,13.1,시멘트,1.0,상,새벽(00-06),0,0,0,0,0
2026-02-15,일,2,중앙선,195.1,시멘트,1.0,하,야간(18-24),0,0,0,1,0
2026-05-23,토,5,충북선,183.5,시멘트,10.6,상,오후(12-18),0,0,0,0,0
2026-07-22,수,7,전라선,185.5,석탄,14.5,하,오전(06-12),0,0,1,0,0
2026-03-07,토,3,부산신항선,10.7,석탄,17.7,하,야간(18-24),0,0,0,0,0
2026-05-06,수,5,경부선,348.7,석탄,10.9,하,오후(12-18),0,0,0,0,0
2026-10-09,금,10,경부선,332.1,컨테이너,13.5,상,오후(12-18),0,1,0,0,0
2026-12-10,목,12,영동선,126.2,기타,16.7,하,새벽(00-06),1,1,0,1,0
2026-01-06,화,1,경부선,313.9,컨테이너,11.2,상,오후(12-18),0,1,0,1,1
2026-08-18,화,8,전라선,213.0,컨테이너,15.5,상,오전(06-12),0,0,1,0,0
2026-01-10,토,1,충북선,120.3,컨테이너,5.2,하,오후(12-18),0,0,0,1,0
2026-07-09,목,7,충북선,154.5,컨테이너,2.1,상,새벽(00-06),0,0,1,0,0
2026-11-18,수,11,장항선,189.9,시멘트,8.8,하,오전(06-12),0,0,0,0,0
2026-10-19,월,10,영동선,121.2,컨테이너,16.6,하,새벽(00-06),0,0,0,0,0
2026-03-26,목,3,경부선,264.2,컨테이너,7.7,하,야간(18-24),0,0,0,0,0
2026-04-05,일,4,충북선,190.7,컨테이너,15.9,상,오전(06-12),0,0,0,0,0
2026-10-13,화,10,전라선,200.2,컨테이너,5.8,하,새벽(00-06),0,1,0,0,0
2026-10-27,화,10,중앙선,189.1,기타,8.5,하,오후(12-18),0,1,0,0,0
2026-04-13,월,4,부산신항선,8.9,시멘트,13.5,하,야간(18-24),0,0,0,0,0
2026-01-02,금,1,중앙선,207.9,컨테이너,8.0,하,야간(18-24),1,1,0,1,0
2026-06-12,금,6,경부선,324.0,시멘트,9.0,상,야간(18-24),0,1,1,0,0
2026-08-15,토,8,태백선,149.1,시멘트,1.0,상,야간(18-24),0,1,1,0,0
2026-06-11,목,6,호남선,254.3,시멘트,17.0,상,야간(18-24),1,0,1,0,0
2026-12-08,화,12,경부선,336.1,컨테이너,11.3,상,오전(06-12),1,1,0,1,0
2026-10-24,토,10,장항선,168.1,석탄,6.3,하,오전(06-12),0,0,0,0,0
2026-10-15,목,10,경부선,338.6,컨테이너,23.0,상,새벽(00-06),0,0,0,0,0
2026-01-08,목,1,경부선,398.0,컨테이너,7.3,하,야간(18-24),0,0,0,1,0
2026-11-08,일,11,경부선,346.5,기타,8.9,상,야간(18-24),0,0,0,0,0
2026-10-03,토,10,태백선,154.4,시멘트,6.2,하,새벽(00-06),0,0,0,0,0
2026-05-25,월,5,경부선,256.5,컨테이너,18.6,상,오후(12-18),0,0,0,0,0
2026-08-04,화,8,경부선,335.7,컨테이너,20.6,상,새벽(00-06),0,0,1,0,0
2026-10-28,수,10,전라선,221.4,철강,20.0,상,야간(18-24),0,0,0,0,0
2026-11-27,금,11,중앙선,169.5,컨테이너,19.9,상,새벽(00-06),0,1,0,0,1
2026-07-21,화,7,경부선,319.3,시멘트,8.4,하,오후(12-18),0,0,1,0,0
2026-01-16,금,1,경부선,324.5,컨테이너,22.0,상,오전(06-12),0,1,0,1,0
2026-08-14,금,8,장항선,167.1,컨테이너,10.8,하,새벽(00-06),0,1,1,0,0
2026-09-06,일,9,충북선,166.0,시멘트,2.7,하,야간(18-24),0,0,0,0,1
2026-01-22,목,1,장항선,176.1,컨테이너,9.4,상,오전(06-12),1,0,0,1,1
2026-10-26,월,10,경부선,348.3,시멘트,14.0,하,오전(06-12),1,0,0,0,1
2026-03-15,일,3,중앙선,201.3,컨테이너,8.1,하,새벽(00-06),0,1,0,0,1
2026-11-22,일,11,장항선,187.1,기타,12.9,하,오전(06-12),0,1,0,0,0
2026-07-21,화,7,경부선,359.4,시멘트,15.2,상,새벽(00-06),0,0,1,0,0
2026-04-28,화,4,경부선,342.4,컨테이너,14.5,하,오후(12-18),1,0,0,0,1
2026-01-22,목,1,중앙선,193.1,컨테이너,15.9,상,오후(12-18),0,0,0,1,1
2026-01-07,수,1,중앙선,120.3,철강,10.9,상,새벽(00-06),0,0,0,1,0
2026-09-28,월,9,경부선,340.7,철강,7.6,상,야간(18-24),0,1,0,0,1
2026-05-18,월,5,호남선,185.4,시멘트,3.2,하,오전(06-12),0,0,0,0,0
2026-11-03,화,11,중앙선,190.3,컨테이너,11.5,하,오후(12-18),0,1,0,0,0
2026-03-26,목,3,충북선,170.6,시멘트,8.8,하,야간(18-24),0,1,0,0,0
2026-12-02,수,12,경부선,373.5,컨테이너,11.3,상,야간(18-24),0,1,0,1,0
2026-12-10,목,12,충북선,207.4,컨테이너,1.0,상,오후(12-18),0,0,0,1,0
2026-02-07,토,2,충북선,138.3,시멘트,2.9,하,새벽(00-06),1,0,0,1,1
2026-08-25,화,8,호남선,175.3,철강,15.1,하,오전(06-12),0,0,1,0,0
2026-12-09,수,12,중앙선,204.7,시멘트,2.2,하,야간(18-24),0,0,0,1,0
2026-04-28,화,4,장항선,184.4,컨테이너,10.9,하,오후(12-18),0,0,0,0,0
2026-01-25,일,1,중앙선,151.2,컨테이너,7.0,하,오후(12-18),0,0,0,1,0
2026-11-16,월,11,충북선,160.9,시멘트,6.6,하,야간(18-24),0,1,0,0,1
2026-06-23,화,6,호남선,223.1,시멘트,12.5,하,오후(12-18),0,0,1,0,0
2026-01-10,토,1,충북선,130.5,석탄,12.2,상,야간(18-24),0,1,0,1,0
2026-11-03,화,11,전라선,199.6,시멘트,15.3,상,야간(18-24),0,0,0,0,0
2026-09-05,토,9,부산신항선,8.7,시멘트,5.4,상,야간(18-24),0,0,0,0,0
2026-01-26,월,1,호남선,202.9,시멘트,6.7,하,새벽(00-06),0,0,0,1,0
2026-04-05,일,4,경부선,348.0,기타,18.7,상,야간(18-24),0,0,0,0,0
2026-01-07,수,1,경부선,307.1,유류,10.7,상,야간(18-24),0,0,0,1,0
2026-12-15,화,12,충북선,162.7,시멘트,14.2,하,오후(12-18),0,0,0,1,0
2026-01-10,토,1,영동선,143.5,석탄,9.0,하,오전(06-12),0,0,0,1,0
2026-10-18,일,10,중앙선,159.8,컨테이너,14.7,상,새벽(00-06),0,0,0,0,0
2026-07-06,월,7,중앙선,170.4,컨테이너,1.0,상,오후(12-18),0,0,1,0,0
2026-08-01,토,8,충북선,178.3,컨테이너,18.9,상,오후(12-18),0,1,1,0,0
2026-10-24,토,10,경부선,359.7,철강,9.3,상,야간(18-24),0,0,0,0,0
2026-11-23,월,11,경부선,336.8,광석,4.5,하,오전(06-12),0,0,0,0,0
2026-02-16,월,2,경부선,392.6,석탄,5.6,하,새벽(00-06),0,0,0,1,0
2026-01-07,수,1,경부선,332.9,석탄,10.4,하,오후(12-18),0,0,0,1,0
2026-02-15,일,2,전라선,170.1,컨테이너,11.3,상,야간(18-24),0,0,0,1,0
2026-09-07,월,9,중앙선,196.7,광석,12.8,상,새벽(00-06),0,1,0,0,0
2026-07-27,월,7,경부선,297.4,컨테이너,4.8,상,새벽(00-06),0,0,1,0,1
2026-01-31,토,1,충북선,195.9,광석,17.2,하,야간(18-24),0,0,0,1,0
2026-03-27,금,3,중앙선,227.1,컨테이너,8.9,하,새벽(00-06),0,0,0,0,0
2026-07-16,목,7,중앙선,137.7,컨테이너,8.6,하,오전(06-12),0,1,1,0,0
2026-09-24,목,9,중앙선,240.6,시멘트,10.6,상,야간(18-24),1,1,0,0,0
2026-05-06,수,5,경부선,357.8,컨테이너,16.0,상,야간(18-24),0,0,0,0,0
2026-12-13,일,12,전라선,219.7,컨테이너,11.8,상,새벽(00-06),0,1,0,1,1
2026-12-29,화,12,경부선,317.1,석탄,8.7,하,야간(18-24),1,0,0,1,1
2026-10-07,수,10,경부선,375.9,철강,10.1,상,야간(18-24),0,0,0,0,0
2026-06-15,월,6,경부선,241.3,컨테이너,19.3,상,야간(18-24),0,1,1,0,0
2026-11-17,화,11,중앙선,208.9,시멘트,18.3,하,오전(06-12),0,0,0,0,0
2026-09-23,수,9,경부선,363.9,시멘트,14.2,상,오후(12-18),0,0,0,0,1
2026-07-09,목,7,중앙선,190.2,컨테이너,12.9,하,오전(06-12),0,0,1,0,0
2026-06-11,목,6,경부선,346.1,시멘트,25.0,상,오전(06-12),0,0,1,0,1
2026-10-31,토,10,경부선,324.3,석탄,14.8,하,오후(12-18),0,0,0,0,0
2026-07-23,목,7,부산신항선,8.2,유류,13.1,상,오전(06-12),0,0,1,0,0
2026-03-08,일,3,중앙선,165.0,시멘트,10.8,하,오전(06-12),0,0,0,0,0
2026-12-31,목,12,경부선,348.7,석탄,14.1,하,오전(06-12),0,0,0,1,0
2026-01-25,일,1,충북선,145.4,시멘트,1.0,상,새벽(00-06),1,1,0,1,0
2026-09-11,금,9,경부선,259.2,석탄,18.2,상,야간(18-24),1,0,0,0,1
2026-08-28,금,8,장항선,182.0,철강,4.4,하,야간(18-24),0,1,1,0,1
2026-08-02,일,8,경부선,299.7,시멘트,7.7,하,오전(06-12),0,1,1,0,0
2026-01-19,월,1,중앙선,151.3,컨테이너,3.6,하,야간(18-24),0,0,0,1,0
2026-06-29,월,6,호남선,210.0,유류,7.6,하,야간(18-24),0,0,1,0,0
2026-11-22,일,11,경부선,350.9,시멘트,10.0,하,오전(06-12),0,0,0,0,1
2026-03-29,일,3,경부선,321.0,시멘트,17.3,하,오후(12-18),0,0,0,0,0
2026-09-10,목,9,충북선,134.6,시멘트,19.7,상,새벽(00-06),0,0,0,0,1
2026-11-10,화,11,영동선,117.0,컨테이너,23.6,하,야간(18-24),0,0,0,0,0
2026-12-14,월,12,중앙선,229.5,시멘트,12.6,하,새벽(00-06),0,0,0,1,0
2026-07-08,수,7,전라선,295.8,시멘트,10.7,상,야간(18-24),0,0,1,0,0
2026-04-25,토,4,경부선,377.9,시멘트,16.7,상,오전(06-12),0,0,0,0,0
2026-09-13,일,9,충북선,136.2,컨테이너,6.9,상,오후(12-18),0,0,0,0,0
2026-06-27,토,6,경부선,354.5,철강,6.2,하,오후(12-18),0,0,1,0,0
2026-08-17,월,8,충북선,167.7,시멘트,9.8,하,오전(06-12),0,1,1,0,0
2026-09-28,월,9,경부선,274.1,석탄,11.8,하,야간(18-24),0,0,0,0,0
2026-09-17,목,9,충북선,168.4,컨테이너,1.0,하,오전(06-12),0,0,0,0,1
2026-03-30,월,3,경부선,396.9,시멘트,18.4,하,새벽(00-06),0,0,0,0,0
2026-10-03,토,10,전라선,265.3,컨테이너,13.4,상,야간(18-24),0,1,0,0,1
2026-07-17,금,7,장항선,159.3,철강,16.8,하,새벽(00-06),0,1,1,0,0
2026-12-06,일,12,태백선,135.8,시멘트,2.6,상,새벽(00-06),0,1,0,1,0
2026-08-29,토,8,영동선,117.2,시멘트,8.0,상,새벽(00-06),0,1,1,0,1
2026-11-22,일,11,중앙선,132.8,기타,7.7,하,오전(06-12),0,0,0,0,1
2026-12-24,목,12,전라선,178.5,컨테이너,10.8,상,야간(18-24),1,0,0,1,1
2026-12-29,화,12,경부선,326.4,시멘트,11.8,하,오후(12-18),0,1,0,1,0
2026-09-29,화,9,부산신항선,11.1,철강,17.2,하,새벽(00-06),0,0,0,0,0
2026-08-07,금,8,충북선,115.3,시멘트,12.6,상,오전(06-12),0,0,1,0,0
2026-02-13,금,2,중앙선,206.9,석탄,7.6,상,오후(12-18),1,0,0,1,1
2026-05-21,목,5,중앙선,231.3,기타,25.0,하,야간(18-24),0,0,0,0,0
2026-06-23,화,6,장항선,175.2,석탄,10.4,상,오후(12-18),0,0,1,0,0
2026-10-12,월,10,태백선,136.7,컨테이너,6.6,하,오전(06-12),0,0,0,0,0
2026-08-03,월,8,장항선,191.0,컨테이너,1.0,상,야간(18-24),1,0,1,0,0
2026-06-10,수,6,충북선,172.3,유류,12.5,하,새벽(00-06),1,1,1,0,0
2026-02-23,월,2,중앙선,134.9,컨테이너,16.1,하,야간(18-24),0,0,0,1,0
2026-09-19,토,9,호남선,185.6,시멘트,5.2,상,새벽(00-06),0,1,0,0,0
2026-06-07,일,6,충북선,151.4,광석,15.7,하,오전(06-12),0,0,1,0,0
2026-01-14,수,1,충북선,139.8,철강,12.5,상,새벽(00-06),0,0,0,1,0
2026-04-14,화,4,충북선,198.0,컨테이너,1.4,상,야간(18-24),0,0,0,0,0
2026-11-18,수,11,충북선,177.2,철강,15.8,하,오전(06-12),0,1,0,0,1
2026-02-13,금,2,전라선,196.1,시멘트,10.4,하,야간(18-24),0,0,0,1,0
2026-05-29,금,5,충북선,155.9,광석,5.2,하,야간(18-24),1,0,0,0,0
2026-07-06,월,7,부산신항선,14.0,시멘트,17.7,하,새벽(00-06),0,0,1,0,0
2026-01-31,토,1,태백선,122.6,시멘트,17.6,하,새벽(00-06),0,0,0,1,0
2026-03-02,월,3,중앙선,223.1,컨테이너,5.1,하,야간(18-24),0,0,0,0,0
2026-12-10,목,12,경부선,375.5,컨테이너,13.8,하,오후(12-18),0,0,0,1,1
2026-08-04,화,8,충북선,191.7,시멘트,13.2,상,야간(18-24),0,1,1,0,0
2026-03-18,수,3,충북선,165.8,철강,11.6,하,오후(12-18),0,0,0,0,1
2026-03-03,화,3,충북선,192.6,시멘트,8.9,상,야간(18-24),0,0,0,0,0
2026-06-05,금,6,부산신항선,9.0,유류,11.1,하,오전(06-12),0,0,1,0,0
2026-09-22,화,9,경부선,419.6,컨테이너,17.6,상,오후(12-18),0,1,0,0,0
2026-09-24,목,9,경부선,329.8,컨테이너,14.5,하,야간(18-24),0,1,0,0,0
2026-03-13,금,3,태백선,158.4,시멘트,1.0,상,오후(12-18),0,0,0,0,0
2026-09-22,화,9,호남선,199.1,석탄,1.0,상,야간(18-24),0,1,0,0,0
2026-11-24,화,11,중앙선,210.8,시멘트,1.0,상,새벽(00-06),0,0,0,0,0
2026-03-24,화,3,경부선,341.9,시멘트,3.9,상,야간(18-24),0,0,0,0,0
2026-01-10,토,1,중앙선,160.8,컨테이너,7.5,하,오전(06-12),0,1,0,1,0
2026-12-16,수,12,중앙선,159.8,석탄,9.3,하,새벽(00-06),0,0,0,1,0
2026-07-10,금,7,충북선,156.2,광석,11.6,하,오후(12-18),0,0,1,0,0
2026-10-11,일,10,경부선,364.4,철강,11.8,하,오후(12-18),0,1,0,0,0
2026-04-27,월,4,중앙선,129.2,석탄,11.7,상,야간(18-24),0,0,0,0,0
2026-04-20,월,4,전라선,218.5,석탄,18.9,상,오후(12-18),0,0,0,0,0
2026-03-24,화,3,충북선,194.0,철강,1.9,하,새벽(00-06),0,1,0,0,1
2026-03-21,토,3,전라선,192.4,철강,14.0,하,야간(18-24),1,0,0,0,1
2026-06-22,월,6,중앙선,237.2,컨테이너,14.0,상,오전(06-12),0,1,1,0,1
2026-02-08,일,2,중앙선,153.8,시멘트,4.4,하,오후(12-18),0,0,0,1,1
2026-11-04,수,11,중앙선,161.2,유류,15.2,상,오후(12-18),0,1,0,0,0
2026-07-06,월,7,호남선,204.5,유류,14.2,상,오전(06-12),0,0,1,0,0
2026-12-01,화,12,중앙선,258.9,석탄,11.7,하,오전(06-12),0,1,0,1,0
2026-07-03,금,7,충북선,145.3,컨테이너,1.0,상,오후(12-18),1,0,1,0,1
2026-04-21,화,4,충북선,118.0,철강,17.8,상,야간(18-24),0,0,0,0,0
2026-07-07,화,7,부산신항선,6.4,컨테이너,13.4,하,야간(18-24),0,0,1,0,1
2026-02-26,목,2,중앙선,225.9,컨테이너,14.4,상,야간(18-24),0,0,0,1,0
2026-10-28,수,10,중앙선,145.9,시멘트,1.0,하,새벽(00-06),0,0,0,0,0
2026-09-20,일,9,태백선,159.3,시멘트,8.8,상,새벽(00-06),1,1,0,0,0
2026-02-23,월,2,경부선,323.0,시멘트,3.4,하,새벽(00-06),0,0,0,1,0
2026-08-01,토,8,충북선,160.5,시멘트,19.8,하,야간(18-24),1,0,1,0,1
2026-07-16,목,7,중앙선,203.7,석탄,5.4,상,새벽(00-06),0,0,1,0,0
2026-03-15,일,3,영동선,97.8,컨테이너,20.9,하,오후(12-18),0,0,0,0,0
2026-02-14,토,2,전라선,233.5,컨테이너,17.7,하,야간(18-24),0,0,0,1,0
2026-10-05,월,10,경부선,272.5,석탄,13.3,상,오후(12-18),0,0,0,0,0
2026-04-07,화,4,태백선,162.5,광석,18.8,하,새벽(00-06),0,1,0,0,0
2026-07-09,목,7,전라선,198.6,유류,6.3,상,새벽(00-06),0,0,1,0,0
2026-04-01,수,4,충북선,172.3,컨테이너,7.4,하,오후(12-18),0,1,0,0,0
2026-08-27,목,8,경부선,278.8,시멘트,17.5,상,오전(06-12),0,0,1,0,0
2026-01-18,일,1,경부선,298.9,철강,6.4,상,오전(06-12),0,1,0,1,0
2026-05-12,화,5,충북선,152.0,컨테이너,4.0,상,새벽(00-06),0,0,0,0,0
2026-07-19,일,7,중앙선,297.6,석탄,10.1,상,야간(18-24),0,0,1,0,0
2026-06-10,수,6,태백선,135.2,시멘트,6.7,상,야간(18-24),0,0,1,0,0
2026-08-12,수,8,경부선,287.3,석탄,23.2,하,오후(12-18),0,0,1,0,0
2026-03-07,토,3,충북선,150.2,컨테이너,16.7,하,오전(06-12),0,0,0,0,0
2026-06-11,목,6,경부선,260.0,컨테이너,8.5,하,오전(06-12),0,0,1,0,1
2026-10-04,일,10,충북선,157.2,컨테이너,6.0,하,새벽(00-06),0,0,0,0,0
2026-05-02,토,5,경부선,394.2,시멘트,14.0,하,야간(18-24),0,0,0,0,1
2026-02-27,금,2,중앙선,205.1,컨테이너,19.1,하,오전(06-12),0,1,0,1,0
2026-11-06,금,11,경부선,356.3,시멘트,13.7,하,새벽(00-06),0,0,0,0,0
2026-10-12,월,10,충북선,138.6,시멘트,6.3,상,야간(18-24),0,0,0,0,0
2026-09-06,일,9,중앙선,186.2,컨테이너,3.4,하,야간(18-24),0,0,0,0,0
2026-10-19,월,10,장항선,183.7,컨테이너,9.7,하,새벽(00-06),0,0,0,0,0
2026-10-12,월,10,경부선,291.2,컨테이너,13.9,상,오후(12-18),0,0,0,0,0
2026-09-30,수,9,충북선,171.3,기타,9.2,하,야간(18-24),0,0,0,0,0
2026-07-05,일,7,충북선,176.7,컨테이너,18.0,상,새벽(00-06),0,1,1,0,0
2026-01-08,목,1,경부선,341.9,석탄,15.2,상,야간(18-24),0,0,0,1,0
2026-08-06,목,8,경부선,314.2,시멘트,13.4,상,오전(06-12),0,0,1,0,1
2026-04-10,금,4,중앙선,231.5,컨테이너,15.0,상,오후(12-18),0,1,0,0,0
2026-10-10,토,10,충북선,154.9,유류,3.7,하,새벽(00-06),0,1,0,0,0
2026-06-20,토,6,영동선,104.6,석탄,9.0,하,새벽(00-06),0,0,1,0,0
2026-11-27,금,11,경부선,377.9,석탄,5.8,상,오후(12-18),1,0,0,0,0
2026-08-06,목,8,전라선,196.2,컨테이너,14.3,하,새벽(00-06),0,0,1,0,0
2026-07-20,월,7,전라선,178.3,컨테이너,5.8,하,오후(12-18),0,0,1,0,0
2026-12-02,수,12,전라선,203.4,컨테이너,12.5,하,새벽(00-06),0,1,0,1,0
2026-06-23,화,6,충북선,171.0,시멘트,11.0,상,야간(18-24),0,0,1,0,0
2026-05-18,월,5,영동선,129.1,광석,15.6,하,새벽(00-06),0,0,0,0,0
2026-05-16,토,5,충북선,144.8,시멘트,4.8,하,오후(12-18),0,0,0,0,0
2026-11-16,월,11,태백선,171.8,컨테이너,14.7,상,새벽(00-06),0,0,0,0,1
2026-10-04,일,10,경부선,321.3,컨테이너,5.6,하,야간(18-24),0,0,0,0,1
2026-03-01,일,3,장항선,177.3,시멘트,6.2,상,새벽(00-06),0,0,0,0,0
2026-06-29,월,6,영동선,97.1,컨테이너,11.1,하,새벽(00-06),0,1,1,0,0
2026-05-16,토,5,부산신항선,16.5,시멘트,19.2,하,오전(06-12),0,0,0,0,0
2026-08-25,화,8,중앙선,188.0,기타,7.0,하,야간(18-24),0,0,1,0,0
2026-01-20,화,1,태백선,108.9,시멘트,1.3,하,새벽(00-06),0,1,0,1,0
2026-09-18,금,9,경부선,418.5,컨테이너,6.3,하,오후(12-18),0,0,0,0,0
2026-09-29,화,9,전라선,241.2,컨테이너,9.7,상,새벽(00-06),0,0,0,0,0
2026-03-24,화,3,중앙선,221.3,시멘트,23.2,하,야간(18-24),0,1,0,0,1
2026-02-24,화,2,전라선,279.8,컨테이너,14.3,상,새벽(00-06),0,1,0,1,1
2026-08-18,화,8,중앙선,214.8,광석,7.5,하,새벽(00-06),0,0,1,0,1
2026-04-04,토,4,경부선,359.2,시멘트,11.2,하,오후(12-18),0,0,0,0,0
2026-12-10,목,12,경부선,322.4,시멘트,21.4,상,새벽(00-06),0,0,0,1,0
2026-10-10,토,10,경부선,349.5,철강,10.6,하,오전(06-12),0,0,0,0,0
2026-12-15,화,12,중앙선,192.1,컨테이너,10.6,상,야간(18-24),0,0,0,1,0
2026-07-15,수,7,태백선,135.1,컨테이너,9.6,상,야간(18-24),0,0,1,0,0
2026-12-09,수,12,전라선,233.0,석탄,16.2,하,새벽(00-06),0,0,0,1,0
2026-01-06,화,1,장항선,171.7,컨테이너,8.8,상,새벽(00-06),0,0,0,1,0
2026-04-16,목,4,장항선,189.7,컨테이너,17.2,상,새벽(00-06),0,0,0,0,0
2026-01-01,목,1,중앙선,210.9,광석,18.4,하,오전(06-12),0,0,0,1,0
2026-09-05,토,9,충북선,181.8,철강,15.7,하,오후(12-18),0,0,0,0,0
2026-07-06,월,7,충북선,177.3,컨테이너,10.7,상,오전(06-12),0,0,1,0,0
2026-04-15,수,4,경부선,400.2,광석,3.6,상,야간(18-24),0,0,0,0,0
2026-04-22,수,4,충북선,187.6,컨테이너,10.7,상,오후(12-18),0,1,0,0,1
2026-08-23,일,8,전라선,223.2,철강,8.0,하,오후(12-18),0,0,1,0,0
2026-03-07,토,3,충북선,172.6,시멘트,7.3,하,오전(06-12),0,0,0,0,0
2026-07-07,화,7,장항선,207.9,시멘트,10.6,하,오전(06-12),0,0,1,0,0
2026-08-12,수,8,경부선,282.2,석탄,14.9,하,오전(06-12),0,1,1,0,1
2026-03-29,일,3,장항선,219.9,컨테이너,8.3,상,새벽(00-06),0,0,0,0,0
2026-03-25,수,3,경부선,289.2,광석,3.8,하,새벽(00-06),0,0,0,0,0
2026-05-10,일,5,부산신항선,13.3,컨테이너,6.2,하,야간(18-24),0,0,0,0,0
2026-08-05,수,8,경부선,320.5,광석,22.1,상,야간(18-24),0,0,1,0,0
2026-04-03,금,4,중앙선,191.5,컨테이너,15.3,하,새벽(00-06),0,0,0,0,0
2026-05-19,화,5,중앙선,147.7,컨테이너,6.3,상,새벽(00-06),1,0,0,0,1
2026-07-18,토,7,경부선,356.5,컨테이너,19.7,하,야간(18-24),1,0,1,0,1
2026-03-10,화,3,중앙선,148.2,시멘트,10.6,하,오후(12-18),0,1,0,0,0
2026-07-27,월,7,경부선,262.5,시멘트,25.0,상,새벽(00-06),0,0,1,0,0
2026-02-20,금,2,충북선,190.3,석탄,13.6,하,야간(18-24),0,0,0,1,0
2026-02-22,일,2,부산신항선,16.0,유류,15.4,하,야간(18-24),0,0,0,1,0
2026-03-28,토,3,중앙선,169.9,시멘트,17.0,하,새벽(00-06),0,0,0,0,0
2026-04-15,수,4,충북선,186.4,시멘트,20.9,하,오후(12-18),0,0,0,0,0
2026-01-11,일,1,태백선,151.4,컨테이너,9.4,상,야간(18-24),0,1,0,1,0
2026-12-17,목,12,중앙선,190.1,석탄,20.4,상,오후(12-18),0,1,0,1,0
2026-04-23,목,4,태백선,162.2,광석,8.3,하,오후(12-18),0,0,0,0,0
2026-10-21,수,10,중앙선,187.6,시멘트,9.8,상,새벽(00-06),1,0,0,0,0
2026-11-26,목,11,중앙선,211.4,시멘트,12.1,상,오후(12-18),1,0,0,0,0
2026-10-20,화,10,경부선,270.0,시멘트,17.5,하,야간(18-24),0,0,0,0,0
2026-10-31,토,10,경부선,271.8,컨테이너,10.0,하,오전(06-12),0,0,0,0,0
2026-02-06,금,2,충북선,190.5,시멘트,21.9,하,오전(06-12),0,0,0,1,0
2026-05-16,토,5,태백선,146.5,컨테이너,20.0,하,오후(12-18),0,0,0,0,0
2026-09-30,수,9,경부선,314.5,유류,12.2,상,오후(12-18),0,0,0,0,0
2026-07-30,목,7,부산신항선,16.3,컨테이너,6.2,상,야간(18-24),0,0,1,0,0
2026-01-03,토,1,중앙선,259.7,컨테이너,18.0,하,야간(18-24),1,0,0,1,1
2026-07-27,월,7,중앙선,208.7,컨테이너,1.0,상,오후(12-18),1,1,1,0,0
2026-10-21,수,10,부산신항선,6.2,시멘트,16.4,하,야간(18-24),0,0,0,0,0
2026-10-30,금,10,부산신항선,10.3,철강,7.1,상,오전(06-12),0,0,0,0,0
2026-05-21,목,5,충북선,140.5,광석,19.5,상,오전(06-12),0,0,0,0,0
2026-03-28,토,3,경부선,323.8,시멘트,3.7,하,오전(06-12),0,0,0,0,0
2026-04-23,목,4,경부선,282.7,컨테이너,8.0,상,새벽(00-06),0,0,0,0,0
2026-04-19,일,4,경부선,272.4,철강,14.6,상,새벽(00-06),0,1,0,0,0
2026-05-07,목,5,장항선,134.3,석탄,15.6,하,오전(06-12),0,1,0,0,0
2026-04-21,화,4,중앙선,199.2,석탄,8.2,하,오전(06-12),0,0,0,0,0
2026-06-16,화,6,전라선,160.4,시멘트,10.0,하,야간(18-24),0,0,1,0,0
2026-01-15,목,1,경부선,307.4,시멘트,17.7,상,야간(18-24),0,1,0,1,1
2026-04-11,토,4,중앙선,217.6,컨테이너,18.0,하,야간(18-24),0,1,0,0,1
2026-04-25,토,4,중앙선,168.0,컨테이너,9.9,하,새벽(00-06),0,1,0,0,0
2026-02-25,수,2,충북선,134.2,광석,8.4,상,새벽(00-06),0,1,0,1,1
2026-11-17,화,11,충북선,159.6,컨테이너,3.8,하,새벽(00-06),1,0,0,0,1
2026-09-04,금,9,영동선,97.4,컨테이너,13.5,하,오전(06-12),0,0,0,0,0
2026-11-29,일,11,부산신항선,11.2,컨테이너,16.9,상,새벽(00-06),0,0,0,0,0
2026-07-24,금,7,전라선,198.4,컨테이너,12.9,하,새벽(00-06),0,0,1,0,0
2026-02-10,화,2,경부선,316.0,광석,6.5,상,새벽(00-06),0,0,0,1,0
2026-11-27,금,11,부산신항선,9.6,컨테이너,22.7,하,오후(12-18),0,0,0,0,0
2026-06-17,수,6,부산신항선,10.6,시멘트,1.0,상,야간(18-24),0,1,1,0,1
2026-09-07,월,9,부산신항선,15.5,유류,17.3,하,새벽(00-06),0,0,0,0,0
2026-05-20,수,5,중앙선,200.3,컨테이너,13.3,하,새벽(00-06),0,0,0,0,1
2026-06-30,화,6,경부선,340.4,컨테이너,14.8,하,오전(06-12),0,1,1,0,1
2026-06-28,일,6,장항선,167.1,시멘트,7.3,상,오후(12-18),0,0,1,0,1
2026-04-14,화,4,중앙선,201.1,컨테이너,11.1,상,오전(06-12),0,1,0,0,0
2026-07-22,수,7,중앙선,183.7,컨테이너,13.8,상,새벽(00-06),0,0,1,0,0
2026-09-25,금,9,중앙선,194.3,시멘트,11.5,상,새벽(00-06),0,0,0,0,0
2026-01-08,목,1,충북선,177.5,컨테이너,1.2,하,오전(06-12),0,0,0,1,0
2026-02-17,화,2,중앙선,175.8,석탄,22.3,하,새벽(00-06),0,0,0,1,0
2026-11-04,수,11,전라선,217.5,광석,15.9,상,오후(12-18),1,0,0,0,1
2026-07-27,월,7,전라선,214.8,컨테이너,12.2,하,야간(18-24),0,1,1,0,0
2026-12-22,화,12,충북선,148.7,컨테이너,12.6,하,야간(18-24),0,0,0,1,0
2026-08-09,일,8,경부선,327.1,컨테이너,22.1,하,오전(06-12),0,0,1,0,0
2026-08-27,목,8,호남선,199.1,컨테이너,7.5,상,야간(18-24),0,1,1,0,0
2026-11-25,수,11,중앙선,245.7,시멘트,6.2,하,오전(06-12),0,0,0,0,0
2026-08-30,일,8,중앙선,287.1,시멘트,17.1,하,새벽(00-06),0,0,1,0,0
2026-05-01,금,5,중앙선,173.4,컨테이너,14.8,상,새벽(00-06),0,0,0,0,0
2026-07-12,일,7,중앙선,203.6,컨테이너,5.9,하,오전(06-12),0,1,1,0,0
2026-03-27,금,3,전라선,260.5,컨테이너,18.5,상,야간(18-24),0,0,0,0,0
2026-05-03,일,5,경부선,309.6,석탄,13.8,하,야간(18-24),0,0,0,0,0
2026-09-06,일,9,부산신항선,7.6,시멘트,6.6,상,오전(06-12),0,0,0,0,0
2026-02-24,화,2,경부선,389.7,철강,14.9,상,야간(18-24),0,0,0,1,0
2026-09-03,목,9,영동선,120.1,시멘트,14.0,하,새벽(00-06),0,1,0,0,0
2026-08-02,일,8,충북선,169.3,시멘트,11.5,상,오후(12-18),0,0,1,0,0
2026-04-23,목,4,경부선,378.2,석탄,14.3,하,새벽(00-06),0,1,0,0,0
2026-01-17,토,1,충북선,180.6,컨테이너,15.8,상,오전(06-12),0,0,0,1,0
2026-09-15,화,9,중앙선,191.6,석탄,17.5,하,야간(18-24),0,0,0,0,0
2026-10-28,수,10,호남선,183.8,시멘트,12.6,하,오전(06-12),1,0,0,0,1
2026-09-24,목,9,장항선,169.7,시멘트,10.4,하,새벽(00-06),0,0,0,0,0
2026-06-03,수,6,충북선,191.4,시멘트,13.4,하,야간(18-24),0,0,1,0,0
2026-08-27,목,8,중앙선,217.2,시멘트,19.1,하,새벽(00-06),0,0,1,0,1
2026-06-01,월,6,영동선,107.0,석탄,15.8,상,새벽(00-06),0,0,1,0,0
2026-05-11,월,5,전라선,282.4,컨테이너,10.0,하,오전(06-12),0,0,0,0,0
2026-04-30,목,4,충북선,157.4,시멘트,12.3,하,오후(12-18),1,0,0,0,1
2026-03-18,수,3,중앙선,227.9,컨테이너,22.0,하,오전(06-12),0,0,0,0,0
2026-12-20,일,12,중앙선,201.0,컨테이너,16.5,하,야간(18-24),0,0,0,1,0
2026-09-01,화,9,전라선,287.4,컨테이너,12.9,하,새벽(00-06),0,0,0,0,0
2026-03-05,목,3,충북선,180.1,시멘트,18.8,하,오후(12-18),0,0,0,0,0
2026-11-12,목,11,태백선,136.4,시멘트,8.7,하,새벽(00-06),0,1,0,0,0
2026-02-25,수,2,충북선,156.8,유류,14.0,하,새벽(00-06),1,0,0,1,0
2026-08-05,수,8,충북선,160.9,시멘트,23.3,하,새벽(00-06),0,0,1,0,0
2026-03-02,월,3,중앙선,167.9,철강,15.9,하,새벽(00-06),1,0,0,0,1
2026-05-12,화,5,장항선,152.3,유류,21.7,하,오후(12-18),1,0,0,0,0
2026-08-29,토,8,중앙선,204.1,컨테이너,11.5,하,야간(18-24),0,0,1,0,0
2026-12-31,목,12,태백선,124.8,철강,9.1,하,야간(18-24),0,0,0,1,0
2026-12-29,화,12,중앙선,174.5,컨테이너,19.0,하,오후(12-18),0,0,0,1,0
2026-11-23,월,11,전라선,226.7,컨테이너,1.0,상,오전(06-12),0,1,0,0,0
2026-03-27,금,3,부산신항선,10.8,기타,13.1,하,새벽(00-06),0,0,0,0,0
2026-02-04,수,2,장항선,179.7,컨테이너,18.2,하,새벽(00-06),0,0,0,1,0
2026-11-27,금,11,중앙선,254.1,광석,15.4,상,오전(06-12),0,0,0,0,0
2026-12-03,목,12,전라선,249.3,유류,1.0,하,오후(12-18),0,0,0,1,0
2026-04-12,일,4,경부선,404.5,유류,3.9,상,오후(12-18),0,0,0,0,0
2026-01-07,수,1,경부선,302.6,시멘트,11.3,상,야간(18-24),0,1,0,1,0
2026-08-25,화,8,장항선,195.3,시멘트,14.8,하,새벽(00-06),1,0,1,0,1
2026-01-28,수,1,장항선,171.9,시멘트,15.1,하,새벽(00-06),0,1,0,1,0
2026-01-15,목,1,경부선,297.8,시멘트,12.0,상,야간(18-24),0,0,0,1,0
2026-12-09,수,12,호남선,261.8,유류,16.4,상,오전(06-12),0,0,0,1,0
2026-06-30,화,6,중앙선,166.4,시멘트,14.6,상,야간(18-24),0,0,1,0,0
2026-02-10,화,2,부산신항선,5.0,시멘트,11.2,하,새벽(00-06),0,0,0,1,0
2026-08-27,목,8,장항선,165.4,기타,15.2,상,새벽(00-06),0,0,1,0,0
2026-05-15,금,5,부산신항선,5.0,시멘트,8.1,상,오전(06-12),0,0,0,0,0
2026-07-15,수,7,태백선,116.5,유류,15.8,하,새벽(00-06),0,0,1,0,0
2026-11-25,수,11,영동선,96.9,컨테이너,6.9,하,야간(18-24),0,0,0,0,0
2026-03-28,토,3,충북선,162.2,컨테이너,14.9,상,오전(06-12),0,0,0,0,0
2026-08-24,월,8,경부선,238.2,시멘트,14.8,하,오전(06-12),0,1,1,0,0
2026-10-30,금,10,중앙선,235.2,시멘트,10.2,하,오전(06-12),0,0,0,0,0
2026-06-04,목,6,장항선,142.1,철강,15.8,하,새벽(00-06),0,0,1,0,0
2026-12-21,월,12,경부선,315.1,컨테이너,21.3,하,오후(12-18),0,0,0,1,1
2026-06-13,토,6,호남선,200.1,컨테이너,5.9,하,새벽(00-06),0,0,1,0,0
2026-06-17,수,6,경부선,353.2,유류,17.7,상,오후(12-18),0,0,1,0,0
2026-11-19,목,11,부산신항선,11.7,시멘트,18.5,상,오전(06-12),0,0,0,0,0
2026-08-21,금,8,중앙선,234.8,시멘트,10.8,상,야간(18-24),0,0,1,0,0
2026-11-14,토,11,태백선,128.3,컨테이너,16.8,하,오전(06-12),0,0,0,0,0
2026-10-16,금,10,호남선,196.6,광석,10.5,상,야간(18-24),0,0,0,0,0
2026-09-18,금,9,중앙선,207.7,광석,19.5,상,새벽(00-06),0,0,0,0,0
2026-03-30,월,3,전라선,260.3,시멘트,1.0,상,오후(12-18),0,0,0,0,0
2026-05-26,화,5,경부선,353.2,컨테이너,20.7,상,오후(12-18),0,0,0,0,0
2026-11-12,목,11,장항선,186.0,기타,5.3,상,새벽(00-06),0,0,0,0,0
2026-08-13,목,8,태백선,140.2,광석,12.5,하,새벽(00-06),0,1,1,0,0
2026-04-13,월,4,중앙선,192.0,시멘트,7.1,상,오후(12-18),0,0,0,0,0
2026-04-30,목,4,경부선,336.6,석탄,21.0,하,오전(06-12),0,0,0,0,0
2026-10-11,일,10,중앙선,264.5,시멘트,10.6,하,새벽(00-06),0,0,0,0,1
2026-03-07,토,3,경부선,310.5,컨테이너,8.7,하,오후(12-18),1,1,0,0,0
2026-02-10,화,2,태백선,128.2,석탄,18.7,상,새벽(00-06),1,0,0,1,0
2026-10-07,수,10,경부선,302.6,석탄,16.4,상,오전(06-12),0,0,0,0,0
2026-04-16,목,4,호남선,217.9,시멘트,10.0,상,새벽(00-06),0,0,0,0,0
2026-10-07,수,10,영동선,78.0,유류,6.1,상,오전(06-12),0,0,0,0,0
2026-07-14,화,7,부산신항선,10.2,시멘트,5.2,하,야간(18-24),1,0,1,0,0
2026-12-31,목,12,충북선,183.3,유류,19.7,상,야간(18-24),0,1,0,1,0
2026-07-11,토,7,경부선,299.2,컨테이너,14.5,하,오전(06-12),0,0,1,0,0
2026-11-13,금,11,장항선,183.3,기타,13.0,하,오전(06-12),0,0,0,0,1
2026-11-07,토,11,전라선,292.7,컨테이너,15.0,상,야간(18-24),0,1,0,0,0
2026-03-19,목,3,영동선,114.8,컨테이너,1.0,상,오후(12-18),0,0,0,0,0
2026-12-30,수,12,중앙선,114.9,시멘트,10.1,하,새벽(00-06),0,0,0,1,1
2026-09-30,수,9,경부선,263.8,컨테이너,10.2,상,야간(18-24),0,0,0,0,0
2026-02-09,월,2,영동선,106.0,컨테이너,17.9,상,야간(18-24),0,0,0,1,1
2026-01-03,토,1,태백선,119.4,철강,3.2,상,오전(06-12),0,0,0,1,0
2026-04-10,금,4,경부선,324.3,컨테이너,18.3,하,야간(18-24),1,1,0,0,0
2026-01-06,화,1,전라선,220.6,철강,22.8,상,오후(12-18),0,0,0,1,0
2026-05-11,월,5,경부선,366.8,컨테이너,1.7,하,야간(18-24),0,1,0,0,0
2026-12-30,수,12,충북선,134.0,시멘트,12.1,상,오전(06-12),0,0,0,1,0
2026-06-24,수,6,중앙선,186.0,시멘트,15.0,하,오전(06-12),0,0,1,0,0
2026-01-09,금,1,중앙선,200.9,시멘트,17.2,하,오전(06-12),0,0,0,1,0
2026-06-30,화,6,경부선,333.8,시멘트,1.0,하,새벽(00-06),0,0,1,0,0
2026-03-21,토,3,경부선,326.1,시멘트,14.0,상,오전(06-12),0,1,0,0,1
2026-11-09,월,11,중앙선,108.9,컨테이너,10.7,하,오전(06-12),0,0,0,0,0
2026-02-03,화,2,경부선,323.5,컨테이너,10.3,상,새벽(00-06),0,1,0,1,0
2026-10-09,금,10,중앙선,188.0,석탄,24.4,상,야간(18-24),0,1,0,0,0
2026-06-12,금,6,충북선,182.9,시멘트,10.7,상,새벽(00-06),0,1,1,0,1
2026-01-07,수,1,전라선,251.1,시멘트,14.7,하,야간(18-24),0,0,0,1,0
2026-09-03,목,9,전라선,236.6,컨테이너,11.3,상,오전(06-12),0,0,0,0,0
2026-06-16,화,6,경부선,332.7,광석,13.4,상,오전(06-12),1,0,1,0,1
2026-10-09,금,10,경부선,374.3,컨테이너,15.3,상,야간(18-24),0,1,0,0,0
2026-08-14,금,8,태백선,158.5,광석,17.4,상,오전(06-12),0,0,1,0,0
2026-10-15,목,10,부산신항선,11.4,컨테이너,7.3,상,오전(06-12),0,1,0,0,0
2026-06-18,목,6,영동선,142.0,기타,12.9,하,새벽(00-06),0,0,1,0,0
2026-01-03,토,1,호남선,192.5,시멘트,13.1,상,오후(12-18),0,0,0,1,0
2026-02-17,화,2,충북선,131.7,시멘트,2.1,상,야간(18-24),0,0,0,1,0
2026-06-17,수,6,부산신항선,10.6,컨테이너,6.3,하,오전(06-12),0,0,1,0,0
2026-05-26,화,5,중앙선,180.2,광석,17.3,상,새벽(00-06),0,0,0,0,0
2026-10-17,토,10,장항선,130.3,컨테이너,9.2,하,야간(18-24),0,0,0,0,0
2026-05-31,일,5,호남선,191.9,철강,25.0,상,오후(12-18),0,0,0,0,0
2026-11-10,화,11,장항선,186.5,컨테이너,17.8,하,오전(06-12),0,0,0,0,0
2026-03-10,화,3,중앙선,191.3,시멘트,14.7,하,야간(18-24),0,1,0,0,0
2026-05-21,목,5,중앙선,166.1,철강,21.1,상,오전(06-12),0,0,0,0,0
2026-10-04,일,10,경부선,321.9,시멘트,16.6,상,오후(12-18),0,0,0,0,0
2026-02-15,일,2,중앙선,197.6,석탄,13.1,상,오전(06-12),0,0,0,1,0
2026-04-28,화,4,태백선,149.8,철강,3.5,상,새벽(00-06),0,0,0,0,0
2026-10-02,금,10,전라선,210.2,시멘트,16.0,상,새벽(00-06),0,0,0,0,0
2026-08-03,월,8,경부선,355.2,컨테이너,20.4,상,야간(18-24),0,0,1,0,0
2026-10-11,일,10,전라선,196.7,시멘트,8.4,상,야간(18-24),0,0,0,0,1
2026-07-08,수,7,중앙선,175.7,철강,1.0,하,새벽(00-06),0,0,1,0,0
2026-11-10,화,11,충북선,203.8,컨테이너,5.6,상,새벽(00-06),0,0,0,0,0
2026-11-17,화,11,중앙선,157.5,석탄,22.6,상,새벽(00-06),0,0,0,0,0
2026-12-22,화,12,충북선,144.8,컨테이너,12.5,상,오전(06-12),0,0,0,1,0
2026-02-14,토,2,전라선,191.8,광석,20.8,하,오후(12-18),0,0,0,1,0
2026-08-04,화,8,전라선,204.6,시멘트,12.1,상,오후(12-18),0,0,1,0,0
2026-02-11,수,2,장항선,182.4,시멘트,9.0,상,새벽(00-06),0,0,0,1,0
2026-03-25,수,3,중앙선,218.0,유류,24.8,하,오전(06-12),0,0,0,0,0
2026-04-20,월,4,전라선,228.8,철강,9.8,하,오전(06-12),0,1,0,0,0
2026-08-24,월,8,경부선,307.2,컨테이너,10.5,상,새벽(00-06),0,0,1,0,1
2026-06-07,일,6,중앙선,149.8,컨테이너,14.8,하,오후(12-18),0,1,1,0,0
2026-11-12,목,11,충북선,143.1,시멘트,10.3,상,오후(12-18),0,1,0,0,0
2026-04-19,일,4,전라선,183.0,시멘트,16.7,상,오후(12-18),0,0,0,0,0
2026-08-14,금,8,부산신항선,12.8,컨테이너,14.7,상,오후(12-18),0,1,1,0,0
2026-10-06,화,10,중앙선,221.5,시멘트,14.9,상,야간(18-24),0,0,0,0,0
2026-12-24,목,12,태백선,134.7,컨테이너,8.3,상,오후(12-18),0,0,0,1,0
2026-03-31,화,3,중앙선,208.8,컨테이너,2.0,상,야간(18-24),0,1,0,0,0
2026-09-25,금,9,충북선,183.2,컨테이너,7.0,상,오전(06-12),0,0,0,0,0
2026-01-31,토,1,태백선,137.5,컨테이너,7.5,상,새벽(00-06),0,0,0,1,0
2026-07-18,토,7,전라선,271.2,시멘트,13.8,상,새벽(00-06),0,0,1,0,0
2026-06-01,월,6,태백선,115.0,컨테이너,7.1,하,오전(06-12),1,0,1,0,0
2026-12-16,수,12,태백선,128.5,컨테이너,3.2,하,야간(18-24),0,0,0,1,0
2026-10-10,토,10,경부선,301.5,유류,5.1,상,오후(12-18),0,0,0,0,0
2026-12-05,토,12,영동선,119.5,시멘트,14.3,하,새벽(00-06),0,0,0,1,0
2026-11-07,토,11,호남선,172.3,광석,16.1,하,새벽(00-06),1,1,0,0,0
2026-05-30,토,5,중앙선,244.0,기타,9.0,하,오전(06-12),0,0,0,0,0
2026-09-25,금,9,경부선,342.7,시멘트,9.6,상,오전(06-12),0,0,0,0,0
2026-01-12,월,1,중앙선,254.6,철강,15.7,하,오후(12-18),0,0,0,1,0
2026-07-23,목,7,태백선,134.7,컨테이너,13.0,상,새벽(00-06),0,1,1,0,0
2026-01-18,일,1,호남선,194.4,석탄,19.1,하,오전(06-12),0,1,0,1,0
2026-09-22,화,9,태백선,148.6,시멘트,11.1,하,오전(06-12),0,0,0,0,0
2026-12-19,토,12,중앙선,229.4,석탄,7.0,상,야간(18-24),0,0,0,1,0
2026-09-06,일,9,경부선,291.6,컨테이너,18.5,하,야간(18-24),0,0,0,0,0
2026-11-03,화,11,충북선,111.4,광석,10.1,상,오전(06-12),0,0,0,0,1
2026-03-27,금,3,중앙선,129.4,시멘트,7.3,상,오전(06-12),0,0,0,0,0
2026-12-29,화,12,경부선,330.7,철강,17.4,상,야간(18-24),0,0,0,1,0
2026-07-21,화,7,경부선,381.8,기타,20.7,하,야간(18-24),0,1,1,0,0
2026-09-04,금,9,경부선,268.2,유류,13.1,상,오후(12-18),0,1,0,0,0
2026-10-09,금,10,경부선,309.3,컨테이너,6.0,상,오후(12-18),0,0,0,0,0
2026-08-22,토,8,장항선,172.6,시멘트,21.2,상,오후(12-18),0,1,1,0,0
2026-04-26,일,4,중앙선,260.5,석탄,14.3,하,오후(12-18),0,0,0,0,0
2026-08-12,수,8,중앙선,272.4,시멘트,13.3,하,야간(18-24),0,0,1,0,0
2026-08-27,목,8,충북선,171.9,시멘트,9.6,상,오후(12-18),0,0,1,0,0
2026-11-09,월,11,호남선,230.7,석탄,18.8,하,오후(12-18),0,0,0,0,0
2026-06-25,목,6,장항선,197.0,광석,5.3,상,야간(18-24),0,0,1,0,0
2026-07-03,금,7,전라선,191.0,컨테이너,4.8,하,야간(18-24),0,0,1,0,0
2026-07-03,금,7,전라선,250.4,컨테이너,23.4,하,오전(06-12),0,0,1,0,1
2026-02-11,수,2,전라선,198.8,석탄,6.8,하,야간(18-24),0,0,0,1,0
2026-02-02,월,2,전라선,224.3,시멘트,17.8,상,오전(06-12),0,0,0,1,1
2026-01-08,목,1,중앙선,233.2,광석,20.3,상,새벽(00-06),1,0,0,1,0
2026-09-01,화,9,충북선,163.3,철강,13.3,하,새벽(00-06),0,0,0,0,0
2026-06-02,화,6,중앙선,231.9,시멘트,6.7,상,새벽(00-06),0,1,1,0,0
2026-11-12,목,11,중앙선,238.8,석탄,15.8,하,오전(06-12),0,0,0,0,0
2026-09-14,월,9,경부선,249.9,유류,20.4,하,야간(18-24),0,0,0,0,0
2026-02-21,토,2,중앙선,117.1,시멘트,14.1,상,오전(06-12),0,1,0,1,0
2026-02-06,금,2,중앙선,234.0,컨테이너,7.5,하,야간(18-24),0,1,0,1,0
2026-05-14,목,5,충북선,191.4,석탄,13.8,하,새벽(00-06),0,0,0,0,0
2026-12-03,목,12,중앙선,202.3,컨테이너,3.7,상,새벽(00-06),0,0,0,1,0
2026-01-18,일,1,경부선,335.9,광석,6.2,하,새벽(00-06),1,0,0,1,1
2026-03-10,화,3,중앙선,224.6,컨테이너,10.4,상,오전(06-12),0,1,0,0,0
2026-01-11,일,1,중앙선,223.9,시멘트,12.4,상,야간(18-24),0,1,0,1,1
2026-05-31,일,5,전라선,220.3,광석,4.8,하,새벽(00-06),0,0,0,0,1
2026-12-28,월,12,중앙선,226.8,컨테이너,13.5,상,오전(06-12),1,1,0,1,1
2026-09-07,월,9,경부선,306.3,컨테이너,15.1,상,야간(18-24),0,0,0,0,0
2026-06-30,화,6,경부선,329.9,컨테이너,10.7,상,오전(06-12),0,0,1,0,0
2026-02-22,일,2,중앙선,200.3,기타,1.0,상,오전(06-12),0,0,0,1,1
2026-05-10,일,5,경부선,285.8,기타,12.6,상,오전(06-12),0,0,0,0,0
2026-07-11,토,7,중앙선,167.3,시멘트,22.9,하,오후(12-18),1,0,1,0,1
2026-04-11,토,4,충북선,217.2,철강,14.7,상,오전(06-12),0,1,0,0,0
2026-09-15,화,9,호남선,185.9,철강,12.1,하,오후(12-18),0,0,0,0,0
2026-12-24,목,12,전라선,240.5,컨테이너,9.8,하,야간(18-24),0,1,0,1,0
2026-03-17,화,3,경부선,343.4,컨테이너,15.5,상,새벽(00-06),0,0,0,0,0
2026-04-03,금,4,중앙선,191.4,유류,13.3,상,오후(12-18),0,0,0,0,0
2026-02-16,월,2,장항선,193.0,컨테이너,16.2,하,야간(18-24),0,0,0,1,1
2026-09-22,화,9,경부선,333.4,시멘트,5.4,상,새벽(00-06),0,1,0,0,1
2026-06-18,목,6,호남선,186.4,컨테이너,12.7,하,새벽(00-06),0,0,1,0,0
2026-04-14,화,4,충북선,174.7,시멘트,9.2,하,오후(12-18),0,1,0,0,0
2026-03-22,일,3,경부선,298.4,컨테이너,14.2,하,오후(12-18),0,1,0,0,0
2026-01-26,월,1,경부선,389.8,컨테이너,1.0,상,오전(06-12),1,0,0,1,0
2026-06-23,화,6,부산신항선,11.9,컨테이너,9.6,하,야간(18-24),0,0,1,0,0
2026-09-07,월,9,영동선,99.3,기타,15.3,하,새벽(00-06),0,0,0,0,0
2026-03-27,금,3,태백선,142.3,컨테이너,16.2,상,새벽(00-06),0,1,0,0,0
2026-01-01,목,1,중앙선,160.9,시멘트,11.8,하,새벽(00-06),0,1,0,1,0
2026-06-22,월,6,장항선,184.8,시멘트,1.0,상,야간(18-24),0,0,1,0,1
2026-09-04,금,9,경부선,311.2,컨테이너,15.8,하,새벽(00-06),0,0,0,0,0
2026-05-06,수,5,중앙선,164.4,철강,21.5,하,오후(12-18),0,1,0,0,1
2026-04-02,목,4,전라선,204.2,컨테이너,7.0,하,야간(18-24),0,0,0,0,1
2026-02-26,목,2,영동선,146.3,석탄,9.4,하,새벽(00-06),0,1,0,1,1
2026-09-30,수,9,중앙선,196.5,시멘트,16.8,상,새벽(00-06),0,0,0,0,0
2026-11-11,수,11,중앙선,178.2,유류,17.0,상,야간(18-24),0,0,0,0,0
2026-10-08,목,10,경부선,296.0,유류,18.6,하,새벽(00-06),0,0,0,0,0
2026-07-09,목,7,중앙선,209.8,컨테이너,18.1,하,오전(06-12),0,0,1,0,0
2026-09-22,화,9,경부선,294.7,철강,2.8,상,오후(12-18),0,0,0,0,0
2026-05-25,월,5,태백선,113.6,철강,9.1,상,오후(12-18),0,0,0,0,0
2026-01-09,금,1,경부선,318.9,광석,15.8,하,새벽(00-06),0,1,0,1,0
2026-05-15,금,5,전라선,228.2,기타,11.5,하,야간(18-24),0,0,0,0,0
2026-09-14,월,9,경부선,303.5,철강,14.2,상,야간(18-24),1,0,0,0,0
2026-08-25,화,8,중앙선,162.1,시멘트,11.2,상,새벽(00-06),0,0,1,0,0
2026-12-28,월,12,경부선,304.6,컨테이너,9.4,상,새벽(00-06),0,0,0,1,0
2026-12-31,목,12,중앙선,176.9,유류,10.5,하,오후(12-18),0,0,0,1,0
2026-03-30,월,3,충북선,146.1,광석,5.3,상,오전(06-12),0,0,0,0,1
2026-01-04,일,1,충북선,168.2,컨테이너,7.7,하,오전(06-12),0,1,0,1,0
2026-04-11,토,4,호남선,263.9,시멘트,11.6,하,새벽(00-06),0,0,0,0,0
2026-11-16,월,11,중앙선,239.9,컨테이너,11.7,상,오후(12-18),0,0,0,0,0
2026-10-24,토,10,충북선,209.8,컨테이너,15.4,상,새벽(00-06),0,0,0,0,0
2026-02-06,금,2,부산신항선,8.9,시멘트,10.3,하,오전(06-12),0,0,0,1,0
2026-02-28,토,2,경부선,387.2,컨테이너,22.1,하,오후(12-18),1,1,0,1,0
2026-07-25,토,7,태백선,140.0,철강,19.4,상,야간(18-24),0,0,1,0,0
2026-08-30,일,8,호남선,232.9,컨테이너,9.0,하,새벽(00-06),0,0,1,0,0
2026-12-25,금,12,태백선,144.7,석탄,13.2,상,오후(12-18),0,1,0,1,0
2026-10-03,토,10,충북선,152.7,시멘트,19.3,상,새벽(00-06),0,0,0,0,0
2026-03-19,목,3,전라선,251.0,철강,8.2,상,새벽(00-06),0,0,0,0,0
2026-01-14,수,1,중앙선,210.3,컨테이너,7.5,상,새벽(00-06),0,0,0,1,0
2026-08-20,목,8,충북선,117.1,컨테이너,19.8,상,야간(18-24),0,0,1,0,0
2026-07-22,수,7,영동선,107.9,석탄,16.1,하,오전(06-12),0,1,1,0,1
2026-12-03,목,12,경부선,355.1,철강,18.4,상,야간(18-24),0,1,0,1,0
2026-07-30,목,7,장항선,185.1,시멘트,13.9,하,새벽(00-06),0,0,1,0,0
2026-07-02,목,7,충북선,173.0,시멘트,10.5,상,오후(12-18),0,0,1,0,0
2026-04-21,화,4,경부선,290.1,기타,3.9,하,오전(06-12),1,0,0,0,1
2026-02-01,일,2,충북선,167.7,컨테이너,12.8,하,오후(12-18),0,1,0,1,0
2026-11-16,월,11,장항선,177.7,컨테이너,19.4,상,야간(18-24),0,0,0,0,0
2026-10-29,목,10,충북선,156.2,기타,19.5,상,야간(18-24),0,0,0,0,0
2026-03-01,일,3,태백선,121.9,철강,18.4,하,야간(18-24),0,0,0,0,1
2026-09-14,월,9,중앙선,225.3,컨테이너,16.7,하,새벽(00-06),0,0,0,0,0
2026-05-13,수,5,부산신항선,11.6,유류,25.0,상,야간(18-24),0,0,0,0,0
2026-06-09,화,6,전라선,236.7,컨테이너,2.7,상,야간(18-24),0,0,1,0,0
2026-11-06,금,11,장항선,220.6,유류,13.4,상,오전(06-12),1,0,0,0,0
2026-11-04,수,11,경부선,339.2,석탄,6.4,하,오전(06-12),0,0,0,0,0
2026-03-11,수,3,중앙선,235.3,시멘트,21.3,하,오전(06-12),0,0,0,0,0
2026-04-23,목,4,부산신항선,11.4,광석,8.7,상,오후(12-18),0,0,0,0,0
2026-10-27,화,10,경부선,306.1,철강,18.1,하,새벽(00-06),0,0,0,0,0
2026-12-01,화,12,중앙선,156.2,컨테이너,9.3,상,새벽(00-06),0,0,0,1,0
2026-01-29,목,1,장항선,184.4,석탄,14.5,상,새벽(00-06),0,0,0,1,0
2026-11-01,일,11,전라선,149.5,철강,11.3,하,오후(12-18),0,0,0,0,0
2026-06-28,일,6,태백선,140.9,시멘트,11.9,하,새벽(00-06),1,1,1,0,0
2026-08-04,화,8,전라선,238.9,컨테이너,14.0,하,야간(18-24),0,0,1,0,0
2026-01-28,수,1,호남선,202.8,컨테이너,17.5,상,오후(12-18),0,0,0,1,0
2026-09-06,일,9,중앙선,190.1,기타,11.3,상,새벽(00-06),0,0,0,0,1
2026-09-05,토,9,충북선,130.0,시멘트,17.3,상,오후(12-18),0,0,0,0,0
2026-08-30,일,8,태백선,163.2,시멘트,18.2,하,새벽(00-06),0,0,1,0,0
2026-10-16,금,10,전라선,219.3,시멘트,9.5,하,야간(18-24),0,0,0,0,0
2026-12-12,토,12,경부선,281.3,컨테이너,23.3,상,야간(18-24),0,1,0,1,0
2026-11-07,토,11,중앙선,212.4,컨테이너,16.5,하,오전(06-12),1,0,0,0,0
2026-09-29,화,9,충북선,164.1,컨테이너,9.4,상,새벽(00-06),1,0,0,0,0
2026-12-25,금,12,장항선,172.4,컨테이너,15.7,상,오전(06-12),1,0,0,1,1
2026-09-04,금,9,충북선,149.7,광석,18.2,하,오후(12-18),0,0,0,0,1
2026-09-03,목,9,장항선,179.5,컨테이너,15.5,하,오전(06-12),1,0,0,0,0
2026-07-17,금,7,태백선,162.4,컨테이너,13.2,상,야간(18-24),0,0,1,0,0
2026-10-08,목,10,경부선,339.0,시멘트,1.0,상,새벽(00-06),1,0,0,0,0
2026-01-27,화,1,충북선,160.4,광석,6.2,하,야간(18-24),0,0,0,1,0
2026-07-04,토,7,충북선,182.6,컨테이너,16.1,상,오전(06-12),0,0,1,0,0
2026-06-05,금,6,경부선,321.3,컨테이너,6.1,하,오후(12-18),0,0,1,0,0
2026-11-30,월,11,중앙선,207.4,철강,15.1,상,새벽(00-06),0,0,0,0,0
2026-01-27,화,1,충북선,165.1,시멘트,17.3,상,새벽(00-06),0,1,0,1,0
2026-08-23,일,8,태백선,147.3,시멘트,11.3,하,오전(06-12),0,0,1,0,0
2026-03-09,월,3,중앙선,177.8,컨테이너,1.4,상,오후(12-18),0,1,0,0,0
2026-11-19,목,11,경부선,274.6,유류,7.6,상,야간(18-24),0,0,0,0,0
2026-11-07,토,11,중앙선,225.0,시멘트,16.1,상,새벽(00-06),0,0,0,0,0
2026-03-27,금,3,태백선,165.6,유류,19.5,상,야간(18-24),0,0,0,0,0
2026-11-15,일,11,충북선,134.0,기타,1.0,상,오전(06-12),0,0,0,0,0
2026-07-01,수,7,중앙선,199.6,철강,12.5,하,야간(18-24),0,0,1,0,0
2026-12-21,월,12,호남선,197.0,컨테이너,3.2,상,새벽(00-06),0,0,0,1,0
2026-09-24,목,9,경부선,355.5,철강,12.5,상,오전(06-12),0,1,0,0,0
2026-01-13,화,1,중앙선,201.9,시멘트,11.1,하,야간(18-24),0,0,0,1,0
2026-03-15,일,3,중앙선,309.8,컨테이너,25.0,상,오전(06-12),0,1,0,0,0
2026-05-28,목,5,전라선,220.4,컨테이너,8.8,상,야간(18-24),0,1,0,0,1
2026-03-19,목,3,태백선,166.2,컨테이너,18.3,상,야간(18-24),0,1,0,0,0
2026-02-18,수,2,경부선,385.6,광석,18.1,하,오전(06-12),0,0,0,1,0
2026-12-23,수,12,장항선,190.3,철강,10.8,하,새벽(00-06),0,1,0,1,0
2026-11-14,토,11,전라선,230.5,석탄,12.7,상,새벽(00-06),0,0,0,0,0
2026-06-08,월,6,부산신항선,10.9,철강,12.0,상,새벽(00-06),0,0,1,0,0
2026-03-20,금,3,부산신항선,10.6,시멘트,7.5,상,오후(12-18),0,0,0,0,0
2026-03-08,일,3,장항선,202.3,유류,7.0,상,새벽(00-06),1,1,0,0,0
2026-12-01,화,12,경부선,285.3,컨테이너,9.5,하,오전(06-12),0,0,0,1,0
2026-05-01,금,5,중앙선,187.7,컨테이너,5.2,하,새벽(00-06),0,0,0,0,0
2026-01-05,월,1,호남선,201.1,시멘트,9.0,상,야간(18-24),0,0,0,1,0
2026-05-26,화,5,충북선,118.1,유류,10.8,상,새벽(00-06),0,0,0,0,0
2026-06-15,월,6,충북선,182.8,유류,13.0,하,오후(12-18),0,1,1,0,0
2026-08-16,일,8,부산신항선,13.8,기타,14.7,상,오후(12-18),1,1,1,0,1
2026-05-04,월,5,부산신항선,8.7,철강,10.8,하,오전(06-12),1,1,0,0,0
2026-12-03,목,12,전라선,260.3,컨테이너,7.4,하,야간(18-24),1,1,0,1,1
2026-08-23,일,8,부산신항선,5.8,컨테이너,14.6,하,새벽(00-06),0,1,1,0,0
2026-12-27,일,12,경부선,321.2,시멘트,16.7,하,오후(12-18),0,0,0,1,0
2026-05-14,목,5,장항선,177.1,석탄,9.1,하,새벽(00-06),0,1,0,0,0
2026-08-26,수,8,영동선,111.1,시멘트,6.1,하,새벽(00-06),0,0,1,0,1
2026-05-14,목,5,경부선,323.5,컨테이너,9.3,하,야간(18-24),0,1,0,0,0
2026-09-13,일,9,경부선,317.1,시멘트,10.9,상,새벽(00-06),0,0,0,0,1
2026-09-30,수,9,장항선,171.8,유류,18.9,하,새벽(00-06),0,0,0,0,1
2026-04-28,화,4,충북선,158.6,컨테이너,16.2,상,새벽(00-06),0,1,0,0,1
2026-12-09,수,12,경부선,374.7,석탄,12.0,하,오후(12-18),0,0,0,1,0
2026-11-09,월,11,경부선,297.1,컨테이너,23.4,상,야간(18-24),0,1,0,0,0
2026-11-23,월,11,중앙선,272.2,시멘트,11.8,하,새벽(00-06),0,1,0,0,0
2026-03-21,토,3,중앙선,171.1,석탄,20.5,하,오전(06-12),0,0,0,0,0
2026-09-20,일,9,부산신항선,11.3,컨테이너,19.3,상,야간(18-24),0,0,0,0,0
2026-02-08,일,2,전라선,246.5,철강,18.9,하,야간(18-24),1,0,0,1,1
2026-02-08,일,2,전라선,220.6,석탄,13.9,하,야간(18-24),0,0,0,1,1
2026-12-22,화,12,경부선,375.5,컨테이너,12.7,상,새벽(00-06),0,0,0,1,0
2026-02-25,수,2,중앙선,212.4,광석,12.0,상,새벽(00-06),0,0,0,1,0
2026-11-12,목,11,중앙선,186.1,철강,17.1,하,오전(06-12),0,0,0,0,0
2026-06-07,일,6,태백선,162.9,시멘트,7.3,하,오전(06-12),0,1,1,0,0
2026-04-21,화,4,호남선,182.8,컨테이너,10.4,상,야간(18-24),0,1,0,0,0
2026-01-27,화,1,중앙선,173.5,시멘트,22.0,상,야간(18-24),0,0,0,1,0
2026-09-04,금,9,영동선,118.2,컨테이너,15.7,하,오후(12-18),0,1,0,0,1
2026-09-21,월,9,경부선,352.3,컨테이너,17.7,하,오전(06-12),0,0,0,0,1
2026-06-20,토,6,중앙선,204.6,석탄,4.7,하,오후(12-18),0,0,1,0,1
2026-10-23,금,10,장항선,177.1,광석,9.4,하,새벽(00-06),0,1,0,0,0
2026-04-28,화,4,중앙선,184.5,컨테이너,14.0,상,오전(06-12),0,1,0,0,1
2026-07-21,화,7,호남선,236.5,철강,11.8,상,새벽(00-06),0,0,1,0,0
2026-04-15,수,4,경부선,329.8,석탄,4.6,상,오후(12-18),1,0,0,0,1
2026-08-01,토,8,장항선,162.2,석탄,16.6,상,야간(18-24),0,0,1,0,0
2026-02-19,목,2,경부선,283.0,유류,18.5,상,야간(18-24),1,0,0,1,0
2026-06-23,화,6,경부선,380.7,시멘트,10.3,상,오전(06-12),0,1,1,0,0
2026-07-20,월,7,중앙선,168.1,시멘트,16.8,상,새벽(00-06),0,0,1,0,0
2026-07-23,목,7,호남선,215.0,컨테이너,24.2,하,새벽(00-06),1,0,1,0,0
2026-06-13,토,6,충북선,195.1,컨테이너,21.2,상,야간(18-24),0,0,1,0,1
2026-08-23,일,8,충북선,174.9,시멘트,10.6,상,새벽(00-06),1,0,1,0,1
2026-07-06,월,7,경부선,289.9,컨테이너,5.4,상,오전(06-12),0,0,1,0,1
2026-04-14,화,4,경부선,279.6,컨테이너,13.4,상,새벽(00-06),0,1,0,0,0
2026-03-20,금,3,경부선,395.0,컨테이너,25.0,하,야간(18-24),0,0,0,0,0
2026-08-25,화,8,태백선,114.7,컨테이너,20.0,하,오전(06-12),0,0,1,0,0
2026-12-09,수,12,경부선,298.1,시멘트,12.0,상,오전(06-12),0,0,0,1,1
2026-10-02,금,10,중앙선,206.3,컨테이너,21.4,하,오후(12-18),0,0,0,0,0
2026-08-22,토,8,충북선,155.8,컨테이너,19.0,상,오후(12-18),1,0,1,0,1
2026-12-03,목,12,충북선,175.6,석탄,1.0,상,오후(12-18),0,0,0,1,0
2026-11-25,수,11,중앙선,141.9,석탄,18.4,상,새벽(00-06),0,1,0,0,0
2026-07-04,토,7,경부선,311.8,광석,12.7,상,새벽(00-06),1,0,1,0,0
2026-02-09,월,2,중앙선,217.0,광석,6.8,상,새벽(00-06),0,1,0,1,0
2026-08-20,목,8,전라선,249.8,유류,12.5,하,야간(18-24),0,0,1,0,0
2026-08-16,일,8,경부선,297.3,석탄,14.5,하,새벽(00-06),0,1,1,0,1
2026-04-12,일,4,전라선,198.7,컨테이너,7.2,하,오전(06-12),0,0,0,0,1
2026-11-07,토,11,경부선,328.7,컨테이너,11.3,하,새벽(00-06),1,0,0,0,0
2026-11-14,토,11,부산신항선,6.7,광석,10.0,상,오전(06-12),0,0,0,0,0
2026-05-01,금,5,호남선,240.3,기타,16.8,상,새벽(00-06),1,1,0,0,0
2026-06-24,수,6,경부선,326.5,시멘트,10.2,상,야간(18-24),0,1,1,0,1
2026-03-13,금,3,중앙선,168.9,시멘트,1.8,상,야간(18-24),0,1,0,0,0
2026-03-07,토,3,중앙선,156.4,컨테이너,9.3,하,오전(06-12),0,0,0,0,0
2026-04-07,화,4,태백선,122.8,컨테이너,6.3,하,야간(18-24),0,0,0,0,1
2026-05-14,목,5,충북선,122.3,시멘트,4.2,상,새벽(00-06),0,1,0,0,0
2026-04-10,금,4,충북선,173.7,컨테이너,19.1,상,오전(06-12),0,0,0,0,0
2026-02-25,수,2,경부선,288.1,시멘트,16.8,상,새벽(00-06),0,0,0,1,0
2026-06-13,토,6,경부선,336.2,철강,6.2,상,오전(06-12),0,1,1,0,0
2026-08-16,일,8,전라선,245.5,철강,4.4,하,오전(06-12),0,1,1,0,1
2026-04-29,수,4,충북선,185.4,유류,11.4,상,오후(12-18),0,1,0,0,0
2026-07-14,화,7,태백선,140.5,컨테이너,4.1,하,야간(18-24),0,1,1,0,0
2026-04-10,금,4,태백선,158.0,시멘트,10.5,상,야간(18-24),0,1,0,0,0
2026-09-14,월,9,충북선,196.0,석탄,12.4,하,새벽(00-06),0,1,0,0,0
2026-08-25,화,8,충북선,167.8,시멘트,13.8,하,오후(12-18),0,0,1,0,0
2026-12-17,목,12,부산신항선,11.6,기타,14.0,하,야간(18-24),0,0,0,1,0
2026-01-20,화,1,장항선,168.5,컨테이너,7.3,하,오전(06-12),0,0,0,1,0
2026-11-08,일,11,부산신항선,7.6,컨테이너,12.4,하,오후(12-18),0,0,0,0,0
2026-05-05,화,5,영동선,129.0,시멘트,19.7,상,오후(12-18),1,0,0,0,1
2026-01-25,일,1,중앙선,214.5,시멘트,1.0,하,새벽(00-06),0,1,0,1,1
2026-09-09,수,9,전라선,250.0,시멘트,14.0,상,오후(12-18),1,0,0,0,0
2026-03-04,수,3,전라선,211.7,컨테이너,4.9,상,오전(06-12),0,0,0,0,0
2026-03-06,금,3,경부선,385.2,컨테이너,20.4,하,오전(06-12),0,0,0,0,0
2026-12-24,목,12,충북선,155.6,시멘트,16.9,하,야간(18-24),0,0,0,1,0
2026-03-22,일,3,중앙선,165.2,석탄,16.7,상,새벽(00-06),0,0,0,0,0
2026-07-19,일,7,중앙선,173.2,컨테이너,6.9,상,야간(18-24),0,0,1,0,0
2026-03-15,일,3,경부선,383.0,유류,13.6,하,오후(12-18),0,0,0,0,0
2026-02-15,일,2,장항선,157.4,석탄,14.3,하,새벽(00-06),0,0,0,1,0
2026-01-01,목,1,전라선,206.9,컨테이너,1.0,상,새벽(00-06),0,0,0,1,0
2026-01-06,화,1,충북선,233.8,컨테이너,12.9,상,야간(18-24),0,1,0,1,0
2026-06-22,월,6,경부선,357.8,컨테이너,15.7,하,새벽(00-06),1,0,1,0,1
2026-06-08,월,6,충북선,143.0,컨테이너,3.5,상,새벽(00-06),0,0,1,0,1
2026-01-15,목,1,경부선,276.9,석탄,15.6,상,오전(06-12),1,0,0,1,1
2026-05-08,금,5,중앙선,134.8,광석,12.6,상,야간(18-24),0,0,0,0,0
2026-04-10,금,4,중앙선,196.7,컨테이너,20.3,하,오전(06-12),0,1,0,0,1
2026-07-28,화,7,부산신항선,12.8,컨테이너,9.5,하,오전(06-12),0,0,1,0,0
2026-12-30,수,12,중앙선,246.5,유류,13.1,상,야간(18-24),0,1,0,1,0
2026-09-10,목,9,충북선,114.0,시멘트,14.0,상,오후(12-18),0,0,0,0,0
2026-12-02,수,12,부산신항선,6.6,시멘트,1.0,하,새벽(00-06),0,0,0,1,0
2026-03-12,목,3,중앙선,189.1,시멘트,9.9,상,오전(06-12),0,0,0,0,0
2026-03-20,금,3,부산신항선,19.0,컨테이너,12.5,하,오전(06-12),1,0,0,0,1
2026-10-02,금,10,경부선,355.6,컨테이너,1.0,상,새벽(00-06),1,0,0,0,0
2026-04-24,금,4,중앙선,206.3,기타,16.0,하,새벽(00-06),0,1,0,0,0
2026-11-06,금,11,경부선,271.2,석탄,12.5,상,오후(12-18),0,0,0,0,0
2026-06-19,금,6,충북선,108.3,컨테이너,12.5,상,새벽(00-06),0,0,1,0,0
2026-03-15,일,3,호남선,209.2,광석,16.3,상,야간(18-24),0,0,0,0,0
2026-11-05,목,11,전라선,226.4,시멘트,9.5,상,오전(06-12),0,1,0,0,0
2026-07-20,월,7,충북선,154.6,컨테이너,12.3,상,새벽(00-06),0,1,1,0,0
2026-10-20,화,10,경부선,305.0,기타,17.2,하,야간(18-24),0,0,0,0,0
2026-06-15,월,6,호남선,189.5,석탄,12.3,하,야간(18-24),0,0,1,0,0
2026-02-16,월,2,중앙선,159.1,철강,1.0,상,오후(12-18),1,0,0,1,0
2026-09-06,일,9,경부선,375.8,컨테이너,12.3,하,오후(12-18),1,1,0,0,1
2026-02-15,일,2,영동선,96.5,컨테이너,12.4,하,오후(12-18),1,0,0,1,0
2026-08-31,월,8,중앙선,183.6,광석,17.4,상,새벽(00-06),0,0,1,0,0
2026-06-02,화,6,중앙선,191.9,컨테이너,9.9,상,오후(12-18),0,0,1,0,0
2026-10-16,금,10,경부선,348.5,유류,6.1,하,새벽(00-06),1,0,0,0,0
2026-11-14,토,11,경부선,286.1,철강,6.2,하,야간(18-24),0,0,0,0,0
2026-05-29,금,5,장항선,199.2,시멘트,20.7,상,오전(06-12),0,0,0,0,1
2026-11-18,수,11,중앙선,173.0,유류,13.7,상,오후(12-18),0,0,0,0,1
2026-02-10,화,2,호남선,204.2,광석,20.3,하,새벽(00-06),0,0,0,1,0
2026-02-09,월,2,경부선,385.9,유류,21.2,하,오전(06-12),0,1,0,1,0
2026-12-29,화,12,충북선,137.1,시멘트,7.5,하,새벽(00-06),0,1,0,1,0
2026-07-29,수,7,전라선,251.0,시멘트,7.1,상,오전(06-12),0,0,1,0,0
2026-06-14,일,6,충북선,186.4,컨테이너,11.2,상,오후(12-18),1,1,1,0,1
2026-02-26,목,2,충북선,169.0,컨테이너,15.7,하,오후(12-18),0,0,0,1,0
2026-04-16,목,4,충북선,158.4,광석,3.6,상,오전(06-12),0,0,0,0,0
2026-09-08,화,9,전라선,293.2,기타,14.7,하,새벽(00-06),1,1,0,0,0
2026-10-27,화,10,태백선,135.2,컨테이너,14.4,하,오후(12-18),0,0,0,0,1
2026-12-01,화,12,중앙선,200.4,석탄,5.2,상,새벽(00-06),1,0,0,1,0
2026-05-29,금,5,중앙선,181.5,광석,5.5,하,야간(18-24),1,1,0,0,1
2026-06-15,월,6,충북선,165.1,시멘트,14.7,하,오후(12-18),0,0,1,0,0
2026-03-01,일,3,중앙선,227.0,컨테이너,24.4,상,야간(18-24),0,0,0,0,0
2026-01-31,토,1,경부선,309.2,컨테이너,10.2,하,야간(18-24),1,0,0,1,0
2026-06-09,화,6,영동선,78.2,시멘트,14.0,상,오전(06-12),0,0,1,0,0
2026-07-31,금,7,경부선,340.7,광석,8.4,상,오전(06-12),1,0,1,0,0
2026-02-08,일,2,경부선,277.1,컨테이너,13.4,상,오후(12-18),0,0,0,1,1
2026-05-30,토,5,충북선,179.8,시멘트,8.2,상,오후(12-18),0,0,0,0,1
2026-08-23,일,8,경부선,320.1,철강,10.4,상,오후(12-18),0,0,1,0,0
2026-10-23,금,10,경부선,357.9,철강,25.0,하,야간(18-24),0,0,0,0,1
2026-12-09,수,12,경부선,282.3,광석,12.6,하,오전(06-12),0,0,0,1,0
2026-05-05,화,5,경부선,298.8,유류,2.6,하,야간(18-24),0,0,0,0,0
2026-05-23,토,5,중앙선,181.4,시멘트,15.9,하,오후(12-18),1,0,0,0,1
2026-11-16,월,11,태백선,105.9,광석,18.8,상,야간(18-24),1,0,0,0,0
2026-09-11,금,9,중앙선,232.2,석탄,16.1,하,오전(06-12),0,1,0,0,0
2026-04-10,금,4,중앙선,136.4,시멘트,10.9,하,오전(06-12),0,0,0,0,1
2026-09-08,화,9,충북선,188.7,컨테이너,6.5,상,야간(18-24),0,1,0,0,0
2026-02-27,금,2,중앙선,208.2,시멘트,6.6,상,야간(18-24),1,1,0,1,0
2026-06-13,토,6,중앙선,186.3,컨테이너,10.9,하,오전(06-12),0,1,1,0,0
2026-04-22,수,4,중앙선,205.4,광석,9.8,상,오전(06-12),0,0,0,0,0
2026-12-29,화,12,중앙선,204.4,컨테이너,8.7,하,새벽(00-06),1,1,0,1,1
2026-01-13,화,1,중앙선,179.3,컨테이너,19.3,하,새벽(00-06),0,0,0,1,0
2026-11-09,월,11,경부선,332.1,기타,17.5,상,새벽(00-06),0,1,0,0,0
2026-04-13,월,4,부산신항선,12.8,철강,19.6,상,야간(18-24),1,0,0,0,1
2026-01-14,수,1,영동선,95.6,철강,7.3,상,새벽(00-06),0,0,0,1,0
2026-08-29,토,8,태백선,142.4,철강,6.5,하,오전(06-12),0,0,1,0,0
2026-09-05,토,9,경부선,215.1,컨테이너,12.5,상,오후(12-18),0,0,0,0,0
2026-02-21,토,2,장항선,141.0,컨테이너,14.5,상,오후(12-18),1,1,0,1,0
2026-01-14,수,1,충북선,175.4,철강,12.4,상,야간(18-24),0,0,0,1,0
2026-02-10,화,2,경부선,303.5,광석,14.1,상,오전(06-12),0,1,0,1,0
2026-05-30,토,5,호남선,186.9,시멘트,21.5,하,오전(06-12),0,0,0,0,0
2026-02-18,수,2,장항선,178.5,컨테이너,10.7,하,오전(06-12),0,0,0,1,0
2026-09-14,월,9,경부선,304.4,컨테이너,16.8,하,오후(12-18),0,0,0,0,0
2026-01-29,목,1,영동선,95.0,시멘트,15.1,상,야간(18-24),0,0,0,1,0
2026-10-15,목,10,경부선,254.6,컨테이너,12.6,하,오후(12-18),0,0,0,0,0
2026-11-16,월,11,중앙선,124.4,컨테이너,16.6,하,야간(18-24),0,0,0,0,0
2026-09-19,토,9,경부선,349.8,시멘트,7.4,상,야간(18-24),0,0,0,0,0
2026-12-11,금,12,경부선,303.3,시멘트,6.2,하,새벽(00-06),0,0,0,1,0
2026-12-09,수,12,영동선,124.3,석탄,14.6,하,새벽(00-06),0,1,0,1,1
2026-01-17,토,1,충북선,150.5,시멘트,2.2,하,새벽(00-06),0,1,0,1,0
2026-05-05,화,5,경부선,334.4,컨테이너,15.1,상,야간(18-24),0,0,0,0,0
2026-10-05,월,10,장항선,177.1,컨테이너,5.2,하,오전(06-12),0,1,0,0,1
2026-05-04,월,5,부산신항선,10.7,석탄,21.1,하,오후(12-18),0,0,0,0,0
2026-09-27,일,9,부산신항선,10.9,컨테이너,9.6,하,오전(06-12),0,0,0,0,0
2026-10-10,토,10,호남선,197.1,광석,20.7,하,야간(18-24),0,1,0,0,1
2026-12-30,수,12,부산신항선,6.9,컨테이너,10.7,상,오전(06-12),0,0,0,1,0
2026-05-01,금,5,충북선,180.5,철강,10.5,상,새벽(00-06),0,0,0,0,0
2026-05-07,목,5,중앙선,249.1,컨테이너,17.2,하,오전(06-12),0,0,0,0,0
2026-01-09,금,1,호남선,249.7,석탄,13.8,상,오전(06-12),0,1,0,1,0
2026-04-15,수,4,경부선,298.1,석탄,11.6,상,오전(06-12),0,0,0,0,1
2026-04-13,월,4,경부선,290.9,컨테이너,9.6,상,새벽(00-06),1,0,0,0,1
2026-06-15,월,6,중앙선,173.9,시멘트,9.6,하,새벽(00-06),0,0,1,0,0
2026-06-03,수,6,경부선,313.2,컨테이너,25.0,하,새벽(00-06),0,0,1,0,0
2026-11-09,월,11,충북선,160.0,시멘트,1.9,하,야간(18-24),0,1,0,0,0
2026-10-10,토,10,부산신항선,7.6,광석,4.8,상,새벽(00-06),0,1,0,0,1
2026-09-23,수,9,중앙선,141.5,시멘트,19.1,상,오전(06-12),0,1,0,0,0
2026-01-02,금,1,충북선,162.5,석탄,18.6,하,새벽(00-06),0,0,0,1,0
2026-06-22,월,6,중앙선,69.7,컨테이너,6.5,하,새벽(00-06),0,0,1,0,0
2026-09-24,목,9,전라선,226.4,시멘트,1.5,하,오후(12-18),0,0,0,0,0
2026-03-31,화,3,경부선,282.4,철강,19.6,상,야간(18-24),0,0,0,0,0
2026-06-05,금,6,경부선,351.4,컨테이너,5.7,상,오전(06-12),0,0,1,0,0
2026-09-23,수,9,충북선,187.5,컨테이너,9.1,하,오후(12-18),0,0,0,0,1
2026-10-18,일,10,충북선,188.1,컨테이너,12.6,하,야간(18-24),0,1,0,0,0
2026-11-08,일,11,중앙선,181.2,컨테이너,5.6,상,오후(12-18),0,0,0,0,0
2026-06-06,토,6,중앙선,153.6,기타,17.5,하,야간(18-24),1,1,1,0,0
2026-05-26,화,5,경부선,287.6,컨테이너,12.1,상,새벽(00-06),1,0,0,0,0
2026-05-20,수,5,전라선,238.0,컨테이너,6.7,상,새벽(00-06),0,0,0,0,0
2026-09-02,수,9,중앙선,135.7,컨테이너,7.2,하,오전(06-12),0,0,0,0,0
2026-06-03,수,6,중앙선,242.1,컨테이너,19.8,하,오전(06-12),0,0,1,0,1
2026-05-27,수,5,부산신항선,9.6,시멘트,10.3,하,오전(06-12),0,0,0,0,0
2026-03-03,화,3,전라선,244.4,컨테이너,15.7,하,야간(18-24),0,0,0,0,0
2026-06-24,수,6,경부선,248.9,컨테이너,11.9,하,새벽(00-06),0,0,1,0,0
2026-03-28,토,3,전라선,201.6,컨테이너,1.5,상,야간(18-24),0,1,0,0,0
2026-07-11,토,7,경부선,244.0,철강,16.5,하,오전(06-12),0,1,1,0,0
2026-11-21,토,11,경부선,361.0,시멘트,18.4,하,야간(18-24),0,1,0,0,0
2026-10-11,일,10,전라선,224.6,철강,23.1,하,오전(06-12),0,0,0,0,0
2026-06-24,수,6,경부선,343.1,컨테이너,1.0,하,오전(06-12),1,1,1,0,0
2026-12-23,수,12,경부선,322.7,컨테이너,1.0,하,오후(12-18),0,0,0,1,0
2026-12-24,목,12,부산신항선,12.0,기타,15.8,하,오전(06-12),0,0,0,1,0
2026-06-12,금,6,전라선,219.3,컨테이너,8.4,하,야간(18-24),0,0,1,0,0
2026-10-06,화,10,호남선,203.1,시멘트,3.4,상,오전(06-12),1,1,0,0,0
2026-05-05,화,5,부산신항선,10.3,컨테이너,12.6,상,새벽(00-06),0,0,0,0,0
2026-11-17,화,11,중앙선,207.5,컨테이너,9.3,하,야간(18-24),0,0,0,0,0
2026-05-17,일,5,충북선,172.1,시멘트,4.3,하,오전(06-12),0,0,0,0,1
2026-04-05,일,4,중앙선,291.7,시멘트,11.5,하,오후(12-18),0,0,0,0,1
2026-02-18,수,2,전라선,279.8,컨테이너,15.4,상,오전(06-12),0,1,0,1,0
2026-11-04,수,11,중앙선,131.0,시멘트,13.0,상,오후(12-18),0,0,0,0,0
2026-04-19,일,4,경부선,314.5,시멘트,13.1,상,오후(12-18),0,0,0,0,0
2026-10-24,토,10,경부선,304.0,시멘트,14.7,하,야간(18-24),1,0,0,0,0
2026-02-01,일,2,장항선,205.2,유류,1.9,하,오전(06-12),0,1,0,1,0
2026-07-02,목,7,경부선,307.6,철강,11.7,하,새벽(00-06),0,0,1,0,0
2026-06-06,토,6,충북선,172.9,컨테이너,13.4,하,오전(06-12),0,1,1,0,0
2026-06-10,수,6,태백선,88.8,컨테이너,9.7,상,오후(12-18),0,1,1,0,0
2026-03-03,화,3,전라선,184.0,철강,7.0,하,오전(06-12),0,0,0,0,0
2026-01-27,화,1,중앙선,266.5,컨테이너,7.5,상,야간(18-24),0,1,0,1,1
2026-05-07,목,5,경부선,322.2,광석,10.2,하,야간(18-24),0,0,0,0,0
2026-06-21,일,6,호남선,183.2,유류,17.5,상,야간(18-24),0,0,1,0,0
2026-10-17,토,10,충북선,167.4,컨테이너,21.2,상,새벽(00-06),0,0,0,0,0
2026-06-18,목,6,중앙선,156.4,철강,19.9,상,새벽(00-06),1,0,1,0,0
2026-03-31,화,3,호남선,201.1,컨테이너,2.6,하,새벽(00-06),0,0,0,0,0
2026-04-06,월,4,경부선,262.1,컨테이너,6.4,상,야간(18-24),0,0,0,0,0
2026-08-12,수,8,중앙선,165.7,기타,15.9,상,야간(18-24),0,0,1,0,0
2026-06-09,화,6,경부선,303.5,철강,19.8,하,새벽(00-06),0,0,1,0,0
2026-11-25,수,11,경부선,365.0,시멘트,6.2,상,오전(06-12),0,1,0,0,0
2026-06-10,수,6,중앙선,209.5,유류,13.1,하,야간(18-24),0,1,1,0,0
2026-07-26,일,7,전라선,248.6,컨테이너,5.2,상,새벽(00-06),0,0,1,0,1
2026-01-24,토,1,중앙선,192.4,철강,13.7,상,오후(12-18),0,0,0,1,0
2026-03-12,목,3,전라선,254.1,기타,8.1,하,오후(12-18),0,0,0,0,0
2026-11-07,토,11,장항선,162.1,유류,13.1,상,새벽(00-06),0,0,0,0,0
2026-05-06,수,5,부산신항선,8.4,시멘트,4.7,상,오전(06-12),0,0,0,0,0
2026-06-03,수,6,경부선,336.5,시멘트,2.2,하,야간(18-24),0,0,1,0,0
2026-08-04,화,8,장항선,174.0,광석,25.0,하,새벽(00-06),0,1,1,0,0
2026-01-22,목,1,경부선,319.6,컨테이너,12.4,하,오후(12-18),0,0,0,1,1
2026-07-04,토,7,전라선,224.5,광석,24.8,상,야간(18-24),1,0,1,0,0
2026-05-07,목,5,중앙선,237.2,컨테이너,21.1,상,오전(06-12),0,0,0,0,0
2026-02-24,화,2,전라선,268.6,컨테이너,2.2,상,새벽(00-06),0,0,0,1,0
2026-06-02,화,6,경부선,295.2,컨테이너,14.2,상,오후(12-18),0,0,1,0,1
2026-06-13,토,6,충북선,117.3,시멘트,4.2,상,오전(06-12),0,0,1,0,0
2026-03-10,화,3,경부선,291.7,컨테이너,10.2,하,오전(06-12),0,0,0,0,0
2026-07-18,토,7,경부선,284.3,시멘트,1.0,상,새벽(00-06),0,0,1,0,0
2026-09-30,수,9,충북선,182.1,광석,2.6,상,야간(18-24),0,0,0,0,0
2026-04-08,수,4,중앙선,225.5,컨테이너,6.9,하,오후(12-18),0,0,0,0,0
2026-12-19,토,12,전라선,198.5,석탄,8.7,하,새벽(00-06),0,0,0,1,0
2026-08-12,수,8,전라선,206.8,시멘트,12.2,상,새벽(00-06),0,0,1,0,0
2026-10-10,토,10,충북선,124.3,석탄,5.8,하,야간(18-24),1,0,0,0,0
2026-01-26,월,1,전라선,233.4,시멘트,12.9,상,야간(18-24),0,1,0,1,0
2026-10-08,목,10,장항선,178.7,유류,18.8,상,오전(06-12),0,1,0,0,0
2026-05-03,일,5,부산신항선,13.0,시멘트,13.6,상,오후(12-18),0,0,0,0,0
2026-09-17,목,9,경부선,340.1,시멘트,11.6,하,새벽(00-06),0,0,0,0,0
2026-10-21,수,10,충북선,176.6,컨테이너,14.0,하,새벽(00-06),0,1,0,0,0
2026-04-02,목,4,장항선,148.8,시멘트,3.4,하,야간(18-24),0,0,0,0,0
2026-04-05,일,4,경부선,295.1,컨테이너,17.7,하,오전(06-12),0,0,0,0,0
2026-01-22,목,1,경부선,358.2,시멘트,4.8,상,새벽(00-06),0,0,0,1,0
2026-08-09,일,8,경부선,298.7,시멘트,21.3,상,오전(06-12),0,0,1,0,0
2026-10-10,토,10,충북선,120.6,철강,16.6,하,오전(06-12),0,0,0,0,0
2026-05-30,토,5,중앙선,221.6,시멘트,15.3,상,야간(18-24),0,0,0,0,1
2026-02-28,토,2,전라선,212.1,석탄,15.6,상,새벽(00-06),0,0,0,1,1
2026-04-26,일,4,충북선,187.9,컨테이너,12.0,상,오후(12-18),0,0,0,0,1
2026-05-28,목,5,전라선,228.8,철강,7.3,상,야간(18-24),0,1,0,0,0
2026-12-01,화,12,경부선,309.1,기타,6.3,하,야간(18-24),0,1,0,1,0
2026-02-15,일,2,장항선,206.9,시멘트,22.5,상,야간(18-24),1,1,0,1,0
2026-05-06,수,5,전라선,190.3,컨테이너,12.6,하,오후(12-18),0,0,0,0,0
2026-08-21,금,8,경부선,377.6,시멘트,5.3,상,오전(06-12),0,0,1,0,0
2026-03-28,토,3,경부선,294.6,컨테이너,15.1,상,새벽(00-06),1,1,0,0,0
2026-11-19,목,11,중앙선,199.0,시멘트,14.1,하,야간(18-24),0,0,0,0,1
2026-11-28,토,11,호남선,212.5,컨테이너,10.0,상,새벽(00-06),0,0,0,0,0
2026-05-19,화,5,중앙선,178.4,시멘트,6.6,상,오전(06-12),0,0,0,0,0
2026-09-30,수,9,경부선,289.7,유류,16.4,상,새벽(00-06),0,0,0,0,0
2026-10-03,토,10,경부선,305.4,컨테이너,17.7,상,오전(06-12),1,0,0,0,1
2026-09-06,일,9,경부선,279.6,시멘트,13.9,상,오전(06-12),0,1,0,0,1
2026-03-10,화,3,중앙선,262.0,컨테이너,12.4,하,오전(06-12),0,0,0,0,0
2026-01-19,월,1,장항선,170.0,컨테이너,7.3,상,오전(06-12),0,0,0,1,0
2026-05-07,목,5,중앙선,233.9,석탄,14.9,상,오후(12-18),0,0,0,0,0
2026-02-17,화,2,태백선,156.0,철강,8.2,상,야간(18-24),0,1,0,1,0
2026-04-17,금,4,경부선,334.7,유류,4.4,상,오전(06-12),0,0,0,0,0
2026-08-21,금,8,중앙선,188.6,컨테이너,18.8,상,야간(18-24),0,0,1,0,0
2026-08-03,월,8,장항선,183.5,컨테이너,5.8,상,새벽(00-06),1,1,1,0,1
2026-03-18,수,3,전라선,246.6,시멘트,1.0,상,오전(06-12),0,0,0,0,0
2026-01-07,수,1,태백선,137.5,시멘트,19.9,상,새벽(00-06),0,0,0,1,1
2026-03-24,화,3,경부선,257.5,철강,1.5,상,오후(12-18),0,1,0,0,0
2026-06-16,화,6,중앙선,129.7,철강,9.7,상,야간(18-24),0,1,1,0,0
2026-10-12,월,10,전라선,274.7,유류,5.4,상,새벽(00-06),0,0,0,0,0
2026-05-14,목,5,경부선,214.8,컨테이너,7.7,상,오후(12-18),0,1,0,0,0
2026-04-15,수,4,태백선,139.4,기타,25.0,상,야간(18-24),0,0,0,0,0
2026-07-21,화,7,중앙선,185.1,기타,11.4,상,새벽(00-06),1,0,1,0,0
2026-01-27,화,1,경부선,326.6,컨테이너,14.2,하,오전(06-12),0,0,0,1,0
2026-03-24,화,3,장항선,156.8,컨테이너,16.7,상,새벽(00-06),0,0,0,0,0
2026-01-14,수,1,전라선,239.9,철강,8.1,상,오전(06-12),1,1,0,1,0
2026-07-11,토,7,부산신항선,11.2,시멘트,18.5,하,야간(18-24),0,1,1,0,0
2026-06-11,목,6,부산신항선,18.9,컨테이너,14.3,상,새벽(00-06),0,0,1,0,0
2026-08-01,토,8,경부선,325.4,시멘트,16.5,하,야간(18-24),0,0,1,0,0
2026-08-14,금,8,충북선,195.0,시멘트,7.7,하,야간(18-24),0,0,1,0,0
2026-05-25,월,5,영동선,87.3,유류,14.7,하,새벽(00-06),0,0,0,0,0
2026-11-14,토,11,경부선,361.0,유류,11.9,상,오전(06-12),0,0,0,0,0
2026-12-02,수,12,중앙선,201.2,광석,18.8,상,오후(12-18),0,0,0,1,0
2026-02-10,화,2,부산신항선,11.4,시멘트,8.8,상,오후(12-18),0,1,0,1,0
2026-12-02,수,12,경부선,331.5,철강,24.2,상,오후(12-18),0,0,0,1,0
2026-03-13,금,3,호남선,250.9,컨테이너,14.0,하,오전(06-12),0,0,0,0,0
2026-04-01,수,4,중앙선,202.2,시멘트,11.2,상,야간(18-24),0,0,0,0,0
2026-07-13,월,7,부산신항선,8.2,광석,10.5,상,새벽(00-06),0,1,1,0,0
2026-01-11,일,1,충북선,145.9,유류,12.0,상,오후(12-18),0,0,0,1,0
2026-05-13,수,5,전라선,253.9,석탄,8.2,하,새벽(00-06),0,1,0,0,0
2026-03-13,금,3,장항선,188.5,컨테이너,16.0,하,오후(12-18),0,1,0,0,0
2026-06-26,금,6,경부선,259.0,컨테이너,11.9,하,새벽(00-06),0,1,1,0,0
2026-10-25,일,10,충북선,174.2,석탄,23.7,상,새벽(00-06),0,0,0,0,0
2026-12-04,금,12,호남선,181.1,컨테이너,9.4,하,새벽(00-06),0,0,0,1,0
2026-03-19,목,3,호남선,219.2,컨테이너,11.3,하,야간(18-24),0,0,0,0,0
2026-07-18,토,7,영동선,97.7,유류,9.4,하,새벽(00-06),0,1,1,0,0
2026-06-23,화,6,전라선,221.0,컨테이너,23.2,상,오전(06-12),0,1,1,0,1
2026-06-01,월,6,충북선,147.7,시멘트,3.3,상,오전(06-12),0,1,1,0,1
2026-08-19,수,8,충북선,199.3,컨테이너,12.6,상,새벽(00-06),0,0,1,0,1
2026-12-28,월,12,충북선,171.3,컨테이너,13.9,상,야간(18-24),1,0,0,1,1
2026-05-28,목,5,충북선,192.8,컨테이너,5.2,하,새벽(00-06),0,0,0,0,0
2026-01-24,토,1,경부선,436.0,컨테이너,25.0,상,야간(18-24),0,0,0,1,1
2026-12-01,화,12,경부선,322.1,시멘트,6.4,하,새벽(00-06),0,0,0,1,0
2026-12-07,월,12,충북선,198.8,시멘트,12.2,상,오전(06-12),0,0,0,1,0
2026-04-28,화,4,중앙선,168.8,시멘트,22.1,하,야간(18-24),0,1,0,0,0
2026-07-03,금,7,중앙선,237.2,유류,9.7,하,새벽(00-06),0,0,1,0,0
2026-11-11,수,11,경부선,287.9,시멘트,12.9,하,야간(18-24),0,0,0,0,0
2026-07-03,금,7,장항선,179.2,석탄,9.9,하,오전(06-12),0,0,1,0,0
2026-06-25,목,6,영동선,117.9,석탄,11.7,하,오전(06-12),0,0,1,0,0
2026-12-03,목,12,충북선,178.7,시멘트,18.5,상,새벽(00-06),0,1,0,1,1
2026-10-30,금,10,호남선,176.4,컨테이너,9.5,상,새벽(00-06),0,0,0,0,0
2026-07-05,일,7,부산신항선,8.0,광석,1.0,하,야간(18-24),0,0,1,0,1
2026-02-28,토,2,경부선,344.7,시멘트,11.8,하,새벽(00-06),1,1,0,1,0
2026-06-10,수,6,경부선,305.5,시멘트,12.4,상,오전(06-12),1,1,1,0,0
2026-09-04,금,9,경부선,264.3,시멘트,13.2,상,오전(06-12),0,1,0,0,0
2026-04-10,금,4,경부선,317.4,유류,10.9,하,새벽(00-06),0,0,0,0,0
2026-07-16,목,7,충북선,158.3,시멘트,6.8,상,오전(06-12),0,0,1,0,1
2026-08-29,토,8,경부선,327.3,시멘트,10.5,상,새벽(00-06),0,0,1,0,0
2026-02-01,일,2,부산신항선,12.2,시멘트,22.6,하,새벽(00-06),0,0,0,1,0
2026-07-27,월,7,충북선,172.9,철강,11.7,하,오후(12-18),0,0,1,0,1
2026-09-27,일,9,중앙선,166.4,컨테이너,15.9,하,오후(12-18),0,1,0,0,0
2026-03-20,금,3,영동선,103.6,광석,5.8,하,야간(18-24),0,0,0,0,0
2026-07-20,월,7,호남선,231.4,유류,10.3,하,오전(06-12),0,0,1,0,1
2026-09-16,수,9,장항선,168.7,컨테이너,6.0,하,오전(06-12),0,0,0,0,0
2026-01-17,토,1,장항선,171.7,컨테이너,19.8,하,새벽(00-06),0,1,0,1,0
2026-08-24,월,8,영동선,87.2,광석,2.7,하,오후(12-18),1,0,1,0,0
2026-04-05,일,4,충북선,160.6,컨테이너,14.2,상,오전(06-12),0,0,0,0,0
2026-05-26,화,5,부산신항선,11.6,컨테이너,14.0,하,야간(18-24),0,0,0,0,0
2026-08-25,화,8,경부선,241.2,컨테이너,13.7,상,새벽(00-06),0,1,1,0,0
2026-01-02,금,1,충북선,134.5,컨테이너,1.0,하,오후(12-18),0,0,0,1,0
2026-01-07,수,1,충북선,125.8,시멘트,1.0,상,오후(12-18),0,1,0,1,0
2026-06-13,토,6,경부선,351.7,철강,12.7,하,오전(06-12),0,0,1,0,0
2026-12-13,일,12,경부선,243.7,석탄,6.5,상,오전(06-12),0,1,0,1,0
2026-01-03,토,1,경부선,317.1,컨테이너,8.1,상,새벽(00-06),0,0,0,1,0
2026-10-15,목,10,중앙선,218.4,시멘트,9.5,상,새벽(00-06),1,1,0,0,0
2026-01-28,수,1,경부선,327.7,컨테이너,5.7,하,새벽(00-06),0,1,0,1,0
2026-06-28,일,6,중앙선,177.9,석탄,4.6,상,오전(06-12),0,0,1,0,0
2026-06-07,일,6,장항선,186.5,시멘트,12.0,하,새벽(00-06),1,0,1,0,1
2026-06-20,토,6,충북선,187.2,기타,1.0,상,야간(18-24),0,0,1,0,0
2026-01-30,금,1,전라선,226.2,유류,9.0,상,오후(12-18),0,1,0,1,1
2026-10-03,토,10,경부선,230.6,석탄,8.0,상,야간(18-24),0,0,0,0,0
2026-04-11,토,4,태백선,158.5,시멘트,11.9,상,야간(18-24),0,0,0,0,0
2026-10-09,금,10,경부선,336.2,시멘트,25.0,하,오후(12-18),0,0,0,0,0
2026-08-28,금,8,중앙선,192.1,시멘트,6.1,상,오후(12-18),0,0,1,0,0
2026-07-21,화,7,충북선,111.8,철강,14.4,하,오전(06-12),0,1,1,0,0
2026-04-23,목,4,호남선,200.7,광석,13.3,상,야간(18-24),0,0,0,0,0
2026-08-27,목,8,영동선,96.7,기타,15.4,상,오전(06-12),0,1,1,0,0
2026-12-31,목,12,장항선,155.3,시멘트,10.7,하,오후(12-18),0,0,0,1,0
2026-12-03,목,12,전라선,225.3,석탄,20.6,하,새벽(00-06),0,1,0,1,1
2026-12-01,화,12,충북선,147.9,시멘트,16.1,하,오후(12-18),0,0,0,1,0
2026-03-22,일,3,전라선,215.3,컨테이너,16.2,상,오후(12-18),0,0,0,0,0
2026-08-02,일,8,경부선,349.8,석탄,3.5,상,새벽(00-06),0,0,1,0,0
2026-05-26,화,5,경부선,330.4,광석,12.6,하,오후(12-18),1,1,0,0,0
2026-12-19,토,12,영동선,102.4,유류,8.9,상,오전(06-12),0,0,0,1,0
2026-12-13,일,12,영동선,100.5,유류,6.8,상,오후(12-18),0,0,0,1,0
2026-11-13,금,11,중앙선,177.4,시멘트,8.2,상,오후(12-18),0,0,0,0,0
2026-03-01,일,3,경부선,310.3,철강,11.7,하,오후(12-18),0,1,0,0,0
2026-04-27,월,4,경부선,343.6,석탄,14.7,하,오후(12-18),0,0,0,0,0
2026-09-17,목,9,중앙선,156.8,시멘트,17.9,하,오전(06-12),0,0,0,0,1
2026-10-01,목,10,경부선,378.5,컨테이너,17.6,하,오후(12-18),0,0,0,0,0
2026-05-08,금,5,전라선,246.9,시멘트,13.8,하,야간(18-24),0,0,0,0,0
2026-02-19,목,2,경부선,210.7,컨테이너,12.3,상,새벽(00-06),0,0,0,1,0
2026-02-19,목,2,경부선,323.6,석탄,10.1,상,야간(18-24),0,0,0,1,0
2026-09-07,월,9,경부선,361.8,광석,10.5,상,새벽(00-06),0,1,0,0,0
2026-06-15,월,6,장항선,187.4,철강,7.3,상,오전(06-12),0,0,1,0,0
2026-06-29,월,6,중앙선,178.9,컨테이너,9.4,하,새벽(00-06),0,0,1,0,0
2026-10-25,일,10,중앙선,191.2,시멘트,14.1,하,야간(18-24),0,0,0,0,1
2026-01-07,수,1,전라선,234.7,시멘트,21.2,하,새벽(00-06),0,0,0,1,0
2026-10-03,토,10,장항선,195.0,철강,11.1,상,오후(12-18),0,1,0,0,0
2026-04-11,토,4,중앙선,143.8,컨테이너,7.2,상,오전(06-12),0,0,0,0,0
2026-12-06,일,12,전라선,211.2,시멘트,17.8,하,새벽(00-06),0,1,0,1,1
2026-12-15,화,12,경부선,385.7,유류,1.0,하,야간(18-24),0,0,0,1,0
2026-07-03,금,7,충북선,162.1,컨테이너,18.3,하,새벽(00-06),1,0,1,0,1
2026-04-26,일,4,중앙선,246.8,철강,3.4,상,새벽(00-06),1,0,0,0,0
2026-03-27,금,3,호남선,282.8,유류,15.9,하,오전(06-12),0,0,0,0,0
2026-03-08,일,3,영동선,102.4,철강,9.1,하,오전(06-12),0,0,0,0,0
2026-12-31,목,12,장항선,155.7,광석,13.9,하,오후(12-18),0,1,0,1,0
2026-03-10,화,3,부산신항선,9.8,철강,24.5,하,새벽(00-06),0,0,0,0,0
2026-06-12,금,6,경부선,364.2,시멘트,7.0,상,오후(12-18),0,1,1,0,0
2026-06-24,수,6,전라선,266.6,시멘트,6.0,상,오전(06-12),0,0,1,0,1
2026-09-05,토,9,경부선,411.1,컨테이너,12.5,하,야간(18-24),0,0,0,0,1
2026-11-04,수,11,경부선,318.7,컨테이너,21.2,하,오전(06-12),0,0,0,0,0
2026-07-23,목,7,충북선,173.5,석탄,13.1,상,새벽(00-06),1,0,1,0,1
2026-10-04,일,10,전라선,208.0,컨테이너,12.3,하,야간(18-24),0,0,0,0,0
2026-07-26,일,7,전라선,154.2,컨테이너,13.0,하,새벽(00-06),0,1,1,0,1
2026-06-09,화,6,태백선,134.7,철강,6.0,상,오전(06-12),1,0,1,0,0
2026-02-27,금,2,충북선,132.5,컨테이너,13.1,하,야간(18-24),0,1,0,1,0
2026-03-18,수,3,호남선,224.3,컨테이너,9.6,하,야간(18-24),0,1,0,0,0
2026-06-07,일,6,부산신항선,5.0,석탄,19.9,하,새벽(00-06),0,1,1,0,0
2026-01-17,토,1,태백선,120.7,컨테이너,16.8,상,야간(18-24),0,0,0,1,0
2026-04-26,일,4,경부선,330.9,시멘트,4.1,하,야간(18-24),0,0,0,0,0
2026-06-18,목,6,충북선,170.6,컨테이너,10.3,상,야간(18-24),0,0,1,0,0
2026-06-22,월,6,전라선,228.0,철강,15.2,하,야간(18-24),0,0,1,0,0
2026-10-25,일,10,영동선,137.8,석탄,6.1,하,새벽(00-06),0,1,0,0,0
2026-12-20,일,12,경부선,383.0,시멘트,5.5,상,야간(18-24),0,0,0,1,0
2026-09-24,목,9,중앙선,169.3,컨테이너,9.2,하,새벽(00-06),0,0,0,0,0
2026-01-30,금,1,중앙선,249.6,철강,14.1,하,오전(06-12),0,0,0,1,0
2026-05-30,토,5,경부선,390.7,컨테이너,18.2,상,오전(06-12),0,0,0,0,0
2026-09-24,목,9,태백선,133.0,시멘트,13.4,하,오전(06-12),0,0,0,0,0
2026-08-06,목,8,경부선,322.0,컨테이너,25.0,하,새벽(00-06),0,0,1,0,0
2026-06-17,수,6,중앙선,191.5,컨테이너,7.9,상,새벽(00-06),0,1,1,0,0
2026-06-09,화,6,전라선,210.1,컨테이너,16.4,하,야간(18-24),0,1,1,0,0
2026-05-29,금,5,중앙선,174.2,컨테이너,5.3,상,오후(12-18),0,1,0,0,0
2026-07-31,금,7,경부선,373.0,컨테이너,21.7,하,오전(06-12),0,0,1,0,0
2026-03-07,토,3,충북선,172.2,컨테이너,20.2,하,야간(18-24),0,1,0,0,0
2026-07-08,수,7,충북선,147.4,유류,16.3,상,야간(18-24),1,0,1,0,1
2026-03-17,화,3,영동선,95.9,시멘트,1.6,상,새벽(00-06),0,0,0,0,0
2026-09-06,일,9,장항선,164.4,석탄,16.2,하,오전(06-12),0,0,0,0,0
2026-11-12,목,11,영동선,107.3,컨테이너,7.1,하,야간(18-24),0,0,0,0,1
2026-07-05,일,7,경부선,356.7,컨테이너,14.7,하,오전(06-12),0,0,1,0,0
2026-05-22,금,5,장항선,162.4,기타,3.3,상,새벽(00-06),0,1,0,0,0
2026-12-10,목,12,충북선,183.8,컨테이너,13.6,하,새벽(00-06),0,0,0,1,0
2026-08-29,토,8,전라선,235.3,유류,9.9,하,야간(18-24),0,0,1,0,0
2026-06-06,토,6,중앙선,198.3,석탄,7.3,상,오전(06-12),0,0,1,0,0
2026-01-11,일,1,경부선,361.2,시멘트,15.6,상,야간(18-24),0,0,0,1,0
2026-01-06,화,1,경부선,353.9,철강,11.7,하,오후(12-18),0,1,0,1,0
2026-03-22,일,3,태백선,107.4,철강,10.8,상,오전(06-12),0,1,0,0,0
2026-03-28,토,3,태백선,113.8,유류,16.4,상,야간(18-24),0,0,0,0,0
2026-09-21,월,9,경부선,311.0,시멘트,23.4,상,오전(06-12),0,0,0,0,0
2026-07-02,목,7,전라선,240.1,컨테이너,13.7,하,야간(18-24),0,0,1,0,0
2026-12-31,목,12,전라선,270.3,시멘트,1.2,하,오전(06-12),0,1,0,1,0
2026-07-17,금,7,충북선,162.9,컨테이너,2.7,상,야간(18-24),0,1,1,0,0
2026-11-26,목,11,중앙선,252.9,시멘트,12.4,하,오전(06-12),0,0,0,0,1
2026-07-21,화,7,부산신항선,8.5,석탄,18.2,하,오전(06-12),0,1,1,0,0
2026-05-11,월,5,충북선,147.9,컨테이너,12.8,상,오후(12-18),0,0,0,0,0
2026-09-18,금,9,전라선,220.2,유류,15.1,하,야간(18-24),0,1,0,0,0
2026-06-14,일,6,전라선,204.9,기타,11.6,하,야간(18-24),0,0,1,0,1
2026-04-11,토,4,전라선,264.2,컨테이너,17.8,하,오전(06-12),0,1,0,0,0
2026-06-22,월,6,경부선,209.4,컨테이너,15.7,상,오전(06-12),1,0,1,0,1
2026-08-31,월,8,호남선,195.6,시멘트,5.9,상,새벽(00-06),0,1,1,0,1
2026-05-18,월,5,경부선,366.1,컨테이너,14.7,상,새벽(00-06),1,0,0,0,0
2026-09-14,월,9,태백선,129.3,컨테이너,2.7,하,야간(18-24),1,0,0,0,0
2026-12-24,목,12,부산신항선,13.8,광석,14.7,하,오후(12-18),0,0,0,1,0
2026-05-31,일,5,전라선,295.3,컨테이너,10.3,상,오후(12-18),0,0,0,0,0
2026-04-18,토,4,충북선,163.3,컨테이너,13.0,상,오후(12-18),0,0,0,0,0
2026-05-27,수,5,경부선,367.0,시멘트,13.9,상,새벽(00-06),0,0,0,0,0
2026-11-02,월,11,중앙선,278.0,컨테이너,13.7,상,오전(06-12),0,0,0,0,1
2026-03-07,토,3,충북선,171.4,유류,20.5,하,야간(18-24),0,1,0,0,0
2026-12-22,화,12,경부선,318.3,유류,12.2,하,오전(06-12),0,0,0,1,0
2026-06-01,월,6,경부선,356.3,시멘트,13.1,하,오후(12-18),0,1,1,0,0
2026-11-04,수,11,영동선,127.6,컨테이너,20.0,상,오전(06-12),0,0,0,0,0
2026-10-15,목,10,중앙선,191.9,광석,23.4,하,새벽(00-06),0,0,0,0,0
2026-10-14,수,10,중앙선,176.4,석탄,11.9,상,오전(06-12),0,0,0,0,0
2026-11-28,토,11,경부선,388.9,시멘트,8.9,상,새벽(00-06),0,1,0,0,0
2026-03-09,월,3,전라선,221.3,시멘트,9.2,상,오후(12-18),0,1,0,0,1
2026-08-05,수,8,중앙선,235.1,시멘트,14.7,하,야간(18-24),1,0,1,0,0
2026-02-06,금,2,장항선,184.9,컨테이너,10.8,하,오전(06-12),0,0,0,1,0
2026-04-20,월,4,충북선,207.0,시멘트,1.5,상,야간(18-24),0,0,0,0,0
2026-01-15,목,1,경부선,286.2,석탄,18.7,상,새벽(00-06),0,1,0,1,0
2026-09-07,월,9,중앙선,163.5,시멘트,16.9,상,오전(06-12),0,1,0,0,0
2026-08-10,월,8,경부선,354.4,석탄,18.9,상,오후(12-18),0,1,1,0,1
2026-09-28,월,9,태백선,112.9,철강,20.1,하,오전(06-12),0,0,0,0,0
2026-03-06,금,3,경부선,324.9,철강,13.1,상,새벽(00-06),0,0,0,0,0
2026-05-02,토,5,경부선,382.1,시멘트,13.6,하,새벽(00-06),0,1,0,0,1
2026-09-04,금,9,중앙선,130.8,컨테이너,18.0,상,새벽(00-06),0,0,0,0,0
2026-10-29,목,10,경부선,336.3,석탄,4.7,상,야간(18-24),0,1,0,0,0
2026-11-20,금,11,충북선,191.6,유류,9.9,하,새벽(00-06),0,1,0,0,0
2026-01-27,화,1,중앙선,192.4,컨테이너,11.6,상,새벽(00-06),0,0,0,1,0
2026-05-27,수,5,호남선,185.0,광석,17.5,하,야간(18-24),0,0,0,0,0
2026-01-04,일,1,경부선,309.7,광석,8.8,상,새벽(00-06),0,1,0,1,1
2026-10-26,월,10,충북선,140.3,석탄,7.7,하,오전(06-12),0,0,0,0,0
2026-02-14,토,2,전라선,231.5,컨테이너,9.4,상,오전(06-12),1,1,0,1,0
2026-10-28,수,10,경부선,309.1,석탄,14.8,하,야간(18-24),0,1,0,0,0
2026-02-26,목,2,충북선,148.5,시멘트,11.6,하,야간(18-24),0,0,0,1,0
2026-01-06,화,1,태백선,144.8,컨테이너,3.3,상,야간(18-24),1,1,0,1,0
2026-11-17,화,11,장항선,211.2,컨테이너,4.5,상,오전(06-12),0,0,0,0,0
2026-06-10,수,6,호남선,216.4,철강,12.8,하,새벽(00-06),0,1,1,0,0
2026-06-05,금,6,전라선,269.7,시멘트,13.0,상,야간(18-24),0,0,1,0,0
2026-08-25,화,8,중앙선,248.6,시멘트,12.2,하,야간(18-24),0,1,1,0,0
2026-04-11,토,4,부산신항선,8.8,시멘트,9.2,상,오전(06-12),0,1,0,0,0
2026-09-10,목,9,경부선,331.2,시멘트,16.7,하,오후(12-18),1,0,0,0,0
2026-06-06,토,6,충북선,150.7,시멘트,14.2,하,오전(06-12),0,0,1,0,1
2026-04-10,금,4,장항선,150.0,시멘트,14.0,하,새벽(00-06),0,1,0,0,0
2026-05-25,월,5,부산신항선,11.7,컨테이너,14.2,상,오전(06-12),0,0,0,0,0
2026-01-03,토,1,부산신항선,7.4,시멘트,21.6,하,야간(18-24),0,0,0,1,0
2026-04-21,화,4,경부선,339.6,컨테이너,5.9,상,야간(18-24),0,0,0,0,0
2026-08-04,화,8,전라선,182.7,철강,9.5,상,새벽(00-06),1,0,1,0,0
2026-02-20,금,2,경부선,327.0,시멘트,10.0,하,오전(06-12),0,0,0,1,0
2026-02-13,금,2,장항선,148.2,철강,19.5,하,새벽(00-06),0,0,0,1,0
2026-08-28,금,8,전라선,249.6,시멘트,9.8,하,새벽(00-06),0,0,1,0,0
2026-06-06,토,6,경부선,304.5,컨테이너,7.2,상,새벽(00-06),0,0,1,0,0
2026-02-19,목,2,태백선,125.7,컨테이너,11.4,상,새벽(00-06),0,1,0,1,1
2026-09-30,수,9,중앙선,232.7,컨테이너,12.6,상,야간(18-24),0,0,0,0,0
2026-10-11,일,10,충북선,153.3,시멘트,19.2,하,야간(18-24),0,0,0,0,0
2026-01-13,화,1,영동선,111.5,철강,9.7,상,야간(18-24),0,1,0,1,0
2026-03-15,일,3,전라선,223.4,컨테이너,7.9,하,오후(12-18),0,0,0,0,0
2026-05-16,토,5,충북선,174.0,시멘트,6.5,상,야간(18-24),0,0,0,0,0
2026-09-24,목,9,경부선,361.9,컨테이너,9.9,하,야간(18-24),0,0,0,0,0
2026-01-28,수,1,경부선,353.6,시멘트,25.0,하,오후(12-18),0,0,0,1,0
2026-10-22,목,10,경부선,301.5,시멘트,14.3,상,새벽(00-06),1,1,0,0,0
2026-04-27,월,4,중앙선,235.6,컨테이너,15.6,상,새벽(00-06),0,1,0,0,0
2026-02-15,일,2,중앙선,161.2,컨테이너,12.0,상,오전(06-12),1,0,0,1,1
2026-11-12,목,11,충북선,142.7,철강,12.8,하,오후(12-18),0,0,0,0,0
2026-02-01,일,2,전라선,225.6,시멘트,16.7,상,새벽(00-06),0,1,0,1,0
2026-02-17,화,2,경부선,362.1,시멘트,15.4,상,오전(06-12),0,1,0,1,0
2026-12-13,일,12,충북선,132.0,석탄,14.1,상,야간(18-24),0,1,0,1,0
2026-07-09,목,7,부산신항선,13.3,컨테이너,12.1,상,새벽(00-06),1,0,1,0,1
2026-06-19,금,6,경부선,318.0,유류,9.9,상,오전(06-12),0,1,1,0,0
2026-09-08,화,9,전라선,216.4,철강,14.5,상,야간(18-24),1,0,0,0,0
2026-08-19,수,8,경부선,364.1,시멘트,12.5,상,오전(06-12),0,0,1,0,0
2026-08-12,수,8,충북선,141.2,시멘트,24.8,상,새벽(00-06),0,0,1,0,0
2026-01-09,금,1,전라선,298.0,시멘트,18.3,상,오후(12-18),1,0,0,1,0
2026-07-21,화,7,경부선,313.1,철강,8.0,하,야간(18-24),0,0,1,0,0
2026-04-12,일,4,중앙선,198.5,컨테이너,5.0,상,새벽(00-06),0,1,0,0,0
2026-10-22,목,10,부산신항선,15.2,석탄,9.6,하,새벽(00-06),0,0,0,0,0
2026-07-04,토,7,경부선,327.2,컨테이너,5.5,상,오전(06-12),0,0,1,0,0
2026-02-15,일,2,전라선,265.1,철강,9.3,상,오전(06-12),0,1,0,1,1
2026-11-20,금,11,충북선,112.5,기타,6.2,상,야간(18-24),0,0,0,0,0
2026-04-14,화,4,경부선,302.5,컨테이너,10.0,하,야간(18-24),0,0,0,0,1
2026-04-10,금,4,전라선,241.3,시멘트,10.1,하,야간(18-24),1,0,0,0,0
2026-12-08,화,12,충북선,188.3,시멘트,12.9,상,새벽(00-06),0,1,0,1,0
2026-10-10,토,10,경부선,351.0,시멘트,10.8,하,야간(18-24),0,1,0,0,0
2026-11-10,화,11,호남선,225.1,컨테이너,6.6,하,오후(12-18),0,1,0,0,0
2026-08-30,일,8,중앙선,230.4,시멘트,19.3,하,오전(06-12),0,1,1,0,1
2026-11-29,일,11,장항선,189.1,철강,14.4,하,오후(12-18),0,0,0,0,0
2026-02-12,목,2,경부선,234.5,광석,8.7,상,오전(06-12),0,1,0,1,0
2026-08-07,금,8,경부선,377.9,철강,6.7,하,오후(12-18),0,1,1,0,0
2026-04-18,토,4,전라선,204.3,시멘트,3.2,상,오후(12-18),0,0,0,0,1
2026-05-26,화,5,전라선,238.8,컨테이너,2.8,하,새벽(00-06),1,1,0,0,0
2026-03-28,토,3,경부선,327.4,컨테이너,18.3,상,오후(12-18),0,0,0,0,0
2026-03-16,월,3,장항선,180.5,석탄,17.6,하,새벽(00-06),0,0,0,0,0
2026-06-11,목,6,충북선,133.6,석탄,8.5,하,오전(06-12),0,0,1,0,0
2026-12-02,수,12,중앙선,125.4,유류,20.2,상,오전(06-12),0,0,0,1,0
2026-08-20,목,8,장항선,159.6,시멘트,15.7,상,야간(18-24),0,0,1,0,0
2026-05-08,금,5,충북선,182.0,컨테이너,13.2,상,오전(06-12),0,0,0,0,0
2026-06-08,월,6,충북선,125.1,컨테이너,17.2,하,야간(18-24),1,0,1,0,1
2026-07-13,월,7,장항선,162.0,시멘트,15.7,하,오전(06-12),0,0,1,0,0
2026-03-31,화,3,충북선,171.8,컨테이너,12.9,하,새벽(00-06),1,0,0,0,0
2026-07-10,금,7,호남선,182.5,컨테이너,10.6,하,오전(06-12),1,0,1,0,0
2026-09-11,금,9,태백선,124.6,컨테이너,11.4,상,새벽(00-06),0,0,0,0,0
2026-03-30,월,3,중앙선,196.2,시멘트,2.4,하,야간(18-24),1,0,0,0,0
2026-08-02,일,8,중앙선,203.2,컨테이너,7.2,상,오전(06-12),0,0,1,0,1
2026-09-16,수,9,호남선,182.0,기타,22.8,하,오후(12-18),0,0,0,0,0
2026-07-09,목,7,부산신항선,11.0,유류,7.0,하,야간(18-24),0,0,1,0,0
2026-04-17,금,4,경부선,336.2,컨테이너,1.0,하,오전(06-12),1,0,0,0,0
2026-07-22,수,7,경부선,269.3,철강,17.4,하,오전(06-12),0,0,1,0,0
2026-10-17,토,10,중앙선,200.8,시멘트,13.5,상,새벽(00-06),1,0,0,0,0
2026-03-22,일,3,부산신항선,8.5,광석,13.8,하,오후(12-18),0,0,0,0,0
2026-07-29,수,7,호남선,211.3,시멘트,11.1,상,야간(18-24),0,0,1,0,0
2026-09-06,일,9,장항선,194.1,컨테이너,17.5,상,오후(12-18),0,0,0,0,0
2026-04-28,화,4,경부선,313.1,컨테이너,21.2,상,새벽(00-06),0,1,0,0,0
2026-05-22,금,5,부산신항선,13.3,기타,8.9,상,오후(12-18),0,0,0,0,0
2026-11-21,토,11,경부선,351.8,광석,15.8,하,오후(12-18),0,0,0,0,0
2026-05-13,수,5,중앙선,225.1,시멘트,18.7,하,오전(06-12),1,0,0,0,0
2026-08-07,금,8,중앙선,207.4,시멘트,8.5,하,오전(06-12),0,0,1,0,0
2026-02-24,화,2,충북선,188.8,시멘트,21.1,상,오전(06-12),0,0,0,1,1
2026-12-04,금,12,충북선,170.9,철강,18.7,하,야간(18-24),0,0,0,1,0
2026-08-06,목,8,경부선,253.5,시멘트,4.5,하,오후(12-18),0,0,1,0,0
2026-10-05,월,10,경부선,288.5,컨테이너,21.6,상,오전(06-12),0,0,0,0,1
2026-08-08,토,8,장항선,175.4,컨테이너,4.9,상,야간(18-24),1,0,1,0,0
2026-05-10,일,5,경부선,316.7,시멘트,7.9,하,야간(18-24),0,1,0,0,0
2026-05-05,화,5,중앙선,205.8,시멘트,16.1,상,새벽(00-06),0,0,0,0,0
2026-09-13,일,9,경부선,287.9,유류,18.2,상,새벽(00-06),0,0,0,0,0
2026-11-10,화,11,중앙선,263.6,광석,12.6,상,오전(06-12),0,0,0,0,0
2026-02-16,월,2,경부선,316.1,컨테이너,8.2,하,야간(18-24),1,1,0,1,1
2026-11-05,목,11,전라선,229.2,유류,10.4,하,새벽(00-06),0,1,0,0,0
2026-10-30,금,10,중앙선,169.8,철강,9.7,하,야간(18-24),0,0,0,0,0
2026-02-09,월,2,중앙선,158.2,시멘트,17.0,상,새벽(00-06),0,1,0,1,0
2026-02-09,월,2,태백선,133.0,컨테이너,9.6,상,오후(12-18),0,0,0,1,0
2026-09-11,금,9,경부선,321.3,시멘트,8.1,상,야간(18-24),0,0,0,0,1
2026-11-04,수,11,장항선,177.9,기타,3.1,하,새벽(00-06),0,0,0,0,0
2026-05-24,일,5,경부선,386.4,석탄,8.4,상,야간(18-24),0,0,0,0,0
2026-08-22,토,8,부산신항선,10.2,시멘트,11.3,하,야간(18-24),0,0,1,0,0
2026-12-31,목,12,경부선,316.8,컨테이너,5.2,하,새벽(00-06),0,0,0,1,0
2026-04-28,화,4,충북선,181.7,컨테이너,1.5,하,새벽(00-06),0,0,0,0,0
2026-03-24,화,3,충북선,157.0,시멘트,17.9,상,야간(18-24),0,0,0,0,0
2026-12-28,월,12,충북선,174.8,석탄,6.0,상,야간(18-24),0,0,0,1,0
2026-04-13,월,4,태백선,109.9,유류,4.1,하,오전(06-12),0,1,0,0,0
2026-06-22,월,6,경부선,269.4,시멘트,21.4,상,새벽(00-06),0,0,1,0,1
2026-06-11,목,6,중앙선,197.6,컨테이너,17.1,하,새벽(00-06),0,1,1,0,0
2026-07-10,금,7,태백선,130.9,컨테이너,18.2,하,오전(06-12),0,1,1,0,1
2026-04-09,목,4,부산신항선,8.2,컨테이너,15.0,상,오후(12-18),0,0,0,0,0
2026-09-05,토,9,중앙선,197.6,컨테이너,19.9,상,오후(12-18),0,0,0,0,0
2026-09-10,목,9,충북선,166.5,컨테이너,17.3,하,오후(12-18),0,0,0,0,0
2026-03-15,일,3,장항선,165.4,철강,9.9,하,야간(18-24),0,0,0,0,0
2026-06-25,목,6,장항선,169.2,시멘트,5.6,상,새벽(00-06),0,1,1,0,0
2026-01-21,수,1,부산신항선,11.2,유류,4.3,하,오전(06-12),0,0,0,1,0
2026-03-22,일,3,태백선,115.1,광석,11.2,하,새벽(00-06),0,1,0,0,0
2026-12-27,일,12,중앙선,172.2,컨테이너,5.4,하,야간(18-24),0,0,0,1,0
2026-07-04,토,7,전라선,245.4,철강,7.2,상,오후(12-18),0,0,1,0,0
2026-08-16,일,8,중앙선,192.5,컨테이너,11.1,하,야간(18-24),0,0,1,0,0
2026-11-21,토,11,경부선,301.1,컨테이너,20.4,하,오전(06-12),0,0,0,0,0
2026-09-18,금,9,태백선,117.4,컨테이너,2.9,상,야간(18-24),0,1,0,0,0
2026-10-17,토,10,충북선,136.0,컨테이너,12.2,하,오전(06-12),1,0,0,0,0
2026-09-17,목,9,경부선,314.9,석탄,4.5,하,새벽(00-06),0,0,0,0,0
2026-07-02,목,7,전라선,290.2,철강,8.7,상,야간(18-24),0,0,1,0,0
2026-08-19,수,8,경부선,342.8,석탄,17.6,하,새벽(00-06),0,1,1,0,0
2026-04-16,목,4,경부선,266.9,시멘트,6.9,상,야간(18-24),0,0,0,0,0
2026-11-22,일,11,충북선,179.0,철강,10.4,상,오전(06-12),0,1,0,0,0
2026-03-07,토,3,전라선,206.6,철강,12.8,상,오전(06-12),0,1,0,0,1
2026-11-19,목,11,충북선,161.2,유류,16.2,하,오전(06-12),0,0,0,0,0
2026-11-17,화,11,경부선,296.6,석탄,8.7,상,야간(18-24),0,0,0,0,0
2026-02-21,토,2,충북선,211.9,시멘트,19.6,하,오후(12-18),0,0,0,1,0
2026-09-17,목,9,경부선,274.8,시멘트,9.3,하,새벽(00-06),0,0,0,0,1
2026-12-28,월,12,호남선,216.0,시멘트,14.9,상,야간(18-24),0,1,0,1,0
2026-07-28,화,7,경부선,292.8,컨테이너,10.9,하,새벽(00-06),1,0,1,0,0
2026-05-05,화,5,부산신항선,12.8,유류,16.4,하,오전(06-12),0,0,0,0,0
2026-11-17,화,11,경부선,331.9,광석,24.2,상,야간(18-24),0,0,0,0,0
2026-07-07,화,7,경부선,370.4,기타,10.3,하,새벽(00-06),0,1,1,0,1
2026-02-14,토,2,중앙선,218.4,컨테이너,11.9,상,새벽(00-06),0,1,0,1,0
2026-04-01,수,4,장항선,165.7,컨테이너,9.4,상,야간(18-24),0,1,0,0,0
2026-09-07,월,9,호남선,281.1,컨테이너,8.5,하,새벽(00-06),0,1,0,0,0
2026-06-16,화,6,충북선,175.2,철강,7.8,하,오전(06-12),0,0,1,0,0
2026-03-21,토,3,중앙선,174.0,석탄,11.9,상,새벽(00-06),0,0,0,0,0
2026-10-19,월,10,경부선,328.4,철강,7.3,상,오전(06-12),0,1,0,0,0
2026-02-14,토,2,충북선,177.1,광석,7.5,하,야간(18-24),0,1,0,1,0
2026-03-21,토,3,중앙선,214.0,컨테이너,1.0,하,야간(18-24),0,0,0,0,0
2026-06-19,금,6,부산신항선,12.1,시멘트,20.3,상,오후(12-18),1,0,1,0,1
2026-01-15,목,1,중앙선,227.1,철강,21.9,상,오전(06-12),0,0,0,1,0
2026-05-22,금,5,장항선,197.0,컨테이너,15.9,하,새벽(00-06),0,0,0,0,0
2026-11-29,일,11,태백선,118.5,시멘트,6.8,하,오전(06-12),0,0,0,0,0
2026-12-10,목,12,경부선,404.5,시멘트,4.4,하,야간(18-24),0,0,0,1,0
2026-11-15,일,11,중앙선,262.2,시멘트,2.6,하,야간(18-24),0,1,0,0,0
2026-04-29,수,4,부산신항선,13.0,기타,15.8,상,오전(06-12),0,0,0,0,0
2026-01-24,토,1,중앙선,194.7,컨테이너,19.6,하,새벽(00-06),0,0,0,1,0
2026-10-25,일,10,충북선,162.7,시멘트,13.0,하,오전(06-12),0,0,0,0,0
2026-05-17,일,5,부산신항선,9.6,기타,17.1,상,야간(18-24),0,0,0,0,0
2026-10-01,목,10,경부선,312.4,시멘트,14.7,상,오후(12-18),0,0,0,0,0
2026-02-13,금,2,부산신항선,5.0,철강,7.4,하,오전(06-12),0,0,0,1,0
2026-09-01,화,9,중앙선,246.9,광석,18.1,상,오후(12-18),0,1,0,0,0
2026-08-03,월,8,충북선,190.7,컨테이너,17.7,상,새벽(00-06),0,1,1,0,0
2026-12-02,수,12,중앙선,134.6,컨테이너,6.1,하,오후(12-18),0,0,0,1,1
2026-02-07,토,2,충북선,183.5,컨테이너,16.8,상,새벽(00-06),0,1,0,1,1
2026-05-29,금,5,경부선,319.9,컨테이너,11.1,하,새벽(00-06),0,0,0,0,1
2026-12-28,월,12,경부선,312.2,시멘트,10.4,상,새벽(00-06),0,0,0,1,0
2026-05-23,토,5,중앙선,210.5,컨테이너,14.3,하,오후(12-18),0,0,0,0,1
2026-08-29,토,8,중앙선,132.3,시멘트,14.2,하,야간(18-24),0,1,1,0,0
2026-02-28,토,2,충북선,161.0,철강,17.3,하,새벽(00-06),0,1,0,1,0
2026-09-23,수,9,경부선,323.4,컨테이너,6.9,하,오전(06-12),0,0,0,0,0
2026-04-11,토,4,경부선,323.4,시멘트,15.4,상,야간(18-24),1,0,0,0,1
2026-07-28,화,7,경부선,265.5,컨테이너,5.0,상,야간(18-24),0,0,1,0,0
2026-11-18,수,11,중앙선,208.9,석탄,10.9,상,오전(06-12),0,0,0,0,0
2026-08-30,일,8,경부선,362.6,컨테이너,11.3,상,오후(12-18),1,0,1,0,0
2026-06-23,화,6,경부선,336.5,컨테이너,17.8,상,새벽(00-06),0,0,1,0,0
2026-03-11,수,3,충북선,155.6,기타,12.1,상,야간(18-24),0,0,0,0,0
2026-05-05,화,5,전라선,310.1,철강,10.4,상,오후(12-18),0,0,0,0,0
2026-11-06,금,11,전라선,201.7,석탄,20.6,상,오후(12-18),1,0,0,0,0
2026-03-20,금,3,경부선,351.1,철강,9.4,상,새벽(00-06),0,0,0,0,0
2026-08-28,금,8,태백선,140.4,시멘트,9.2,상,새벽(00-06),0,0,1,0,0
2026-06-27,토,6,충북선,211.6,컨테이너,1.0,하,새벽(00-06),0,0,1,0,0
2026-04-28,화,4,충북선,171.0,시멘트,10.7,하,새벽(00-06),0,0,0,0,0
2026-09-19,토,9,경부선,344.2,유류,6.4,상,야간(18-24),0,0,0,0,0
2026-05-13,수,5,경부선,340.4,기타,10.5,하,새벽(00-06),0,0,0,0,0
2026-04-15,수,4,중앙선,156.3,시멘트,13.4,상,새벽(00-06),0,0,0,0,0
2026-07-13,월,7,경부선,285.4,시멘트,5.5,상,오후(12-18),0,0,1,0,0
2026-10-04,일,10,전라선,221.1,철강,7.1,하,오전(06-12),0,1,0,0,0
2026-11-12,목,11,중앙선,226.8,석탄,2.4,하,오전(06-12),0,0,0,0,0
2026-08-18,화,8,경부선,329.5,컨테이너,8.9,하,새벽(00-06),0,1,1,0,0
2026-08-30,일,8,경부선,311.9,시멘트,6.3,하,야간(18-24),0,0,1,0,0
2026-10-15,목,10,경부선,375.1,컨테이너,24.9,하,야간(18-24),0,0,0,0,1
2026-04-09,목,4,중앙선,123.9,시멘트,21.0,하,오전(06-12),1,0,0,0,0
2026-04-02,목,4,경부선,268.4,철강,20.1,하,새벽(00-06),0,0,0,0,0
2026-06-26,금,6,충북선,98.9,컨테이너,4.2,상,오후(12-18),0,0,1,0,0
2026-08-19,수,8,중앙선,235.6,석탄,10.9,상,야간(18-24),0,1,1,0,0
2026-08-24,월,8,충북선,158.9,컨테이너,4.8,상,새벽(00-06),0,0,1,0,0
2026-02-26,목,2,호남선,232.4,컨테이너,23.1,상,오전(06-12),0,0,0,1,0
2026-10-12,월,10,태백선,133.3,철강,17.0,하,새벽(00-06),0,0,0,0,1
2026-05-13,수,5,충북선,186.9,시멘트,5.7,하,새벽(00-06),0,1,0,0,0
2026-11-17,화,11,중앙선,188.9,유류,14.2,상,오전(06-12),1,1,0,0,0
2026-09-22,화,9,전라선,241.7,석탄,3.1,하,오전(06-12),1,1,0,0,0
2026-12-25,금,12,호남선,214.8,유류,11.2,하,오전(06-12),0,1,0,1,0
2026-08-19,수,8,중앙선,205.1,컨테이너,10.9,하,오전(06-12),0,0,1,0,1
2026-07-12,일,7,경부선,387.6,석탄,16.4,하,새벽(00-06),0,0,1,0,0
2026-03-10,화,3,장항선,147.1,시멘트,17.9,하,새벽(00-06),0,0,0,0,0
2026-05-26,화,5,경부선,317.5,철강,12.1,하,새벽(00-06),0,0,0,0,0
2026-11-10,화,11,장항선,183.6,시멘트,10.7,상,오전(06-12),1,0,0,0,0
2026-05-20,수,5,경부선,322.1,컨테이너,1.0,하,새벽(00-06),0,0,0,0,0
2026-01-20,화,1,경부선,304.3,시멘트,21.4,상,오후(12-18),0,1,0,1,0
2026-03-31,화,3,장항선,168.9,철강,8.1,하,야간(18-24),0,0,0,0,1
2026-08-06,목,8,전라선,275.3,컨테이너,12.6,하,야간(18-24),0,0,1,0,1
2026-08-18,화,8,충북선,159.5,석탄,25.0,하,야간(18-24),0,0,1,0,0
2026-12-26,토,12,태백선,184.3,유류,4.8,하,오전(06-12),0,0,0,1,0
2026-12-07,월,12,태백선,146.1,컨테이너,12.1,하,야간(18-24),1,0,0,1,0
2026-07-13,월,7,중앙선,183.2,시멘트,15.0,상,야간(18-24),0,0,1,0,0
2026-07-22,수,7,영동선,118.1,유류,18.6,하,오전(06-12),0,0,1,0,0
2026-10-20,화,10,중앙선,197.1,컨테이너,12.0,하,오전(06-12),0,1,0,0,0
2026-01-18,일,1,경부선,373.9,컨테이너,19.1,하,새벽(00-06),1,0,0,1,1
2026-08-06,목,8,태백선,112.1,석탄,9.5,하,야간(18-24),0,1,1,0,0
2026-06-23,화,6,중앙선,130.3,시멘트,15.3,상,오전(06-12),0,1,1,0,1
2026-10-13,화,10,부산신항선,11.7,철강,14.5,상,새벽(00-06),0,1,0,0,0
2026-10-20,화,10,경부선,353.6,석탄,11.5,하,야간(18-24),0,0,0,0,0
2026-08-28,금,8,경부선,331.6,시멘트,13.9,상,야간(18-24),0,0,1,0,0
2026-08-28,금,8,경부선,347.1,시멘트,6.8,상,오후(12-18),0,0,1,0,1
2026-09-10,목,9,충북선,174.4,컨테이너,10.2,상,오전(06-12),0,0,0,0,0
2026-07-31,금,7,태백선,105.9,시멘트,4.3,하,새벽(00-06),0,0,1,0,0
2026-03-25,수,3,중앙선,203.1,컨테이너,9.4,상,야간(18-24),0,0,0,0,0
2026-04-14,화,4,경부선,372.9,기타,18.8,상,야간(18-24),0,0,0,0,0
2026-09-28,월,9,중앙선,199.3,컨테이너,14.5,하,오전(06-12),0,0,0,0,0
2026-08-14,금,8,중앙선,147.5,컨테이너,13.8,하,오후(12-18),0,1,1,0,0
2026-03-28,토,3,충북선,153.0,철강,2.4,하,새벽(00-06),0,0,0,0,0
2026-11-17,화,11,전라선,246.1,컨테이너,13.9,상,오전(06-12),0,0,0,0,0
2026-12-24,목,12,경부선,392.0,시멘트,11.6,상,오전(06-12),0,0,0,1,0
2026-08-17,월,8,중앙선,124.8,광석,15.2,상,야간(18-24),0,0,1,0,0
2026-03-25,수,3,충북선,170.3,철강,20.3,하,오전(06-12),0,1,0,0,1
2026-12-09,수,12,경부선,282.9,컨테이너,9.5,하,새벽(00-06),0,0,0,1,0
2026-03-28,토,3,중앙선,211.1,컨테이너,10.1,상,새벽(00-06),0,0,0,0,1
2026-06-07,일,6,충북선,176.0,시멘트,17.5,상,야간(18-24),0,0,1,0,1
2026-11-10,화,11,중앙선,185.1,시멘트,8.4,하,야간(18-24),0,0,0,0,0
2026-07-10,금,7,경부선,345.5,컨테이너,12.5,상,야간(18-24),0,1,1,0,0
2026-03-30,월,3,경부선,365.8,컨테이너,1.0,하,오전(06-12),0,0,0,0,0
2026-01-30,금,1,장항선,176.3,철강,10.2,상,오후(12-18),0,0,0,1,0
2026-05-12,화,5,경부선,266.7,시멘트,19.8,하,오후(12-18),1,1,0,0,0
2026-09-03,목,9,태백선,164.0,철강,14.0,하,새벽(00-06),1,0,0,0,0
2026-09-18,금,9,중앙선,222.3,컨테이너,17.4,상,새벽(00-06),1,0,0,0,1
2026-03-23,월,3,중앙선,213.0,시멘트,17.7,상,오전(06-12),0,0,0,0,0
2026-02-27,금,2,장항선,165.8,시멘트,20.1,하,오전(06-12),1,0,0,1,0
2026-09-14,월,9,중앙선,227.8,컨테이너,9.9,상,오전(06-12),1,0,0,0,1
2026-02-28,토,2,경부선,401.9,시멘트,17.7,하,오전(06-12),0,1,0,1,0
2026-01-24,토,1,경부선,315.3,컨테이너,25.0,하,오후(12-18),0,0,0,1,1
2026-06-27,토,6,전라선,232.2,유류,11.8,하,야간(18-24),0,0,1,0,0
2026-07-28,화,7,중앙선,156.0,철강,4.1,하,야간(18-24),0,0,1,0,0
2026-03-30,월,3,장항선,165.2,컨테이너,8.4,하,오전(06-12),0,0,0,0,0
2026-03-19,목,3,중앙선,155.7,시멘트,14.8,상,새벽(00-06),1,1,0,0,0
2026-03-28,토,3,중앙선,197.9,광석,2.0,하,새벽(00-06),0,0,0,0,0
2026-05-06,수,5,중앙선,181.4,시멘트,7.4,하,오후(12-18),0,0,0,0,0
2026-01-04,일,1,경부선,335.1,시멘트,10.0,상,새벽(00-06),0,0,0,1,1
2026-01-05,월,1,태백선,117.7,철강,12.7,하,야간(18-24),0,1,0,1,0
2026-05-16,토,5,경부선,313.5,컨테이너,22.8,상,오전(06-12),0,0,0,0,0
2026-01-08,목,1,부산신항선,7.7,석탄,16.1,상,오후(12-18),0,0,0,1,0
2026-04-27,월,4,경부선,327.7,컨테이너,5.3,상,오전(06-12),0,0,0,0,0
2026-08-01,토,8,충북선,120.5,석탄,25.0,하,새벽(00-06),0,0,1,0,0
2026-01-12,월,1,경부선,326.3,시멘트,11.9,상,야간(18-24),0,0,0,1,0
2026-08-14,금,8,장항선,174.0,컨테이너,1.9,상,오전(06-12),0,1,1,0,0
2026-08-15,토,8,경부선,327.4,유류,5.8,하,오전(06-12),1,0,1,0,0
2026-07-29,수,7,충북선,120.0,시멘트,5.8,상,야간(18-24),1,0,1,0,0
2026-08-17,월,8,부산신항선,12.6,컨테이너,3.9,상,오전(06-12),0,1,1,0,0
2026-10-23,금,10,전라선,220.4,석탄,15.1,상,오후(12-18),0,0,0,0,0
2026-01-26,월,1,경부선,328.9,시멘트,1.0,상,오후(12-18),0,0,0,1,0
2026-03-03,화,3,장항선,142.2,컨테이너,17.9,하,야간(18-24),0,0,0,0,0
2026-04-26,일,4,중앙선,149.8,석탄,16.9,하,야간(18-24),0,0,0,0,1
2026-09-09,수,9,경부선,304.6,기타,9.3,하,새벽(00-06),0,0,0,0,0
2026-11-15,일,11,중앙선,241.4,컨테이너,17.5,상,오후(12-18),0,0,0,0,1
2026-12-02,수,12,장항선,190.1,유류,5.4,하,오후(12-18),0,0,0,1,0
2026-08-01,토,8,중앙선,197.8,석탄,6.9,상,새벽(00-06),0,0,1,0,0
2026-05-30,토,5,장항선,161.1,컨테이너,15.3,상,야간(18-24),0,0,0,0,0
2026-05-31,일,5,전라선,196.2,철강,10.7,하,오전(06-12),0,1,0,0,0
2026-01-22,목,1,중앙선,203.0,시멘트,8.2,하,오후(12-18),0,0,0,1,1
2026-06-19,금,6,중앙선,217.8,철강,11.3,하,새벽(00-06),0,1,1,0,0
2026-07-07,화,7,전라선,235.7,석탄,19.9,상,새벽(00-06),1,0,1,0,0
2026-03-18,수,3,중앙선,253.1,컨테이너,19.7,상,오전(06-12),0,0,0,0,0
2026-10-08,목,10,경부선,292.9,컨테이너,14.6,하,새벽(00-06),1,1,0,0,0
2026-10-24,토,10,중앙선,199.6,시멘트,9.9,하,야간(18-24),0,0,0,0,0
2026-04-21,화,4,부산신항선,5.5,시멘트,15.1,하,오후(12-18),0,0,0,0,0
2026-11-30,월,11,경부선,328.6,광석,6.8,하,새벽(00-06),0,0,0,0,0
2026-02-09,월,2,경부선,379.0,유류,19.0,상,오전(06-12),0,0,0,1,0
2026-11-29,일,11,경부선,278.5,철강,17.7,상,야간(18-24),0,1,0,0,1
2026-10-08,목,10,경부선,353.9,시멘트,23.6,상,오후(12-18),0,0,0,0,1
2026-03-23,월,3,영동선,131.4,컨테이너,7.2,하,오전(06-12),1,0,0,0,0
2026-08-26,수,8,충북선,144.1,철강,6.4,하,오전(06-12),1,0,1,0,0
2026-04-24,금,4,전라선,243.4,컨테이너,15.3,상,오전(06-12),0,0,0,0,0
2026-10-19,월,10,장항선,211.2,컨테이너,10.4,상,오전(06-12),0,0,0,0,1
2026-02-28,토,2,중앙선,201.4,컨테이너,18.0,하,새벽(00-06),0,1,0,1,1
2026-03-31,화,3,장항선,195.3,광석,19.9,상,오후(12-18),0,0,0,0,0
2026-04-23,목,4,영동선,83.2,철강,22.2,하,새벽(00-06),0,0,0,0,0
2026-03-14,토,3,전라선,247.3,컨테이너,12.4,상,오전(06-12),1,0,0,0,1
2026-05-02,토,5,전라선,244.9,광석,17.3,상,야간(18-24),0,0,0,0,0
2026-08-08,토,8,중앙선,146.9,철강,8.9,하,오전(06-12),0,0,1,0,0
2026-08-20,목,8,태백선,116.2,시멘트,13.3,상,오전(06-12),0,0,1,0,0
2026-07-22,수,7,경부선,344.4,컨테이너,11.7,하,오전(06-12),0,0,1,0,1
2026-03-11,수,3,장항선,173.5,컨테이너,11.4,상,새벽(00-06),1,0,0,0,0
2026-03-15,일,3,중앙선,232.2,컨테이너,22.9,하,오후(12-18),0,0,0,0,0
2026-12-02,수,12,충북선,169.1,석탄,3.9,하,오후(12-18),0,0,0,1,0
2026-04-02,목,4,부산신항선,10.8,시멘트,12.0,하,새벽(00-06),0,0,0,0,0
2026-02-07,토,2,충북선,157.0,컨테이너,12.3,하,오전(06-12),0,0,0,1,0
2026-06-15,월,6,경부선,331.9,컨테이너,15.9,상,오전(06-12),0,1,1,0,0
2026-01-03,토,1,전라선,253.5,시멘트,5.4,하,야간(18-24),0,0,0,1,0
2026-05-06,수,5,호남선,221.5,유류,10.2,하,오전(06-12),0,0,0,0,0
2026-11-09,월,11,충북선,150.7,컨테이너,8.4,상,오후(12-18),1,0,0,0,1
2026-04-08,수,4,태백선,160.3,철강,1.0,하,야간(18-24),0,0,0,0,0
2026-09-14,월,9,태백선,148.7,기타,19.0,하,새벽(00-06),0,0,0,0,0
2026-06-28,일,6,태백선,143.2,철강,3.2,하,오후(12-18),0,0,1,0,0
2026-05-10,일,5,중앙선,196.5,시멘트,2.4,하,오후(12-18),0,0,0,0,1
2026-08-30,일,8,중앙선,210.8,철강,17.7,하,새벽(00-06),1,0,1,0,0
2026-08-06,목,8,태백선,98.9,유류,10.0,상,야간(18-24),1,0,1,0,0
2026-04-27,월,4,부산신항선,11.3,철강,10.2,하,야간(18-24),0,0,0,0,1
2026-03-23,월,3,경부선,385.8,컨테이너,10.3,상,오전(06-12),0,0,0,0,0
2026-12-01,화,12,경부선,329.0,컨테이너,18.4,하,오후(12-18),0,0,0,1,0
2026-03-03,화,3,중앙선,196.2,컨테이너,8.7,상,오전(06-12),0,0,0,0,0
2026-12-17,목,12,장항선,167.7,컨테이너,15.6,상,새벽(00-06),0,1,0,1,0
2026-06-21,일,6,부산신항선,12.1,철강,5.2,상,야간(18-24),1,0,1,0,0
2026-12-30,수,12,충북선,156.4,컨테이너,14.0,상,오후(12-18),0,0,0,1,0
2026-05-09,토,5,경부선,372.6,철강,17.4,상,오전(06-12),0,0,0,0,0
2026-07-26,일,7,중앙선,163.1,석탄,20.4,상,야간(18-24),1,0,1,0,0
2026-08-13,목,8,태백선,126.5,시멘트,2.7,상,오전(06-12),0,0,1,0,1
